{"type":"FeatureCollection","metadata":{"source":"UNOSAT/OCHA, Gaza City Comprehensive Damage Assessment, 22-23 September 2025 release","geometry_status":"point_only","confidence":"high","notes":"Points are UNOSAT-assessed damage sites, not building footprints. h = [date, damage_class_code, confidence_id, status_code] per satellite pass, oldest first. See extract_unosat_gaza_city.py docstring for legend provenance.","territory":"Gaza Strip","governorate":"Gaza","municipality":"Gaza City","neighborhood":"Al Awadah"},"legend":{"damage_class":{"1":"Destroyed","2":"Severe Damage","3":"Moderate Damage","4":"Possible Damage"},"status":{"0":"No change since previous pass (inferred)","1":"Change since previous pass (inferred)"}},"features":[{"type":"Feature","properties":{"site_id":26,"event_code":"CE20231007PSE","latest_date":"2025-09-22T00:00:00+00:00","latest_class":2,"pass_count":14,"h":[["2023-10-15T00:00:00+00:00",3,2,null],["2023-11-07T00:00:00+00:00",3,2,0],["2023-11-26T00:00:00+00:00",3,2,0],["2024-01-06T00:00:00+00:00",3,2,0],["2024-02-29T00:00:00+00:00",2,1,1],["2024-04-01T00:00:00+00:00",2,1,0],["2024-05-03T00:00:00+00:00",2,1,0],["2024-07-06T00:00:00+00:00",2,1,0],["2024-09-06T00:00:00+00:00",2,1,0],["2024-12-01T00:00:00+00:00",2,1,0],["2025-02-25T00:00:00+00:00",2,1,0],["2025-04-04T00:00:00+00:00",2,1,0],["2025-07-08T00:00:00+00:00",2,1,0],["2025-09-22T00:00:00+00:00",2,1,0]]},"geometry":{"type":"Point","coordinates":[34.454327,31.539745]}},{"type":"Feature","properties":{"site_id":26,"event_code":"CE20231007PSE","latest_date":"2025-09-22T00:00:00+00:00","latest_class":2,"pass_count":14,"h":[["2023-10-15T00:00:00+00:00",3,2,null],["2023-11-07T00:00:00+00:00",3,2,0],["2023-11-26T00:00:00+00:00",2,2,1],["2024-01-06T00:00:00+00:00",2,2,0],["2024-02-29T00:00:00+00:00",2,2,0],["2024-04-01T00:00:00+00:00",2,2,0],["2024-05-03T00:00:00+00:00",2,2,0],["2024-07-06T00:00:00+00:00",2,2,0],["2024-09-06T00:00:00+00:00",2,2,0],["2024-12-01T00:00:00+00:00",2,2,0],["2025-02-25T00:00:00+00:00",2,2,0],["2025-04-04T00:00:00+00:00",2,2,0],["2025-07-08T00:00:00+00:00",2,2,0],["2025-09-22T00:00:00+00:00",2,2,0]]},"geometry":{"type":"Point","coordinates":[34.452074,31.54017]}},{"type":"Feature","properties":{"site_id":26,"event_code":"CE20231007PSE","latest_date":"2025-09-22T00:00:00+00:00","latest_class":1,"pass_count":14,"h":[["2023-10-15T00:00:00+00:00",3,2,null],["2023-11-07T00:00:00+00:00",3,2,0],["2023-11-26T00:00:00+00:00",3,2,0],["2024-01-06T00:00:00+00:00",1,1,1],["2024-02-29T00:00:00+00:00",1,1,0],["2024-04-01T00:00:00+00:00",1,1,0],["2024-05-03T00:00:00+00:00",1,1,0],["2024-07-06T00:00:00+00:00",1,1,0],["2024-09-06T00:00:00+00:00",1,1,0],["2024-12-01T00:00:00+00:00",1,1,0],["2025-02-25T00:00:00+00:00",1,1,0],["2025-04-04T00:00:00+00:00",1,1,0],["2025-07-08T00:00:00+00:00",1,1,0],["2025-09-22T00:00:00+00:00",1,1,0]]},"geometry":{"type":"Point","coordinates":[34.452401,31.540003]}},{"type":"Feature","properties":{"site_id":26,"event_code":"CE20231007PSE","latest_date":"2025-09-22T00:00:00+00:00","latest_class":1,"pass_count":14,"h":[["2023-10-15T00:00:00+00:00",3,2,null],["2023-11-07T00:00:00+00:00",3,2,0],["2023-11-26T00:00:00+00:00",3,2,0],["2024-01-06T00:00:00+00:00",1,1,1],["2024-02-29T00:00:00+00:00",1,1,0],["2024-04-01T00:00:00+00:00",1,1,0],["2024-05-03T00:00:00+00:00",1,1,0],["2024-07-06T00:00:00+00:00",1,1,0],["2024-09-06T00:00:00+00:00",1,1,0],["2024-12-01T00:00:00+00:00",1,1,0],["2025-02-25T00:00:00+00:00",1,1,0],["2025-04-04T00:00:00+00:00",1,1,0],["2025-07-08T00:00:00+00:00",1,1,0],["2025-09-22T00:00:00+00:00",1,1,0]]},"geometry":{"type":"Point","coordinates":[34.454561,31.540699]}},{"type":"Feature","properties":{"site_id":26,"event_code":"CE20231007PSE","latest_date":"2025-09-22T00:00:00+00:00","latest_class":2,"pass_count":14,"h":[["2023-10-15T00:00:00+00:00",3,2,null],["2023-11-07T00:00:00+00:00",3,2,0],["2023-11-26T00:00:00+00:00",3,2,0],["2024-01-06T00:00:00+00:00",2,1,1],["2024-02-29T00:00:00+00:00",2,1,0],["2024-04-01T00:00:00+00:00",2,1,0],["2024-05-03T00:00:00+00:00",2,1,0],["2024-07-06T00:00:00+00:00",2,1,0],["2024-09-06T00:00:00+00:00",2,1,0],["2024-12-01T00:00:00+00:00",2,1,0],["2025-02-25T00:00:00+00:00",2,1,0],["2025-04-04T00:00:00+00:00",2,1,0],["2025-07-08T00:00:00+00:00",2,1,0],["2025-09-22T00:00:00+00:00",2,1,0]]},"geometry":{"type":"Point","coordinates":[34.454858,31.540219]}},{"type":"Feature","properties":{"site_id":26,"event_code":"CE20231007PSE","latest_date":"2025-09-22T00:00:00+00:00","latest_class":1,"pass_count":14,"h":[["2023-10-15T00:00:00+00:00",1,1,null],["2023-11-07T00:00:00+00:00",1,1,0],["2023-11-26T00:00:00+00:00",1,1,0],["2024-01-06T00:00:00+00:00",1,1,0],["2024-02-29T00:00:00+00:00",1,1,0],["2024-04-01T00:00:00+00:00",1,1,0],["2024-05-03T00:00:00+00:00",1,1,0],["2024-07-06T00:00:00+00:00",1,1,0],["2024-09-06T00:00:00+00:00",1,1,0],["2024-12-01T00:00:00+00:00",1,1,0],["2025-02-25T00:00:00+00:00",1,1,0],["2025-04-04T00:00:00+00:00",1,1,0],["2025-07-08T00:00:00+00:00",1,1,0],["2025-09-22T00:00:00+00:00",1,1,0]]},"geometry":{"type":"Point","coordinates":[34.452876,31.541352]}},{"type":"Feature","properties":{"site_id":26,"event_code":"CE20231007PSE","latest_date":"2025-09-22T00:00:00+00:00","latest_class":1,"pass_count":14,"h":[["2023-10-15T00:00:00+00:00",2,1,null],["2023-11-07T00:00:00+00:00",2,1,0],["2023-11-26T00:00:00+00:00",1,1,1],["2024-01-06T00:00:00+00:00",1,1,0],["2024-02-29T00:00:00+00:00",1,1,0],["2024-04-01T00:00:00+00:00",1,1,0],["2024-05-03T00:00:00+00:00",1,1,0],["2024-07-06T00:00:00+00:00",1,1,0],["2024-09-06T00:00:00+00:00",1,1,0],["2024-12-01T00:00:00+00:00",1,1,0],["2025-02-25T00:00:00+00:00",1,1,0],["2025-04-04T00:00:00+00:00",1,1,0],["2025-07-08T00:00:00+00:00",1,1,0],["2025-09-22T00:00:00+00:00",1,1,0]]},"geometry":{"type":"Point","coordinates":[34.453031,31.541519]}},{"type":"Feature","properties":{"site_id":26,"event_code":"CE20231007PSE","latest_date":"2025-09-22T00:00:00+00:00","latest_class":1,"pass_count":14,"h":[["2023-10-15T00:00:00+00:00",1,1,null],["2023-11-07T00:00:00+00:00",1,1,0],["2023-11-26T00:00:00+00:00",1,1,0],["2024-01-06T00:00:00+00:00",1,1,0],["2024-02-29T00:00:00+00:00",1,1,0],["2024-04-01T00:00:00+00:00",1,1,0],["2024-05-03T00:00:00+00:00",1,1,0],["2024-07-06T00:00:00+00:00",1,1,0],["2024-09-06T00:00:00+00:00",1,1,0],["2024-12-01T00:00:00+00:00",1,1,0],["2025-02-25T00:00:00+00:00",1,1,0],["2025-04-04T00:00:00+00:00",1,1,0],["2025-07-08T00:00:00+00:00",1,1,0],["2025-09-22T00:00:00+00:00",1,1,0]]},"geometry":{"type":"Point","coordinates":[34.452658,31.541734]}},{"type":"Feature","properties":{"site_id":26,"event_code":"CE20231007PSE","latest_date":"2025-09-22T00:00:00+00:00","latest_class":1,"pass_count":14,"h":[["2023-10-15T00:00:00+00:00",1,1,null],["2023-11-07T00:00:00+00:00",1,1,0],["2023-11-26T00:00:00+00:00",1,1,0],["2024-01-06T00:00:00+00:00",1,1,0],["2024-02-29T00:00:00+00:00",1,1,0],["2024-04-01T00:00:00+00:00",1,1,0],["2024-05-03T00:00:00+00:00",1,1,0],["2024-07-06T00:00:00+00:00",1,1,0],["2024-09-06T00:00:00+00:00",1,1,0],["2024-12-01T00:00:00+00:00",1,1,0],["2025-02-25T00:00:00+00:00",1,1,0],["2025-04-04T00:00:00+00:00",1,1,0],["2025-07-08T00:00:00+00:00",1,1,0],["2025-09-22T00:00:00+00:00",1,1,0]]},"geometry":{"type":"Point","coordinates":[34.452539,31.541586]}},{"type":"Feature","properties":{"site_id":26,"event_code":"CE20231007PSE","latest_date":"2025-09-22T00:00:00+00:00","latest_class":1,"pass_count":14,"h":[["2023-10-15T00:00:00+00:00",2,1,null],["2023-11-07T00:00:00+00:00",1,1,1],["2023-11-26T00:00:00+00:00",1,1,0],["2024-01-06T00:00:00+00:00",1,1,0],["2024-02-29T00:00:00+00:00",1,1,0],["2024-04-01T00:00:00+00:00",1,1,0],["2024-05-03T00:00:00+00:00",1,1,0],["2024-07-06T00:00:00+00:00",1,1,0],["2024-09-06T00:00:00+00:00",1,1,0],["2024-12-01T00:00:00+00:00",1,1,0],["2025-02-25T00:00:00+00:00",1,1,0],["2025-04-04T00:00:00+00:00",1,1,0],["2025-07-08T00:00:00+00:00",1,1,0],["2025-09-22T00:00:00+00:00",1,1,0]]},"geometry":{"type":"Point","coordinates":[34.45297,31.541949]}},{"type":"Feature","properties":{"site_id":26,"event_code":"CE20231007PSE","latest_date":"2025-09-22T00:00:00+00:00","latest_class":1,"pass_count":14,"h":[["2023-10-15T00:00:00+00:00",3,2,null],["2023-11-07T00:00:00+00:00",1,1,1],["2023-11-26T00:00:00+00:00",1,1,0],["2024-01-06T00:00:00+00:00",1,1,0],["2024-02-29T00:00:00+00:00",1,1,0],["2024-04-01T00:00:00+00:00",1,1,0],["2024-05-03T00:00:00+00:00",1,1,0],["2024-07-06T00:00:00+00:00",1,1,0],["2024-09-06T00:00:00+00:00",1,1,0],["2024-12-01T00:00:00+00:00",1,1,0],["2025-02-25T00:00:00+00:00",1,1,0],["2025-04-04T00:00:00+00:00",1,1,0],["2025-07-08T00:00:00+00:00",1,1,0],["2025-09-22T00:00:00+00:00",1,1,0]]},"geometry":{"type":"Point","coordinates":[34.453107,31.541794]}},{"type":"Feature","properties":{"site_id":26,"event_code":"CE20231007PSE","latest_date":"2025-09-22T00:00:00+00:00","latest_class":1,"pass_count":14,"h":[["2023-10-15T00:00:00+00:00",1,1,null],["2023-11-07T00:00:00+00:00",1,1,0],["2023-11-26T00:00:00+00:00",1,1,0],["2024-01-06T00:00:00+00:00",1,1,0],["2024-02-29T00:00:00+00:00",1,1,0],["2024-04-01T00:00:00+00:00",1,1,0],["2024-05-03T00:00:00+00:00",1,1,0],["2024-07-06T00:00:00+00:00",1,1,0],["2024-09-06T00:00:00+00:00",1,1,0],["2024-12-01T00:00:00+00:00",1,1,0],["2025-02-25T00:00:00+00:00",1,1,0],["2025-04-04T00:00:00+00:00",1,1,0],["2025-07-08T00:00:00+00:00",1,1,0],["2025-09-22T00:00:00+00:00",1,1,0]]},"geometry":{"type":"Point","coordinates":[34.453571,31.541172]}},{"type":"Feature","properties":{"site_id":26,"event_code":"CE20231007PSE","latest_date":"2025-09-22T00:00:00+00:00","latest_class":1,"pass_count":14,"h":[["2023-10-15T00:00:00+00:00",1,1,null],["2023-11-07T00:00:00+00:00",1,1,0],["2023-11-26T00:00:00+00:00",1,1,0],["2024-01-06T00:00:00+00:00",1,1,0],["2024-02-29T00:00:00+00:00",1,1,0],["2024-04-01T00:00:00+00:00",1,1,0],["2024-05-03T00:00:00+00:00",1,1,0],["2024-07-06T00:00:00+00:00",1,1,0],["2024-09-06T00:00:00+00:00",1,1,0],["2024-12-01T00:00:00+00:00",1,1,0],["2025-02-25T00:00:00+00:00",1,1,0],["2025-04-04T00:00:00+00:00",1,1,0],["2025-07-08T00:00:00+00:00",1,1,0],["2025-09-22T00:00:00+00:00",1,1,0]]},"geometry":{"type":"Point","coordinates":[34.453252,31.541068]}},{"type":"Feature","properties":{"site_id":26,"event_code":"CE20231007PSE","latest_date":"2025-09-22T00:00:00+00:00","latest_class":1,"pass_count":14,"h":[["2023-10-15T00:00:00+00:00",2,1,null],["2023-11-07T00:00:00+00:00",2,1,0],["2023-11-26T00:00:00+00:00",1,1,1],["2024-01-06T00:00:00+00:00",1,1,0],["2024-02-29T00:00:00+00:00",1,1,0],["2024-04-01T00:00:00+00:00",1,1,0],["2024-05-03T00:00:00+00:00",1,1,0],["2024-07-06T00:00:00+00:00",1,1,0],["2024-09-06T00:00:00+00:00",1,1,0],["2024-12-01T00:00:00+00:00",1,1,0],["2025-02-25T00:00:00+00:00",1,1,0],["2025-04-04T00:00:00+00:00",1,1,0],["2025-07-08T00:00:00+00:00",1,1,0],["2025-09-22T00:00:00+00:00",1,1,0]]},"geometry":{"type":"Point","coordinates":[34.45321,31.541256]}},{"type":"Feature","properties":{"site_id":26,"event_code":"CE20231007PSE","latest_date":"2025-09-22T00:00:00+00:00","latest_class":1,"pass_count":14,"h":[["2023-10-15T00:00:00+00:00",2,1,null],["2023-11-07T00:00:00+00:00",1,1,1],["2023-11-26T00:00:00+00:00",1,1,0],["2024-01-06T00:00:00+00:00",1,1,0],["2024-02-29T00:00:00+00:00",1,1,0],["2024-04-01T00:00:00+00:00",1,1,0],["2024-05-03T00:00:00+00:00",1,1,0],["2024-07-06T00:00:00+00:00",1,1,0],["2024-09-06T00:00:00+00:00",1,1,0],["2024-12-01T00:00:00+00:00",1,1,0],["2025-02-25T00:00:00+00:00",1,1,0],["2025-04-04T00:00:00+00:00",1,1,0],["2025-07-08T00:00:00+00:00",1,1,0],["2025-09-22T00:00:00+00:00",1,1,0]]},"geometry":{"type":"Point","coordinates":[34.453484,31.540736]}},{"type":"Feature","properties":{"site_id":26,"event_code":"CE20231007PSE","latest_date":"2025-09-22T00:00:00+00:00","latest_class":1,"pass_count":14,"h":[["2023-10-15T00:00:00+00:00",3,2,null],["2023-11-07T00:00:00+00:00",2,1,1],["2023-11-26T00:00:00+00:00",2,1,0],["2024-01-06T00:00:00+00:00",1,1,1],["2024-02-29T00:00:00+00:00",1,1,0],["2024-04-01T00:00:00+00:00",1,1,0],["2024-05-03T00:00:00+00:00",1,1,0],["2024-07-06T00:00:00+00:00",1,1,0],["2024-09-06T00:00:00+00:00",1,1,0],["2024-12-01T00:00:00+00:00",1,1,0],["2025-02-25T00:00:00+00:00",1,1,0],["2025-04-04T00:00:00+00:00",1,1,0],["2025-07-08T00:00:00+00:00",1,1,0],["2025-09-22T00:00:00+00:00",1,1,0]]},"geometry":{"type":"Point","coordinates":[34.453676,31.540595]}},{"type":"Feature","properties":{"site_id":26,"event_code":"CE20231007PSE","latest_date":"2025-09-22T00:00:00+00:00","latest_class":1,"pass_count":14,"h":[["2023-10-15T00:00:00+00:00",3,2,null],["2023-11-07T00:00:00+00:00",3,2,0],["2023-11-26T00:00:00+00:00",1,2,1],["2024-01-06T00:00:00+00:00",1,2,0],["2024-02-29T00:00:00+00:00",1,2,0],["2024-04-01T00:00:00+00:00",1,2,0],["2024-05-03T00:00:00+00:00",1,2,0],["2024-07-06T00:00:00+00:00",1,2,0],["2024-09-06T00:00:00+00:00",1,2,0],["2024-12-01T00:00:00+00:00",1,2,0],["2025-02-25T00:00:00+00:00",1,2,0],["2025-04-04T00:00:00+00:00",1,2,0],["2025-07-08T00:00:00+00:00",1,2,0],["2025-09-22T00:00:00+00:00",1,2,0]]},"geometry":{"type":"Point","coordinates":[34.453073,31.540771]}},{"type":"Feature","properties":{"site_id":26,"event_code":"CE20231007PSE","latest_date":"2025-09-22T00:00:00+00:00","latest_class":1,"pass_count":14,"h":[["2023-10-15T00:00:00+00:00",1,1,null],["2023-11-07T00:00:00+00:00",1,1,0],["2023-11-26T00:00:00+00:00",1,1,0],["2024-01-06T00:00:00+00:00",1,1,0],["2024-02-29T00:00:00+00:00",1,1,0],["2024-04-01T00:00:00+00:00",1,1,0],["2024-05-03T00:00:00+00:00",1,1,0],["2024-07-06T00:00:00+00:00",1,1,0],["2024-09-06T00:00:00+00:00",1,1,0],["2024-12-01T00:00:00+00:00",1,1,0],["2025-02-25T00:00:00+00:00",1,1,0],["2025-04-04T00:00:00+00:00",1,1,0],["2025-07-08T00:00:00+00:00",1,1,0],["2025-09-22T00:00:00+00:00",1,1,0]]},"geometry":{"type":"Point","coordinates":[34.451963,31.540787]}},{"type":"Feature","properties":{"site_id":26,"event_code":"CE20231007PSE","latest_date":"2025-09-22T00:00:00+00:00","latest_class":2,"pass_count":14,"h":[["2023-10-15T00:00:00+00:00",2,1,null],["2023-11-07T00:00:00+00:00",2,1,0],["2023-11-26T00:00:00+00:00",2,1,0],["2024-01-06T00:00:00+00:00",2,1,0],["2024-02-29T00:00:00+00:00",2,1,0],["2024-04-01T00:00:00+00:00",2,1,0],["2024-05-03T00:00:00+00:00",2,1,0],["2024-07-06T00:00:00+00:00",2,1,0],["2024-09-06T00:00:00+00:00",2,1,0],["2024-12-01T00:00:00+00:00",2,1,0],["2025-02-25T00:00:00+00:00",2,1,0],["2025-04-04T00:00:00+00:00",2,1,0],["2025-07-08T00:00:00+00:00",2,1,0],["2025-09-22T00:00:00+00:00",2,1,0]]},"geometry":{"type":"Point","coordinates":[34.451955,31.540546]}},{"type":"Feature","properties":{"site_id":26,"event_code":"CE20231007PSE","latest_date":"2025-09-22T00:00:00+00:00","latest_class":1,"pass_count":14,"h":[["2023-10-15T00:00:00+00:00",1,1,null],["2023-11-07T00:00:00+00:00",1,1,0],["2023-11-26T00:00:00+00:00",1,1,0],["2024-01-06T00:00:00+00:00",1,1,0],["2024-02-29T00:00:00+00:00",1,1,0],["2024-04-01T00:00:00+00:00",1,1,0],["2024-05-03T00:00:00+00:00",1,1,0],["2024-07-06T00:00:00+00:00",1,1,0],["2024-09-06T00:00:00+00:00",1,1,0],["2024-12-01T00:00:00+00:00",1,1,0],["2025-02-25T00:00:00+00:00",1,1,0],["2025-04-04T00:00:00+00:00",1,1,0],["2025-07-08T00:00:00+00:00",1,1,0],["2025-09-22T00:00:00+00:00",1,1,0]]},"geometry":{"type":"Point","coordinates":[34.451724,31.540395]}},{"type":"Feature","properties":{"site_id":26,"event_code":"CE20231007PSE","latest_date":"2025-09-22T00:00:00+00:00","latest_class":1,"pass_count":14,"h":[["2023-10-15T00:00:00+00:00",2,1,null],["2023-11-07T00:00:00+00:00",2,1,0],["2023-11-26T00:00:00+00:00",1,1,1],["2024-01-06T00:00:00+00:00",1,1,0],["2024-02-29T00:00:00+00:00",1,1,0],["2024-04-01T00:00:00+00:00",1,1,0],["2024-05-03T00:00:00+00:00",1,1,0],["2024-07-06T00:00:00+00:00",1,1,0],["2024-09-06T00:00:00+00:00",1,1,0],["2024-12-01T00:00:00+00:00",1,1,0],["2025-02-25T00:00:00+00:00",1,1,0],["2025-04-04T00:00:00+00:00",1,1,0],["2025-07-08T00:00:00+00:00",1,1,0],["2025-09-22T00:00:00+00:00",1,1,0]]},"geometry":{"type":"Point","coordinates":[34.451576,31.540631]}},{"type":"Feature","properties":{"site_id":26,"event_code":"CE20231007PSE","latest_date":"2025-09-22T00:00:00+00:00","latest_class":1,"pass_count":14,"h":[["2023-10-15T00:00:00+00:00",3,2,null],["2023-11-07T00:00:00+00:00",3,2,0],["2023-11-26T00:00:00+00:00",3,2,0],["2024-01-06T00:00:00+00:00",1,1,1],["2024-02-29T00:00:00+00:00",1,1,0],["2024-04-01T00:00:00+00:00",1,1,0],["2024-05-03T00:00:00+00:00",1,1,0],["2024-07-06T00:00:00+00:00",1,1,0],["2024-09-06T00:00:00+00:00",1,1,0],["2024-12-01T00:00:00+00:00",1,1,0],["2025-02-25T00:00:00+00:00",1,1,0],["2025-04-04T00:00:00+00:00",1,1,0],["2025-07-08T00:00:00+00:00",1,1,0],["2025-09-22T00:00:00+00:00",1,1,0]]},"geometry":{"type":"Point","coordinates":[34.452024,31.540419]}},{"type":"Feature","properties":{"site_id":26,"event_code":"CE20231007PSE","latest_date":"2025-09-22T00:00:00+00:00","latest_class":1,"pass_count":13,"h":[["2023-11-07T00:00:00+00:00",1,1,3],["2023-11-26T00:00:00+00:00",1,1,0],["2024-01-06T00:00:00+00:00",1,1,0],["2024-02-29T00:00:00+00:00",1,1,0],["2024-04-01T00:00:00+00:00",1,1,0],["2024-05-03T00:00:00+00:00",1,1,0],["2024-07-06T00:00:00+00:00",1,1,0],["2024-09-06T00:00:00+00:00",1,1,0],["2024-12-01T00:00:00+00:00",1,1,0],["2025-02-25T00:00:00+00:00",1,1,0],["2025-04-04T00:00:00+00:00",1,1,0],["2025-07-08T00:00:00+00:00",1,1,0],["2025-09-22T00:00:00+00:00",1,1,0]]},"geometry":{"type":"Point","coordinates":[34.452022,31.541499]}},{"type":"Feature","properties":{"site_id":26,"event_code":"CE20231007PSE","latest_date":"2025-09-22T00:00:00+00:00","latest_class":1,"pass_count":13,"h":[["2023-11-07T00:00:00+00:00",2,1,3],["2023-11-26T00:00:00+00:00",1,1,1],["2024-01-06T00:00:00+00:00",1,1,0],["2024-02-29T00:00:00+00:00",1,1,0],["2024-04-01T00:00:00+00:00",1,1,0],["2024-05-03T00:00:00+00:00",1,1,0],["2024-07-06T00:00:00+00:00",1,1,0],["2024-09-06T00:00:00+00:00",1,1,0],["2024-12-01T00:00:00+00:00",1,1,0],["2025-02-25T00:00:00+00:00",1,1,0],["2025-04-04T00:00:00+00:00",1,1,0],["2025-07-08T00:00:00+00:00",1,1,0],["2025-09-22T00:00:00+00:00",1,1,0]]},"geometry":{"type":"Point","coordinates":[34.452417,31.542087]}},{"type":"Feature","properties":{"site_id":26,"event_code":"CE20231007PSE","latest_date":"2025-09-22T00:00:00+00:00","latest_class":1,"pass_count":14,"h":[["2023-10-15T00:00:00+00:00",4,3,null],["2023-11-07T00:00:00+00:00",1,1,1],["2023-11-26T00:00:00+00:00",1,1,0],["2024-01-06T00:00:00+00:00",1,1,0],["2024-02-29T00:00:00+00:00",1,1,0],["2024-04-01T00:00:00+00:00",1,1,0],["2024-05-03T00:00:00+00:00",1,1,0],["2024-07-06T00:00:00+00:00",1,1,0],["2024-09-06T00:00:00+00:00",1,1,0],["2024-12-01T00:00:00+00:00",1,1,0],["2025-02-25T00:00:00+00:00",1,1,0],["2025-04-04T00:00:00+00:00",1,1,0],["2025-07-08T00:00:00+00:00",1,1,0],["2025-09-22T00:00:00+00:00",1,1,0]]},"geometry":{"type":"Point","coordinates":[34.452922,31.541829]}},{"type":"Feature","properties":{"site_id":26,"event_code":"CE20231007PSE","latest_date":"2025-09-22T00:00:00+00:00","latest_class":1,"pass_count":13,"h":[["2023-11-07T00:00:00+00:00",1,1,3],["2023-11-26T00:00:00+00:00",1,1,0],["2024-01-06T00:00:00+00:00",1,1,0],["2024-02-29T00:00:00+00:00",1,1,0],["2024-04-01T00:00:00+00:00",1,1,0],["2024-05-03T00:00:00+00:00",1,1,0],["2024-07-06T00:00:00+00:00",1,1,0],["2024-09-06T00:00:00+00:00",1,1,0],["2024-12-01T00:00:00+00:00",1,1,0],["2025-02-25T00:00:00+00:00",1,1,0],["2025-04-04T00:00:00+00:00",1,1,0],["2025-07-08T00:00:00+00:00",1,1,0],["2025-09-22T00:00:00+00:00",1,1,0]]},"geometry":{"type":"Point","coordinates":[34.453059,31.541964]}},{"type":"Feature","properties":{"site_id":26,"event_code":"CE20231007PSE","latest_date":"2025-09-22T00:00:00+00:00","latest_class":1,"pass_count":14,"h":[["2023-10-15T00:00:00+00:00",4,3,null],["2023-11-07T00:00:00+00:00",1,1,1],["2023-11-26T00:00:00+00:00",1,1,0],["2024-01-06T00:00:00+00:00",1,1,0],["2024-02-29T00:00:00+00:00",1,1,0],["2024-04-01T00:00:00+00:00",1,1,0],["2024-05-03T00:00:00+00:00",1,1,0],["2024-07-06T00:00:00+00:00",1,1,0],["2024-09-06T00:00:00+00:00",1,1,0],["2024-12-01T00:00:00+00:00",1,1,0],["2025-02-25T00:00:00+00:00",1,1,0],["2025-04-04T00:00:00+00:00",1,1,0],["2025-07-08T00:00:00+00:00",1,1,0],["2025-09-22T00:00:00+00:00",1,1,0]]},"geometry":{"type":"Point","coordinates":[34.453067,31.541878]}},{"type":"Feature","properties":{"site_id":26,"event_code":"CE20231007PSE","latest_date":"2025-09-22T00:00:00+00:00","latest_class":1,"pass_count":13,"h":[["2023-11-07T00:00:00+00:00",1,1,3],["2023-11-26T00:00:00+00:00",1,1,0],["2024-01-06T00:00:00+00:00",1,1,0],["2024-02-29T00:00:00+00:00",1,1,0],["2024-04-01T00:00:00+00:00",1,1,0],["2024-05-03T00:00:00+00:00",1,1,0],["2024-07-06T00:00:00+00:00",1,1,0],["2024-09-06T00:00:00+00:00",1,1,0],["2024-12-01T00:00:00+00:00",1,1,0],["2025-02-25T00:00:00+00:00",1,1,0],["2025-04-04T00:00:00+00:00",1,1,0],["2025-07-08T00:00:00+00:00",1,1,0],["2025-09-22T00:00:00+00:00",1,1,0]]},"geometry":{"type":"Point","coordinates":[34.453219,31.541795]}},{"type":"Feature","properties":{"site_id":26,"event_code":"CE20231007PSE","latest_date":"2025-09-22T00:00:00+00:00","latest_class":1,"pass_count":13,"h":[["2023-11-07T00:00:00+00:00",1,1,3],["2023-11-26T00:00:00+00:00",1,1,0],["2024-01-06T00:00:00+00:00",1,1,0],["2024-02-29T00:00:00+00:00",1,1,0],["2024-04-01T00:00:00+00:00",1,1,0],["2024-05-03T00:00:00+00:00",1,1,0],["2024-07-06T00:00:00+00:00",1,1,0],["2024-09-06T00:00:00+00:00",1,1,0],["2024-12-01T00:00:00+00:00",1,1,0],["2025-02-25T00:00:00+00:00",1,1,0],["2025-04-04T00:00:00+00:00",1,1,0],["2025-07-08T00:00:00+00:00",1,1,0],["2025-09-22T00:00:00+00:00",1,1,0]]},"geometry":{"type":"Point","coordinates":[34.453391,31.541737]}},{"type":"Feature","properties":{"site_id":26,"event_code":"CE20231007PSE","latest_date":"2025-09-22T00:00:00+00:00","latest_class":1,"pass_count":13,"h":[["2023-11-07T00:00:00+00:00",1,1,3],["2023-11-26T00:00:00+00:00",1,1,0],["2024-01-06T00:00:00+00:00",1,1,0],["2024-02-29T00:00:00+00:00",1,1,0],["2024-04-01T00:00:00+00:00",1,1,0],["2024-05-03T00:00:00+00:00",1,1,0],["2024-07-06T00:00:00+00:00",1,1,0],["2024-09-06T00:00:00+00:00",1,1,0],["2024-12-01T00:00:00+00:00",1,1,0],["2025-02-25T00:00:00+00:00",1,1,0],["2025-04-04T00:00:00+00:00",1,1,0],["2025-07-08T00:00:00+00:00",1,1,0],["2025-09-22T00:00:00+00:00",1,1,0]]},"geometry":{"type":"Point","coordinates":[34.453302,31.541665]}},{"type":"Feature","properties":{"site_id":26,"event_code":"CE20231007PSE","latest_date":"2025-09-22T00:00:00+00:00","latest_class":1,"pass_count":13,"h":[["2023-11-07T00:00:00+00:00",3,2,3],["2023-11-26T00:00:00+00:00",1,2,1],["2024-01-06T00:00:00+00:00",1,2,0],["2024-02-29T00:00:00+00:00",1,2,0],["2024-04-01T00:00:00+00:00",1,2,0],["2024-05-03T00:00:00+00:00",1,2,0],["2024-07-06T00:00:00+00:00",1,2,0],["2024-09-06T00:00:00+00:00",1,2,0],["2024-12-01T00:00:00+00:00",1,2,0],["2025-02-25T00:00:00+00:00",1,2,0],["2025-04-04T00:00:00+00:00",1,2,0],["2025-07-08T00:00:00+00:00",1,2,0],["2025-09-22T00:00:00+00:00",1,2,0]]},"geometry":{"type":"Point","coordinates":[34.453264,31.541453]}},{"type":"Feature","properties":{"site_id":26,"event_code":"CE20231007PSE","latest_date":"2025-09-22T00:00:00+00:00","latest_class":1,"pass_count":13,"h":[["2023-11-07T00:00:00+00:00",2,1,3],["2023-11-26T00:00:00+00:00",1,1,1],["2024-01-06T00:00:00+00:00",1,1,0],["2024-02-29T00:00:00+00:00",1,1,0],["2024-04-01T00:00:00+00:00",1,1,0],["2024-05-03T00:00:00+00:00",1,1,0],["2024-07-06T00:00:00+00:00",1,1,0],["2024-09-06T00:00:00+00:00",1,1,0],["2024-12-01T00:00:00+00:00",1,1,0],["2025-02-25T00:00:00+00:00",1,1,0],["2025-04-04T00:00:00+00:00",1,1,0],["2025-07-08T00:00:00+00:00",1,1,0],["2025-09-22T00:00:00+00:00",1,1,0]]},"geometry":{"type":"Point","coordinates":[34.453771,31.541519]}},{"type":"Feature","properties":{"site_id":26,"event_code":"CE20231007PSE","latest_date":"2025-09-22T00:00:00+00:00","latest_class":1,"pass_count":13,"h":[["2023-11-07T00:00:00+00:00",2,1,3],["2023-11-26T00:00:00+00:00",1,1,1],["2024-01-06T00:00:00+00:00",1,1,0],["2024-02-29T00:00:00+00:00",1,1,0],["2024-04-01T00:00:00+00:00",1,1,0],["2024-05-03T00:00:00+00:00",1,1,0],["2024-07-06T00:00:00+00:00",1,1,0],["2024-09-06T00:00:00+00:00",1,1,0],["2024-12-01T00:00:00+00:00",1,1,0],["2025-02-25T00:00:00+00:00",1,1,0],["2025-04-04T00:00:00+00:00",1,1,0],["2025-07-08T00:00:00+00:00",1,1,0],["2025-09-22T00:00:00+00:00",1,1,0]]},"geometry":{"type":"Point","coordinates":[34.453596,31.541704]}},{"type":"Feature","properties":{"site_id":26,"event_code":"CE20231007PSE","latest_date":"2025-09-22T00:00:00+00:00","latest_class":1,"pass_count":13,"h":[["2023-11-07T00:00:00+00:00",1,1,3],["2023-11-26T00:00:00+00:00",1,1,0],["2024-01-06T00:00:00+00:00",1,1,0],["2024-02-29T00:00:00+00:00",1,1,0],["2024-04-01T00:00:00+00:00",1,1,0],["2024-05-03T00:00:00+00:00",1,1,0],["2024-07-06T00:00:00+00:00",1,1,0],["2024-09-06T00:00:00+00:00",1,1,0],["2024-12-01T00:00:00+00:00",1,1,0],["2025-02-25T00:00:00+00:00",1,1,0],["2025-04-04T00:00:00+00:00",1,1,0],["2025-07-08T00:00:00+00:00",1,1,0],["2025-09-22T00:00:00+00:00",1,1,0]]},"geometry":{"type":"Point","coordinates":[34.453615,31.541789]}},{"type":"Feature","properties":{"site_id":26,"event_code":"CE20231007PSE","latest_date":"2025-09-22T00:00:00+00:00","latest_class":1,"pass_count":13,"h":[["2023-11-07T00:00:00+00:00",1,1,3],["2023-11-26T00:00:00+00:00",1,1,0],["2024-01-06T00:00:00+00:00",1,1,0],["2024-02-29T00:00:00+00:00",1,1,0],["2024-04-01T00:00:00+00:00",1,1,0],["2024-05-03T00:00:00+00:00",1,1,0],["2024-07-06T00:00:00+00:00",1,1,0],["2024-09-06T00:00:00+00:00",1,1,0],["2024-12-01T00:00:00+00:00",1,1,0],["2025-02-25T00:00:00+00:00",1,1,0],["2025-04-04T00:00:00+00:00",1,1,0],["2025-07-08T00:00:00+00:00",1,1,0],["2025-09-22T00:00:00+00:00",1,1,0]]},"geometry":{"type":"Point","coordinates":[34.453681,31.54175]}},{"type":"Feature","properties":{"site_id":26,"event_code":"CE20231007PSE","latest_date":"2025-09-22T00:00:00+00:00","latest_class":1,"pass_count":13,"h":[["2023-11-07T00:00:00+00:00",3,2,3],["2023-11-26T00:00:00+00:00",1,2,1],["2024-01-06T00:00:00+00:00",1,2,0],["2024-02-29T00:00:00+00:00",1,2,0],["2024-04-01T00:00:00+00:00",1,2,0],["2024-05-03T00:00:00+00:00",1,2,0],["2024-07-06T00:00:00+00:00",1,2,0],["2024-09-06T00:00:00+00:00",1,2,0],["2024-12-01T00:00:00+00:00",1,2,0],["2025-02-25T00:00:00+00:00",1,2,0],["2025-04-04T00:00:00+00:00",1,2,0],["2025-07-08T00:00:00+00:00",1,2,0],["2025-09-22T00:00:00+00:00",1,2,0]]},"geometry":{"type":"Point","coordinates":[34.453678,31.541971]}},{"type":"Feature","properties":{"site_id":26,"event_code":"CE20231007PSE","latest_date":"2025-09-22T00:00:00+00:00","latest_class":1,"pass_count":13,"h":[["2023-11-07T00:00:00+00:00",3,2,3],["2023-11-26T00:00:00+00:00",1,2,1],["2024-01-06T00:00:00+00:00",1,2,0],["2024-02-29T00:00:00+00:00",1,2,0],["2024-04-01T00:00:00+00:00",1,2,0],["2024-05-03T00:00:00+00:00",1,2,0],["2024-07-06T00:00:00+00:00",1,2,0],["2024-09-06T00:00:00+00:00",1,2,0],["2024-12-01T00:00:00+00:00",1,2,0],["2025-02-25T00:00:00+00:00",1,2,0],["2025-04-04T00:00:00+00:00",1,2,0],["2025-07-08T00:00:00+00:00",1,2,0],["2025-09-22T00:00:00+00:00",1,2,0]]},"geometry":{"type":"Point","coordinates":[34.453788,31.541804]}},{"type":"Feature","properties":{"site_id":26,"event_code":"CE20231007PSE","latest_date":"2025-09-22T00:00:00+00:00","latest_class":1,"pass_count":13,"h":[["2023-11-07T00:00:00+00:00",1,1,3],["2023-11-26T00:00:00+00:00",1,1,0],["2024-01-06T00:00:00+00:00",1,1,0],["2024-02-29T00:00:00+00:00",1,1,0],["2024-04-01T00:00:00+00:00",1,1,0],["2024-05-03T00:00:00+00:00",1,1,0],["2024-07-06T00:00:00+00:00",1,1,0],["2024-09-06T00:00:00+00:00",1,1,0],["2024-12-01T00:00:00+00:00",1,1,0],["2025-02-25T00:00:00+00:00",1,1,0],["2025-04-04T00:00:00+00:00",1,1,0],["2025-07-08T00:00:00+00:00",1,1,0],["2025-09-22T00:00:00+00:00",1,1,0]]},"geometry":{"type":"Point","coordinates":[34.453594,31.541921]}},{"type":"Feature","properties":{"site_id":26,"event_code":"CE20231007PSE","latest_date":"2025-09-22T00:00:00+00:00","latest_class":1,"pass_count":13,"h":[["2023-11-07T00:00:00+00:00",2,1,3],["2023-11-26T00:00:00+00:00",2,1,0],["2024-01-06T00:00:00+00:00",1,1,1],["2024-02-29T00:00:00+00:00",1,1,0],["2024-04-01T00:00:00+00:00",1,1,0],["2024-05-03T00:00:00+00:00",1,1,0],["2024-07-06T00:00:00+00:00",1,1,0],["2024-09-06T00:00:00+00:00",1,1,0],["2024-12-01T00:00:00+00:00",1,1,0],["2025-02-25T00:00:00+00:00",1,1,0],["2025-04-04T00:00:00+00:00",1,1,0],["2025-07-08T00:00:00+00:00",1,1,0],["2025-09-22T00:00:00+00:00",1,1,0]]},"geometry":{"type":"Point","coordinates":[34.453704,31.54168]}},{"type":"Feature","properties":{"site_id":26,"event_code":"CE20231007PSE","latest_date":"2025-09-22T00:00:00+00:00","latest_class":1,"pass_count":13,"h":[["2023-11-07T00:00:00+00:00",2,1,3],["2023-11-26T00:00:00+00:00",1,1,1],["2024-01-06T00:00:00+00:00",1,1,0],["2024-02-29T00:00:00+00:00",1,1,0],["2024-04-01T00:00:00+00:00",1,1,0],["2024-05-03T00:00:00+00:00",1,1,0],["2024-07-06T00:00:00+00:00",1,1,0],["2024-09-06T00:00:00+00:00",1,1,0],["2024-12-01T00:00:00+00:00",1,1,0],["2025-02-25T00:00:00+00:00",1,1,0],["2025-04-04T00:00:00+00:00",1,1,0],["2025-07-08T00:00:00+00:00",1,1,0],["2025-09-22T00:00:00+00:00",1,1,0]]},"geometry":{"type":"Point","coordinates":[34.453811,31.54169]}},{"type":"Feature","properties":{"site_id":26,"event_code":"CE20231007PSE","latest_date":"2025-09-22T00:00:00+00:00","latest_class":1,"pass_count":13,"h":[["2023-11-07T00:00:00+00:00",3,2,3],["2023-11-26T00:00:00+00:00",1,2,1],["2024-01-06T00:00:00+00:00",1,2,0],["2024-02-29T00:00:00+00:00",1,2,0],["2024-04-01T00:00:00+00:00",1,2,0],["2024-05-03T00:00:00+00:00",1,2,0],["2024-07-06T00:00:00+00:00",1,2,0],["2024-09-06T00:00:00+00:00",1,2,0],["2024-12-01T00:00:00+00:00",1,2,0],["2025-02-25T00:00:00+00:00",1,2,0],["2025-04-04T00:00:00+00:00",1,2,0],["2025-07-08T00:00:00+00:00",1,2,0],["2025-09-22T00:00:00+00:00",1,2,0]]},"geometry":{"type":"Point","coordinates":[34.453763,31.541436]}},{"type":"Feature","properties":{"site_id":26,"event_code":"CE20231007PSE","latest_date":"2025-09-22T00:00:00+00:00","latest_class":1,"pass_count":13,"h":[["2023-11-07T00:00:00+00:00",3,2,3],["2023-11-26T00:00:00+00:00",1,2,1],["2024-01-06T00:00:00+00:00",1,2,0],["2024-02-29T00:00:00+00:00",1,2,0],["2024-04-01T00:00:00+00:00",1,2,0],["2024-05-03T00:00:00+00:00",1,2,0],["2024-07-06T00:00:00+00:00",1,2,0],["2024-09-06T00:00:00+00:00",1,2,0],["2024-12-01T00:00:00+00:00",1,2,0],["2025-02-25T00:00:00+00:00",1,2,0],["2025-04-04T00:00:00+00:00",1,2,0],["2025-07-08T00:00:00+00:00",1,2,0],["2025-09-22T00:00:00+00:00",1,2,0]]},"geometry":{"type":"Point","coordinates":[34.453766,31.541948]}},{"type":"Feature","properties":{"site_id":26,"event_code":"CE20231007PSE","latest_date":"2025-09-22T00:00:00+00:00","latest_class":1,"pass_count":13,"h":[["2023-11-07T00:00:00+00:00",1,1,3],["2023-11-26T00:00:00+00:00",1,1,0],["2024-01-06T00:00:00+00:00",1,1,0],["2024-02-29T00:00:00+00:00",1,1,0],["2024-04-01T00:00:00+00:00",1,1,0],["2024-05-03T00:00:00+00:00",1,1,0],["2024-07-06T00:00:00+00:00",1,1,0],["2024-09-06T00:00:00+00:00",1,1,0],["2024-12-01T00:00:00+00:00",1,1,0],["2025-02-25T00:00:00+00:00",1,1,0],["2025-04-04T00:00:00+00:00",1,1,0],["2025-07-08T00:00:00+00:00",1,1,0],["2025-09-22T00:00:00+00:00",1,1,0]]},"geometry":{"type":"Point","coordinates":[34.453793,31.542095]}},{"type":"Feature","properties":{"site_id":26,"event_code":"CE20231007PSE","latest_date":"2025-09-22T00:00:00+00:00","latest_class":1,"pass_count":13,"h":[["2023-11-07T00:00:00+00:00",1,1,3],["2023-11-26T00:00:00+00:00",1,1,0],["2024-01-06T00:00:00+00:00",1,1,0],["2024-02-29T00:00:00+00:00",1,1,0],["2024-04-01T00:00:00+00:00",1,1,0],["2024-05-03T00:00:00+00:00",1,1,0],["2024-07-06T00:00:00+00:00",1,1,0],["2024-09-06T00:00:00+00:00",1,1,0],["2024-12-01T00:00:00+00:00",1,1,0],["2025-02-25T00:00:00+00:00",1,1,0],["2025-04-04T00:00:00+00:00",1,1,0],["2025-07-08T00:00:00+00:00",1,1,0],["2025-09-22T00:00:00+00:00",1,1,0]]},"geometry":{"type":"Point","coordinates":[34.453923,31.54202]}},{"type":"Feature","properties":{"site_id":26,"event_code":"CE20231007PSE","latest_date":"2025-09-22T00:00:00+00:00","latest_class":1,"pass_count":13,"h":[["2023-11-07T00:00:00+00:00",1,1,3],["2023-11-26T00:00:00+00:00",1,1,0],["2024-01-06T00:00:00+00:00",1,1,0],["2024-02-29T00:00:00+00:00",1,1,0],["2024-04-01T00:00:00+00:00",1,1,0],["2024-05-03T00:00:00+00:00",1,1,0],["2024-07-06T00:00:00+00:00",1,1,0],["2024-09-06T00:00:00+00:00",1,1,0],["2024-12-01T00:00:00+00:00",1,1,0],["2025-02-25T00:00:00+00:00",1,1,0],["2025-04-04T00:00:00+00:00",1,1,0],["2025-07-08T00:00:00+00:00",1,1,0],["2025-09-22T00:00:00+00:00",1,1,0]]},"geometry":{"type":"Point","coordinates":[34.45414,31.541938]}},{"type":"Feature","properties":{"site_id":26,"event_code":"CE20231007PSE","latest_date":"2025-09-22T00:00:00+00:00","latest_class":1,"pass_count":13,"h":[["2023-11-07T00:00:00+00:00",1,1,3],["2023-11-26T00:00:00+00:00",1,1,0],["2024-01-06T00:00:00+00:00",1,1,0],["2024-02-29T00:00:00+00:00",1,1,0],["2024-04-01T00:00:00+00:00",1,1,0],["2024-05-03T00:00:00+00:00",1,1,0],["2024-07-06T00:00:00+00:00",1,1,0],["2024-09-06T00:00:00+00:00",1,1,0],["2024-12-01T00:00:00+00:00",1,1,0],["2025-02-25T00:00:00+00:00",1,1,0],["2025-04-04T00:00:00+00:00",1,1,0],["2025-07-08T00:00:00+00:00",1,1,0],["2025-09-22T00:00:00+00:00",1,1,0]]},"geometry":{"type":"Point","coordinates":[34.45413,31.541674]}},{"type":"Feature","properties":{"site_id":26,"event_code":"CE20231007PSE","latest_date":"2025-09-22T00:00:00+00:00","latest_class":1,"pass_count":13,"h":[["2023-11-07T00:00:00+00:00",1,1,3],["2023-11-26T00:00:00+00:00",1,1,0],["2024-01-06T00:00:00+00:00",1,1,0],["2024-02-29T00:00:00+00:00",1,1,0],["2024-04-01T00:00:00+00:00",1,1,0],["2024-05-03T00:00:00+00:00",1,1,0],["2024-07-06T00:00:00+00:00",1,1,0],["2024-09-06T00:00:00+00:00",1,1,0],["2024-12-01T00:00:00+00:00",1,1,0],["2025-02-25T00:00:00+00:00",1,1,0],["2025-04-04T00:00:00+00:00",1,1,0],["2025-07-08T00:00:00+00:00",1,1,0],["2025-09-22T00:00:00+00:00",1,1,0]]},"geometry":{"type":"Point","coordinates":[34.454292,31.541699]}},{"type":"Feature","properties":{"site_id":26,"event_code":"CE20231007PSE","latest_date":"2025-09-22T00:00:00+00:00","latest_class":1,"pass_count":13,"h":[["2023-11-07T00:00:00+00:00",1,1,3],["2023-11-26T00:00:00+00:00",1,1,0],["2024-01-06T00:00:00+00:00",1,1,0],["2024-02-29T00:00:00+00:00",1,1,0],["2024-04-01T00:00:00+00:00",1,1,0],["2024-05-03T00:00:00+00:00",1,1,0],["2024-07-06T00:00:00+00:00",1,1,0],["2024-09-06T00:00:00+00:00",1,1,0],["2024-12-01T00:00:00+00:00",1,1,0],["2025-02-25T00:00:00+00:00",1,1,0],["2025-04-04T00:00:00+00:00",1,1,0],["2025-07-08T00:00:00+00:00",1,1,0],["2025-09-22T00:00:00+00:00",1,1,0]]},"geometry":{"type":"Point","coordinates":[34.454454,31.541982]}},{"type":"Feature","properties":{"site_id":26,"event_code":"CE20231007PSE","latest_date":"2025-09-22T00:00:00+00:00","latest_class":1,"pass_count":13,"h":[["2023-11-07T00:00:00+00:00",2,1,3],["2023-11-26T00:00:00+00:00",2,1,0],["2024-01-06T00:00:00+00:00",1,1,1],["2024-02-29T00:00:00+00:00",1,1,0],["2024-04-01T00:00:00+00:00",1,1,0],["2024-05-03T00:00:00+00:00",1,1,0],["2024-07-06T00:00:00+00:00",1,1,0],["2024-09-06T00:00:00+00:00",1,1,0],["2024-12-01T00:00:00+00:00",1,1,0],["2025-02-25T00:00:00+00:00",1,1,0],["2025-04-04T00:00:00+00:00",1,1,0],["2025-07-08T00:00:00+00:00",1,1,0],["2025-09-22T00:00:00+00:00",1,1,0]]},"geometry":{"type":"Point","coordinates":[34.45423,31.542064]}},{"type":"Feature","properties":{"site_id":26,"event_code":"CE20231007PSE","latest_date":"2025-09-22T00:00:00+00:00","latest_class":2,"pass_count":13,"h":[["2023-11-07T00:00:00+00:00",2,1,3],["2023-11-26T00:00:00+00:00",2,1,0],["2024-01-06T00:00:00+00:00",2,1,0],["2024-02-29T00:00:00+00:00",2,1,0],["2024-04-01T00:00:00+00:00",2,1,0],["2024-05-03T00:00:00+00:00",2,1,0],["2024-07-06T00:00:00+00:00",2,1,0],["2024-09-06T00:00:00+00:00",2,1,0],["2024-12-01T00:00:00+00:00",2,1,0],["2025-02-25T00:00:00+00:00",2,1,0],["2025-04-04T00:00:00+00:00",2,1,0],["2025-07-08T00:00:00+00:00",2,1,0],["2025-09-22T00:00:00+00:00",2,1,0]]},"geometry":{"type":"Point","coordinates":[34.455799,31.541326]}},{"type":"Feature","properties":{"site_id":26,"event_code":"CE20231007PSE","latest_date":"2025-09-22T00:00:00+00:00","latest_class":2,"pass_count":13,"h":[["2023-11-07T00:00:00+00:00",3,2,3],["2023-11-26T00:00:00+00:00",3,2,0],["2024-01-06T00:00:00+00:00",2,1,1],["2024-02-29T00:00:00+00:00",2,1,0],["2024-04-01T00:00:00+00:00",2,1,0],["2024-05-03T00:00:00+00:00",2,1,0],["2024-07-06T00:00:00+00:00",2,1,0],["2024-09-06T00:00:00+00:00",2,1,0],["2024-12-01T00:00:00+00:00",2,1,0],["2025-02-25T00:00:00+00:00",2,1,0],["2025-04-04T00:00:00+00:00",2,1,0],["2025-07-08T00:00:00+00:00",2,1,0],["2025-09-22T00:00:00+00:00",2,1,0]]},"geometry":{"type":"Point","coordinates":[34.456251,31.542027]}},{"type":"Feature","properties":{"site_id":26,"event_code":"CE20231007PSE","latest_date":"2025-09-22T00:00:00+00:00","latest_class":2,"pass_count":13,"h":[["2023-11-07T00:00:00+00:00",2,1,3],["2023-11-26T00:00:00+00:00",2,1,0],["2024-01-06T00:00:00+00:00",2,1,0],["2024-02-29T00:00:00+00:00",2,1,0],["2024-04-01T00:00:00+00:00",2,1,0],["2024-05-03T00:00:00+00:00",2,1,0],["2024-07-06T00:00:00+00:00",2,1,0],["2024-09-06T00:00:00+00:00",2,1,0],["2024-12-01T00:00:00+00:00",2,1,0],["2025-02-25T00:00:00+00:00",2,1,0],["2025-04-04T00:00:00+00:00",2,1,0],["2025-07-08T00:00:00+00:00",2,1,0],["2025-09-22T00:00:00+00:00",2,1,0]]},"geometry":{"type":"Point","coordinates":[34.456193,31.541744]}},{"type":"Feature","properties":{"site_id":1,"event_code":"CE20231007PSE","latest_date":"2025-09-22T00:00:00+00:00","latest_class":2,"pass_count":13,"h":[["2023-11-07T00:00:00+00:00",2,1,3],["2023-11-26T00:00:00+00:00",2,1,0],["2024-01-06T00:00:00+00:00",2,1,0],["2024-02-29T00:00:00+00:00",2,1,0],["2024-04-01T00:00:00+00:00",2,1,0],["2024-05-03T00:00:00+00:00",2,1,0],["2024-07-06T00:00:00+00:00",2,1,0],["2024-09-06T00:00:00+00:00",2,1,0],["2024-12-01T00:00:00+00:00",2,1,0],["2025-02-25T00:00:00+00:00",2,1,0],["2025-04-04T00:00:00+00:00",2,1,0],["2025-07-08T00:00:00+00:00",2,1,0],["2025-09-22T00:00:00+00:00",2,1,0]]},"geometry":{"type":"Point","coordinates":[34.451036,31.541084]}},{"type":"Feature","properties":{"site_id":26,"event_code":"CE20231007PSE","latest_date":"2025-09-22T00:00:00+00:00","latest_class":1,"pass_count":13,"h":[["2023-11-07T00:00:00+00:00",2,1,3],["2023-11-26T00:00:00+00:00",1,1,1],["2024-01-06T00:00:00+00:00",1,1,0],["2024-02-29T00:00:00+00:00",1,1,0],["2024-04-01T00:00:00+00:00",1,1,0],["2024-05-03T00:00:00+00:00",1,1,0],["2024-07-06T00:00:00+00:00",1,1,0],["2024-09-06T00:00:00+00:00",1,1,0],["2024-12-01T00:00:00+00:00",1,1,0],["2025-02-25T00:00:00+00:00",1,1,0],["2025-04-04T00:00:00+00:00",1,1,0],["2025-07-08T00:00:00+00:00",1,1,0],["2025-09-22T00:00:00+00:00",1,1,0]]},"geometry":{"type":"Point","coordinates":[34.451889,31.541225]}},{"type":"Feature","properties":{"site_id":26,"event_code":"CE20231007PSE","latest_date":"2025-09-22T00:00:00+00:00","latest_class":1,"pass_count":13,"h":[["2023-11-07T00:00:00+00:00",1,1,3],["2023-11-26T00:00:00+00:00",1,1,0],["2024-01-06T00:00:00+00:00",1,1,0],["2024-02-29T00:00:00+00:00",1,1,0],["2024-04-01T00:00:00+00:00",1,1,0],["2024-05-03T00:00:00+00:00",1,1,0],["2024-07-06T00:00:00+00:00",1,1,0],["2024-09-06T00:00:00+00:00",1,1,0],["2024-12-01T00:00:00+00:00",1,1,0],["2025-02-25T00:00:00+00:00",1,1,0],["2025-04-04T00:00:00+00:00",1,1,0],["2025-07-08T00:00:00+00:00",1,1,0],["2025-09-22T00:00:00+00:00",1,1,0]]},"geometry":{"type":"Point","coordinates":[34.451767,31.541274]}},{"type":"Feature","properties":{"site_id":26,"event_code":"CE20231007PSE","latest_date":"2025-09-22T00:00:00+00:00","latest_class":1,"pass_count":13,"h":[["2023-11-07T00:00:00+00:00",1,1,3],["2023-11-26T00:00:00+00:00",1,1,0],["2024-01-06T00:00:00+00:00",1,1,0],["2024-02-29T00:00:00+00:00",1,1,0],["2024-04-01T00:00:00+00:00",1,1,0],["2024-05-03T00:00:00+00:00",1,1,0],["2024-07-06T00:00:00+00:00",1,1,0],["2024-09-06T00:00:00+00:00",1,1,0],["2024-12-01T00:00:00+00:00",1,1,0],["2025-02-25T00:00:00+00:00",1,1,0],["2025-04-04T00:00:00+00:00",1,1,0],["2025-07-08T00:00:00+00:00",1,1,0],["2025-09-22T00:00:00+00:00",1,1,0]]},"geometry":{"type":"Point","coordinates":[34.451871,31.541015]}},{"type":"Feature","properties":{"site_id":26,"event_code":"CE20231007PSE","latest_date":"2025-09-22T00:00:00+00:00","latest_class":1,"pass_count":13,"h":[["2023-11-07T00:00:00+00:00",1,1,3],["2023-11-26T00:00:00+00:00",1,1,0],["2024-01-06T00:00:00+00:00",1,1,0],["2024-02-29T00:00:00+00:00",1,1,0],["2024-04-01T00:00:00+00:00",1,1,0],["2024-05-03T00:00:00+00:00",1,1,0],["2024-07-06T00:00:00+00:00",1,1,0],["2024-09-06T00:00:00+00:00",1,1,0],["2024-12-01T00:00:00+00:00",1,1,0],["2025-02-25T00:00:00+00:00",1,1,0],["2025-04-04T00:00:00+00:00",1,1,0],["2025-07-08T00:00:00+00:00",1,1,0],["2025-09-22T00:00:00+00:00",1,1,0]]},"geometry":{"type":"Point","coordinates":[34.452304,31.540647]}},{"type":"Feature","properties":{"site_id":26,"event_code":"CE20231007PSE","latest_date":"2025-09-22T00:00:00+00:00","latest_class":1,"pass_count":13,"h":[["2023-11-07T00:00:00+00:00",2,1,3],["2023-11-26T00:00:00+00:00",1,1,1],["2024-01-06T00:00:00+00:00",1,1,0],["2024-02-29T00:00:00+00:00",1,1,0],["2024-04-01T00:00:00+00:00",1,1,0],["2024-05-03T00:00:00+00:00",1,1,0],["2024-07-06T00:00:00+00:00",1,1,0],["2024-09-06T00:00:00+00:00",1,1,0],["2024-12-01T00:00:00+00:00",1,1,0],["2025-02-25T00:00:00+00:00",1,1,0],["2025-04-04T00:00:00+00:00",1,1,0],["2025-07-08T00:00:00+00:00",1,1,0],["2025-09-22T00:00:00+00:00",1,1,0]]},"geometry":{"type":"Point","coordinates":[34.452646,31.541307]}},{"type":"Feature","properties":{"site_id":26,"event_code":"CE20231007PSE","latest_date":"2025-09-22T00:00:00+00:00","latest_class":1,"pass_count":13,"h":[["2023-11-07T00:00:00+00:00",1,1,3],["2023-11-26T00:00:00+00:00",1,1,0],["2024-01-06T00:00:00+00:00",1,1,0],["2024-02-29T00:00:00+00:00",1,1,0],["2024-04-01T00:00:00+00:00",1,1,0],["2024-05-03T00:00:00+00:00",1,1,0],["2024-07-06T00:00:00+00:00",1,1,0],["2024-09-06T00:00:00+00:00",1,1,0],["2024-12-01T00:00:00+00:00",1,1,0],["2025-02-25T00:00:00+00:00",1,1,0],["2025-04-04T00:00:00+00:00",1,1,0],["2025-07-08T00:00:00+00:00",1,1,0],["2025-09-22T00:00:00+00:00",1,1,0]]},"geometry":{"type":"Point","coordinates":[34.455763,31.540826]}},{"type":"Feature","properties":{"site_id":26,"event_code":"CE20231007PSE","latest_date":"2025-09-22T00:00:00+00:00","latest_class":1,"pass_count":13,"h":[["2023-11-07T00:00:00+00:00",2,1,3],["2023-11-26T00:00:00+00:00",2,1,0],["2024-01-06T00:00:00+00:00",1,1,1],["2024-02-29T00:00:00+00:00",1,1,0],["2024-04-01T00:00:00+00:00",1,1,0],["2024-05-03T00:00:00+00:00",1,1,0],["2024-07-06T00:00:00+00:00",1,1,0],["2024-09-06T00:00:00+00:00",1,1,0],["2024-12-01T00:00:00+00:00",1,1,0],["2025-02-25T00:00:00+00:00",1,1,0],["2025-04-04T00:00:00+00:00",1,1,0],["2025-07-08T00:00:00+00:00",1,1,0],["2025-09-22T00:00:00+00:00",1,1,0]]},"geometry":{"type":"Point","coordinates":[34.45368,31.539495]}},{"type":"Feature","properties":{"site_id":26,"event_code":"CE20231007PSE","latest_date":"2025-09-22T00:00:00+00:00","latest_class":2,"pass_count":13,"h":[["2023-11-07T00:00:00+00:00",3,2,3],["2023-11-26T00:00:00+00:00",3,2,0],["2024-01-06T00:00:00+00:00",3,2,0],["2024-02-29T00:00:00+00:00",2,1,1],["2024-04-01T00:00:00+00:00",2,1,0],["2024-05-03T00:00:00+00:00",2,1,0],["2024-07-06T00:00:00+00:00",2,1,0],["2024-09-06T00:00:00+00:00",2,1,0],["2024-12-01T00:00:00+00:00",2,1,0],["2025-02-25T00:00:00+00:00",2,1,0],["2025-04-04T00:00:00+00:00",2,1,0],["2025-07-08T00:00:00+00:00",2,1,0],["2025-09-22T00:00:00+00:00",2,1,0]]},"geometry":{"type":"Point","coordinates":[34.453863,31.539293]}},{"type":"Feature","properties":{"site_id":26,"event_code":"CE20231007PSE","latest_date":"2025-09-22T00:00:00+00:00","latest_class":1,"pass_count":13,"h":[["2023-11-07T00:00:00+00:00",3,2,3],["2023-11-26T00:00:00+00:00",3,2,0],["2024-01-06T00:00:00+00:00",3,2,0],["2024-02-29T00:00:00+00:00",3,2,0],["2024-04-01T00:00:00+00:00",3,2,0],["2024-05-03T00:00:00+00:00",3,2,0],["2024-07-06T00:00:00+00:00",3,2,0],["2024-09-06T00:00:00+00:00",3,2,0],["2024-12-01T00:00:00+00:00",3,2,0],["2025-02-25T00:00:00+00:00",3,2,0],["2025-04-04T00:00:00+00:00",3,2,0],["2025-07-08T00:00:00+00:00",3,2,0],["2025-09-22T00:00:00+00:00",1,1,1]]},"geometry":{"type":"Point","coordinates":[34.456056,31.541807]}},{"type":"Feature","properties":{"site_id":26,"event_code":"CE20231007PSE","latest_date":"2025-09-22T00:00:00+00:00","latest_class":3,"pass_count":12,"h":[["2023-11-26T00:00:00+00:00",3,2,3],["2024-01-06T00:00:00+00:00",3,2,0],["2024-02-29T00:00:00+00:00",3,2,0],["2024-04-01T00:00:00+00:00",3,2,0],["2024-05-03T00:00:00+00:00",3,2,0],["2024-07-06T00:00:00+00:00",3,2,0],["2024-09-06T00:00:00+00:00",3,2,0],["2024-12-01T00:00:00+00:00",3,2,0],["2025-02-25T00:00:00+00:00",3,2,0],["2025-04-04T00:00:00+00:00",3,2,0],["2025-07-08T00:00:00+00:00",3,2,0],["2025-09-22T00:00:00+00:00",3,2,0]]},"geometry":{"type":"Point","coordinates":[34.45471,31.541683]}},{"type":"Feature","properties":{"site_id":26,"event_code":"CE20231007PSE","latest_date":"2025-09-22T00:00:00+00:00","latest_class":1,"pass_count":13,"h":[["2023-11-07T00:00:00+00:00",4,3,3],["2023-11-26T00:00:00+00:00",1,1,1],["2024-01-06T00:00:00+00:00",1,1,0],["2024-02-29T00:00:00+00:00",1,1,0],["2024-04-01T00:00:00+00:00",1,1,0],["2024-05-03T00:00:00+00:00",1,1,0],["2024-07-06T00:00:00+00:00",1,1,0],["2024-09-06T00:00:00+00:00",1,1,0],["2024-12-01T00:00:00+00:00",1,1,0],["2025-02-25T00:00:00+00:00",1,1,0],["2025-04-04T00:00:00+00:00",1,1,0],["2025-07-08T00:00:00+00:00",1,1,0],["2025-09-22T00:00:00+00:00",1,1,0]]},"geometry":{"type":"Point","coordinates":[34.4558,31.542086]}},{"type":"Feature","properties":{"site_id":26,"event_code":"CE20231007PSE","latest_date":"2025-09-22T00:00:00+00:00","latest_class":1,"pass_count":13,"h":[["2023-11-07T00:00:00+00:00",4,3,3],["2023-11-26T00:00:00+00:00",3,2,1],["2024-01-06T00:00:00+00:00",1,1,1],["2024-02-29T00:00:00+00:00",1,1,0],["2024-04-01T00:00:00+00:00",1,1,0],["2024-05-03T00:00:00+00:00",1,1,0],["2024-07-06T00:00:00+00:00",1,1,0],["2024-09-06T00:00:00+00:00",1,1,0],["2024-12-01T00:00:00+00:00",1,1,0],["2025-02-25T00:00:00+00:00",1,1,0],["2025-04-04T00:00:00+00:00",1,1,0],["2025-07-08T00:00:00+00:00",1,1,0],["2025-09-22T00:00:00+00:00",1,1,0]]},"geometry":{"type":"Point","coordinates":[34.455836,31.541976]}},{"type":"Feature","properties":{"site_id":26,"event_code":"CE20231007PSE","latest_date":"2025-09-22T00:00:00+00:00","latest_class":1,"pass_count":13,"h":[["2023-11-07T00:00:00+00:00",1,1,3],["2023-11-26T00:00:00+00:00",1,1,0],["2024-01-06T00:00:00+00:00",1,1,0],["2024-02-29T00:00:00+00:00",1,1,0],["2024-04-01T00:00:00+00:00",1,1,0],["2024-05-03T00:00:00+00:00",1,1,0],["2024-07-06T00:00:00+00:00",1,1,0],["2024-09-06T00:00:00+00:00",1,1,0],["2024-12-01T00:00:00+00:00",1,1,0],["2025-02-25T00:00:00+00:00",1,1,0],["2025-04-04T00:00:00+00:00",1,1,0],["2025-07-08T00:00:00+00:00",1,1,0],["2025-09-22T00:00:00+00:00",1,1,0]]},"geometry":{"type":"Point","coordinates":[34.452488,31.541326]}},{"type":"Feature","properties":{"site_id":5,"event_code":"CE20231007PSE","latest_date":"2025-09-22T00:00:00+00:00","latest_class":3,"pass_count":12,"h":[["2023-11-26T00:00:00+00:00",3,2,3],["2024-01-06T00:00:00+00:00",3,2,0],["2024-02-29T00:00:00+00:00",3,2,0],["2024-04-01T00:00:00+00:00",3,2,0],["2024-05-03T00:00:00+00:00",3,2,0],["2024-07-06T00:00:00+00:00",3,2,0],["2024-09-06T00:00:00+00:00",3,2,0],["2024-12-01T00:00:00+00:00",3,2,0],["2025-02-25T00:00:00+00:00",3,2,0],["2025-04-04T00:00:00+00:00",3,2,0],["2025-07-08T00:00:00+00:00",3,2,0],["2025-09-22T00:00:00+00:00",3,2,0]]},"geometry":{"type":"Point","coordinates":[34.456113,31.540346]}},{"type":"Feature","properties":{"site_id":2,"event_code":"CE20231007PSE","latest_date":"2025-09-22T00:00:00+00:00","latest_class":2,"pass_count":11,"h":[["2024-01-06T00:00:00+00:00",2,1,3],["2024-02-29T00:00:00+00:00",2,1,0],["2024-04-01T00:00:00+00:00",2,1,0],["2024-05-03T00:00:00+00:00",2,1,0],["2024-07-06T00:00:00+00:00",2,1,0],["2024-09-06T00:00:00+00:00",2,1,0],["2024-12-01T00:00:00+00:00",2,1,0],["2025-02-25T00:00:00+00:00",2,1,0],["2025-04-04T00:00:00+00:00",2,1,0],["2025-07-08T00:00:00+00:00",2,1,0],["2025-09-22T00:00:00+00:00",2,1,0]]},"geometry":{"type":"Point","coordinates":[34.453237,31.539457]}},{"type":"Feature","properties":{"site_id":26,"event_code":"CE20231007PSE","latest_date":"2025-09-22T00:00:00+00:00","latest_class":3,"pass_count":11,"h":[["2024-01-06T00:00:00+00:00",3,2,3],["2024-02-29T00:00:00+00:00",3,2,0],["2024-04-01T00:00:00+00:00",3,2,0],["2024-05-03T00:00:00+00:00",3,2,0],["2024-07-06T00:00:00+00:00",3,2,0],["2024-09-06T00:00:00+00:00",3,2,0],["2024-12-01T00:00:00+00:00",3,2,0],["2025-02-25T00:00:00+00:00",3,2,0],["2025-04-04T00:00:00+00:00",3,2,0],["2025-07-08T00:00:00+00:00",3,2,0],["2025-09-22T00:00:00+00:00",3,2,0]]},"geometry":{"type":"Point","coordinates":[34.453472,31.539105]}},{"type":"Feature","properties":{"site_id":26,"event_code":"CE20231007PSE","latest_date":"2025-09-22T00:00:00+00:00","latest_class":3,"pass_count":11,"h":[["2024-01-06T00:00:00+00:00",3,2,3],["2024-02-29T00:00:00+00:00",3,2,0],["2024-04-01T00:00:00+00:00",3,2,0],["2024-05-03T00:00:00+00:00",3,2,0],["2024-07-06T00:00:00+00:00",3,2,0],["2024-09-06T00:00:00+00:00",3,2,0],["2024-12-01T00:00:00+00:00",3,2,0],["2025-02-25T00:00:00+00:00",3,2,0],["2025-04-04T00:00:00+00:00",3,2,0],["2025-07-08T00:00:00+00:00",3,2,0],["2025-09-22T00:00:00+00:00",3,2,0]]},"geometry":{"type":"Point","coordinates":[34.455342,31.541251]}},{"type":"Feature","properties":{"site_id":26,"event_code":"CE20231007PSE","latest_date":"2025-09-22T00:00:00+00:00","latest_class":3,"pass_count":11,"h":[["2024-01-06T00:00:00+00:00",3,2,3],["2024-02-29T00:00:00+00:00",3,2,0],["2024-04-01T00:00:00+00:00",3,2,0],["2024-05-03T00:00:00+00:00",3,2,0],["2024-07-06T00:00:00+00:00",3,2,0],["2024-09-06T00:00:00+00:00",3,2,0],["2024-12-01T00:00:00+00:00",3,2,0],["2025-02-25T00:00:00+00:00",3,2,0],["2025-04-04T00:00:00+00:00",3,2,0],["2025-07-08T00:00:00+00:00",3,2,0],["2025-09-22T00:00:00+00:00",3,2,0]]},"geometry":{"type":"Point","coordinates":[34.455627,31.541492]}},{"type":"Feature","properties":{"site_id":26,"event_code":"CE20231007PSE","latest_date":"2025-09-22T00:00:00+00:00","latest_class":3,"pass_count":11,"h":[["2024-01-06T00:00:00+00:00",3,2,3],["2024-02-29T00:00:00+00:00",3,2,0],["2024-04-01T00:00:00+00:00",3,2,0],["2024-05-03T00:00:00+00:00",3,2,0],["2024-07-06T00:00:00+00:00",3,2,0],["2024-09-06T00:00:00+00:00",3,2,0],["2024-12-01T00:00:00+00:00",3,2,0],["2025-02-25T00:00:00+00:00",3,2,0],["2025-04-04T00:00:00+00:00",3,2,0],["2025-07-08T00:00:00+00:00",3,2,0],["2025-09-22T00:00:00+00:00",3,2,0]]},"geometry":{"type":"Point","coordinates":[34.455374,31.541753]}},{"type":"Feature","properties":{"site_id":26,"event_code":"CE20231007PSE","latest_date":"2025-09-22T00:00:00+00:00","latest_class":3,"pass_count":10,"h":[["2024-02-29T00:00:00+00:00",3,2,3],["2024-04-01T00:00:00+00:00",3,2,0],["2024-05-03T00:00:00+00:00",3,2,0],["2024-07-06T00:00:00+00:00",3,2,0],["2024-09-06T00:00:00+00:00",3,2,0],["2024-12-01T00:00:00+00:00",3,2,0],["2025-02-25T00:00:00+00:00",3,2,0],["2025-04-04T00:00:00+00:00",3,2,0],["2025-07-08T00:00:00+00:00",3,2,0],["2025-09-22T00:00:00+00:00",3,2,0]]},"geometry":{"type":"Point","coordinates":[34.453679,31.539072]}},{"type":"Feature","properties":{"site_id":26,"event_code":"CE20231007PSE","latest_date":"2025-09-22T00:00:00+00:00","latest_class":1,"pass_count":13,"h":[["2023-11-07T00:00:00+00:00",1,1,3],["2023-11-26T00:00:00+00:00",1,1,0],["2024-01-06T00:00:00+00:00",1,1,0],["2024-02-29T00:00:00+00:00",1,1,0],["2024-04-01T00:00:00+00:00",1,1,0],["2024-05-03T00:00:00+00:00",1,1,0],["2024-07-06T00:00:00+00:00",1,1,0],["2024-09-06T00:00:00+00:00",1,1,0],["2024-12-01T00:00:00+00:00",1,1,0],["2025-02-25T00:00:00+00:00",1,1,0],["2025-04-04T00:00:00+00:00",1,1,0],["2025-07-08T00:00:00+00:00",1,1,0],["2025-09-22T00:00:00+00:00",1,1,0]]},"geometry":{"type":"Point","coordinates":[34.456411,31.541702]}},{"type":"Feature","properties":{"site_id":26,"event_code":"CE20231007PSE","latest_date":"2025-09-22T00:00:00+00:00","latest_class":3,"pass_count":13,"h":[["2023-11-07T00:00:00+00:00",3,2,3],["2023-11-26T00:00:00+00:00",3,2,0],["2024-01-06T00:00:00+00:00",3,2,0],["2024-02-29T00:00:00+00:00",3,2,0],["2024-04-01T00:00:00+00:00",3,2,0],["2024-05-03T00:00:00+00:00",3,2,0],["2024-07-06T00:00:00+00:00",3,2,0],["2024-09-06T00:00:00+00:00",3,2,0],["2024-12-01T00:00:00+00:00",3,2,0],["2025-02-25T00:00:00+00:00",3,2,0],["2025-04-04T00:00:00+00:00",3,2,0],["2025-07-08T00:00:00+00:00",3,2,0],["2025-09-22T00:00:00+00:00",3,2,0]]},"geometry":{"type":"Point","coordinates":[34.456363,31.541854]}},{"type":"Feature","properties":{"site_id":26,"event_code":"CE20231007PSE","latest_date":"2025-09-22T00:00:00+00:00","latest_class":1,"pass_count":12,"h":[["2023-11-26T00:00:00+00:00",2,1,3],["2024-01-06T00:00:00+00:00",1,1,1],["2024-02-29T00:00:00+00:00",1,1,0],["2024-04-01T00:00:00+00:00",1,1,0],["2024-05-03T00:00:00+00:00",1,1,0],["2024-07-06T00:00:00+00:00",1,1,0],["2024-09-06T00:00:00+00:00",1,1,0],["2024-12-01T00:00:00+00:00",1,1,0],["2025-02-25T00:00:00+00:00",1,1,0],["2025-04-04T00:00:00+00:00",1,1,0],["2025-07-08T00:00:00+00:00",1,1,0],["2025-09-22T00:00:00+00:00",1,1,0]]},"geometry":{"type":"Point","coordinates":[34.456708,31.542067]}},{"type":"Feature","properties":{"site_id":5,"event_code":"CE20231007PSE","latest_date":"2025-09-22T00:00:00+00:00","latest_class":1,"pass_count":13,"h":[["2023-11-07T00:00:00+00:00",1,1,3],["2023-11-26T00:00:00+00:00",1,1,0],["2024-01-06T00:00:00+00:00",1,1,0],["2024-02-29T00:00:00+00:00",1,1,0],["2024-04-01T00:00:00+00:00",1,1,0],["2024-05-03T00:00:00+00:00",1,1,0],["2024-07-06T00:00:00+00:00",1,1,0],["2024-09-06T00:00:00+00:00",1,1,0],["2024-12-01T00:00:00+00:00",1,1,0],["2025-02-25T00:00:00+00:00",1,1,0],["2025-04-04T00:00:00+00:00",1,1,0],["2025-07-08T00:00:00+00:00",1,1,0],["2025-09-22T00:00:00+00:00",1,1,0]]},"geometry":{"type":"Point","coordinates":[34.45663,31.540521]}},{"type":"Feature","properties":{"site_id":5,"event_code":"CE20231007PSE","latest_date":"2025-09-22T00:00:00+00:00","latest_class":1,"pass_count":12,"h":[["2023-11-26T00:00:00+00:00",3,2,3],["2024-01-06T00:00:00+00:00",1,1,1],["2024-02-29T00:00:00+00:00",1,1,0],["2024-04-01T00:00:00+00:00",1,1,0],["2024-05-03T00:00:00+00:00",1,1,0],["2024-07-06T00:00:00+00:00",1,1,0],["2024-09-06T00:00:00+00:00",1,1,0],["2024-12-01T00:00:00+00:00",1,1,0],["2025-02-25T00:00:00+00:00",1,1,0],["2025-04-04T00:00:00+00:00",1,1,0],["2025-07-08T00:00:00+00:00",1,1,0],["2025-09-22T00:00:00+00:00",1,1,0]]},"geometry":{"type":"Point","coordinates":[34.456374,31.540796]}},{"type":"Feature","properties":{"site_id":26,"event_code":"CE20231007PSE","latest_date":"2025-09-22T00:00:00+00:00","latest_class":3,"pass_count":12,"h":[["2023-11-26T00:00:00+00:00",3,2,3],["2024-01-06T00:00:00+00:00",3,2,0],["2024-02-29T00:00:00+00:00",3,2,0],["2024-04-01T00:00:00+00:00",3,2,0],["2024-05-03T00:00:00+00:00",3,2,0],["2024-07-06T00:00:00+00:00",3,2,0],["2024-09-06T00:00:00+00:00",3,2,0],["2024-12-01T00:00:00+00:00",3,2,0],["2025-02-25T00:00:00+00:00",3,2,0],["2025-04-04T00:00:00+00:00",3,2,0],["2025-07-08T00:00:00+00:00",3,2,0],["2025-09-22T00:00:00+00:00",3,2,0]]},"geometry":{"type":"Point","coordinates":[34.45652,31.539946]}},{"type":"Feature","properties":{"site_id":26,"event_code":"CE20231007PSE","latest_date":"2025-09-22T00:00:00+00:00","latest_class":3,"pass_count":12,"h":[["2023-11-26T00:00:00+00:00",3,2,3],["2024-01-06T00:00:00+00:00",3,2,0],["2024-02-29T00:00:00+00:00",3,2,0],["2024-04-01T00:00:00+00:00",3,2,0],["2024-05-03T00:00:00+00:00",3,2,0],["2024-07-06T00:00:00+00:00",3,2,0],["2024-09-06T00:00:00+00:00",3,2,0],["2024-12-01T00:00:00+00:00",3,2,0],["2025-02-25T00:00:00+00:00",3,2,0],["2025-04-04T00:00:00+00:00",3,2,0],["2025-07-08T00:00:00+00:00",3,2,0],["2025-09-22T00:00:00+00:00",3,2,0]]},"geometry":{"type":"Point","coordinates":[34.456422,31.540038]}},{"type":"Feature","properties":{"site_id":26,"event_code":"CE20231007PSE","latest_date":"2025-09-22T00:00:00+00:00","latest_class":3,"pass_count":14,"h":[["2023-10-15T00:00:00+00:00",4,3,null],["2023-11-07T00:00:00+00:00",4,3,0],["2023-11-26T00:00:00+00:00",4,3,0],["2024-01-06T00:00:00+00:00",3,2,1],["2024-02-29T00:00:00+00:00",3,2,0],["2024-04-01T00:00:00+00:00",3,2,0],["2024-05-03T00:00:00+00:00",3,2,0],["2024-07-06T00:00:00+00:00",3,2,0],["2024-09-06T00:00:00+00:00",3,2,0],["2024-12-01T00:00:00+00:00",3,2,0],["2025-02-25T00:00:00+00:00",3,2,0],["2025-04-04T00:00:00+00:00",3,2,0],["2025-07-08T00:00:00+00:00",3,2,0],["2025-09-22T00:00:00+00:00",3,2,0]]},"geometry":{"type":"Point","coordinates":[34.4566,31.541959]}},{"type":"Feature","properties":{"site_id":26,"event_code":"CE20231007PSE","latest_date":"2025-09-22T00:00:00+00:00","latest_class":3,"pass_count":14,"h":[["2023-10-15T00:00:00+00:00",4,3,null],["2023-11-07T00:00:00+00:00",4,3,0],["2023-11-26T00:00:00+00:00",4,3,0],["2024-01-06T00:00:00+00:00",3,2,1],["2024-02-29T00:00:00+00:00",3,2,0],["2024-04-01T00:00:00+00:00",3,2,0],["2024-05-03T00:00:00+00:00",3,2,0],["2024-07-06T00:00:00+00:00",3,2,0],["2024-09-06T00:00:00+00:00",3,2,0],["2024-12-01T00:00:00+00:00",3,2,0],["2025-02-25T00:00:00+00:00",3,2,0],["2025-04-04T00:00:00+00:00",3,2,0],["2025-07-08T00:00:00+00:00",3,2,0],["2025-09-22T00:00:00+00:00",3,2,0]]},"geometry":{"type":"Point","coordinates":[34.456493,31.542048]}},{"type":"Feature","properties":{"site_id":26,"event_code":"CE20231007PSE","latest_date":"2025-09-22T00:00:00+00:00","latest_class":1,"pass_count":13,"h":[["2023-11-07T00:00:00+00:00",1,1,3],["2023-11-26T00:00:00+00:00",1,1,0],["2024-01-06T00:00:00+00:00",1,1,0],["2024-02-29T00:00:00+00:00",1,1,0],["2024-04-01T00:00:00+00:00",1,1,0],["2024-05-03T00:00:00+00:00",1,1,0],["2024-07-06T00:00:00+00:00",1,1,0],["2024-09-06T00:00:00+00:00",1,1,0],["2024-12-01T00:00:00+00:00",1,1,0],["2025-02-25T00:00:00+00:00",1,1,0],["2025-04-04T00:00:00+00:00",1,1,0],["2025-07-08T00:00:00+00:00",1,1,0],["2025-09-22T00:00:00+00:00",1,1,0]]},"geometry":{"type":"Point","coordinates":[34.456759,31.541571]}},{"type":"Feature","properties":{"site_id":5,"event_code":"CE20231007PSE","latest_date":"2025-09-22T00:00:00+00:00","latest_class":1,"pass_count":13,"h":[["2023-11-07T00:00:00+00:00",1,1,3],["2023-11-26T00:00:00+00:00",1,1,0],["2024-01-06T00:00:00+00:00",1,1,0],["2024-02-29T00:00:00+00:00",1,1,0],["2024-04-01T00:00:00+00:00",1,1,0],["2024-05-03T00:00:00+00:00",1,1,0],["2024-07-06T00:00:00+00:00",1,1,0],["2024-09-06T00:00:00+00:00",1,1,0],["2024-12-01T00:00:00+00:00",1,1,0],["2025-02-25T00:00:00+00:00",1,1,0],["2025-04-04T00:00:00+00:00",1,1,0],["2025-07-08T00:00:00+00:00",1,1,0],["2025-09-22T00:00:00+00:00",1,1,0]]},"geometry":{"type":"Point","coordinates":[34.456783,31.541197]}},{"type":"Feature","properties":{"site_id":26,"event_code":"CE20231007PSE","latest_date":"2025-09-22T00:00:00+00:00","latest_class":2,"pass_count":13,"h":[["2023-11-07T00:00:00+00:00",4,3,3],["2023-11-26T00:00:00+00:00",2,1,1],["2024-01-06T00:00:00+00:00",2,1,0],["2024-02-29T00:00:00+00:00",2,1,0],["2024-04-01T00:00:00+00:00",2,1,0],["2024-05-03T00:00:00+00:00",2,1,0],["2024-07-06T00:00:00+00:00",2,1,0],["2024-09-06T00:00:00+00:00",2,1,0],["2024-12-01T00:00:00+00:00",2,1,0],["2025-02-25T00:00:00+00:00",2,1,0],["2025-04-04T00:00:00+00:00",2,1,0],["2025-07-08T00:00:00+00:00",2,1,0],["2025-09-22T00:00:00+00:00",2,1,0]]},"geometry":{"type":"Point","coordinates":[34.456798,31.541829]}},{"type":"Feature","properties":{"site_id":5,"event_code":"CE20231007PSE","latest_date":"2025-09-22T00:00:00+00:00","latest_class":1,"pass_count":13,"h":[["2023-11-07T00:00:00+00:00",1,1,3],["2023-11-26T00:00:00+00:00",1,1,0],["2024-01-06T00:00:00+00:00",1,1,0],["2024-02-29T00:00:00+00:00",1,1,0],["2024-04-01T00:00:00+00:00",1,1,0],["2024-05-03T00:00:00+00:00",1,1,0],["2024-07-06T00:00:00+00:00",1,1,0],["2024-09-06T00:00:00+00:00",1,1,0],["2024-12-01T00:00:00+00:00",1,1,0],["2025-02-25T00:00:00+00:00",1,1,0],["2025-04-04T00:00:00+00:00",1,1,0],["2025-07-08T00:00:00+00:00",1,1,0],["2025-09-22T00:00:00+00:00",1,1,0]]},"geometry":{"type":"Point","coordinates":[34.456673,31.54064]}},{"type":"Feature","properties":{"site_id":26,"event_code":"CE20231007PSE","latest_date":"2025-09-22T00:00:00+00:00","latest_class":3,"pass_count":13,"h":[["2023-11-07T00:00:00+00:00",3,2,3],["2023-11-26T00:00:00+00:00",3,2,0],["2024-01-06T00:00:00+00:00",3,2,0],["2024-02-29T00:00:00+00:00",3,2,0],["2024-04-01T00:00:00+00:00",3,2,0],["2024-05-03T00:00:00+00:00",3,2,0],["2024-07-06T00:00:00+00:00",3,2,0],["2024-09-06T00:00:00+00:00",3,2,0],["2024-12-01T00:00:00+00:00",3,2,0],["2025-02-25T00:00:00+00:00",3,2,0],["2025-04-04T00:00:00+00:00",3,2,0],["2025-07-08T00:00:00+00:00",3,2,0],["2025-09-22T00:00:00+00:00",3,2,0]]},"geometry":{"type":"Point","coordinates":[34.456743,31.53974]}},{"type":"Feature","properties":{"site_id":26,"event_code":"CE20231007PSE","latest_date":"2025-09-22T00:00:00+00:00","latest_class":1,"pass_count":13,"h":[["2023-11-07T00:00:00+00:00",4,3,3],["2023-11-26T00:00:00+00:00",1,1,1],["2024-01-06T00:00:00+00:00",1,1,0],["2024-02-29T00:00:00+00:00",1,1,0],["2024-04-01T00:00:00+00:00",1,1,0],["2024-05-03T00:00:00+00:00",1,1,0],["2024-07-06T00:00:00+00:00",1,1,0],["2024-09-06T00:00:00+00:00",1,1,0],["2024-12-01T00:00:00+00:00",1,1,0],["2025-02-25T00:00:00+00:00",1,1,0],["2025-04-04T00:00:00+00:00",1,1,0],["2025-07-08T00:00:00+00:00",1,1,0],["2025-09-22T00:00:00+00:00",1,1,0]]},"geometry":{"type":"Point","coordinates":[34.456764,31.540162]}},{"type":"Feature","properties":{"site_id":26,"event_code":"CE20231007PSE","latest_date":"2025-09-22T00:00:00+00:00","latest_class":1,"pass_count":12,"h":[["2023-11-26T00:00:00+00:00",1,1,3],["2024-01-06T00:00:00+00:00",1,1,0],["2024-02-29T00:00:00+00:00",1,1,0],["2024-04-01T00:00:00+00:00",1,1,0],["2024-05-03T00:00:00+00:00",1,1,0],["2024-07-06T00:00:00+00:00",1,1,0],["2024-09-06T00:00:00+00:00",1,1,0],["2024-12-01T00:00:00+00:00",1,1,0],["2025-02-25T00:00:00+00:00",1,1,0],["2025-04-04T00:00:00+00:00",1,1,0],["2025-07-08T00:00:00+00:00",1,1,0],["2025-09-22T00:00:00+00:00",1,1,0]]},"geometry":{"type":"Point","coordinates":[34.456665,31.540291]}},{"type":"Feature","properties":{"site_id":26,"event_code":"CE20231007PSE","latest_date":"2025-09-22T00:00:00+00:00","latest_class":3,"pass_count":12,"h":[["2023-11-26T00:00:00+00:00",4,3,3],["2024-01-06T00:00:00+00:00",3,2,1],["2024-02-29T00:00:00+00:00",3,2,0],["2024-04-01T00:00:00+00:00",3,2,0],["2024-05-03T00:00:00+00:00",3,2,0],["2024-07-06T00:00:00+00:00",3,2,0],["2024-09-06T00:00:00+00:00",3,2,0],["2024-12-01T00:00:00+00:00",3,2,0],["2025-02-25T00:00:00+00:00",3,2,0],["2025-04-04T00:00:00+00:00",3,2,0],["2025-07-08T00:00:00+00:00",3,2,0],["2025-09-22T00:00:00+00:00",3,2,0]]},"geometry":{"type":"Point","coordinates":[34.456666,31.540061]}},{"type":"Feature","properties":{"site_id":26,"event_code":"CE20231007PSE","latest_date":"2025-09-22T00:00:00+00:00","latest_class":1,"pass_count":14,"h":[["2023-10-15T00:00:00+00:00",1,1,null],["2023-11-07T00:00:00+00:00",1,1,0],["2023-11-26T00:00:00+00:00",1,1,0],["2024-01-06T00:00:00+00:00",1,1,0],["2024-02-29T00:00:00+00:00",1,1,0],["2024-04-01T00:00:00+00:00",1,1,0],["2024-05-03T00:00:00+00:00",1,1,0],["2024-07-06T00:00:00+00:00",1,1,0],["2024-09-06T00:00:00+00:00",1,1,0],["2024-12-01T00:00:00+00:00",1,1,0],["2025-02-25T00:00:00+00:00",1,1,0],["2025-04-04T00:00:00+00:00",1,1,0],["2025-07-08T00:00:00+00:00",1,1,0],["2025-09-22T00:00:00+00:00",1,1,0]]},"geometry":{"type":"Point","coordinates":[34.458798,31.541557]}},{"type":"Feature","properties":{"site_id":26,"event_code":"CE20231007PSE","latest_date":"2025-09-22T00:00:00+00:00","latest_class":1,"pass_count":14,"h":[["2023-10-15T00:00:00+00:00",1,1,null],["2023-11-07T00:00:00+00:00",1,1,0],["2023-11-26T00:00:00+00:00",1,1,0],["2024-01-06T00:00:00+00:00",1,1,0],["2024-02-29T00:00:00+00:00",1,1,0],["2024-04-01T00:00:00+00:00",1,1,0],["2024-05-03T00:00:00+00:00",1,1,0],["2024-07-06T00:00:00+00:00",1,1,0],["2024-09-06T00:00:00+00:00",1,1,0],["2024-12-01T00:00:00+00:00",1,1,0],["2025-02-25T00:00:00+00:00",1,1,0],["2025-04-04T00:00:00+00:00",1,1,0],["2025-07-08T00:00:00+00:00",1,1,0],["2025-09-22T00:00:00+00:00",1,1,0]]},"geometry":{"type":"Point","coordinates":[34.458945,31.541674]}},{"type":"Feature","properties":{"site_id":26,"event_code":"CE20231007PSE","latest_date":"2025-09-22T00:00:00+00:00","latest_class":1,"pass_count":14,"h":[["2023-10-15T00:00:00+00:00",1,1,null],["2023-11-07T00:00:00+00:00",1,1,0],["2023-11-26T00:00:00+00:00",1,1,0],["2024-01-06T00:00:00+00:00",1,1,0],["2024-02-29T00:00:00+00:00",1,1,0],["2024-04-01T00:00:00+00:00",1,1,0],["2024-05-03T00:00:00+00:00",1,1,0],["2024-07-06T00:00:00+00:00",1,1,0],["2024-09-06T00:00:00+00:00",1,1,0],["2024-12-01T00:00:00+00:00",1,1,0],["2025-02-25T00:00:00+00:00",1,1,0],["2025-04-04T00:00:00+00:00",1,1,0],["2025-07-08T00:00:00+00:00",1,1,0],["2025-09-22T00:00:00+00:00",1,1,0]]},"geometry":{"type":"Point","coordinates":[34.459166,31.541604]}},{"type":"Feature","properties":{"site_id":26,"event_code":"CE20231007PSE","latest_date":"2025-09-22T00:00:00+00:00","latest_class":1,"pass_count":14,"h":[["2023-10-15T00:00:00+00:00",1,1,null],["2023-11-07T00:00:00+00:00",1,1,0],["2023-11-26T00:00:00+00:00",1,1,0],["2024-01-06T00:00:00+00:00",1,1,0],["2024-02-29T00:00:00+00:00",1,1,0],["2024-04-01T00:00:00+00:00",1,1,0],["2024-05-03T00:00:00+00:00",1,1,0],["2024-07-06T00:00:00+00:00",1,1,0],["2024-09-06T00:00:00+00:00",1,1,0],["2024-12-01T00:00:00+00:00",1,1,0],["2025-02-25T00:00:00+00:00",1,1,0],["2025-04-04T00:00:00+00:00",1,1,0],["2025-07-08T00:00:00+00:00",1,1,0],["2025-09-22T00:00:00+00:00",1,1,0]]},"geometry":{"type":"Point","coordinates":[34.458575,31.5418]}},{"type":"Feature","properties":{"site_id":26,"event_code":"CE20231007PSE","latest_date":"2025-09-22T00:00:00+00:00","latest_class":1,"pass_count":14,"h":[["2023-10-15T00:00:00+00:00",2,1,null],["2023-11-07T00:00:00+00:00",2,1,0],["2023-11-26T00:00:00+00:00",1,1,1],["2024-01-06T00:00:00+00:00",1,1,0],["2024-02-29T00:00:00+00:00",1,1,0],["2024-04-01T00:00:00+00:00",1,1,0],["2024-05-03T00:00:00+00:00",1,1,0],["2024-07-06T00:00:00+00:00",1,1,0],["2024-09-06T00:00:00+00:00",1,1,0],["2024-12-01T00:00:00+00:00",1,1,0],["2025-02-25T00:00:00+00:00",1,1,0],["2025-04-04T00:00:00+00:00",1,1,0],["2025-07-08T00:00:00+00:00",1,1,0],["2025-09-22T00:00:00+00:00",1,1,0]]},"geometry":{"type":"Point","coordinates":[34.458704,31.541911]}},{"type":"Feature","properties":{"site_id":26,"event_code":"CE20231007PSE","latest_date":"2025-09-22T00:00:00+00:00","latest_class":3,"pass_count":14,"h":[["2023-10-15T00:00:00+00:00",3,2,null],["2023-11-07T00:00:00+00:00",3,2,0],["2023-11-26T00:00:00+00:00",3,2,0],["2024-01-06T00:00:00+00:00",3,2,0],["2024-02-29T00:00:00+00:00",3,2,0],["2024-04-01T00:00:00+00:00",3,2,0],["2024-05-03T00:00:00+00:00",3,2,0],["2024-07-06T00:00:00+00:00",3,2,0],["2024-09-06T00:00:00+00:00",3,2,0],["2024-12-01T00:00:00+00:00",3,2,0],["2025-02-25T00:00:00+00:00",3,2,0],["2025-04-04T00:00:00+00:00",3,2,0],["2025-07-08T00:00:00+00:00",3,2,0],["2025-09-22T00:00:00+00:00",3,2,0]]},"geometry":{"type":"Point","coordinates":[34.45848,31.541549]}},{"type":"Feature","properties":{"site_id":26,"event_code":"CE20231007PSE","latest_date":"2025-09-22T00:00:00+00:00","latest_class":2,"pass_count":14,"h":[["2023-10-15T00:00:00+00:00",3,2,null],["2023-11-07T00:00:00+00:00",3,2,0],["2023-11-26T00:00:00+00:00",3,2,0],["2024-01-06T00:00:00+00:00",2,1,1],["2024-02-29T00:00:00+00:00",2,1,0],["2024-04-01T00:00:00+00:00",2,1,0],["2024-05-03T00:00:00+00:00",2,1,0],["2024-07-06T00:00:00+00:00",2,1,0],["2024-09-06T00:00:00+00:00",2,1,0],["2024-12-01T00:00:00+00:00",2,1,0],["2025-02-25T00:00:00+00:00",2,1,0],["2025-04-04T00:00:00+00:00",2,1,0],["2025-07-08T00:00:00+00:00",2,1,0],["2025-09-22T00:00:00+00:00",2,1,0]]},"geometry":{"type":"Point","coordinates":[34.458478,31.542014]}},{"type":"Feature","properties":{"site_id":26,"event_code":"CE20231007PSE","latest_date":"2025-09-22T00:00:00+00:00","latest_class":3,"pass_count":14,"h":[["2023-10-15T00:00:00+00:00",3,2,null],["2023-11-07T00:00:00+00:00",3,2,0],["2023-11-26T00:00:00+00:00",3,2,0],["2024-01-06T00:00:00+00:00",3,2,0],["2024-02-29T00:00:00+00:00",3,2,0],["2024-04-01T00:00:00+00:00",3,2,0],["2024-05-03T00:00:00+00:00",3,2,0],["2024-07-06T00:00:00+00:00",3,2,0],["2024-09-06T00:00:00+00:00",3,2,0],["2024-12-01T00:00:00+00:00",3,2,0],["2025-02-25T00:00:00+00:00",3,2,0],["2025-04-04T00:00:00+00:00",3,2,0],["2025-07-08T00:00:00+00:00",3,2,0],["2025-09-22T00:00:00+00:00",3,2,0]]},"geometry":{"type":"Point","coordinates":[34.458399,31.541946]}},{"type":"Feature","properties":{"site_id":26,"event_code":"CE20231007PSE","latest_date":"2025-09-22T00:00:00+00:00","latest_class":3,"pass_count":14,"h":[["2023-10-15T00:00:00+00:00",3,2,null],["2023-11-07T00:00:00+00:00",3,2,0],["2023-11-26T00:00:00+00:00",3,2,0],["2024-01-06T00:00:00+00:00",3,2,0],["2024-02-29T00:00:00+00:00",3,2,0],["2024-04-01T00:00:00+00:00",3,2,0],["2024-05-03T00:00:00+00:00",3,2,0],["2024-07-06T00:00:00+00:00",3,2,0],["2024-09-06T00:00:00+00:00",3,2,0],["2024-12-01T00:00:00+00:00",3,2,0],["2025-02-25T00:00:00+00:00",3,2,0],["2025-04-04T00:00:00+00:00",3,2,0],["2025-07-08T00:00:00+00:00",3,2,0],["2025-09-22T00:00:00+00:00",3,2,0]]},"geometry":{"type":"Point","coordinates":[34.458278,31.541866]}},{"type":"Feature","properties":{"site_id":26,"event_code":"CE20231007PSE","latest_date":"2025-09-22T00:00:00+00:00","latest_class":2,"pass_count":14,"h":[["2023-10-15T00:00:00+00:00",3,2,null],["2023-11-07T00:00:00+00:00",3,2,0],["2023-11-26T00:00:00+00:00",3,2,0],["2024-01-06T00:00:00+00:00",3,2,0],["2024-02-29T00:00:00+00:00",3,2,0],["2024-04-01T00:00:00+00:00",3,2,0],["2024-05-03T00:00:00+00:00",3,2,0],["2024-07-06T00:00:00+00:00",3,2,0],["2024-09-06T00:00:00+00:00",3,2,0],["2024-12-01T00:00:00+00:00",3,2,0],["2025-02-25T00:00:00+00:00",3,2,0],["2025-04-04T00:00:00+00:00",3,2,0],["2025-07-08T00:00:00+00:00",3,2,0],["2025-09-22T00:00:00+00:00",2,2,1]]},"geometry":{"type":"Point","coordinates":[34.458789,31.541986]}},{"type":"Feature","properties":{"site_id":26,"event_code":"CE20231007PSE","latest_date":"2025-09-22T00:00:00+00:00","latest_class":1,"pass_count":14,"h":[["2023-10-15T00:00:00+00:00",2,1,null],["2023-11-07T00:00:00+00:00",1,1,1],["2023-11-26T00:00:00+00:00",1,1,0],["2024-01-06T00:00:00+00:00",1,1,0],["2024-02-29T00:00:00+00:00",1,1,0],["2024-04-01T00:00:00+00:00",1,1,0],["2024-05-03T00:00:00+00:00",1,1,0],["2024-07-06T00:00:00+00:00",1,1,0],["2024-09-06T00:00:00+00:00",1,1,0],["2024-12-01T00:00:00+00:00",1,1,0],["2025-02-25T00:00:00+00:00",1,1,0],["2025-04-04T00:00:00+00:00",1,1,0],["2025-07-08T00:00:00+00:00",1,1,0],["2025-09-22T00:00:00+00:00",1,1,0]]},"geometry":{"type":"Point","coordinates":[34.459309,31.541037]}},{"type":"Feature","properties":{"site_id":26,"event_code":"CE20231007PSE","latest_date":"2025-09-22T00:00:00+00:00","latest_class":1,"pass_count":14,"h":[["2023-10-15T00:00:00+00:00",2,1,null],["2023-11-07T00:00:00+00:00",2,1,0],["2023-11-26T00:00:00+00:00",2,1,0],["2024-01-06T00:00:00+00:00",1,1,1],["2024-02-29T00:00:00+00:00",1,1,0],["2024-04-01T00:00:00+00:00",1,1,0],["2024-05-03T00:00:00+00:00",1,1,0],["2024-07-06T00:00:00+00:00",1,1,0],["2024-09-06T00:00:00+00:00",1,1,0],["2024-12-01T00:00:00+00:00",1,1,0],["2025-02-25T00:00:00+00:00",1,1,0],["2025-04-04T00:00:00+00:00",1,1,0],["2025-07-08T00:00:00+00:00",1,1,0],["2025-09-22T00:00:00+00:00",1,1,0]]},"geometry":{"type":"Point","coordinates":[34.460206,31.538544]}},{"type":"Feature","properties":{"site_id":26,"event_code":"CE20231007PSE","latest_date":"2025-09-22T00:00:00+00:00","latest_class":1,"pass_count":14,"h":[["2023-10-15T00:00:00+00:00",1,1,null],["2023-11-07T00:00:00+00:00",1,1,0],["2023-11-26T00:00:00+00:00",1,1,0],["2024-01-06T00:00:00+00:00",1,1,0],["2024-02-29T00:00:00+00:00",1,1,0],["2024-04-01T00:00:00+00:00",1,1,0],["2024-05-03T00:00:00+00:00",1,1,0],["2024-07-06T00:00:00+00:00",1,1,0],["2024-09-06T00:00:00+00:00",1,1,0],["2024-12-01T00:00:00+00:00",1,1,0],["2025-02-25T00:00:00+00:00",1,1,0],["2025-04-04T00:00:00+00:00",1,1,0],["2025-07-08T00:00:00+00:00",1,1,0],["2025-09-22T00:00:00+00:00",1,1,0]]},"geometry":{"type":"Point","coordinates":[34.45948,31.539339]}},{"type":"Feature","properties":{"site_id":26,"event_code":"CE20231007PSE","latest_date":"2025-09-22T00:00:00+00:00","latest_class":1,"pass_count":14,"h":[["2023-10-15T00:00:00+00:00",1,1,null],["2023-11-07T00:00:00+00:00",1,1,0],["2023-11-26T00:00:00+00:00",1,1,0],["2024-01-06T00:00:00+00:00",1,1,0],["2024-02-29T00:00:00+00:00",1,1,0],["2024-04-01T00:00:00+00:00",1,1,0],["2024-05-03T00:00:00+00:00",1,1,0],["2024-07-06T00:00:00+00:00",1,1,0],["2024-09-06T00:00:00+00:00",1,1,0],["2024-12-01T00:00:00+00:00",1,1,0],["2025-02-25T00:00:00+00:00",1,1,0],["2025-04-04T00:00:00+00:00",1,1,0],["2025-07-08T00:00:00+00:00",1,1,0],["2025-09-22T00:00:00+00:00",1,1,0]]},"geometry":{"type":"Point","coordinates":[34.459594,31.539223]}},{"type":"Feature","properties":{"site_id":26,"event_code":"CE20231007PSE","latest_date":"2025-09-22T00:00:00+00:00","latest_class":1,"pass_count":14,"h":[["2023-10-15T00:00:00+00:00",1,1,null],["2023-11-07T00:00:00+00:00",1,1,0],["2023-11-26T00:00:00+00:00",1,1,0],["2024-01-06T00:00:00+00:00",1,1,0],["2024-02-29T00:00:00+00:00",1,1,0],["2024-04-01T00:00:00+00:00",1,1,0],["2024-05-03T00:00:00+00:00",1,1,0],["2024-07-06T00:00:00+00:00",1,1,0],["2024-09-06T00:00:00+00:00",1,1,0],["2024-12-01T00:00:00+00:00",1,1,0],["2025-02-25T00:00:00+00:00",1,1,0],["2025-04-04T00:00:00+00:00",1,1,0],["2025-07-08T00:00:00+00:00",1,1,0],["2025-09-22T00:00:00+00:00",1,1,0]]},"geometry":{"type":"Point","coordinates":[34.459665,31.539167]}},{"type":"Feature","properties":{"site_id":26,"event_code":"CE20231007PSE","latest_date":"2025-09-22T00:00:00+00:00","latest_class":1,"pass_count":14,"h":[["2023-10-15T00:00:00+00:00",1,1,null],["2023-11-07T00:00:00+00:00",1,1,0],["2023-11-26T00:00:00+00:00",1,1,0],["2024-01-06T00:00:00+00:00",1,1,0],["2024-02-29T00:00:00+00:00",1,1,0],["2024-04-01T00:00:00+00:00",1,1,0],["2024-05-03T00:00:00+00:00",1,1,0],["2024-07-06T00:00:00+00:00",1,1,0],["2024-09-06T00:00:00+00:00",1,1,0],["2024-12-01T00:00:00+00:00",1,1,0],["2025-02-25T00:00:00+00:00",1,1,0],["2025-04-04T00:00:00+00:00",1,1,0],["2025-07-08T00:00:00+00:00",1,1,0],["2025-09-22T00:00:00+00:00",1,1,0]]},"geometry":{"type":"Point","coordinates":[34.45973,31.53909]}},{"type":"Feature","properties":{"site_id":26,"event_code":"CE20231007PSE","latest_date":"2025-09-22T00:00:00+00:00","latest_class":1,"pass_count":14,"h":[["2023-10-15T00:00:00+00:00",1,1,null],["2023-11-07T00:00:00+00:00",1,1,0],["2023-11-26T00:00:00+00:00",1,1,0],["2024-01-06T00:00:00+00:00",1,1,0],["2024-02-29T00:00:00+00:00",1,1,0],["2024-04-01T00:00:00+00:00",1,1,0],["2024-05-03T00:00:00+00:00",1,1,0],["2024-07-06T00:00:00+00:00",1,1,0],["2024-09-06T00:00:00+00:00",1,1,0],["2024-12-01T00:00:00+00:00",1,1,0],["2025-02-25T00:00:00+00:00",1,1,0],["2025-04-04T00:00:00+00:00",1,1,0],["2025-07-08T00:00:00+00:00",1,1,0],["2025-09-22T00:00:00+00:00",1,1,0]]},"geometry":{"type":"Point","coordinates":[34.459882,31.538983]}},{"type":"Feature","properties":{"site_id":26,"event_code":"CE20231007PSE","latest_date":"2025-09-22T00:00:00+00:00","latest_class":1,"pass_count":14,"h":[["2023-10-15T00:00:00+00:00",1,1,null],["2023-11-07T00:00:00+00:00",1,1,0],["2023-11-26T00:00:00+00:00",1,1,0],["2024-01-06T00:00:00+00:00",1,1,0],["2024-02-29T00:00:00+00:00",1,1,0],["2024-04-01T00:00:00+00:00",1,1,0],["2024-05-03T00:00:00+00:00",1,1,0],["2024-07-06T00:00:00+00:00",1,1,0],["2024-09-06T00:00:00+00:00",1,1,0],["2024-12-01T00:00:00+00:00",1,1,0],["2025-02-25T00:00:00+00:00",1,1,0],["2025-04-04T00:00:00+00:00",1,1,0],["2025-07-08T00:00:00+00:00",1,1,0],["2025-09-22T00:00:00+00:00",1,1,0]]},"geometry":{"type":"Point","coordinates":[34.459395,31.539267]}},{"type":"Feature","properties":{"site_id":26,"event_code":"CE20231007PSE","latest_date":"2025-09-22T00:00:00+00:00","latest_class":1,"pass_count":14,"h":[["2023-10-15T00:00:00+00:00",2,1,null],["2023-11-07T00:00:00+00:00",2,1,0],["2023-11-26T00:00:00+00:00",2,1,0],["2024-01-06T00:00:00+00:00",2,1,0],["2024-02-29T00:00:00+00:00",1,1,1],["2024-04-01T00:00:00+00:00",1,1,0],["2024-05-03T00:00:00+00:00",1,1,0],["2024-07-06T00:00:00+00:00",1,1,0],["2024-09-06T00:00:00+00:00",1,1,0],["2024-12-01T00:00:00+00:00",1,1,0],["2025-02-25T00:00:00+00:00",1,1,0],["2025-04-04T00:00:00+00:00",1,1,0],["2025-07-08T00:00:00+00:00",1,1,0],["2025-09-22T00:00:00+00:00",1,1,0]]},"geometry":{"type":"Point","coordinates":[34.459262,31.539162]}},{"type":"Feature","properties":{"site_id":26,"event_code":"CE20231007PSE","latest_date":"2025-09-22T00:00:00+00:00","latest_class":1,"pass_count":14,"h":[["2023-10-15T00:00:00+00:00",1,1,null],["2023-11-07T00:00:00+00:00",1,1,0],["2023-11-26T00:00:00+00:00",1,1,0],["2024-01-06T00:00:00+00:00",1,1,0],["2024-02-29T00:00:00+00:00",1,1,0],["2024-04-01T00:00:00+00:00",1,1,0],["2024-05-03T00:00:00+00:00",1,1,0],["2024-07-06T00:00:00+00:00",1,1,0],["2024-09-06T00:00:00+00:00",1,1,0],["2024-12-01T00:00:00+00:00",1,1,0],["2025-02-25T00:00:00+00:00",1,1,0],["2025-04-04T00:00:00+00:00",1,1,0],["2025-07-08T00:00:00+00:00",1,1,0],["2025-09-22T00:00:00+00:00",1,1,0]]},"geometry":{"type":"Point","coordinates":[34.460475,31.538759]}},{"type":"Feature","properties":{"site_id":26,"event_code":"CE20231007PSE","latest_date":"2025-09-22T00:00:00+00:00","latest_class":2,"pass_count":14,"h":[["2023-10-15T00:00:00+00:00",3,2,null],["2023-11-07T00:00:00+00:00",3,2,0],["2023-11-26T00:00:00+00:00",3,2,0],["2024-01-06T00:00:00+00:00",2,1,1],["2024-02-29T00:00:00+00:00",2,1,0],["2024-04-01T00:00:00+00:00",2,1,0],["2024-05-03T00:00:00+00:00",2,1,0],["2024-07-06T00:00:00+00:00",2,1,0],["2024-09-06T00:00:00+00:00",2,1,0],["2024-12-01T00:00:00+00:00",2,1,0],["2025-02-25T00:00:00+00:00",2,1,0],["2025-04-04T00:00:00+00:00",2,1,0],["2025-07-08T00:00:00+00:00",2,1,0],["2025-09-22T00:00:00+00:00",2,1,0]]},"geometry":{"type":"Point","coordinates":[34.460554,31.538835]}},{"type":"Feature","properties":{"site_id":26,"event_code":"CE20231007PSE","latest_date":"2025-09-22T00:00:00+00:00","latest_class":1,"pass_count":14,"h":[["2023-10-15T00:00:00+00:00",3,2,null],["2023-11-07T00:00:00+00:00",1,1,1],["2023-11-26T00:00:00+00:00",1,1,0],["2024-01-06T00:00:00+00:00",1,1,0],["2024-02-29T00:00:00+00:00",1,1,0],["2024-04-01T00:00:00+00:00",1,1,0],["2024-05-03T00:00:00+00:00",1,1,0],["2024-07-06T00:00:00+00:00",1,1,0],["2024-09-06T00:00:00+00:00",1,1,0],["2024-12-01T00:00:00+00:00",1,1,0],["2025-02-25T00:00:00+00:00",1,1,0],["2025-04-04T00:00:00+00:00",1,1,0],["2025-07-08T00:00:00+00:00",1,1,0],["2025-09-22T00:00:00+00:00",1,1,0]]},"geometry":{"type":"Point","coordinates":[34.459585,31.538899]}},{"type":"Feature","properties":{"site_id":26,"event_code":"CE20231007PSE","latest_date":"2025-09-22T00:00:00+00:00","latest_class":1,"pass_count":14,"h":[["2023-10-15T00:00:00+00:00",3,2,null],["2023-11-07T00:00:00+00:00",1,1,1],["2023-11-26T00:00:00+00:00",1,1,0],["2024-01-06T00:00:00+00:00",1,1,0],["2024-02-29T00:00:00+00:00",1,1,0],["2024-04-01T00:00:00+00:00",1,1,0],["2024-05-03T00:00:00+00:00",1,1,0],["2024-07-06T00:00:00+00:00",1,1,0],["2024-09-06T00:00:00+00:00",1,1,0],["2024-12-01T00:00:00+00:00",1,1,0],["2025-02-25T00:00:00+00:00",1,1,0],["2025-04-04T00:00:00+00:00",1,1,0],["2025-07-08T00:00:00+00:00",1,1,0],["2025-09-22T00:00:00+00:00",1,1,0]]},"geometry":{"type":"Point","coordinates":[34.459679,31.538795]}},{"type":"Feature","properties":{"site_id":26,"event_code":"CE20231007PSE","latest_date":"2025-09-22T00:00:00+00:00","latest_class":1,"pass_count":14,"h":[["2023-10-15T00:00:00+00:00",3,2,null],["2023-11-07T00:00:00+00:00",1,1,1],["2023-11-26T00:00:00+00:00",1,1,0],["2024-01-06T00:00:00+00:00",1,1,0],["2024-02-29T00:00:00+00:00",1,1,0],["2024-04-01T00:00:00+00:00",1,1,0],["2024-05-03T00:00:00+00:00",1,1,0],["2024-07-06T00:00:00+00:00",1,1,0],["2024-09-06T00:00:00+00:00",1,1,0],["2024-12-01T00:00:00+00:00",1,1,0],["2025-02-25T00:00:00+00:00",1,1,0],["2025-04-04T00:00:00+00:00",1,1,0],["2025-07-08T00:00:00+00:00",1,1,0],["2025-09-22T00:00:00+00:00",1,1,0]]},"geometry":{"type":"Point","coordinates":[34.459202,31.539589]}},{"type":"Feature","properties":{"site_id":26,"event_code":"CE20231007PSE","latest_date":"2025-09-22T00:00:00+00:00","latest_class":1,"pass_count":14,"h":[["2023-10-15T00:00:00+00:00",3,2,null],["2023-11-07T00:00:00+00:00",1,1,1],["2023-11-26T00:00:00+00:00",1,1,0],["2024-01-06T00:00:00+00:00",1,1,0],["2024-02-29T00:00:00+00:00",1,1,0],["2024-04-01T00:00:00+00:00",1,1,0],["2024-05-03T00:00:00+00:00",1,1,0],["2024-07-06T00:00:00+00:00",1,1,0],["2024-09-06T00:00:00+00:00",1,1,0],["2024-12-01T00:00:00+00:00",1,1,0],["2025-02-25T00:00:00+00:00",1,1,0],["2025-04-04T00:00:00+00:00",1,1,0],["2025-07-08T00:00:00+00:00",1,1,0],["2025-09-22T00:00:00+00:00",1,1,0]]},"geometry":{"type":"Point","coordinates":[34.458994,31.539544]}},{"type":"Feature","properties":{"site_id":26,"event_code":"CE20231007PSE","latest_date":"2025-09-22T00:00:00+00:00","latest_class":1,"pass_count":14,"h":[["2023-10-15T00:00:00+00:00",3,2,null],["2023-11-07T00:00:00+00:00",3,2,0],["2023-11-26T00:00:00+00:00",1,2,1],["2024-01-06T00:00:00+00:00",1,2,0],["2024-02-29T00:00:00+00:00",1,1,0],["2024-04-01T00:00:00+00:00",1,1,0],["2024-05-03T00:00:00+00:00",1,1,0],["2024-07-06T00:00:00+00:00",1,1,0],["2024-09-06T00:00:00+00:00",1,1,0],["2024-12-01T00:00:00+00:00",1,1,0],["2025-02-25T00:00:00+00:00",1,1,0],["2025-04-04T00:00:00+00:00",1,1,0],["2025-07-08T00:00:00+00:00",1,1,0],["2025-09-22T00:00:00+00:00",1,1,0]]},"geometry":{"type":"Point","coordinates":[34.458566,31.542091]}},{"type":"Feature","properties":{"site_id":26,"event_code":"CE20231007PSE","latest_date":"2025-09-22T00:00:00+00:00","latest_class":3,"pass_count":14,"h":[["2023-10-15T00:00:00+00:00",3,2,null],["2023-11-07T00:00:00+00:00",3,2,0],["2023-11-26T00:00:00+00:00",3,2,0],["2024-01-06T00:00:00+00:00",3,2,0],["2024-02-29T00:00:00+00:00",3,2,0],["2024-04-01T00:00:00+00:00",3,2,0],["2024-05-03T00:00:00+00:00",3,2,0],["2024-07-06T00:00:00+00:00",3,2,0],["2024-09-06T00:00:00+00:00",3,2,0],["2024-12-01T00:00:00+00:00",3,2,0],["2025-02-25T00:00:00+00:00",3,2,0],["2025-04-04T00:00:00+00:00",3,2,0],["2025-07-08T00:00:00+00:00",3,2,0],["2025-09-22T00:00:00+00:00",3,2,0]]},"geometry":{"type":"Point","coordinates":[34.458235,31.542149]}},{"type":"Feature","properties":{"site_id":26,"event_code":"CE20231007PSE","latest_date":"2025-09-22T00:00:00+00:00","latest_class":3,"pass_count":14,"h":[["2023-10-15T00:00:00+00:00",3,2,null],["2023-11-07T00:00:00+00:00",3,2,0],["2023-11-26T00:00:00+00:00",3,2,0],["2024-01-06T00:00:00+00:00",3,2,0],["2024-02-29T00:00:00+00:00",3,2,0],["2024-04-01T00:00:00+00:00",3,2,0],["2024-05-03T00:00:00+00:00",3,2,0],["2024-07-06T00:00:00+00:00",3,2,0],["2024-09-06T00:00:00+00:00",3,2,0],["2024-12-01T00:00:00+00:00",3,2,0],["2025-02-25T00:00:00+00:00",3,2,0],["2025-04-04T00:00:00+00:00",3,2,0],["2025-07-08T00:00:00+00:00",3,2,0],["2025-09-22T00:00:00+00:00",3,2,0]]},"geometry":{"type":"Point","coordinates":[34.457958,31.542127]}},{"type":"Feature","properties":{"site_id":26,"event_code":"CE20231007PSE","latest_date":"2025-09-22T00:00:00+00:00","latest_class":1,"pass_count":14,"h":[["2023-10-15T00:00:00+00:00",3,2,null],["2023-11-07T00:00:00+00:00",3,2,0],["2023-11-26T00:00:00+00:00",2,2,1],["2024-01-06T00:00:00+00:00",2,2,0],["2024-02-29T00:00:00+00:00",2,1,0],["2024-04-01T00:00:00+00:00",2,1,0],["2024-05-03T00:00:00+00:00",2,1,0],["2024-07-06T00:00:00+00:00",2,1,0],["2024-09-06T00:00:00+00:00",2,1,0],["2024-12-01T00:00:00+00:00",1,1,1],["2025-02-25T00:00:00+00:00",1,1,0],["2025-04-04T00:00:00+00:00",1,1,0],["2025-07-08T00:00:00+00:00",1,1,0],["2025-09-22T00:00:00+00:00",1,1,0]]},"geometry":{"type":"Point","coordinates":[34.458948,31.542137]}},{"type":"Feature","properties":{"site_id":26,"event_code":"CE20231007PSE","latest_date":"2025-09-22T00:00:00+00:00","latest_class":1,"pass_count":14,"h":[["2023-10-15T00:00:00+00:00",2,1,null],["2023-11-07T00:00:00+00:00",1,1,1],["2023-11-26T00:00:00+00:00",1,1,0],["2024-01-06T00:00:00+00:00",1,1,0],["2024-02-29T00:00:00+00:00",1,1,0],["2024-04-01T00:00:00+00:00",1,1,0],["2024-05-03T00:00:00+00:00",1,1,0],["2024-07-06T00:00:00+00:00",1,1,0],["2024-09-06T00:00:00+00:00",1,1,0],["2024-12-01T00:00:00+00:00",1,1,0],["2025-02-25T00:00:00+00:00",1,1,0],["2025-04-04T00:00:00+00:00",1,1,0],["2025-07-08T00:00:00+00:00",1,1,0],["2025-09-22T00:00:00+00:00",1,1,0]]},"geometry":{"type":"Point","coordinates":[34.460013,31.54206]}},{"type":"Feature","properties":{"site_id":26,"event_code":"CE20231007PSE","latest_date":"2025-09-22T00:00:00+00:00","latest_class":1,"pass_count":14,"h":[["2023-10-15T00:00:00+00:00",3,2,null],["2023-11-07T00:00:00+00:00",1,1,1],["2023-11-26T00:00:00+00:00",1,1,0],["2024-01-06T00:00:00+00:00",1,1,0],["2024-02-29T00:00:00+00:00",1,1,0],["2024-04-01T00:00:00+00:00",1,1,0],["2024-05-03T00:00:00+00:00",1,1,0],["2024-07-06T00:00:00+00:00",1,1,0],["2024-09-06T00:00:00+00:00",1,1,0],["2024-12-01T00:00:00+00:00",1,1,0],["2025-02-25T00:00:00+00:00",1,1,0],["2025-04-04T00:00:00+00:00",1,1,0],["2025-07-08T00:00:00+00:00",1,1,0],["2025-09-22T00:00:00+00:00",1,1,0]]},"geometry":{"type":"Point","coordinates":[34.459909,31.542126]}},{"type":"Feature","properties":{"site_id":26,"event_code":"CE20231007PSE","latest_date":"2025-09-22T00:00:00+00:00","latest_class":1,"pass_count":14,"h":[["2023-10-15T00:00:00+00:00",2,1,null],["2023-11-07T00:00:00+00:00",1,1,1],["2023-11-26T00:00:00+00:00",1,1,0],["2024-01-06T00:00:00+00:00",1,1,0],["2024-02-29T00:00:00+00:00",1,1,0],["2024-04-01T00:00:00+00:00",1,1,0],["2024-05-03T00:00:00+00:00",1,1,0],["2024-07-06T00:00:00+00:00",1,1,0],["2024-09-06T00:00:00+00:00",1,1,0],["2024-12-01T00:00:00+00:00",1,1,0],["2025-02-25T00:00:00+00:00",1,1,0],["2025-04-04T00:00:00+00:00",1,1,0],["2025-07-08T00:00:00+00:00",1,1,0],["2025-09-22T00:00:00+00:00",1,1,0]]},"geometry":{"type":"Point","coordinates":[34.460275,31.542147]}},{"type":"Feature","properties":{"site_id":26,"event_code":"CE20231007PSE","latest_date":"2025-09-22T00:00:00+00:00","latest_class":1,"pass_count":14,"h":[["2023-10-15T00:00:00+00:00",2,1,null],["2023-11-07T00:00:00+00:00",2,1,0],["2023-11-26T00:00:00+00:00",2,1,0],["2024-01-06T00:00:00+00:00",1,1,1],["2024-02-29T00:00:00+00:00",1,1,0],["2024-04-01T00:00:00+00:00",1,1,0],["2024-05-03T00:00:00+00:00",1,1,0],["2024-07-06T00:00:00+00:00",1,1,0],["2024-09-06T00:00:00+00:00",1,1,0],["2024-12-01T00:00:00+00:00",1,1,0],["2025-02-25T00:00:00+00:00",1,1,0],["2025-04-04T00:00:00+00:00",1,1,0],["2025-07-08T00:00:00+00:00",1,1,0],["2025-09-22T00:00:00+00:00",1,1,0]]},"geometry":{"type":"Point","coordinates":[34.458032,31.540606]}},{"type":"Feature","properties":{"site_id":26,"event_code":"CE20231007PSE","latest_date":"2025-09-22T00:00:00+00:00","latest_class":1,"pass_count":14,"h":[["2023-10-15T00:00:00+00:00",1,1,null],["2023-11-07T00:00:00+00:00",1,1,0],["2023-11-26T00:00:00+00:00",1,1,0],["2024-01-06T00:00:00+00:00",1,1,0],["2024-02-29T00:00:00+00:00",1,1,0],["2024-04-01T00:00:00+00:00",1,1,0],["2024-05-03T00:00:00+00:00",1,1,0],["2024-07-06T00:00:00+00:00",1,1,0],["2024-09-06T00:00:00+00:00",1,1,0],["2024-12-01T00:00:00+00:00",1,1,0],["2025-02-25T00:00:00+00:00",1,1,0],["2025-04-04T00:00:00+00:00",1,1,0],["2025-07-08T00:00:00+00:00",1,1,0],["2025-09-22T00:00:00+00:00",1,1,0]]},"geometry":{"type":"Point","coordinates":[34.457875,31.540662]}},{"type":"Feature","properties":{"site_id":26,"event_code":"CE20231007PSE","latest_date":"2025-09-22T00:00:00+00:00","latest_class":2,"pass_count":14,"h":[["2023-10-15T00:00:00+00:00",2,1,null],["2023-11-07T00:00:00+00:00",2,1,0],["2023-11-26T00:00:00+00:00",2,1,0],["2024-01-06T00:00:00+00:00",2,1,0],["2024-02-29T00:00:00+00:00",2,1,0],["2024-04-01T00:00:00+00:00",2,1,0],["2024-05-03T00:00:00+00:00",2,1,0],["2024-07-06T00:00:00+00:00",2,1,0],["2024-09-06T00:00:00+00:00",2,1,0],["2024-12-01T00:00:00+00:00",2,1,0],["2025-02-25T00:00:00+00:00",2,1,0],["2025-04-04T00:00:00+00:00",2,1,0],["2025-07-08T00:00:00+00:00",2,1,0],["2025-09-22T00:00:00+00:00",2,1,0]]},"geometry":{"type":"Point","coordinates":[34.458002,31.540755]}},{"type":"Feature","properties":{"site_id":26,"event_code":"CE20231007PSE","latest_date":"2025-09-22T00:00:00+00:00","latest_class":2,"pass_count":14,"h":[["2023-10-15T00:00:00+00:00",3,2,null],["2023-11-07T00:00:00+00:00",3,2,0],["2023-11-26T00:00:00+00:00",3,2,0],["2024-01-06T00:00:00+00:00",2,1,1],["2024-02-29T00:00:00+00:00",2,1,0],["2024-04-01T00:00:00+00:00",2,1,0],["2024-05-03T00:00:00+00:00",2,1,0],["2024-07-06T00:00:00+00:00",2,1,0],["2024-09-06T00:00:00+00:00",2,1,0],["2024-12-01T00:00:00+00:00",2,1,0],["2025-02-25T00:00:00+00:00",2,1,0],["2025-04-04T00:00:00+00:00",2,1,0],["2025-07-08T00:00:00+00:00",2,1,0],["2025-09-22T00:00:00+00:00",2,1,0]]},"geometry":{"type":"Point","coordinates":[34.458175,31.540722]}},{"type":"Feature","properties":{"site_id":26,"event_code":"CE20231007PSE","latest_date":"2025-09-22T00:00:00+00:00","latest_class":3,"pass_count":14,"h":[["2023-10-15T00:00:00+00:00",3,2,null],["2023-11-07T00:00:00+00:00",3,2,0],["2023-11-26T00:00:00+00:00",3,2,0],["2024-01-06T00:00:00+00:00",3,2,0],["2024-02-29T00:00:00+00:00",3,2,0],["2024-04-01T00:00:00+00:00",3,2,0],["2024-05-03T00:00:00+00:00",3,2,0],["2024-07-06T00:00:00+00:00",3,2,0],["2024-09-06T00:00:00+00:00",3,2,0],["2024-12-01T00:00:00+00:00",3,2,0],["2025-02-25T00:00:00+00:00",3,2,0],["2025-04-04T00:00:00+00:00",3,2,0],["2025-07-08T00:00:00+00:00",3,2,0],["2025-09-22T00:00:00+00:00",3,2,0]]},"geometry":{"type":"Point","coordinates":[34.457886,31.540843]}},{"type":"Feature","properties":{"site_id":26,"event_code":"CE20231007PSE","latest_date":"2025-09-22T00:00:00+00:00","latest_class":3,"pass_count":14,"h":[["2023-10-15T00:00:00+00:00",3,2,null],["2023-11-07T00:00:00+00:00",3,2,0],["2023-11-26T00:00:00+00:00",3,2,0],["2024-01-06T00:00:00+00:00",3,2,0],["2024-02-29T00:00:00+00:00",3,2,0],["2024-04-01T00:00:00+00:00",3,2,0],["2024-05-03T00:00:00+00:00",3,2,0],["2024-07-06T00:00:00+00:00",3,2,0],["2024-09-06T00:00:00+00:00",3,2,0],["2024-12-01T00:00:00+00:00",3,2,0],["2025-02-25T00:00:00+00:00",3,2,0],["2025-04-04T00:00:00+00:00",3,2,0],["2025-07-08T00:00:00+00:00",3,2,0],["2025-09-22T00:00:00+00:00",3,2,0]]},"geometry":{"type":"Point","coordinates":[34.457731,31.540771]}},{"type":"Feature","properties":{"site_id":26,"event_code":"CE20231007PSE","latest_date":"2025-09-22T00:00:00+00:00","latest_class":1,"pass_count":14,"h":[["2023-10-15T00:00:00+00:00",1,1,null],["2023-11-07T00:00:00+00:00",1,1,0],["2023-11-26T00:00:00+00:00",1,1,0],["2024-01-06T00:00:00+00:00",1,1,0],["2024-02-29T00:00:00+00:00",1,1,0],["2024-04-01T00:00:00+00:00",1,1,0],["2024-05-03T00:00:00+00:00",1,1,0],["2024-07-06T00:00:00+00:00",1,1,0],["2024-09-06T00:00:00+00:00",1,1,0],["2024-12-01T00:00:00+00:00",1,1,0],["2025-02-25T00:00:00+00:00",1,1,0],["2025-04-04T00:00:00+00:00",1,1,0],["2025-07-08T00:00:00+00:00",1,1,0],["2025-09-22T00:00:00+00:00",1,1,0]]},"geometry":{"type":"Point","coordinates":[34.458304,31.539939]}},{"type":"Feature","properties":{"site_id":26,"event_code":"CE20231007PSE","latest_date":"2025-09-22T00:00:00+00:00","latest_class":1,"pass_count":14,"h":[["2023-10-15T00:00:00+00:00",2,1,null],["2023-11-07T00:00:00+00:00",2,1,0],["2023-11-26T00:00:00+00:00",2,1,0],["2024-01-06T00:00:00+00:00",1,1,1],["2024-02-29T00:00:00+00:00",1,1,0],["2024-04-01T00:00:00+00:00",1,1,0],["2024-05-03T00:00:00+00:00",1,1,0],["2024-07-06T00:00:00+00:00",1,1,0],["2024-09-06T00:00:00+00:00",1,1,0],["2024-12-01T00:00:00+00:00",1,1,0],["2025-02-25T00:00:00+00:00",1,1,0],["2025-04-04T00:00:00+00:00",1,1,0],["2025-07-08T00:00:00+00:00",1,1,0],["2025-09-22T00:00:00+00:00",1,1,0]]},"geometry":{"type":"Point","coordinates":[34.458215,31.54027]}},{"type":"Feature","properties":{"site_id":26,"event_code":"CE20231007PSE","latest_date":"2025-09-22T00:00:00+00:00","latest_class":1,"pass_count":14,"h":[["2023-10-15T00:00:00+00:00",3,2,null],["2023-11-07T00:00:00+00:00",2,1,1],["2023-11-26T00:00:00+00:00",2,1,0],["2024-01-06T00:00:00+00:00",1,1,1],["2024-02-29T00:00:00+00:00",1,1,0],["2024-04-01T00:00:00+00:00",1,1,0],["2024-05-03T00:00:00+00:00",1,1,0],["2024-07-06T00:00:00+00:00",1,1,0],["2024-09-06T00:00:00+00:00",1,1,0],["2024-12-01T00:00:00+00:00",1,1,0],["2025-02-25T00:00:00+00:00",1,1,0],["2025-04-04T00:00:00+00:00",1,1,0],["2025-07-08T00:00:00+00:00",1,1,0],["2025-09-22T00:00:00+00:00",1,1,0]]},"geometry":{"type":"Point","coordinates":[34.458327,31.540367]}},{"type":"Feature","properties":{"site_id":26,"event_code":"CE20231007PSE","latest_date":"2025-09-22T00:00:00+00:00","latest_class":2,"pass_count":14,"h":[["2023-10-15T00:00:00+00:00",3,2,null],["2023-11-07T00:00:00+00:00",3,2,0],["2023-11-26T00:00:00+00:00",3,2,0],["2024-01-06T00:00:00+00:00",2,1,1],["2024-02-29T00:00:00+00:00",2,1,0],["2024-04-01T00:00:00+00:00",2,1,0],["2024-05-03T00:00:00+00:00",2,1,0],["2024-07-06T00:00:00+00:00",2,1,0],["2024-09-06T00:00:00+00:00",2,1,0],["2024-12-01T00:00:00+00:00",2,1,0],["2025-02-25T00:00:00+00:00",2,1,0],["2025-04-04T00:00:00+00:00",2,1,0],["2025-07-08T00:00:00+00:00",2,1,0],["2025-09-22T00:00:00+00:00",2,1,0]]},"geometry":{"type":"Point","coordinates":[34.458439,31.540477]}},{"type":"Feature","properties":{"site_id":26,"event_code":"CE20231007PSE","latest_date":"2025-09-22T00:00:00+00:00","latest_class":2,"pass_count":14,"h":[["2023-10-15T00:00:00+00:00",3,2,null],["2023-11-07T00:00:00+00:00",3,2,0],["2023-11-26T00:00:00+00:00",3,2,0],["2024-01-06T00:00:00+00:00",2,1,1],["2024-02-29T00:00:00+00:00",2,1,0],["2024-04-01T00:00:00+00:00",2,1,0],["2024-05-03T00:00:00+00:00",2,1,0],["2024-07-06T00:00:00+00:00",2,1,0],["2024-09-06T00:00:00+00:00",2,1,0],["2024-12-01T00:00:00+00:00",2,1,0],["2025-02-25T00:00:00+00:00",2,1,0],["2025-04-04T00:00:00+00:00",2,1,0],["2025-07-08T00:00:00+00:00",2,1,0],["2025-09-22T00:00:00+00:00",2,1,0]]},"geometry":{"type":"Point","coordinates":[34.458554,31.540576]}},{"type":"Feature","properties":{"site_id":26,"event_code":"CE20231007PSE","latest_date":"2025-09-22T00:00:00+00:00","latest_class":3,"pass_count":14,"h":[["2023-10-15T00:00:00+00:00",3,2,null],["2023-11-07T00:00:00+00:00",3,2,0],["2023-11-26T00:00:00+00:00",3,2,0],["2024-01-06T00:00:00+00:00",3,2,0],["2024-02-29T00:00:00+00:00",3,2,0],["2024-04-01T00:00:00+00:00",3,2,0],["2024-05-03T00:00:00+00:00",3,2,0],["2024-07-06T00:00:00+00:00",3,2,0],["2024-09-06T00:00:00+00:00",3,2,0],["2024-12-01T00:00:00+00:00",3,2,0],["2025-02-25T00:00:00+00:00",3,2,0],["2025-04-04T00:00:00+00:00",3,2,0],["2025-07-08T00:00:00+00:00",3,2,0],["2025-09-22T00:00:00+00:00",3,2,0]]},"geometry":{"type":"Point","coordinates":[34.458369,31.540552]}},{"type":"Feature","properties":{"site_id":26,"event_code":"CE20231007PSE","latest_date":"2025-09-22T00:00:00+00:00","latest_class":1,"pass_count":14,"h":[["2023-10-15T00:00:00+00:00",3,2,null],["2023-11-07T00:00:00+00:00",3,2,0],["2023-11-26T00:00:00+00:00",3,2,0],["2024-01-06T00:00:00+00:00",1,1,1],["2024-02-29T00:00:00+00:00",1,1,0],["2024-04-01T00:00:00+00:00",1,1,0],["2024-05-03T00:00:00+00:00",1,1,0],["2024-07-06T00:00:00+00:00",1,1,0],["2024-09-06T00:00:00+00:00",1,1,0],["2024-12-01T00:00:00+00:00",1,1,0],["2025-02-25T00:00:00+00:00",1,1,0],["2025-04-04T00:00:00+00:00",1,1,0],["2025-07-08T00:00:00+00:00",1,1,0],["2025-09-22T00:00:00+00:00",1,1,0]]},"geometry":{"type":"Point","coordinates":[34.458261,31.540452]}},{"type":"Feature","properties":{"site_id":26,"event_code":"CE20231007PSE","latest_date":"2025-09-22T00:00:00+00:00","latest_class":2,"pass_count":14,"h":[["2023-10-15T00:00:00+00:00",3,2,null],["2023-11-07T00:00:00+00:00",3,2,0],["2023-11-26T00:00:00+00:00",3,2,0],["2024-01-06T00:00:00+00:00",2,1,1],["2024-02-29T00:00:00+00:00",2,1,0],["2024-04-01T00:00:00+00:00",2,1,0],["2024-05-03T00:00:00+00:00",2,1,0],["2024-07-06T00:00:00+00:00",2,1,0],["2024-09-06T00:00:00+00:00",2,1,0],["2024-12-01T00:00:00+00:00",2,1,0],["2025-02-25T00:00:00+00:00",2,1,0],["2025-04-04T00:00:00+00:00",2,1,0],["2025-07-08T00:00:00+00:00",2,1,0],["2025-09-22T00:00:00+00:00",2,1,0]]},"geometry":{"type":"Point","coordinates":[34.458121,31.540524]}},{"type":"Feature","properties":{"site_id":26,"event_code":"CE20231007PSE","latest_date":"2025-09-22T00:00:00+00:00","latest_class":1,"pass_count":14,"h":[["2023-10-15T00:00:00+00:00",3,2,null],["2023-11-07T00:00:00+00:00",2,1,1],["2023-11-26T00:00:00+00:00",2,1,0],["2024-01-06T00:00:00+00:00",1,1,1],["2024-02-29T00:00:00+00:00",1,1,0],["2024-04-01T00:00:00+00:00",1,1,0],["2024-05-03T00:00:00+00:00",1,1,0],["2024-07-06T00:00:00+00:00",1,1,0],["2024-09-06T00:00:00+00:00",1,1,0],["2024-12-01T00:00:00+00:00",1,1,0],["2025-02-25T00:00:00+00:00",1,1,0],["2025-04-04T00:00:00+00:00",1,1,0],["2025-07-08T00:00:00+00:00",1,1,0],["2025-09-22T00:00:00+00:00",1,1,0]]},"geometry":{"type":"Point","coordinates":[34.45802,31.540097]}},{"type":"Feature","properties":{"site_id":26,"event_code":"CE20231007PSE","latest_date":"2025-09-22T00:00:00+00:00","latest_class":1,"pass_count":14,"h":[["2023-10-15T00:00:00+00:00",3,2,null],["2023-11-07T00:00:00+00:00",3,2,0],["2023-11-26T00:00:00+00:00",3,2,0],["2024-01-06T00:00:00+00:00",1,1,1],["2024-02-29T00:00:00+00:00",1,1,0],["2024-04-01T00:00:00+00:00",1,1,0],["2024-05-03T00:00:00+00:00",1,1,0],["2024-07-06T00:00:00+00:00",1,1,0],["2024-09-06T00:00:00+00:00",1,1,0],["2024-12-01T00:00:00+00:00",1,1,0],["2025-02-25T00:00:00+00:00",1,1,0],["2025-04-04T00:00:00+00:00",1,1,0],["2025-07-08T00:00:00+00:00",1,1,0],["2025-09-22T00:00:00+00:00",1,1,0]]},"geometry":{"type":"Point","coordinates":[34.458082,31.540316]}},{"type":"Feature","properties":{"site_id":26,"event_code":"CE20231007PSE","latest_date":"2025-09-22T00:00:00+00:00","latest_class":1,"pass_count":14,"h":[["2023-10-15T00:00:00+00:00",3,2,null],["2023-11-07T00:00:00+00:00",3,2,0],["2023-11-26T00:00:00+00:00",3,2,0],["2024-01-06T00:00:00+00:00",1,1,1],["2024-02-29T00:00:00+00:00",1,1,0],["2024-04-01T00:00:00+00:00",1,1,0],["2024-05-03T00:00:00+00:00",1,1,0],["2024-07-06T00:00:00+00:00",1,1,0],["2024-09-06T00:00:00+00:00",1,1,0],["2024-12-01T00:00:00+00:00",1,1,0],["2025-02-25T00:00:00+00:00",1,1,0],["2025-04-04T00:00:00+00:00",1,1,0],["2025-07-08T00:00:00+00:00",1,1,0],["2025-09-22T00:00:00+00:00",1,1,0]]},"geometry":{"type":"Point","coordinates":[34.457938,31.540189]}},{"type":"Feature","properties":{"site_id":26,"event_code":"CE20231007PSE","latest_date":"2025-09-22T00:00:00+00:00","latest_class":1,"pass_count":14,"h":[["2023-10-15T00:00:00+00:00",3,2,null],["2023-11-07T00:00:00+00:00",2,1,1],["2023-11-26T00:00:00+00:00",1,1,1],["2024-01-06T00:00:00+00:00",1,1,0],["2024-02-29T00:00:00+00:00",1,1,0],["2024-04-01T00:00:00+00:00",1,1,0],["2024-05-03T00:00:00+00:00",1,1,0],["2024-07-06T00:00:00+00:00",1,1,0],["2024-09-06T00:00:00+00:00",1,1,0],["2024-12-01T00:00:00+00:00",1,1,0],["2025-02-25T00:00:00+00:00",1,1,0],["2025-04-04T00:00:00+00:00",1,1,0],["2025-07-08T00:00:00+00:00",1,1,0],["2025-09-22T00:00:00+00:00",1,1,0]]},"geometry":{"type":"Point","coordinates":[34.458747,31.540328]}},{"type":"Feature","properties":{"site_id":26,"event_code":"CE20231007PSE","latest_date":"2025-09-22T00:00:00+00:00","latest_class":1,"pass_count":14,"h":[["2023-10-15T00:00:00+00:00",3,2,null],["2023-11-07T00:00:00+00:00",3,2,0],["2023-11-26T00:00:00+00:00",1,2,1],["2024-01-06T00:00:00+00:00",1,2,0],["2024-02-29T00:00:00+00:00",1,2,0],["2024-04-01T00:00:00+00:00",1,2,0],["2024-05-03T00:00:00+00:00",1,2,0],["2024-07-06T00:00:00+00:00",1,2,0],["2024-09-06T00:00:00+00:00",1,2,0],["2024-12-01T00:00:00+00:00",1,2,0],["2025-02-25T00:00:00+00:00",1,2,0],["2025-04-04T00:00:00+00:00",1,2,0],["2025-07-08T00:00:00+00:00",1,2,0],["2025-09-22T00:00:00+00:00",1,2,0]]},"geometry":{"type":"Point","coordinates":[34.458991,31.539287]}},{"type":"Feature","properties":{"site_id":26,"event_code":"CE20231007PSE","latest_date":"2025-09-22T00:00:00+00:00","latest_class":1,"pass_count":14,"h":[["2023-10-15T00:00:00+00:00",1,1,null],["2023-11-07T00:00:00+00:00",1,1,0],["2023-11-26T00:00:00+00:00",1,1,0],["2024-01-06T00:00:00+00:00",1,1,0],["2024-02-29T00:00:00+00:00",1,1,0],["2024-04-01T00:00:00+00:00",1,1,0],["2024-05-03T00:00:00+00:00",1,1,0],["2024-07-06T00:00:00+00:00",1,1,0],["2024-09-06T00:00:00+00:00",1,1,0],["2024-12-01T00:00:00+00:00",1,1,0],["2025-02-25T00:00:00+00:00",1,1,0],["2025-04-04T00:00:00+00:00",1,1,0],["2025-07-08T00:00:00+00:00",1,1,0],["2025-09-22T00:00:00+00:00",1,1,0]]},"geometry":{"type":"Point","coordinates":[34.459716,31.538629]}},{"type":"Feature","properties":{"site_id":26,"event_code":"CE20231007PSE","latest_date":"2025-09-22T00:00:00+00:00","latest_class":1,"pass_count":14,"h":[["2023-10-15T00:00:00+00:00",3,2,null],["2023-11-07T00:00:00+00:00",3,2,0],["2023-11-26T00:00:00+00:00",3,2,0],["2024-01-06T00:00:00+00:00",1,1,1],["2024-02-29T00:00:00+00:00",1,1,0],["2024-04-01T00:00:00+00:00",1,1,0],["2024-05-03T00:00:00+00:00",1,1,0],["2024-07-06T00:00:00+00:00",1,1,0],["2024-09-06T00:00:00+00:00",1,1,0],["2024-12-01T00:00:00+00:00",1,1,0],["2025-02-25T00:00:00+00:00",1,1,0],["2025-04-04T00:00:00+00:00",1,1,0],["2025-07-08T00:00:00+00:00",1,1,0],["2025-09-22T00:00:00+00:00",1,1,0]]},"geometry":{"type":"Point","coordinates":[34.46234,31.541574]}},{"type":"Feature","properties":{"site_id":26,"event_code":"CE20231007PSE","latest_date":"2025-09-22T00:00:00+00:00","latest_class":1,"pass_count":14,"h":[["2023-10-15T00:00:00+00:00",3,2,null],["2023-11-07T00:00:00+00:00",2,1,1],["2023-11-26T00:00:00+00:00",1,1,1],["2024-01-06T00:00:00+00:00",1,1,0],["2024-02-29T00:00:00+00:00",1,1,0],["2024-04-01T00:00:00+00:00",1,1,0],["2024-05-03T00:00:00+00:00",1,1,0],["2024-07-06T00:00:00+00:00",1,1,0],["2024-09-06T00:00:00+00:00",1,1,0],["2024-12-01T00:00:00+00:00",1,1,0],["2025-02-25T00:00:00+00:00",1,1,0],["2025-04-04T00:00:00+00:00",1,1,0],["2025-07-08T00:00:00+00:00",1,1,0],["2025-09-22T00:00:00+00:00",1,1,0]]},"geometry":{"type":"Point","coordinates":[34.462232,31.541464]}},{"type":"Feature","properties":{"site_id":26,"event_code":"CE20231007PSE","latest_date":"2025-09-22T00:00:00+00:00","latest_class":3,"pass_count":14,"h":[["2023-10-15T00:00:00+00:00",3,2,null],["2023-11-07T00:00:00+00:00",3,2,0],["2023-11-26T00:00:00+00:00",3,2,0],["2024-01-06T00:00:00+00:00",3,2,0],["2024-02-29T00:00:00+00:00",3,2,0],["2024-04-01T00:00:00+00:00",3,2,0],["2024-05-03T00:00:00+00:00",3,2,0],["2024-07-06T00:00:00+00:00",3,2,0],["2024-09-06T00:00:00+00:00",3,2,0],["2024-12-01T00:00:00+00:00",3,2,0],["2025-02-25T00:00:00+00:00",3,2,0],["2025-04-04T00:00:00+00:00",3,2,0],["2025-07-08T00:00:00+00:00",3,2,0],["2025-09-22T00:00:00+00:00",3,2,0]]},"geometry":{"type":"Point","coordinates":[34.462048,31.541814]}},{"type":"Feature","properties":{"site_id":26,"event_code":"CE20231007PSE","latest_date":"2025-09-22T00:00:00+00:00","latest_class":3,"pass_count":14,"h":[["2023-10-15T00:00:00+00:00",3,2,null],["2023-11-07T00:00:00+00:00",3,2,0],["2023-11-26T00:00:00+00:00",3,2,0],["2024-01-06T00:00:00+00:00",3,2,0],["2024-02-29T00:00:00+00:00",3,2,0],["2024-04-01T00:00:00+00:00",3,2,0],["2024-05-03T00:00:00+00:00",3,2,0],["2024-07-06T00:00:00+00:00",3,2,0],["2024-09-06T00:00:00+00:00",3,2,0],["2024-12-01T00:00:00+00:00",3,2,0],["2025-02-25T00:00:00+00:00",3,2,0],["2025-04-04T00:00:00+00:00",3,2,0],["2025-07-08T00:00:00+00:00",3,2,0],["2025-09-22T00:00:00+00:00",3,2,0]]},"geometry":{"type":"Point","coordinates":[34.462208,31.541721]}},{"type":"Feature","properties":{"site_id":26,"event_code":"CE20231007PSE","latest_date":"2025-09-22T00:00:00+00:00","latest_class":1,"pass_count":14,"h":[["2023-10-15T00:00:00+00:00",1,1,null],["2023-11-07T00:00:00+00:00",1,1,0],["2023-11-26T00:00:00+00:00",1,1,0],["2024-01-06T00:00:00+00:00",1,1,0],["2024-02-29T00:00:00+00:00",1,1,0],["2024-04-01T00:00:00+00:00",1,1,0],["2024-05-03T00:00:00+00:00",1,1,0],["2024-07-06T00:00:00+00:00",1,1,0],["2024-09-06T00:00:00+00:00",1,1,0],["2024-12-01T00:00:00+00:00",1,1,0],["2025-02-25T00:00:00+00:00",1,1,0],["2025-04-04T00:00:00+00:00",1,1,0],["2025-07-08T00:00:00+00:00",1,1,0],["2025-09-22T00:00:00+00:00",1,1,0]]},"geometry":{"type":"Point","coordinates":[34.462908,31.539694]}},{"type":"Feature","properties":{"site_id":26,"event_code":"CE20231007PSE","latest_date":"2025-09-22T00:00:00+00:00","latest_class":1,"pass_count":14,"h":[["2023-10-15T00:00:00+00:00",3,2,null],["2023-11-07T00:00:00+00:00",2,2,1],["2023-11-26T00:00:00+00:00",2,2,0],["2024-01-06T00:00:00+00:00",2,2,0],["2024-02-29T00:00:00+00:00",1,1,1],["2024-04-01T00:00:00+00:00",1,1,0],["2024-05-03T00:00:00+00:00",1,1,0],["2024-07-06T00:00:00+00:00",1,1,0],["2024-09-06T00:00:00+00:00",1,1,0],["2024-12-01T00:00:00+00:00",1,1,0],["2025-02-25T00:00:00+00:00",1,1,0],["2025-04-04T00:00:00+00:00",1,1,0],["2025-07-08T00:00:00+00:00",1,1,0],["2025-09-22T00:00:00+00:00",1,1,0]]},"geometry":{"type":"Point","coordinates":[34.46282,31.539837]}},{"type":"Feature","properties":{"site_id":26,"event_code":"CE20231007PSE","latest_date":"2025-09-22T00:00:00+00:00","latest_class":2,"pass_count":14,"h":[["2023-10-15T00:00:00+00:00",3,2,null],["2023-11-07T00:00:00+00:00",3,2,0],["2023-11-26T00:00:00+00:00",2,2,1],["2024-01-06T00:00:00+00:00",2,2,0],["2024-02-29T00:00:00+00:00",2,2,0],["2024-04-01T00:00:00+00:00",2,2,0],["2024-05-03T00:00:00+00:00",2,2,0],["2024-07-06T00:00:00+00:00",2,2,0],["2024-09-06T00:00:00+00:00",2,2,0],["2024-12-01T00:00:00+00:00",2,2,0],["2025-02-25T00:00:00+00:00",2,2,0],["2025-04-04T00:00:00+00:00",2,2,0],["2025-07-08T00:00:00+00:00",2,2,0],["2025-09-22T00:00:00+00:00",2,2,0]]},"geometry":{"type":"Point","coordinates":[34.463271,31.539993]}},{"type":"Feature","properties":{"site_id":26,"event_code":"CE20231007PSE","latest_date":"2025-09-22T00:00:00+00:00","latest_class":3,"pass_count":14,"h":[["2023-10-15T00:00:00+00:00",3,2,null],["2023-11-07T00:00:00+00:00",3,2,0],["2023-11-26T00:00:00+00:00",3,2,0],["2024-01-06T00:00:00+00:00",3,2,0],["2024-02-29T00:00:00+00:00",3,2,0],["2024-04-01T00:00:00+00:00",3,2,0],["2024-05-03T00:00:00+00:00",3,2,0],["2024-07-06T00:00:00+00:00",3,2,0],["2024-09-06T00:00:00+00:00",3,2,0],["2024-12-01T00:00:00+00:00",3,2,0],["2025-02-25T00:00:00+00:00",3,2,0],["2025-04-04T00:00:00+00:00",3,2,0],["2025-07-08T00:00:00+00:00",3,2,0],["2025-09-22T00:00:00+00:00",3,2,0]]},"geometry":{"type":"Point","coordinates":[34.463127,31.54012]}},{"type":"Feature","properties":{"site_id":26,"event_code":"CE20231007PSE","latest_date":"2025-09-22T00:00:00+00:00","latest_class":3,"pass_count":14,"h":[["2023-10-15T00:00:00+00:00",3,2,null],["2023-11-07T00:00:00+00:00",3,2,0],["2023-11-26T00:00:00+00:00",3,2,0],["2024-01-06T00:00:00+00:00",3,2,0],["2024-02-29T00:00:00+00:00",3,2,0],["2024-04-01T00:00:00+00:00",3,2,0],["2024-05-03T00:00:00+00:00",3,2,0],["2024-07-06T00:00:00+00:00",3,2,0],["2024-09-06T00:00:00+00:00",3,2,0],["2024-12-01T00:00:00+00:00",3,2,0],["2025-02-25T00:00:00+00:00",3,2,0],["2025-04-04T00:00:00+00:00",3,2,0],["2025-07-08T00:00:00+00:00",3,2,0],["2025-09-22T00:00:00+00:00",3,2,0]]},"geometry":{"type":"Point","coordinates":[34.464017,31.540153]}},{"type":"Feature","properties":{"site_id":26,"event_code":"CE20231007PSE","latest_date":"2025-09-22T00:00:00+00:00","latest_class":2,"pass_count":14,"h":[["2023-10-15T00:00:00+00:00",3,2,null],["2023-11-07T00:00:00+00:00",3,2,0],["2023-11-26T00:00:00+00:00",2,2,1],["2024-01-06T00:00:00+00:00",2,2,0],["2024-02-29T00:00:00+00:00",2,1,0],["2024-04-01T00:00:00+00:00",2,1,0],["2024-05-03T00:00:00+00:00",2,1,0],["2024-07-06T00:00:00+00:00",2,1,0],["2024-09-06T00:00:00+00:00",2,1,0],["2024-12-01T00:00:00+00:00",2,1,0],["2025-02-25T00:00:00+00:00",2,1,0],["2025-04-04T00:00:00+00:00",2,1,0],["2025-07-08T00:00:00+00:00",2,1,0],["2025-09-22T00:00:00+00:00",2,1,0]]},"geometry":{"type":"Point","coordinates":[34.463882,31.54004]}},{"type":"Feature","properties":{"site_id":26,"event_code":"CE20231007PSE","latest_date":"2025-09-22T00:00:00+00:00","latest_class":1,"pass_count":14,"h":[["2023-10-15T00:00:00+00:00",3,2,null],["2023-11-07T00:00:00+00:00",3,2,0],["2023-11-26T00:00:00+00:00",1,2,1],["2024-01-06T00:00:00+00:00",1,2,0],["2024-02-29T00:00:00+00:00",1,2,0],["2024-04-01T00:00:00+00:00",1,2,0],["2024-05-03T00:00:00+00:00",1,2,0],["2024-07-06T00:00:00+00:00",1,2,0],["2024-09-06T00:00:00+00:00",1,2,0],["2024-12-01T00:00:00+00:00",1,2,0],["2025-02-25T00:00:00+00:00",1,2,0],["2025-04-04T00:00:00+00:00",1,2,0],["2025-07-08T00:00:00+00:00",1,2,0],["2025-09-22T00:00:00+00:00",1,2,0]]},"geometry":{"type":"Point","coordinates":[34.463846,31.539778]}},{"type":"Feature","properties":{"site_id":26,"event_code":"CE20231007PSE","latest_date":"2025-09-22T00:00:00+00:00","latest_class":3,"pass_count":13,"h":[["2023-11-07T00:00:00+00:00",3,2,3],["2023-11-26T00:00:00+00:00",3,2,0],["2024-01-06T00:00:00+00:00",3,2,0],["2024-02-29T00:00:00+00:00",3,2,0],["2024-04-01T00:00:00+00:00",3,2,0],["2024-05-03T00:00:00+00:00",3,2,0],["2024-07-06T00:00:00+00:00",3,2,0],["2024-09-06T00:00:00+00:00",3,2,0],["2024-12-01T00:00:00+00:00",3,2,0],["2025-02-25T00:00:00+00:00",3,2,0],["2025-04-04T00:00:00+00:00",3,2,0],["2025-07-08T00:00:00+00:00",3,2,0],["2025-09-22T00:00:00+00:00",3,2,0]]},"geometry":{"type":"Point","coordinates":[34.456964,31.541741]}},{"type":"Feature","properties":{"site_id":26,"event_code":"CE20231007PSE","latest_date":"2025-09-22T00:00:00+00:00","latest_class":2,"pass_count":13,"h":[["2023-11-07T00:00:00+00:00",2,1,3],["2023-11-26T00:00:00+00:00",2,1,0],["2024-01-06T00:00:00+00:00",2,1,0],["2024-02-29T00:00:00+00:00",2,1,0],["2024-04-01T00:00:00+00:00",2,1,0],["2024-05-03T00:00:00+00:00",2,1,0],["2024-07-06T00:00:00+00:00",2,1,0],["2024-09-06T00:00:00+00:00",2,1,0],["2024-12-01T00:00:00+00:00",2,1,0],["2025-02-25T00:00:00+00:00",2,1,0],["2025-04-04T00:00:00+00:00",2,1,0],["2025-07-08T00:00:00+00:00",2,1,0],["2025-09-22T00:00:00+00:00",2,1,0]]},"geometry":{"type":"Point","coordinates":[34.457402,31.542144]}},{"type":"Feature","properties":{"site_id":26,"event_code":"CE20231007PSE","latest_date":"2025-09-22T00:00:00+00:00","latest_class":3,"pass_count":14,"h":[["2023-10-15T00:00:00+00:00",4,3,null],["2023-11-07T00:00:00+00:00",3,2,1],["2023-11-26T00:00:00+00:00",3,2,0],["2024-01-06T00:00:00+00:00",3,2,0],["2024-02-29T00:00:00+00:00",3,2,0],["2024-04-01T00:00:00+00:00",3,2,0],["2024-05-03T00:00:00+00:00",3,2,0],["2024-07-06T00:00:00+00:00",3,2,0],["2024-09-06T00:00:00+00:00",3,2,0],["2024-12-01T00:00:00+00:00",3,2,0],["2025-02-25T00:00:00+00:00",3,2,0],["2025-04-04T00:00:00+00:00",3,2,0],["2025-07-08T00:00:00+00:00",3,2,0],["2025-09-22T00:00:00+00:00",3,2,0]]},"geometry":{"type":"Point","coordinates":[34.458088,31.541748]}},{"type":"Feature","properties":{"site_id":26,"event_code":"CE20231007PSE","latest_date":"2025-09-22T00:00:00+00:00","latest_class":3,"pass_count":14,"h":[["2023-10-15T00:00:00+00:00",4,3,null],["2023-11-07T00:00:00+00:00",3,2,1],["2023-11-26T00:00:00+00:00",3,2,0],["2024-01-06T00:00:00+00:00",3,2,0],["2024-02-29T00:00:00+00:00",3,2,0],["2024-04-01T00:00:00+00:00",3,2,0],["2024-05-03T00:00:00+00:00",3,2,0],["2024-07-06T00:00:00+00:00",3,2,0],["2024-09-06T00:00:00+00:00",3,2,0],["2024-12-01T00:00:00+00:00",3,2,0],["2025-02-25T00:00:00+00:00",3,2,0],["2025-04-04T00:00:00+00:00",3,2,0],["2025-07-08T00:00:00+00:00",3,2,0],["2025-09-22T00:00:00+00:00",3,2,0]]},"geometry":{"type":"Point","coordinates":[34.457988,31.541897]}},{"type":"Feature","properties":{"site_id":26,"event_code":"CE20231007PSE","latest_date":"2025-09-22T00:00:00+00:00","latest_class":2,"pass_count":14,"h":[["2023-10-15T00:00:00+00:00",4,3,null],["2023-11-07T00:00:00+00:00",2,1,1],["2023-11-26T00:00:00+00:00",2,1,0],["2024-01-06T00:00:00+00:00",2,1,0],["2024-02-29T00:00:00+00:00",2,1,0],["2024-04-01T00:00:00+00:00",2,1,0],["2024-05-03T00:00:00+00:00",2,1,0],["2024-07-06T00:00:00+00:00",2,1,0],["2024-09-06T00:00:00+00:00",2,1,0],["2024-12-01T00:00:00+00:00",2,1,0],["2025-02-25T00:00:00+00:00",2,1,0],["2025-04-04T00:00:00+00:00",2,1,0],["2025-07-08T00:00:00+00:00",2,1,0],["2025-09-22T00:00:00+00:00",2,1,0]]},"geometry":{"type":"Point","coordinates":[34.45793,31.541564]}},{"type":"Feature","properties":{"site_id":26,"event_code":"CE20231007PSE","latest_date":"2025-09-22T00:00:00+00:00","latest_class":1,"pass_count":14,"h":[["2023-10-15T00:00:00+00:00",4,3,null],["2023-11-07T00:00:00+00:00",1,1,1],["2023-11-26T00:00:00+00:00",1,1,0],["2024-01-06T00:00:00+00:00",1,1,0],["2024-02-29T00:00:00+00:00",1,1,0],["2024-04-01T00:00:00+00:00",1,1,0],["2024-05-03T00:00:00+00:00",1,1,0],["2024-07-06T00:00:00+00:00",1,1,0],["2024-09-06T00:00:00+00:00",1,1,0],["2024-12-01T00:00:00+00:00",1,1,0],["2025-02-25T00:00:00+00:00",1,1,0],["2025-04-04T00:00:00+00:00",1,1,0],["2025-07-08T00:00:00+00:00",1,1,0],["2025-09-22T00:00:00+00:00",1,1,0]]},"geometry":{"type":"Point","coordinates":[34.458912,31.541991]}},{"type":"Feature","properties":{"site_id":26,"event_code":"CE20231007PSE","latest_date":"2025-09-22T00:00:00+00:00","latest_class":1,"pass_count":13,"h":[["2023-11-07T00:00:00+00:00",1,1,3],["2023-11-26T00:00:00+00:00",1,1,0],["2024-01-06T00:00:00+00:00",1,1,0],["2024-02-29T00:00:00+00:00",1,1,0],["2024-04-01T00:00:00+00:00",1,1,0],["2024-05-03T00:00:00+00:00",1,1,0],["2024-07-06T00:00:00+00:00",1,1,0],["2024-09-06T00:00:00+00:00",1,1,0],["2024-12-01T00:00:00+00:00",1,1,0],["2025-02-25T00:00:00+00:00",1,1,0],["2025-04-04T00:00:00+00:00",1,1,0],["2025-07-08T00:00:00+00:00",1,1,0],["2025-09-22T00:00:00+00:00",1,1,0]]},"geometry":{"type":"Point","coordinates":[34.459736,31.541345]}},{"type":"Feature","properties":{"site_id":26,"event_code":"CE20231007PSE","latest_date":"2025-09-22T00:00:00+00:00","latest_class":1,"pass_count":14,"h":[["2023-10-15T00:00:00+00:00",4,3,null],["2023-11-07T00:00:00+00:00",1,1,1],["2023-11-26T00:00:00+00:00",1,1,0],["2024-01-06T00:00:00+00:00",1,1,0],["2024-02-29T00:00:00+00:00",1,1,0],["2024-04-01T00:00:00+00:00",1,1,0],["2024-05-03T00:00:00+00:00",1,1,0],["2024-07-06T00:00:00+00:00",1,1,0],["2024-09-06T00:00:00+00:00",1,1,0],["2024-12-01T00:00:00+00:00",1,1,0],["2025-02-25T00:00:00+00:00",1,1,0],["2025-04-04T00:00:00+00:00",1,1,0],["2025-07-08T00:00:00+00:00",1,1,0],["2025-09-22T00:00:00+00:00",1,1,0]]},"geometry":{"type":"Point","coordinates":[34.4602,31.541868]}},{"type":"Feature","properties":{"site_id":5,"event_code":"CE20231007PSE","latest_date":"2025-09-22T00:00:00+00:00","latest_class":1,"pass_count":13,"h":[["2023-11-07T00:00:00+00:00",2,1,3],["2023-11-26T00:00:00+00:00",2,1,0],["2024-01-06T00:00:00+00:00",1,1,1],["2024-02-29T00:00:00+00:00",1,1,0],["2024-04-01T00:00:00+00:00",1,1,0],["2024-05-03T00:00:00+00:00",1,1,0],["2024-07-06T00:00:00+00:00",1,1,0],["2024-09-06T00:00:00+00:00",1,1,0],["2024-12-01T00:00:00+00:00",1,1,0],["2025-02-25T00:00:00+00:00",1,1,0],["2025-04-04T00:00:00+00:00",1,1,0],["2025-07-08T00:00:00+00:00",1,1,0],["2025-09-22T00:00:00+00:00",1,1,0]]},"geometry":{"type":"Point","coordinates":[34.46028,31.541631]}},{"type":"Feature","properties":{"site_id":26,"event_code":"CE20231007PSE","latest_date":"2025-09-22T00:00:00+00:00","latest_class":1,"pass_count":14,"h":[["2023-10-15T00:00:00+00:00",4,3,null],["2023-11-07T00:00:00+00:00",2,1,1],["2023-11-26T00:00:00+00:00",2,1,0],["2024-01-06T00:00:00+00:00",1,1,1],["2024-02-29T00:00:00+00:00",1,1,0],["2024-04-01T00:00:00+00:00",1,1,0],["2024-05-03T00:00:00+00:00",1,1,0],["2024-07-06T00:00:00+00:00",1,1,0],["2024-09-06T00:00:00+00:00",1,1,0],["2024-12-01T00:00:00+00:00",1,1,0],["2025-02-25T00:00:00+00:00",1,1,0],["2025-04-04T00:00:00+00:00",1,1,0],["2025-07-08T00:00:00+00:00",1,1,0],["2025-09-22T00:00:00+00:00",1,1,0]]},"geometry":{"type":"Point","coordinates":[34.460402,31.542084]}},{"type":"Feature","properties":{"site_id":26,"event_code":"CE20231007PSE","latest_date":"2025-09-22T00:00:00+00:00","latest_class":1,"pass_count":14,"h":[["2023-10-15T00:00:00+00:00",4,3,null],["2023-11-07T00:00:00+00:00",2,1,1],["2023-11-26T00:00:00+00:00",2,1,0],["2024-01-06T00:00:00+00:00",1,1,1],["2024-02-29T00:00:00+00:00",1,1,0],["2024-04-01T00:00:00+00:00",1,1,0],["2024-05-03T00:00:00+00:00",1,1,0],["2024-07-06T00:00:00+00:00",1,1,0],["2024-09-06T00:00:00+00:00",1,1,0],["2024-12-01T00:00:00+00:00",1,1,0],["2025-02-25T00:00:00+00:00",1,1,0],["2025-04-04T00:00:00+00:00",1,1,0],["2025-07-08T00:00:00+00:00",1,1,0],["2025-09-22T00:00:00+00:00",1,1,0]]},"geometry":{"type":"Point","coordinates":[34.460289,31.541956]}},{"type":"Feature","properties":{"site_id":26,"event_code":"CE20231007PSE","latest_date":"2025-09-22T00:00:00+00:00","latest_class":1,"pass_count":14,"h":[["2023-10-15T00:00:00+00:00",4,3,null],["2023-11-07T00:00:00+00:00",2,1,1],["2023-11-26T00:00:00+00:00",2,1,0],["2024-01-06T00:00:00+00:00",1,1,1],["2024-02-29T00:00:00+00:00",1,1,0],["2024-04-01T00:00:00+00:00",1,1,0],["2024-05-03T00:00:00+00:00",1,1,0],["2024-07-06T00:00:00+00:00",1,1,0],["2024-09-06T00:00:00+00:00",1,1,0],["2024-12-01T00:00:00+00:00",1,1,0],["2025-02-25T00:00:00+00:00",1,1,0],["2025-04-04T00:00:00+00:00",1,1,0],["2025-07-08T00:00:00+00:00",1,1,0],["2025-09-22T00:00:00+00:00",1,1,0]]},"geometry":{"type":"Point","coordinates":[34.460314,31.542005]}},{"type":"Feature","properties":{"site_id":5,"event_code":"CE20231007PSE","latest_date":"2025-09-22T00:00:00+00:00","latest_class":1,"pass_count":13,"h":[["2023-11-07T00:00:00+00:00",2,1,3],["2023-11-26T00:00:00+00:00",2,1,0],["2024-01-06T00:00:00+00:00",1,1,1],["2024-02-29T00:00:00+00:00",1,1,0],["2024-04-01T00:00:00+00:00",1,1,0],["2024-05-03T00:00:00+00:00",1,1,0],["2024-07-06T00:00:00+00:00",1,1,0],["2024-09-06T00:00:00+00:00",1,1,0],["2024-12-01T00:00:00+00:00",1,1,0],["2025-02-25T00:00:00+00:00",1,1,0],["2025-04-04T00:00:00+00:00",1,1,0],["2025-07-08T00:00:00+00:00",1,1,0],["2025-09-22T00:00:00+00:00",1,1,0]]},"geometry":{"type":"Point","coordinates":[34.460563,31.541594]}},{"type":"Feature","properties":{"site_id":26,"event_code":"CE20231007PSE","latest_date":"2025-09-22T00:00:00+00:00","latest_class":1,"pass_count":14,"h":[["2023-10-15T00:00:00+00:00",4,3,null],["2023-11-07T00:00:00+00:00",1,1,1],["2023-11-26T00:00:00+00:00",1,1,0],["2024-01-06T00:00:00+00:00",1,1,0],["2024-02-29T00:00:00+00:00",1,1,0],["2024-04-01T00:00:00+00:00",1,1,0],["2024-05-03T00:00:00+00:00",1,1,0],["2024-07-06T00:00:00+00:00",1,1,0],["2024-09-06T00:00:00+00:00",1,1,0],["2024-12-01T00:00:00+00:00",1,1,0],["2025-02-25T00:00:00+00:00",1,1,0],["2025-04-04T00:00:00+00:00",1,1,0],["2025-07-08T00:00:00+00:00",1,1,0],["2025-09-22T00:00:00+00:00",1,1,0]]},"geometry":{"type":"Point","coordinates":[34.461737,31.541805]}},{"type":"Feature","properties":{"site_id":26,"event_code":"CE20231007PSE","latest_date":"2025-09-22T00:00:00+00:00","latest_class":2,"pass_count":14,"h":[["2023-10-15T00:00:00+00:00",4,3,null],["2023-11-07T00:00:00+00:00",2,1,1],["2023-11-26T00:00:00+00:00",2,1,0],["2024-01-06T00:00:00+00:00",2,1,0],["2024-02-29T00:00:00+00:00",2,1,0],["2024-04-01T00:00:00+00:00",2,1,0],["2024-05-03T00:00:00+00:00",2,1,0],["2024-07-06T00:00:00+00:00",2,1,0],["2024-09-06T00:00:00+00:00",2,1,0],["2024-12-01T00:00:00+00:00",2,1,0],["2025-02-25T00:00:00+00:00",2,1,0],["2025-04-04T00:00:00+00:00",2,1,0],["2025-07-08T00:00:00+00:00",2,1,0],["2025-09-22T00:00:00+00:00",2,1,0]]},"geometry":{"type":"Point","coordinates":[34.46188,31.541919]}},{"type":"Feature","properties":{"site_id":26,"event_code":"CE20231007PSE","latest_date":"2025-09-22T00:00:00+00:00","latest_class":3,"pass_count":13,"h":[["2023-11-07T00:00:00+00:00",3,2,3],["2023-11-26T00:00:00+00:00",3,2,0],["2024-01-06T00:00:00+00:00",3,2,0],["2024-02-29T00:00:00+00:00",3,2,0],["2024-04-01T00:00:00+00:00",3,2,0],["2024-05-03T00:00:00+00:00",3,2,0],["2024-07-06T00:00:00+00:00",3,2,0],["2024-09-06T00:00:00+00:00",3,2,0],["2024-12-01T00:00:00+00:00",3,2,0],["2025-02-25T00:00:00+00:00",3,2,0],["2025-04-04T00:00:00+00:00",3,2,0],["2025-07-08T00:00:00+00:00",3,2,0],["2025-09-22T00:00:00+00:00",3,2,0]]},"geometry":{"type":"Point","coordinates":[34.463068,31.540977]}},{"type":"Feature","properties":{"site_id":26,"event_code":"CE20231007PSE","latest_date":"2025-09-22T00:00:00+00:00","latest_class":1,"pass_count":13,"h":[["2023-11-07T00:00:00+00:00",3,2,3],["2023-11-26T00:00:00+00:00",3,2,0],["2024-01-06T00:00:00+00:00",3,2,0],["2024-02-29T00:00:00+00:00",1,1,1],["2024-04-01T00:00:00+00:00",1,1,0],["2024-05-03T00:00:00+00:00",1,1,0],["2024-07-06T00:00:00+00:00",1,1,0],["2024-09-06T00:00:00+00:00",1,1,0],["2024-12-01T00:00:00+00:00",1,1,0],["2025-02-25T00:00:00+00:00",1,1,0],["2025-04-04T00:00:00+00:00",1,1,0],["2025-07-08T00:00:00+00:00",1,1,0],["2025-09-22T00:00:00+00:00",1,1,0]]},"geometry":{"type":"Point","coordinates":[34.462904,31.540555]}},{"type":"Feature","properties":{"site_id":26,"event_code":"CE20231007PSE","latest_date":"2025-09-22T00:00:00+00:00","latest_class":2,"pass_count":13,"h":[["2023-11-07T00:00:00+00:00",3,2,3],["2023-11-26T00:00:00+00:00",2,2,1],["2024-01-06T00:00:00+00:00",2,2,0],["2024-02-29T00:00:00+00:00",2,1,0],["2024-04-01T00:00:00+00:00",2,1,0],["2024-05-03T00:00:00+00:00",2,1,0],["2024-07-06T00:00:00+00:00",2,1,0],["2024-09-06T00:00:00+00:00",2,1,0],["2024-12-01T00:00:00+00:00",2,1,0],["2025-02-25T00:00:00+00:00",2,1,0],["2025-04-04T00:00:00+00:00",2,1,0],["2025-07-08T00:00:00+00:00",2,1,0],["2025-09-22T00:00:00+00:00",2,1,0]]},"geometry":{"type":"Point","coordinates":[34.463164,31.540677]}},{"type":"Feature","properties":{"site_id":5,"event_code":"CE20231007PSE","latest_date":"2025-09-22T00:00:00+00:00","latest_class":3,"pass_count":13,"h":[["2023-11-07T00:00:00+00:00",3,2,3],["2023-11-26T00:00:00+00:00",3,2,0],["2024-01-06T00:00:00+00:00",3,2,0],["2024-02-29T00:00:00+00:00",3,2,0],["2024-04-01T00:00:00+00:00",3,2,0],["2024-05-03T00:00:00+00:00",3,2,0],["2024-07-06T00:00:00+00:00",3,2,0],["2024-09-06T00:00:00+00:00",3,2,0],["2024-12-01T00:00:00+00:00",3,2,0],["2025-02-25T00:00:00+00:00",3,2,0],["2025-04-04T00:00:00+00:00",3,2,0],["2025-07-08T00:00:00+00:00",3,2,0],["2025-09-22T00:00:00+00:00",3,2,0]]},"geometry":{"type":"Point","coordinates":[34.456925,31.540988]}},{"type":"Feature","properties":{"site_id":26,"event_code":"CE20231007PSE","latest_date":"2025-09-22T00:00:00+00:00","latest_class":1,"pass_count":14,"h":[["2023-10-15T00:00:00+00:00",4,3,null],["2023-11-07T00:00:00+00:00",1,1,1],["2023-11-26T00:00:00+00:00",1,1,0],["2024-01-06T00:00:00+00:00",1,1,0],["2024-02-29T00:00:00+00:00",1,1,0],["2024-04-01T00:00:00+00:00",1,1,0],["2024-05-03T00:00:00+00:00",1,1,0],["2024-07-06T00:00:00+00:00",1,1,0],["2024-09-06T00:00:00+00:00",1,1,0],["2024-12-01T00:00:00+00:00",1,1,0],["2025-02-25T00:00:00+00:00",1,1,0],["2025-04-04T00:00:00+00:00",1,1,0],["2025-07-08T00:00:00+00:00",1,1,0],["2025-09-22T00:00:00+00:00",1,1,0]]},"geometry":{"type":"Point","coordinates":[34.457606,31.540424]}},{"type":"Feature","properties":{"site_id":26,"event_code":"CE20231007PSE","latest_date":"2025-09-22T00:00:00+00:00","latest_class":3,"pass_count":13,"h":[["2023-11-07T00:00:00+00:00",3,2,3],["2023-11-26T00:00:00+00:00",3,2,0],["2024-01-06T00:00:00+00:00",3,2,0],["2024-02-29T00:00:00+00:00",3,2,0],["2024-04-01T00:00:00+00:00",3,2,0],["2024-05-03T00:00:00+00:00",3,2,0],["2024-07-06T00:00:00+00:00",3,2,0],["2024-09-06T00:00:00+00:00",3,2,0],["2024-12-01T00:00:00+00:00",3,2,0],["2025-02-25T00:00:00+00:00",3,2,0],["2025-04-04T00:00:00+00:00",3,2,0],["2025-07-08T00:00:00+00:00",3,2,0],["2025-09-22T00:00:00+00:00",3,2,0]]},"geometry":{"type":"Point","coordinates":[34.458326,31.541106]}},{"type":"Feature","properties":{"site_id":26,"event_code":"CE20231007PSE","latest_date":"2025-09-22T00:00:00+00:00","latest_class":1,"pass_count":13,"h":[["2023-11-07T00:00:00+00:00",1,1,3],["2023-11-26T00:00:00+00:00",1,1,0],["2024-01-06T00:00:00+00:00",1,1,0],["2024-02-29T00:00:00+00:00",1,1,0],["2024-04-01T00:00:00+00:00",1,1,0],["2024-05-03T00:00:00+00:00",1,1,0],["2024-07-06T00:00:00+00:00",1,1,0],["2024-09-06T00:00:00+00:00",1,1,0],["2024-12-01T00:00:00+00:00",1,1,0],["2025-02-25T00:00:00+00:00",1,1,0],["2025-04-04T00:00:00+00:00",1,1,0],["2025-07-08T00:00:00+00:00",1,1,0],["2025-09-22T00:00:00+00:00",1,1,0]]},"geometry":{"type":"Point","coordinates":[34.459014,31.540575]}},{"type":"Feature","properties":{"site_id":26,"event_code":"CE20231007PSE","latest_date":"2025-09-22T00:00:00+00:00","latest_class":1,"pass_count":13,"h":[["2023-11-07T00:00:00+00:00",2,1,3],["2023-11-26T00:00:00+00:00",2,1,0],["2024-01-06T00:00:00+00:00",1,1,1],["2024-02-29T00:00:00+00:00",1,1,0],["2024-04-01T00:00:00+00:00",1,1,0],["2024-05-03T00:00:00+00:00",1,1,0],["2024-07-06T00:00:00+00:00",1,1,0],["2024-09-06T00:00:00+00:00",1,1,0],["2024-12-01T00:00:00+00:00",1,1,0],["2025-02-25T00:00:00+00:00",1,1,0],["2025-04-04T00:00:00+00:00",1,1,0],["2025-07-08T00:00:00+00:00",1,1,0],["2025-09-22T00:00:00+00:00",1,1,0]]},"geometry":{"type":"Point","coordinates":[34.459647,31.541208]}},{"type":"Feature","properties":{"site_id":5,"event_code":"CE20231007PSE","latest_date":"2025-09-22T00:00:00+00:00","latest_class":2,"pass_count":13,"h":[["2023-11-07T00:00:00+00:00",2,1,3],["2023-11-26T00:00:00+00:00",2,1,0],["2024-01-06T00:00:00+00:00",2,1,0],["2024-02-29T00:00:00+00:00",2,1,0],["2024-04-01T00:00:00+00:00",2,1,0],["2024-05-03T00:00:00+00:00",2,1,0],["2024-07-06T00:00:00+00:00",2,1,0],["2024-09-06T00:00:00+00:00",2,1,0],["2024-12-01T00:00:00+00:00",2,1,0],["2025-02-25T00:00:00+00:00",2,1,0],["2025-04-04T00:00:00+00:00",2,1,0],["2025-07-08T00:00:00+00:00",2,1,0],["2025-09-22T00:00:00+00:00",2,1,0]]},"geometry":{"type":"Point","coordinates":[34.461503,31.540878]}},{"type":"Feature","properties":{"site_id":26,"event_code":"CE20231007PSE","latest_date":"2025-09-22T00:00:00+00:00","latest_class":1,"pass_count":14,"h":[["2023-10-15T00:00:00+00:00",4,3,null],["2023-11-07T00:00:00+00:00",1,1,1],["2023-11-26T00:00:00+00:00",1,1,0],["2024-01-06T00:00:00+00:00",1,1,0],["2024-02-29T00:00:00+00:00",1,1,0],["2024-04-01T00:00:00+00:00",1,1,0],["2024-05-03T00:00:00+00:00",1,1,0],["2024-07-06T00:00:00+00:00",1,1,0],["2024-09-06T00:00:00+00:00",1,1,0],["2024-12-01T00:00:00+00:00",1,1,0],["2025-02-25T00:00:00+00:00",1,1,0],["2025-04-04T00:00:00+00:00",1,1,0],["2025-07-08T00:00:00+00:00",1,1,0],["2025-09-22T00:00:00+00:00",1,1,0]]},"geometry":{"type":"Point","coordinates":[34.457747,31.540275]}},{"type":"Feature","properties":{"site_id":26,"event_code":"CE20231007PSE","latest_date":"2025-09-22T00:00:00+00:00","latest_class":1,"pass_count":13,"h":[["2023-11-07T00:00:00+00:00",1,1,3],["2023-11-26T00:00:00+00:00",1,1,0],["2024-01-06T00:00:00+00:00",1,1,0],["2024-02-29T00:00:00+00:00",1,1,0],["2024-04-01T00:00:00+00:00",1,1,0],["2024-05-03T00:00:00+00:00",1,1,0],["2024-07-06T00:00:00+00:00",1,1,0],["2024-09-06T00:00:00+00:00",1,1,0],["2024-12-01T00:00:00+00:00",1,1,0],["2025-02-25T00:00:00+00:00",1,1,0],["2025-04-04T00:00:00+00:00",1,1,0],["2025-07-08T00:00:00+00:00",1,1,0],["2025-09-22T00:00:00+00:00",1,1,0]]},"geometry":{"type":"Point","coordinates":[34.458547,31.539686]}},{"type":"Feature","properties":{"site_id":26,"event_code":"CE20231007PSE","latest_date":"2025-09-22T00:00:00+00:00","latest_class":1,"pass_count":13,"h":[["2023-11-07T00:00:00+00:00",1,1,3],["2023-11-26T00:00:00+00:00",1,1,0],["2024-01-06T00:00:00+00:00",1,1,0],["2024-02-29T00:00:00+00:00",1,1,0],["2024-04-01T00:00:00+00:00",1,1,0],["2024-05-03T00:00:00+00:00",1,1,0],["2024-07-06T00:00:00+00:00",1,1,0],["2024-09-06T00:00:00+00:00",1,1,0],["2024-12-01T00:00:00+00:00",1,1,0],["2025-02-25T00:00:00+00:00",1,1,0],["2025-04-04T00:00:00+00:00",1,1,0],["2025-07-08T00:00:00+00:00",1,1,0],["2025-09-22T00:00:00+00:00",1,1,0]]},"geometry":{"type":"Point","coordinates":[34.458735,31.539756]}},{"type":"Feature","properties":{"site_id":26,"event_code":"CE20231007PSE","latest_date":"2025-09-22T00:00:00+00:00","latest_class":1,"pass_count":13,"h":[["2023-11-07T00:00:00+00:00",1,1,3],["2023-11-26T00:00:00+00:00",1,1,0],["2024-01-06T00:00:00+00:00",1,1,0],["2024-02-29T00:00:00+00:00",1,1,0],["2024-04-01T00:00:00+00:00",1,1,0],["2024-05-03T00:00:00+00:00",1,1,0],["2024-07-06T00:00:00+00:00",1,1,0],["2024-09-06T00:00:00+00:00",1,1,0],["2024-12-01T00:00:00+00:00",1,1,0],["2025-02-25T00:00:00+00:00",1,1,0],["2025-04-04T00:00:00+00:00",1,1,0],["2025-07-08T00:00:00+00:00",1,1,0],["2025-09-22T00:00:00+00:00",1,1,0]]},"geometry":{"type":"Point","coordinates":[34.458974,31.539913]}},{"type":"Feature","properties":{"site_id":26,"event_code":"CE20231007PSE","latest_date":"2025-09-22T00:00:00+00:00","latest_class":1,"pass_count":13,"h":[["2023-11-07T00:00:00+00:00",1,1,3],["2023-11-26T00:00:00+00:00",1,1,0],["2024-01-06T00:00:00+00:00",1,1,0],["2024-02-29T00:00:00+00:00",1,1,0],["2024-04-01T00:00:00+00:00",1,1,0],["2024-05-03T00:00:00+00:00",1,1,0],["2024-07-06T00:00:00+00:00",1,1,0],["2024-09-06T00:00:00+00:00",1,1,0],["2024-12-01T00:00:00+00:00",1,1,0],["2025-02-25T00:00:00+00:00",1,1,0],["2025-04-04T00:00:00+00:00",1,1,0],["2025-07-08T00:00:00+00:00",1,1,0],["2025-09-22T00:00:00+00:00",1,1,0]]},"geometry":{"type":"Point","coordinates":[34.459135,31.539796]}},{"type":"Feature","properties":{"site_id":26,"event_code":"CE20231007PSE","latest_date":"2025-09-22T00:00:00+00:00","latest_class":1,"pass_count":13,"h":[["2023-11-07T00:00:00+00:00",1,1,3],["2023-11-26T00:00:00+00:00",1,1,0],["2024-01-06T00:00:00+00:00",1,1,0],["2024-02-29T00:00:00+00:00",1,1,0],["2024-04-01T00:00:00+00:00",1,1,0],["2024-05-03T00:00:00+00:00",1,1,0],["2024-07-06T00:00:00+00:00",1,1,0],["2024-09-06T00:00:00+00:00",1,1,0],["2024-12-01T00:00:00+00:00",1,1,0],["2025-02-25T00:00:00+00:00",1,1,0],["2025-04-04T00:00:00+00:00",1,1,0],["2025-07-08T00:00:00+00:00",1,1,0],["2025-09-22T00:00:00+00:00",1,1,0]]},"geometry":{"type":"Point","coordinates":[34.459479,31.540347]}},{"type":"Feature","properties":{"site_id":26,"event_code":"CE20231007PSE","latest_date":"2025-09-22T00:00:00+00:00","latest_class":1,"pass_count":13,"h":[["2023-11-07T00:00:00+00:00",1,1,3],["2023-11-26T00:00:00+00:00",1,1,0],["2024-01-06T00:00:00+00:00",1,1,0],["2024-02-29T00:00:00+00:00",1,1,0],["2024-04-01T00:00:00+00:00",1,1,0],["2024-05-03T00:00:00+00:00",1,1,0],["2024-07-06T00:00:00+00:00",1,1,0],["2024-09-06T00:00:00+00:00",1,1,0],["2024-12-01T00:00:00+00:00",1,1,0],["2025-02-25T00:00:00+00:00",1,1,0],["2025-04-04T00:00:00+00:00",1,1,0],["2025-07-08T00:00:00+00:00",1,1,0],["2025-09-22T00:00:00+00:00",1,1,0]]},"geometry":{"type":"Point","coordinates":[34.459622,31.539848]}},{"type":"Feature","properties":{"site_id":26,"event_code":"CE20231007PSE","latest_date":"2025-09-22T00:00:00+00:00","latest_class":1,"pass_count":13,"h":[["2023-11-07T00:00:00+00:00",1,1,3],["2023-11-26T00:00:00+00:00",1,1,0],["2024-01-06T00:00:00+00:00",1,1,0],["2024-02-29T00:00:00+00:00",1,1,0],["2024-04-01T00:00:00+00:00",1,1,0],["2024-05-03T00:00:00+00:00",1,1,0],["2024-07-06T00:00:00+00:00",1,1,0],["2024-09-06T00:00:00+00:00",1,1,0],["2024-12-01T00:00:00+00:00",1,1,0],["2025-02-25T00:00:00+00:00",1,1,0],["2025-04-04T00:00:00+00:00",1,1,0],["2025-07-08T00:00:00+00:00",1,1,0],["2025-09-22T00:00:00+00:00",1,1,0]]},"geometry":{"type":"Point","coordinates":[34.459477,31.53972]}},{"type":"Feature","properties":{"site_id":26,"event_code":"CE20231007PSE","latest_date":"2025-09-22T00:00:00+00:00","latest_class":1,"pass_count":13,"h":[["2023-11-07T00:00:00+00:00",1,1,3],["2023-11-26T00:00:00+00:00",1,1,0],["2024-01-06T00:00:00+00:00",1,1,0],["2024-02-29T00:00:00+00:00",1,1,0],["2024-04-01T00:00:00+00:00",1,1,0],["2024-05-03T00:00:00+00:00",1,1,0],["2024-07-06T00:00:00+00:00",1,1,0],["2024-09-06T00:00:00+00:00",1,1,0],["2024-12-01T00:00:00+00:00",1,1,0],["2025-02-25T00:00:00+00:00",1,1,0],["2025-04-04T00:00:00+00:00",1,1,0],["2025-07-08T00:00:00+00:00",1,1,0],["2025-09-22T00:00:00+00:00",1,1,0]]},"geometry":{"type":"Point","coordinates":[34.459906,31.539666]}},{"type":"Feature","properties":{"site_id":26,"event_code":"CE20231007PSE","latest_date":"2025-09-22T00:00:00+00:00","latest_class":1,"pass_count":13,"h":[["2023-11-07T00:00:00+00:00",1,1,3],["2023-11-26T00:00:00+00:00",1,1,0],["2024-01-06T00:00:00+00:00",1,1,0],["2024-02-29T00:00:00+00:00",1,1,0],["2024-04-01T00:00:00+00:00",1,1,0],["2024-05-03T00:00:00+00:00",1,1,0],["2024-07-06T00:00:00+00:00",1,1,0],["2024-09-06T00:00:00+00:00",1,1,0],["2024-12-01T00:00:00+00:00",1,1,0],["2025-02-25T00:00:00+00:00",1,1,0],["2025-04-04T00:00:00+00:00",1,1,0],["2025-07-08T00:00:00+00:00",1,1,0],["2025-09-22T00:00:00+00:00",1,1,0]]},"geometry":{"type":"Point","coordinates":[34.459774,31.539574]}},{"type":"Feature","properties":{"site_id":26,"event_code":"CE20231007PSE","latest_date":"2025-09-22T00:00:00+00:00","latest_class":1,"pass_count":13,"h":[["2023-11-07T00:00:00+00:00",1,1,3],["2023-11-26T00:00:00+00:00",1,1,0],["2024-01-06T00:00:00+00:00",1,1,0],["2024-02-29T00:00:00+00:00",1,1,0],["2024-04-01T00:00:00+00:00",1,1,0],["2024-05-03T00:00:00+00:00",1,1,0],["2024-07-06T00:00:00+00:00",1,1,0],["2024-09-06T00:00:00+00:00",1,1,0],["2024-12-01T00:00:00+00:00",1,1,0],["2025-02-25T00:00:00+00:00",1,1,0],["2025-04-04T00:00:00+00:00",1,1,0],["2025-07-08T00:00:00+00:00",1,1,0],["2025-09-22T00:00:00+00:00",1,1,0]]},"geometry":{"type":"Point","coordinates":[34.460289,31.539643]}},{"type":"Feature","properties":{"site_id":26,"event_code":"CE20231007PSE","latest_date":"2025-09-22T00:00:00+00:00","latest_class":1,"pass_count":13,"h":[["2023-11-07T00:00:00+00:00",1,1,3],["2023-11-26T00:00:00+00:00",1,1,0],["2024-01-06T00:00:00+00:00",1,1,0],["2024-02-29T00:00:00+00:00",1,1,0],["2024-04-01T00:00:00+00:00",1,1,0],["2024-05-03T00:00:00+00:00",1,1,0],["2024-07-06T00:00:00+00:00",1,1,0],["2024-09-06T00:00:00+00:00",1,1,0],["2024-12-01T00:00:00+00:00",1,1,0],["2025-02-25T00:00:00+00:00",1,1,0],["2025-04-04T00:00:00+00:00",1,1,0],["2025-07-08T00:00:00+00:00",1,1,0],["2025-09-22T00:00:00+00:00",1,1,0]]},"geometry":{"type":"Point","coordinates":[34.46047,31.540048]}},{"type":"Feature","properties":{"site_id":26,"event_code":"CE20231007PSE","latest_date":"2025-09-22T00:00:00+00:00","latest_class":1,"pass_count":13,"h":[["2023-11-07T00:00:00+00:00",1,1,3],["2023-11-26T00:00:00+00:00",1,1,0],["2024-01-06T00:00:00+00:00",1,1,0],["2024-02-29T00:00:00+00:00",1,1,0],["2024-04-01T00:00:00+00:00",1,1,0],["2024-05-03T00:00:00+00:00",1,1,0],["2024-07-06T00:00:00+00:00",1,1,0],["2024-09-06T00:00:00+00:00",1,1,0],["2024-12-01T00:00:00+00:00",1,1,0],["2025-02-25T00:00:00+00:00",1,1,0],["2025-04-04T00:00:00+00:00",1,1,0],["2025-07-08T00:00:00+00:00",1,1,0],["2025-09-22T00:00:00+00:00",1,1,0]]},"geometry":{"type":"Point","coordinates":[34.460526,31.540012]}},{"type":"Feature","properties":{"site_id":26,"event_code":"CE20231007PSE","latest_date":"2025-09-22T00:00:00+00:00","latest_class":1,"pass_count":13,"h":[["2023-11-07T00:00:00+00:00",1,1,3],["2023-11-26T00:00:00+00:00",1,1,0],["2024-01-06T00:00:00+00:00",1,1,0],["2024-02-29T00:00:00+00:00",1,1,0],["2024-04-01T00:00:00+00:00",1,1,0],["2024-05-03T00:00:00+00:00",1,1,0],["2024-07-06T00:00:00+00:00",1,1,0],["2024-09-06T00:00:00+00:00",1,1,0],["2024-12-01T00:00:00+00:00",1,1,0],["2025-02-25T00:00:00+00:00",1,1,0],["2025-04-04T00:00:00+00:00",1,1,0],["2025-07-08T00:00:00+00:00",1,1,0],["2025-09-22T00:00:00+00:00",1,1,0]]},"geometry":{"type":"Point","coordinates":[34.460761,31.539709]}},{"type":"Feature","properties":{"site_id":26,"event_code":"CE20231007PSE","latest_date":"2025-09-22T00:00:00+00:00","latest_class":1,"pass_count":13,"h":[["2023-11-07T00:00:00+00:00",1,1,3],["2023-11-26T00:00:00+00:00",1,1,0],["2024-01-06T00:00:00+00:00",1,1,0],["2024-02-29T00:00:00+00:00",1,1,0],["2024-04-01T00:00:00+00:00",1,1,0],["2024-05-03T00:00:00+00:00",1,1,0],["2024-07-06T00:00:00+00:00",1,1,0],["2024-09-06T00:00:00+00:00",1,1,0],["2024-12-01T00:00:00+00:00",1,1,0],["2025-02-25T00:00:00+00:00",1,1,0],["2025-04-04T00:00:00+00:00",1,1,0],["2025-07-08T00:00:00+00:00",1,1,0],["2025-09-22T00:00:00+00:00",1,1,0]]},"geometry":{"type":"Point","coordinates":[34.46095,31.539863]}},{"type":"Feature","properties":{"site_id":26,"event_code":"CE20231007PSE","latest_date":"2025-09-22T00:00:00+00:00","latest_class":1,"pass_count":13,"h":[["2023-11-07T00:00:00+00:00",1,1,3],["2023-11-26T00:00:00+00:00",1,1,0],["2024-01-06T00:00:00+00:00",1,1,0],["2024-02-29T00:00:00+00:00",1,1,0],["2024-04-01T00:00:00+00:00",1,1,0],["2024-05-03T00:00:00+00:00",1,1,0],["2024-07-06T00:00:00+00:00",1,1,0],["2024-09-06T00:00:00+00:00",1,1,0],["2024-12-01T00:00:00+00:00",1,1,0],["2025-02-25T00:00:00+00:00",1,1,0],["2025-04-04T00:00:00+00:00",1,1,0],["2025-07-08T00:00:00+00:00",1,1,0],["2025-09-22T00:00:00+00:00",1,1,0]]},"geometry":{"type":"Point","coordinates":[34.461062,31.539582]}},{"type":"Feature","properties":{"site_id":26,"event_code":"CE20231007PSE","latest_date":"2025-09-22T00:00:00+00:00","latest_class":1,"pass_count":13,"h":[["2023-11-07T00:00:00+00:00",1,1,3],["2023-11-26T00:00:00+00:00",1,1,0],["2024-01-06T00:00:00+00:00",1,1,0],["2024-02-29T00:00:00+00:00",1,1,0],["2024-04-01T00:00:00+00:00",1,1,0],["2024-05-03T00:00:00+00:00",1,1,0],["2024-07-06T00:00:00+00:00",1,1,0],["2024-09-06T00:00:00+00:00",1,1,0],["2024-12-01T00:00:00+00:00",1,1,0],["2025-02-25T00:00:00+00:00",1,1,0],["2025-04-04T00:00:00+00:00",1,1,0],["2025-07-08T00:00:00+00:00",1,1,0],["2025-09-22T00:00:00+00:00",1,1,0]]},"geometry":{"type":"Point","coordinates":[34.460947,31.539567]}},{"type":"Feature","properties":{"site_id":26,"event_code":"CE20231007PSE","latest_date":"2025-09-22T00:00:00+00:00","latest_class":1,"pass_count":13,"h":[["2023-11-07T00:00:00+00:00",1,1,3],["2023-11-26T00:00:00+00:00",1,1,0],["2024-01-06T00:00:00+00:00",1,1,0],["2024-02-29T00:00:00+00:00",1,1,0],["2024-04-01T00:00:00+00:00",1,1,0],["2024-05-03T00:00:00+00:00",1,1,0],["2024-07-06T00:00:00+00:00",1,1,0],["2024-09-06T00:00:00+00:00",1,1,0],["2024-12-01T00:00:00+00:00",1,1,0],["2025-02-25T00:00:00+00:00",1,1,0],["2025-04-04T00:00:00+00:00",1,1,0],["2025-07-08T00:00:00+00:00",1,1,0],["2025-09-22T00:00:00+00:00",1,1,0]]},"geometry":{"type":"Point","coordinates":[34.460848,31.539546]}},{"type":"Feature","properties":{"site_id":26,"event_code":"CE20231007PSE","latest_date":"2025-09-22T00:00:00+00:00","latest_class":1,"pass_count":13,"h":[["2023-11-07T00:00:00+00:00",1,1,3],["2023-11-26T00:00:00+00:00",1,1,0],["2024-01-06T00:00:00+00:00",1,1,0],["2024-02-29T00:00:00+00:00",1,1,0],["2024-04-01T00:00:00+00:00",1,1,0],["2024-05-03T00:00:00+00:00",1,1,0],["2024-07-06T00:00:00+00:00",1,1,0],["2024-09-06T00:00:00+00:00",1,1,0],["2024-12-01T00:00:00+00:00",1,1,0],["2025-02-25T00:00:00+00:00",1,1,0],["2025-04-04T00:00:00+00:00",1,1,0],["2025-07-08T00:00:00+00:00",1,1,0],["2025-09-22T00:00:00+00:00",1,1,0]]},"geometry":{"type":"Point","coordinates":[34.46106,31.539738]}},{"type":"Feature","properties":{"site_id":26,"event_code":"CE20231007PSE","latest_date":"2025-09-22T00:00:00+00:00","latest_class":1,"pass_count":13,"h":[["2023-11-07T00:00:00+00:00",1,1,3],["2023-11-26T00:00:00+00:00",1,1,0],["2024-01-06T00:00:00+00:00",1,1,0],["2024-02-29T00:00:00+00:00",1,1,0],["2024-04-01T00:00:00+00:00",1,1,0],["2024-05-03T00:00:00+00:00",1,1,0],["2024-07-06T00:00:00+00:00",1,1,0],["2024-09-06T00:00:00+00:00",1,1,0],["2024-12-01T00:00:00+00:00",1,1,0],["2025-02-25T00:00:00+00:00",1,1,0],["2025-04-04T00:00:00+00:00",1,1,0],["2025-07-08T00:00:00+00:00",1,1,0],["2025-09-22T00:00:00+00:00",1,1,0]]},"geometry":{"type":"Point","coordinates":[34.461168,31.539775]}},{"type":"Feature","properties":{"site_id":26,"event_code":"CE20231007PSE","latest_date":"2025-09-22T00:00:00+00:00","latest_class":1,"pass_count":13,"h":[["2023-11-07T00:00:00+00:00",1,1,3],["2023-11-26T00:00:00+00:00",1,1,0],["2024-01-06T00:00:00+00:00",1,1,0],["2024-02-29T00:00:00+00:00",1,1,0],["2024-04-01T00:00:00+00:00",1,1,0],["2024-05-03T00:00:00+00:00",1,1,0],["2024-07-06T00:00:00+00:00",1,1,0],["2024-09-06T00:00:00+00:00",1,1,0],["2024-12-01T00:00:00+00:00",1,1,0],["2025-02-25T00:00:00+00:00",1,1,0],["2025-04-04T00:00:00+00:00",1,1,0],["2025-07-08T00:00:00+00:00",1,1,0],["2025-09-22T00:00:00+00:00",1,1,0]]},"geometry":{"type":"Point","coordinates":[34.461224,31.539822]}},{"type":"Feature","properties":{"site_id":26,"event_code":"CE20231007PSE","latest_date":"2025-09-22T00:00:00+00:00","latest_class":1,"pass_count":13,"h":[["2023-11-07T00:00:00+00:00",1,1,3],["2023-11-26T00:00:00+00:00",1,1,0],["2024-01-06T00:00:00+00:00",1,1,0],["2024-02-29T00:00:00+00:00",1,1,0],["2024-04-01T00:00:00+00:00",1,1,0],["2024-05-03T00:00:00+00:00",1,1,0],["2024-07-06T00:00:00+00:00",1,1,0],["2024-09-06T00:00:00+00:00",1,1,0],["2024-12-01T00:00:00+00:00",1,1,0],["2025-02-25T00:00:00+00:00",1,1,0],["2025-04-04T00:00:00+00:00",1,1,0],["2025-07-08T00:00:00+00:00",1,1,0],["2025-09-22T00:00:00+00:00",1,1,0]]},"geometry":{"type":"Point","coordinates":[34.461288,31.539747]}},{"type":"Feature","properties":{"site_id":26,"event_code":"CE20231007PSE","latest_date":"2025-09-22T00:00:00+00:00","latest_class":1,"pass_count":13,"h":[["2023-11-07T00:00:00+00:00",1,1,3],["2023-11-26T00:00:00+00:00",1,1,0],["2024-01-06T00:00:00+00:00",1,1,0],["2024-02-29T00:00:00+00:00",1,1,0],["2024-04-01T00:00:00+00:00",1,1,0],["2024-05-03T00:00:00+00:00",1,1,0],["2024-07-06T00:00:00+00:00",1,1,0],["2024-09-06T00:00:00+00:00",1,1,0],["2024-12-01T00:00:00+00:00",1,1,0],["2025-02-25T00:00:00+00:00",1,1,0],["2025-04-04T00:00:00+00:00",1,1,0],["2025-07-08T00:00:00+00:00",1,1,0],["2025-09-22T00:00:00+00:00",1,1,0]]},"geometry":{"type":"Point","coordinates":[34.46132,31.539928]}},{"type":"Feature","properties":{"site_id":26,"event_code":"CE20231007PSE","latest_date":"2025-09-22T00:00:00+00:00","latest_class":1,"pass_count":13,"h":[["2023-11-07T00:00:00+00:00",1,1,3],["2023-11-26T00:00:00+00:00",1,1,0],["2024-01-06T00:00:00+00:00",1,1,0],["2024-02-29T00:00:00+00:00",1,1,0],["2024-04-01T00:00:00+00:00",1,1,0],["2024-05-03T00:00:00+00:00",1,1,0],["2024-07-06T00:00:00+00:00",1,1,0],["2024-09-06T00:00:00+00:00",1,1,0],["2024-12-01T00:00:00+00:00",1,1,0],["2025-02-25T00:00:00+00:00",1,1,0],["2025-04-04T00:00:00+00:00",1,1,0],["2025-07-08T00:00:00+00:00",1,1,0],["2025-09-22T00:00:00+00:00",1,1,0]]},"geometry":{"type":"Point","coordinates":[34.461294,31.539964]}},{"type":"Feature","properties":{"site_id":5,"event_code":"CE20231007PSE","latest_date":"2025-09-22T00:00:00+00:00","latest_class":3,"pass_count":13,"h":[["2023-11-07T00:00:00+00:00",3,2,3],["2023-11-26T00:00:00+00:00",3,2,0],["2024-01-06T00:00:00+00:00",3,2,0],["2024-02-29T00:00:00+00:00",3,2,0],["2024-04-01T00:00:00+00:00",3,2,0],["2024-05-03T00:00:00+00:00",3,2,0],["2024-07-06T00:00:00+00:00",3,2,0],["2024-09-06T00:00:00+00:00",3,2,0],["2024-12-01T00:00:00+00:00",3,2,0],["2025-02-25T00:00:00+00:00",3,2,0],["2025-04-04T00:00:00+00:00",3,2,0],["2025-07-08T00:00:00+00:00",3,2,0],["2025-09-22T00:00:00+00:00",3,2,0]]},"geometry":{"type":"Point","coordinates":[34.461251,31.540321]}},{"type":"Feature","properties":{"site_id":26,"event_code":"CE20231007PSE","latest_date":"2025-09-22T00:00:00+00:00","latest_class":1,"pass_count":13,"h":[["2023-11-07T00:00:00+00:00",2,1,3],["2023-11-26T00:00:00+00:00",1,1,1],["2024-01-06T00:00:00+00:00",1,1,0],["2024-02-29T00:00:00+00:00",1,1,0],["2024-04-01T00:00:00+00:00",1,1,0],["2024-05-03T00:00:00+00:00",1,1,0],["2024-07-06T00:00:00+00:00",1,1,0],["2024-09-06T00:00:00+00:00",1,1,0],["2024-12-01T00:00:00+00:00",1,1,0],["2025-02-25T00:00:00+00:00",1,1,0],["2025-04-04T00:00:00+00:00",1,1,0],["2025-07-08T00:00:00+00:00",1,1,0],["2025-09-22T00:00:00+00:00",1,1,0]]},"geometry":{"type":"Point","coordinates":[34.461824,31.539719]}},{"type":"Feature","properties":{"site_id":26,"event_code":"CE20231007PSE","latest_date":"2025-09-22T00:00:00+00:00","latest_class":1,"pass_count":13,"h":[["2023-11-07T00:00:00+00:00",2,1,3],["2023-11-26T00:00:00+00:00",1,1,1],["2024-01-06T00:00:00+00:00",1,1,0],["2024-02-29T00:00:00+00:00",1,1,0],["2024-04-01T00:00:00+00:00",1,1,0],["2024-05-03T00:00:00+00:00",1,1,0],["2024-07-06T00:00:00+00:00",1,1,0],["2024-09-06T00:00:00+00:00",1,1,0],["2024-12-01T00:00:00+00:00",1,1,0],["2025-02-25T00:00:00+00:00",1,1,0],["2025-04-04T00:00:00+00:00",1,1,0],["2025-07-08T00:00:00+00:00",1,1,0],["2025-09-22T00:00:00+00:00",1,1,0]]},"geometry":{"type":"Point","coordinates":[34.461568,31.53982]}},{"type":"Feature","properties":{"site_id":26,"event_code":"CE20231007PSE","latest_date":"2025-09-22T00:00:00+00:00","latest_class":1,"pass_count":13,"h":[["2023-11-07T00:00:00+00:00",1,1,3],["2023-11-26T00:00:00+00:00",1,1,0],["2024-01-06T00:00:00+00:00",1,1,0],["2024-02-29T00:00:00+00:00",1,1,0],["2024-04-01T00:00:00+00:00",1,1,0],["2024-05-03T00:00:00+00:00",1,1,0],["2024-07-06T00:00:00+00:00",1,1,0],["2024-09-06T00:00:00+00:00",1,1,0],["2024-12-01T00:00:00+00:00",1,1,0],["2025-02-25T00:00:00+00:00",1,1,0],["2025-04-04T00:00:00+00:00",1,1,0],["2025-07-08T00:00:00+00:00",1,1,0],["2025-09-22T00:00:00+00:00",1,1,0]]},"geometry":{"type":"Point","coordinates":[34.461425,31.539724]}},{"type":"Feature","properties":{"site_id":26,"event_code":"CE20231007PSE","latest_date":"2025-09-22T00:00:00+00:00","latest_class":1,"pass_count":13,"h":[["2023-11-07T00:00:00+00:00",1,1,3],["2023-11-26T00:00:00+00:00",1,1,0],["2024-01-06T00:00:00+00:00",1,1,0],["2024-02-29T00:00:00+00:00",1,1,0],["2024-04-01T00:00:00+00:00",1,1,0],["2024-05-03T00:00:00+00:00",1,1,0],["2024-07-06T00:00:00+00:00",1,1,0],["2024-09-06T00:00:00+00:00",1,1,0],["2024-12-01T00:00:00+00:00",1,1,0],["2025-02-25T00:00:00+00:00",1,1,0],["2025-04-04T00:00:00+00:00",1,1,0],["2025-07-08T00:00:00+00:00",1,1,0],["2025-09-22T00:00:00+00:00",1,1,0]]},"geometry":{"type":"Point","coordinates":[34.46146,31.539885]}},{"type":"Feature","properties":{"site_id":5,"event_code":"CE20231007PSE","latest_date":"2025-09-22T00:00:00+00:00","latest_class":1,"pass_count":13,"h":[["2023-11-07T00:00:00+00:00",1,1,3],["2023-11-26T00:00:00+00:00",1,1,0],["2024-01-06T00:00:00+00:00",1,1,0],["2024-02-29T00:00:00+00:00",1,1,0],["2024-04-01T00:00:00+00:00",1,1,0],["2024-05-03T00:00:00+00:00",1,1,0],["2024-07-06T00:00:00+00:00",1,1,0],["2024-09-06T00:00:00+00:00",1,1,0],["2024-12-01T00:00:00+00:00",1,1,0],["2025-02-25T00:00:00+00:00",1,1,0],["2025-04-04T00:00:00+00:00",1,1,0],["2025-07-08T00:00:00+00:00",1,1,0],["2025-09-22T00:00:00+00:00",1,1,0]]},"geometry":{"type":"Point","coordinates":[34.461546,31.539962]}},{"type":"Feature","properties":{"site_id":5,"event_code":"CE20231007PSE","latest_date":"2025-09-22T00:00:00+00:00","latest_class":1,"pass_count":13,"h":[["2023-11-07T00:00:00+00:00",1,1,3],["2023-11-26T00:00:00+00:00",1,1,0],["2024-01-06T00:00:00+00:00",1,1,0],["2024-02-29T00:00:00+00:00",1,1,0],["2024-04-01T00:00:00+00:00",1,1,0],["2024-05-03T00:00:00+00:00",1,1,0],["2024-07-06T00:00:00+00:00",1,1,0],["2024-09-06T00:00:00+00:00",1,1,0],["2024-12-01T00:00:00+00:00",1,1,0],["2025-02-25T00:00:00+00:00",1,1,0],["2025-04-04T00:00:00+00:00",1,1,0],["2025-07-08T00:00:00+00:00",1,1,0],["2025-09-22T00:00:00+00:00",1,1,0]]},"geometry":{"type":"Point","coordinates":[34.46164,31.539903]}},{"type":"Feature","properties":{"site_id":5,"event_code":"CE20231007PSE","latest_date":"2025-09-22T00:00:00+00:00","latest_class":1,"pass_count":13,"h":[["2023-11-07T00:00:00+00:00",1,1,3],["2023-11-26T00:00:00+00:00",1,1,0],["2024-01-06T00:00:00+00:00",1,1,0],["2024-02-29T00:00:00+00:00",1,1,0],["2024-04-01T00:00:00+00:00",1,1,0],["2024-05-03T00:00:00+00:00",1,1,0],["2024-07-06T00:00:00+00:00",1,1,0],["2024-09-06T00:00:00+00:00",1,1,0],["2024-12-01T00:00:00+00:00",1,1,0],["2025-02-25T00:00:00+00:00",1,1,0],["2025-04-04T00:00:00+00:00",1,1,0],["2025-07-08T00:00:00+00:00",1,1,0],["2025-09-22T00:00:00+00:00",1,1,0]]},"geometry":{"type":"Point","coordinates":[34.461647,31.539993]}},{"type":"Feature","properties":{"site_id":5,"event_code":"CE20231007PSE","latest_date":"2025-09-22T00:00:00+00:00","latest_class":1,"pass_count":13,"h":[["2023-11-07T00:00:00+00:00",1,1,3],["2023-11-26T00:00:00+00:00",1,1,0],["2024-01-06T00:00:00+00:00",1,1,0],["2024-02-29T00:00:00+00:00",1,1,0],["2024-04-01T00:00:00+00:00",1,1,0],["2024-05-03T00:00:00+00:00",1,1,0],["2024-07-06T00:00:00+00:00",1,1,0],["2024-09-06T00:00:00+00:00",1,1,0],["2024-12-01T00:00:00+00:00",1,1,0],["2025-02-25T00:00:00+00:00",1,1,0],["2025-04-04T00:00:00+00:00",1,1,0],["2025-07-08T00:00:00+00:00",1,1,0],["2025-09-22T00:00:00+00:00",1,1,0]]},"geometry":{"type":"Point","coordinates":[34.461798,31.540141]}},{"type":"Feature","properties":{"site_id":5,"event_code":"CE20231007PSE","latest_date":"2025-09-22T00:00:00+00:00","latest_class":1,"pass_count":13,"h":[["2023-11-07T00:00:00+00:00",1,1,3],["2023-11-26T00:00:00+00:00",1,1,0],["2024-01-06T00:00:00+00:00",1,1,0],["2024-02-29T00:00:00+00:00",1,1,0],["2024-04-01T00:00:00+00:00",1,1,0],["2024-05-03T00:00:00+00:00",1,1,0],["2024-07-06T00:00:00+00:00",1,1,0],["2024-09-06T00:00:00+00:00",1,1,0],["2024-12-01T00:00:00+00:00",1,1,0],["2025-02-25T00:00:00+00:00",1,1,0],["2025-04-04T00:00:00+00:00",1,1,0],["2025-07-08T00:00:00+00:00",1,1,0],["2025-09-22T00:00:00+00:00",1,1,0]]},"geometry":{"type":"Point","coordinates":[34.461771,31.539993]}},{"type":"Feature","properties":{"site_id":26,"event_code":"CE20231007PSE","latest_date":"2025-09-22T00:00:00+00:00","latest_class":1,"pass_count":13,"h":[["2023-11-07T00:00:00+00:00",2,1,3],["2023-11-26T00:00:00+00:00",1,1,1],["2024-01-06T00:00:00+00:00",1,1,0],["2024-02-29T00:00:00+00:00",1,1,0],["2024-04-01T00:00:00+00:00",1,1,0],["2024-05-03T00:00:00+00:00",1,1,0],["2024-07-06T00:00:00+00:00",1,1,0],["2024-09-06T00:00:00+00:00",1,1,0],["2024-12-01T00:00:00+00:00",1,1,0],["2025-02-25T00:00:00+00:00",1,1,0],["2025-04-04T00:00:00+00:00",1,1,0],["2025-07-08T00:00:00+00:00",1,1,0],["2025-09-22T00:00:00+00:00",1,1,0]]},"geometry":{"type":"Point","coordinates":[34.461879,31.540024]}},{"type":"Feature","properties":{"site_id":26,"event_code":"CE20231007PSE","latest_date":"2025-09-22T00:00:00+00:00","latest_class":1,"pass_count":13,"h":[["2023-11-07T00:00:00+00:00",2,1,3],["2023-11-26T00:00:00+00:00",1,1,1],["2024-01-06T00:00:00+00:00",1,1,0],["2024-02-29T00:00:00+00:00",1,1,0],["2024-04-01T00:00:00+00:00",1,1,0],["2024-05-03T00:00:00+00:00",1,1,0],["2024-07-06T00:00:00+00:00",1,1,0],["2024-09-06T00:00:00+00:00",1,1,0],["2024-12-01T00:00:00+00:00",1,1,0],["2025-02-25T00:00:00+00:00",1,1,0],["2025-04-04T00:00:00+00:00",1,1,0],["2025-07-08T00:00:00+00:00",1,1,0],["2025-09-22T00:00:00+00:00",1,1,0]]},"geometry":{"type":"Point","coordinates":[34.462139,31.540012]}},{"type":"Feature","properties":{"site_id":26,"event_code":"CE20231007PSE","latest_date":"2025-09-22T00:00:00+00:00","latest_class":1,"pass_count":13,"h":[["2023-11-07T00:00:00+00:00",2,1,3],["2023-11-26T00:00:00+00:00",1,1,1],["2024-01-06T00:00:00+00:00",1,1,0],["2024-02-29T00:00:00+00:00",1,1,0],["2024-04-01T00:00:00+00:00",1,1,0],["2024-05-03T00:00:00+00:00",1,1,0],["2024-07-06T00:00:00+00:00",1,1,0],["2024-09-06T00:00:00+00:00",1,1,0],["2024-12-01T00:00:00+00:00",1,1,0],["2025-02-25T00:00:00+00:00",1,1,0],["2025-04-04T00:00:00+00:00",1,1,0],["2025-07-08T00:00:00+00:00",1,1,0],["2025-09-22T00:00:00+00:00",1,1,0]]},"geometry":{"type":"Point","coordinates":[34.462127,31.539844]}},{"type":"Feature","properties":{"site_id":26,"event_code":"CE20231007PSE","latest_date":"2025-09-22T00:00:00+00:00","latest_class":1,"pass_count":13,"h":[["2023-11-07T00:00:00+00:00",2,1,3],["2023-11-26T00:00:00+00:00",2,1,0],["2024-01-06T00:00:00+00:00",2,1,0],["2024-02-29T00:00:00+00:00",1,1,1],["2024-04-01T00:00:00+00:00",1,1,0],["2024-05-03T00:00:00+00:00",1,1,0],["2024-07-06T00:00:00+00:00",1,1,0],["2024-09-06T00:00:00+00:00",1,1,0],["2024-12-01T00:00:00+00:00",1,1,0],["2025-02-25T00:00:00+00:00",1,1,0],["2025-04-04T00:00:00+00:00",1,1,0],["2025-07-08T00:00:00+00:00",1,1,0],["2025-09-22T00:00:00+00:00",1,1,0]]},"geometry":{"type":"Point","coordinates":[34.463348,31.539375]}},{"type":"Feature","properties":{"site_id":26,"event_code":"CE20231007PSE","latest_date":"2025-09-22T00:00:00+00:00","latest_class":3,"pass_count":13,"h":[["2023-11-07T00:00:00+00:00",3,2,3],["2023-11-26T00:00:00+00:00",3,2,0],["2024-01-06T00:00:00+00:00",3,2,0],["2024-02-29T00:00:00+00:00",3,2,0],["2024-04-01T00:00:00+00:00",3,2,0],["2024-05-03T00:00:00+00:00",3,2,0],["2024-07-06T00:00:00+00:00",3,2,0],["2024-09-06T00:00:00+00:00",3,2,0],["2024-12-01T00:00:00+00:00",3,2,0],["2025-02-25T00:00:00+00:00",3,2,0],["2025-04-04T00:00:00+00:00",3,2,0],["2025-07-08T00:00:00+00:00",3,2,0],["2025-09-22T00:00:00+00:00",3,2,0]]},"geometry":{"type":"Point","coordinates":[34.462784,31.538907]}},{"type":"Feature","properties":{"site_id":26,"event_code":"CE20231007PSE","latest_date":"2025-09-22T00:00:00+00:00","latest_class":1,"pass_count":13,"h":[["2023-11-07T00:00:00+00:00",1,1,3],["2023-11-26T00:00:00+00:00",1,1,0],["2024-01-06T00:00:00+00:00",1,1,0],["2024-02-29T00:00:00+00:00",1,1,0],["2024-04-01T00:00:00+00:00",1,1,0],["2024-05-03T00:00:00+00:00",1,1,0],["2024-07-06T00:00:00+00:00",1,1,0],["2024-09-06T00:00:00+00:00",1,1,0],["2024-12-01T00:00:00+00:00",1,1,0],["2025-02-25T00:00:00+00:00",1,1,0],["2025-04-04T00:00:00+00:00",1,1,0],["2025-07-08T00:00:00+00:00",1,1,0],["2025-09-22T00:00:00+00:00",1,1,0]]},"geometry":{"type":"Point","coordinates":[34.462493,31.539362]}},{"type":"Feature","properties":{"site_id":1,"event_code":"CE20231007PSE","latest_date":"2025-09-22T00:00:00+00:00","latest_class":1,"pass_count":13,"h":[["2023-11-07T00:00:00+00:00",1,1,3],["2023-11-26T00:00:00+00:00",1,1,0],["2024-01-06T00:00:00+00:00",1,1,0],["2024-02-29T00:00:00+00:00",1,1,0],["2024-04-01T00:00:00+00:00",1,1,0],["2024-05-03T00:00:00+00:00",1,1,0],["2024-07-06T00:00:00+00:00",1,1,0],["2024-09-06T00:00:00+00:00",1,1,0],["2024-12-01T00:00:00+00:00",1,1,0],["2025-02-25T00:00:00+00:00",1,1,0],["2025-04-04T00:00:00+00:00",1,1,0],["2025-07-08T00:00:00+00:00",1,1,0],["2025-09-22T00:00:00+00:00",1,1,0]]},"geometry":{"type":"Point","coordinates":[34.462375,31.538557]}},{"type":"Feature","properties":{"site_id":26,"event_code":"CE20231007PSE","latest_date":"2025-09-22T00:00:00+00:00","latest_class":1,"pass_count":13,"h":[["2023-11-07T00:00:00+00:00",1,1,3],["2023-11-26T00:00:00+00:00",1,1,0],["2024-01-06T00:00:00+00:00",1,1,0],["2024-02-29T00:00:00+00:00",1,1,0],["2024-04-01T00:00:00+00:00",1,1,0],["2024-05-03T00:00:00+00:00",1,1,0],["2024-07-06T00:00:00+00:00",1,1,0],["2024-09-06T00:00:00+00:00",1,1,0],["2024-12-01T00:00:00+00:00",1,1,0],["2025-02-25T00:00:00+00:00",1,1,0],["2025-04-04T00:00:00+00:00",1,1,0],["2025-07-08T00:00:00+00:00",1,1,0],["2025-09-22T00:00:00+00:00",1,1,0]]},"geometry":{"type":"Point","coordinates":[34.460543,31.539208]}},{"type":"Feature","properties":{"site_id":26,"event_code":"CE20231007PSE","latest_date":"2025-09-22T00:00:00+00:00","latest_class":1,"pass_count":13,"h":[["2023-11-07T00:00:00+00:00",1,1,3],["2023-11-26T00:00:00+00:00",1,1,0],["2024-01-06T00:00:00+00:00",1,1,0],["2024-02-29T00:00:00+00:00",1,1,0],["2024-04-01T00:00:00+00:00",1,1,0],["2024-05-03T00:00:00+00:00",1,1,0],["2024-07-06T00:00:00+00:00",1,1,0],["2024-09-06T00:00:00+00:00",1,1,0],["2024-12-01T00:00:00+00:00",1,1,0],["2025-02-25T00:00:00+00:00",1,1,0],["2025-04-04T00:00:00+00:00",1,1,0],["2025-07-08T00:00:00+00:00",1,1,0],["2025-09-22T00:00:00+00:00",1,1,0]]},"geometry":{"type":"Point","coordinates":[34.460475,31.539263]}},{"type":"Feature","properties":{"site_id":26,"event_code":"CE20231007PSE","latest_date":"2025-09-22T00:00:00+00:00","latest_class":1,"pass_count":13,"h":[["2023-11-07T00:00:00+00:00",1,1,3],["2023-11-26T00:00:00+00:00",1,1,0],["2024-01-06T00:00:00+00:00",1,1,0],["2024-02-29T00:00:00+00:00",1,1,0],["2024-04-01T00:00:00+00:00",1,1,0],["2024-05-03T00:00:00+00:00",1,1,0],["2024-07-06T00:00:00+00:00",1,1,0],["2024-09-06T00:00:00+00:00",1,1,0],["2024-12-01T00:00:00+00:00",1,1,0],["2025-02-25T00:00:00+00:00",1,1,0],["2025-04-04T00:00:00+00:00",1,1,0],["2025-07-08T00:00:00+00:00",1,1,0],["2025-09-22T00:00:00+00:00",1,1,0]]},"geometry":{"type":"Point","coordinates":[34.460479,31.539344]}},{"type":"Feature","properties":{"site_id":26,"event_code":"CE20231007PSE","latest_date":"2025-09-22T00:00:00+00:00","latest_class":1,"pass_count":13,"h":[["2023-11-07T00:00:00+00:00",2,1,3],["2023-11-26T00:00:00+00:00",1,1,1],["2024-01-06T00:00:00+00:00",1,1,0],["2024-02-29T00:00:00+00:00",1,1,0],["2024-04-01T00:00:00+00:00",1,1,0],["2024-05-03T00:00:00+00:00",1,1,0],["2024-07-06T00:00:00+00:00",1,1,0],["2024-09-06T00:00:00+00:00",1,1,0],["2024-12-01T00:00:00+00:00",1,1,0],["2025-02-25T00:00:00+00:00",1,1,0],["2025-04-04T00:00:00+00:00",1,1,0],["2025-07-08T00:00:00+00:00",1,1,0],["2025-09-22T00:00:00+00:00",1,1,0]]},"geometry":{"type":"Point","coordinates":[34.460565,31.5394]}},{"type":"Feature","properties":{"site_id":26,"event_code":"CE20231007PSE","latest_date":"2025-09-22T00:00:00+00:00","latest_class":1,"pass_count":13,"h":[["2023-11-07T00:00:00+00:00",3,2,3],["2023-11-26T00:00:00+00:00",1,2,1],["2024-01-06T00:00:00+00:00",1,2,0],["2024-02-29T00:00:00+00:00",1,2,0],["2024-04-01T00:00:00+00:00",1,2,0],["2024-05-03T00:00:00+00:00",1,2,0],["2024-07-06T00:00:00+00:00",1,2,0],["2024-09-06T00:00:00+00:00",1,2,0],["2024-12-01T00:00:00+00:00",1,2,0],["2025-02-25T00:00:00+00:00",1,2,0],["2025-04-04T00:00:00+00:00",1,2,0],["2025-07-08T00:00:00+00:00",1,2,0],["2025-09-22T00:00:00+00:00",1,2,0]]},"geometry":{"type":"Point","coordinates":[34.460625,31.539288]}},{"type":"Feature","properties":{"site_id":26,"event_code":"CE20231007PSE","latest_date":"2025-09-22T00:00:00+00:00","latest_class":1,"pass_count":13,"h":[["2023-11-07T00:00:00+00:00",2,1,3],["2023-11-26T00:00:00+00:00",1,1,1],["2024-01-06T00:00:00+00:00",1,1,0],["2024-02-29T00:00:00+00:00",1,1,0],["2024-04-01T00:00:00+00:00",1,1,0],["2024-05-03T00:00:00+00:00",1,1,0],["2024-07-06T00:00:00+00:00",1,1,0],["2024-09-06T00:00:00+00:00",1,1,0],["2024-12-01T00:00:00+00:00",1,1,0],["2025-02-25T00:00:00+00:00",1,1,0],["2025-04-04T00:00:00+00:00",1,1,0],["2025-07-08T00:00:00+00:00",1,1,0],["2025-09-22T00:00:00+00:00",1,1,0]]},"geometry":{"type":"Point","coordinates":[34.460822,31.539238]}},{"type":"Feature","properties":{"site_id":26,"event_code":"CE20231007PSE","latest_date":"2025-09-22T00:00:00+00:00","latest_class":1,"pass_count":13,"h":[["2023-11-07T00:00:00+00:00",2,1,3],["2023-11-26T00:00:00+00:00",1,1,1],["2024-01-06T00:00:00+00:00",1,1,0],["2024-02-29T00:00:00+00:00",1,1,0],["2024-04-01T00:00:00+00:00",1,1,0],["2024-05-03T00:00:00+00:00",1,1,0],["2024-07-06T00:00:00+00:00",1,1,0],["2024-09-06T00:00:00+00:00",1,1,0],["2024-12-01T00:00:00+00:00",1,1,0],["2025-02-25T00:00:00+00:00",1,1,0],["2025-04-04T00:00:00+00:00",1,1,0],["2025-07-08T00:00:00+00:00",1,1,0],["2025-09-22T00:00:00+00:00",1,1,0]]},"geometry":{"type":"Point","coordinates":[34.460706,31.539071]}},{"type":"Feature","properties":{"site_id":26,"event_code":"CE20231007PSE","latest_date":"2025-09-22T00:00:00+00:00","latest_class":1,"pass_count":13,"h":[["2023-11-07T00:00:00+00:00",1,1,3],["2023-11-26T00:00:00+00:00",1,1,0],["2024-01-06T00:00:00+00:00",1,1,0],["2024-02-29T00:00:00+00:00",1,1,0],["2024-04-01T00:00:00+00:00",1,1,0],["2024-05-03T00:00:00+00:00",1,1,0],["2024-07-06T00:00:00+00:00",1,1,0],["2024-09-06T00:00:00+00:00",1,1,0],["2024-12-01T00:00:00+00:00",1,1,0],["2025-02-25T00:00:00+00:00",1,1,0],["2025-04-04T00:00:00+00:00",1,1,0],["2025-07-08T00:00:00+00:00",1,1,0],["2025-09-22T00:00:00+00:00",1,1,0]]},"geometry":{"type":"Point","coordinates":[34.460768,31.538993]}},{"type":"Feature","properties":{"site_id":26,"event_code":"CE20231007PSE","latest_date":"2025-09-22T00:00:00+00:00","latest_class":1,"pass_count":13,"h":[["2023-11-07T00:00:00+00:00",2,1,3],["2023-11-26T00:00:00+00:00",1,1,1],["2024-01-06T00:00:00+00:00",1,1,0],["2024-02-29T00:00:00+00:00",1,1,0],["2024-04-01T00:00:00+00:00",1,1,0],["2024-05-03T00:00:00+00:00",1,1,0],["2024-07-06T00:00:00+00:00",1,1,0],["2024-09-06T00:00:00+00:00",1,1,0],["2024-12-01T00:00:00+00:00",1,1,0],["2025-02-25T00:00:00+00:00",1,1,0],["2025-04-04T00:00:00+00:00",1,1,0],["2025-07-08T00:00:00+00:00",1,1,0],["2025-09-22T00:00:00+00:00",1,1,0]]},"geometry":{"type":"Point","coordinates":[34.460901,31.539095]}},{"type":"Feature","properties":{"site_id":26,"event_code":"CE20231007PSE","latest_date":"2025-09-22T00:00:00+00:00","latest_class":1,"pass_count":13,"h":[["2023-11-07T00:00:00+00:00",1,1,3],["2023-11-26T00:00:00+00:00",1,1,0],["2024-01-06T00:00:00+00:00",1,1,0],["2024-02-29T00:00:00+00:00",1,1,0],["2024-04-01T00:00:00+00:00",1,1,0],["2024-05-03T00:00:00+00:00",1,1,0],["2024-07-06T00:00:00+00:00",1,1,0],["2024-09-06T00:00:00+00:00",1,1,0],["2024-12-01T00:00:00+00:00",1,1,0],["2025-02-25T00:00:00+00:00",1,1,0],["2025-04-04T00:00:00+00:00",1,1,0],["2025-07-08T00:00:00+00:00",1,1,0],["2025-09-22T00:00:00+00:00",1,1,0]]},"geometry":{"type":"Point","coordinates":[34.461137,31.538653]}},{"type":"Feature","properties":{"site_id":26,"event_code":"CE20231007PSE","latest_date":"2025-09-22T00:00:00+00:00","latest_class":1,"pass_count":13,"h":[["2023-11-07T00:00:00+00:00",1,1,3],["2023-11-26T00:00:00+00:00",1,1,0],["2024-01-06T00:00:00+00:00",1,1,0],["2024-02-29T00:00:00+00:00",1,1,0],["2024-04-01T00:00:00+00:00",1,1,0],["2024-05-03T00:00:00+00:00",1,1,0],["2024-07-06T00:00:00+00:00",1,1,0],["2024-09-06T00:00:00+00:00",1,1,0],["2024-12-01T00:00:00+00:00",1,1,0],["2025-02-25T00:00:00+00:00",1,1,0],["2025-04-04T00:00:00+00:00",1,1,0],["2025-07-08T00:00:00+00:00",1,1,0],["2025-09-22T00:00:00+00:00",1,1,0]]},"geometry":{"type":"Point","coordinates":[34.461201,31.539339]}},{"type":"Feature","properties":{"site_id":26,"event_code":"CE20231007PSE","latest_date":"2025-09-22T00:00:00+00:00","latest_class":1,"pass_count":13,"h":[["2023-11-07T00:00:00+00:00",1,1,3],["2023-11-26T00:00:00+00:00",1,1,0],["2024-01-06T00:00:00+00:00",1,1,0],["2024-02-29T00:00:00+00:00",1,1,0],["2024-04-01T00:00:00+00:00",1,1,0],["2024-05-03T00:00:00+00:00",1,1,0],["2024-07-06T00:00:00+00:00",1,1,0],["2024-09-06T00:00:00+00:00",1,1,0],["2024-12-01T00:00:00+00:00",1,1,0],["2025-02-25T00:00:00+00:00",1,1,0],["2025-04-04T00:00:00+00:00",1,1,0],["2025-07-08T00:00:00+00:00",1,1,0],["2025-09-22T00:00:00+00:00",1,1,0]]},"geometry":{"type":"Point","coordinates":[34.46177,31.538837]}},{"type":"Feature","properties":{"site_id":26,"event_code":"CE20231007PSE","latest_date":"2025-09-22T00:00:00+00:00","latest_class":1,"pass_count":13,"h":[["2023-11-07T00:00:00+00:00",1,1,3],["2023-11-26T00:00:00+00:00",1,1,0],["2024-01-06T00:00:00+00:00",1,1,0],["2024-02-29T00:00:00+00:00",1,1,0],["2024-04-01T00:00:00+00:00",1,1,0],["2024-05-03T00:00:00+00:00",1,1,0],["2024-07-06T00:00:00+00:00",1,1,0],["2024-09-06T00:00:00+00:00",1,1,0],["2024-12-01T00:00:00+00:00",1,1,0],["2025-02-25T00:00:00+00:00",1,1,0],["2025-04-04T00:00:00+00:00",1,1,0],["2025-07-08T00:00:00+00:00",1,1,0],["2025-09-22T00:00:00+00:00",1,1,0]]},"geometry":{"type":"Point","coordinates":[34.46195,31.538906]}},{"type":"Feature","properties":{"site_id":26,"event_code":"CE20231007PSE","latest_date":"2025-09-22T00:00:00+00:00","latest_class":1,"pass_count":13,"h":[["2023-11-07T00:00:00+00:00",1,1,3],["2023-11-26T00:00:00+00:00",1,1,0],["2024-01-06T00:00:00+00:00",1,1,0],["2024-02-29T00:00:00+00:00",1,1,0],["2024-04-01T00:00:00+00:00",1,1,0],["2024-05-03T00:00:00+00:00",1,1,0],["2024-07-06T00:00:00+00:00",1,1,0],["2024-09-06T00:00:00+00:00",1,1,0],["2024-12-01T00:00:00+00:00",1,1,0],["2025-02-25T00:00:00+00:00",1,1,0],["2025-04-04T00:00:00+00:00",1,1,0],["2025-07-08T00:00:00+00:00",1,1,0],["2025-09-22T00:00:00+00:00",1,1,0]]},"geometry":{"type":"Point","coordinates":[34.461853,31.539067]}},{"type":"Feature","properties":{"site_id":26,"event_code":"CE20231007PSE","latest_date":"2025-09-22T00:00:00+00:00","latest_class":1,"pass_count":13,"h":[["2023-11-07T00:00:00+00:00",1,1,3],["2023-11-26T00:00:00+00:00",1,1,0],["2024-01-06T00:00:00+00:00",1,1,0],["2024-02-29T00:00:00+00:00",1,1,0],["2024-04-01T00:00:00+00:00",1,1,0],["2024-05-03T00:00:00+00:00",1,1,0],["2024-07-06T00:00:00+00:00",1,1,0],["2024-09-06T00:00:00+00:00",1,1,0],["2024-12-01T00:00:00+00:00",1,1,0],["2025-02-25T00:00:00+00:00",1,1,0],["2025-04-04T00:00:00+00:00",1,1,0],["2025-07-08T00:00:00+00:00",1,1,0],["2025-09-22T00:00:00+00:00",1,1,0]]},"geometry":{"type":"Point","coordinates":[34.462153,31.539123]}},{"type":"Feature","properties":{"site_id":26,"event_code":"CE20231007PSE","latest_date":"2025-09-22T00:00:00+00:00","latest_class":3,"pass_count":13,"h":[["2023-11-07T00:00:00+00:00",3,2,3],["2023-11-26T00:00:00+00:00",3,2,0],["2024-01-06T00:00:00+00:00",3,2,0],["2024-02-29T00:00:00+00:00",3,2,0],["2024-04-01T00:00:00+00:00",3,2,0],["2024-05-03T00:00:00+00:00",3,2,0],["2024-07-06T00:00:00+00:00",3,2,0],["2024-09-06T00:00:00+00:00",3,2,0],["2024-12-01T00:00:00+00:00",3,2,0],["2025-02-25T00:00:00+00:00",3,2,0],["2025-04-04T00:00:00+00:00",3,2,0],["2025-07-08T00:00:00+00:00",3,2,0],["2025-09-22T00:00:00+00:00",3,2,0]]},"geometry":{"type":"Point","coordinates":[34.461656,31.537966]}},{"type":"Feature","properties":{"site_id":26,"event_code":"CE20231007PSE","latest_date":"2025-09-22T00:00:00+00:00","latest_class":1,"pass_count":13,"h":[["2023-11-07T00:00:00+00:00",2,1,3],["2023-11-26T00:00:00+00:00",2,1,0],["2024-01-06T00:00:00+00:00",1,1,1],["2024-02-29T00:00:00+00:00",1,1,0],["2024-04-01T00:00:00+00:00",1,1,0],["2024-05-03T00:00:00+00:00",1,1,0],["2024-07-06T00:00:00+00:00",1,1,0],["2024-09-06T00:00:00+00:00",1,1,0],["2024-12-01T00:00:00+00:00",1,1,0],["2025-02-25T00:00:00+00:00",1,1,0],["2025-04-04T00:00:00+00:00",1,1,0],["2025-07-08T00:00:00+00:00",1,1,0],["2025-09-22T00:00:00+00:00",1,1,0]]},"geometry":{"type":"Point","coordinates":[34.461784,31.537817]}},{"type":"Feature","properties":{"site_id":26,"event_code":"CE20231007PSE","latest_date":"2025-09-22T00:00:00+00:00","latest_class":1,"pass_count":13,"h":[["2023-11-07T00:00:00+00:00",1,1,3],["2023-11-26T00:00:00+00:00",1,1,0],["2024-01-06T00:00:00+00:00",1,1,0],["2024-02-29T00:00:00+00:00",1,1,0],["2024-04-01T00:00:00+00:00",1,1,0],["2024-05-03T00:00:00+00:00",1,1,0],["2024-07-06T00:00:00+00:00",1,1,0],["2024-09-06T00:00:00+00:00",1,1,0],["2024-12-01T00:00:00+00:00",1,1,0],["2025-02-25T00:00:00+00:00",1,1,0],["2025-04-04T00:00:00+00:00",1,1,0],["2025-07-08T00:00:00+00:00",1,1,0],["2025-09-22T00:00:00+00:00",1,1,0]]},"geometry":{"type":"Point","coordinates":[34.461448,31.538484]}},{"type":"Feature","properties":{"site_id":26,"event_code":"CE20231007PSE","latest_date":"2025-09-22T00:00:00+00:00","latest_class":1,"pass_count":13,"h":[["2023-11-07T00:00:00+00:00",1,1,3],["2023-11-26T00:00:00+00:00",1,1,0],["2024-01-06T00:00:00+00:00",1,1,0],["2024-02-29T00:00:00+00:00",1,1,0],["2024-04-01T00:00:00+00:00",1,1,0],["2024-05-03T00:00:00+00:00",1,1,0],["2024-07-06T00:00:00+00:00",1,1,0],["2024-09-06T00:00:00+00:00",1,1,0],["2024-12-01T00:00:00+00:00",1,1,0],["2025-02-25T00:00:00+00:00",1,1,0],["2025-04-04T00:00:00+00:00",1,1,0],["2025-07-08T00:00:00+00:00",1,1,0],["2025-09-22T00:00:00+00:00",1,1,0]]},"geometry":{"type":"Point","coordinates":[34.46066,31.53788]}},{"type":"Feature","properties":{"site_id":26,"event_code":"CE20231007PSE","latest_date":"2025-09-22T00:00:00+00:00","latest_class":1,"pass_count":13,"h":[["2023-11-07T00:00:00+00:00",1,1,3],["2023-11-26T00:00:00+00:00",1,1,0],["2024-01-06T00:00:00+00:00",1,1,0],["2024-02-29T00:00:00+00:00",1,1,0],["2024-04-01T00:00:00+00:00",1,1,0],["2024-05-03T00:00:00+00:00",1,1,0],["2024-07-06T00:00:00+00:00",1,1,0],["2024-09-06T00:00:00+00:00",1,1,0],["2024-12-01T00:00:00+00:00",1,1,0],["2025-02-25T00:00:00+00:00",1,1,0],["2025-04-04T00:00:00+00:00",1,1,0],["2025-07-08T00:00:00+00:00",1,1,0],["2025-09-22T00:00:00+00:00",1,1,0]]},"geometry":{"type":"Point","coordinates":[34.460857,31.537989]}},{"type":"Feature","properties":{"site_id":26,"event_code":"CE20231007PSE","latest_date":"2025-09-22T00:00:00+00:00","latest_class":1,"pass_count":13,"h":[["2023-11-07T00:00:00+00:00",1,1,3],["2023-11-26T00:00:00+00:00",1,1,0],["2024-01-06T00:00:00+00:00",1,1,0],["2024-02-29T00:00:00+00:00",1,1,0],["2024-04-01T00:00:00+00:00",1,1,0],["2024-05-03T00:00:00+00:00",1,1,0],["2024-07-06T00:00:00+00:00",1,1,0],["2024-09-06T00:00:00+00:00",1,1,0],["2024-12-01T00:00:00+00:00",1,1,0],["2025-02-25T00:00:00+00:00",1,1,0],["2025-04-04T00:00:00+00:00",1,1,0],["2025-07-08T00:00:00+00:00",1,1,0],["2025-09-22T00:00:00+00:00",1,1,0]]},"geometry":{"type":"Point","coordinates":[34.461047,31.538188]}},{"type":"Feature","properties":{"site_id":26,"event_code":"CE20231007PSE","latest_date":"2025-09-22T00:00:00+00:00","latest_class":1,"pass_count":14,"h":[["2023-10-15T00:00:00+00:00",4,3,null],["2023-11-07T00:00:00+00:00",2,1,1],["2023-11-26T00:00:00+00:00",2,1,0],["2024-01-06T00:00:00+00:00",1,1,1],["2024-02-29T00:00:00+00:00",1,1,0],["2024-04-01T00:00:00+00:00",1,1,0],["2024-05-03T00:00:00+00:00",1,1,0],["2024-07-06T00:00:00+00:00",1,1,0],["2024-09-06T00:00:00+00:00",1,1,0],["2024-12-01T00:00:00+00:00",1,1,0],["2025-02-25T00:00:00+00:00",1,1,0],["2025-04-04T00:00:00+00:00",1,1,0],["2025-07-08T00:00:00+00:00",1,1,0],["2025-09-22T00:00:00+00:00",1,1,0]]},"geometry":{"type":"Point","coordinates":[34.460091,31.538462]}},{"type":"Feature","properties":{"site_id":26,"event_code":"CE20231007PSE","latest_date":"2025-09-22T00:00:00+00:00","latest_class":1,"pass_count":14,"h":[["2023-10-15T00:00:00+00:00",4,3,null],["2023-11-07T00:00:00+00:00",2,1,1],["2023-11-26T00:00:00+00:00",1,1,1],["2024-01-06T00:00:00+00:00",1,1,0],["2024-02-29T00:00:00+00:00",1,1,0],["2024-04-01T00:00:00+00:00",1,1,0],["2024-05-03T00:00:00+00:00",1,1,0],["2024-07-06T00:00:00+00:00",1,1,0],["2024-09-06T00:00:00+00:00",1,1,0],["2024-12-01T00:00:00+00:00",1,1,0],["2025-02-25T00:00:00+00:00",1,1,0],["2025-04-04T00:00:00+00:00",1,1,0],["2025-07-08T00:00:00+00:00",1,1,0],["2025-09-22T00:00:00+00:00",1,1,0]]},"geometry":{"type":"Point","coordinates":[34.460169,31.538385]}},{"type":"Feature","properties":{"site_id":26,"event_code":"CE20231007PSE","latest_date":"2025-09-22T00:00:00+00:00","latest_class":1,"pass_count":14,"h":[["2023-10-15T00:00:00+00:00",4,3,null],["2023-11-07T00:00:00+00:00",2,1,1],["2023-11-26T00:00:00+00:00",2,1,0],["2024-01-06T00:00:00+00:00",1,1,1],["2024-02-29T00:00:00+00:00",1,1,0],["2024-04-01T00:00:00+00:00",1,1,0],["2024-05-03T00:00:00+00:00",1,1,0],["2024-07-06T00:00:00+00:00",1,1,0],["2024-09-06T00:00:00+00:00",1,1,0],["2024-12-01T00:00:00+00:00",1,1,0],["2025-02-25T00:00:00+00:00",1,1,0],["2025-04-04T00:00:00+00:00",1,1,0],["2025-07-08T00:00:00+00:00",1,1,0],["2025-09-22T00:00:00+00:00",1,1,0]]},"geometry":{"type":"Point","coordinates":[34.46002,31.538333]}},{"type":"Feature","properties":{"site_id":26,"event_code":"CE20231007PSE","latest_date":"2025-09-22T00:00:00+00:00","latest_class":3,"pass_count":13,"h":[["2023-11-07T00:00:00+00:00",3,2,3],["2023-11-26T00:00:00+00:00",3,2,0],["2024-01-06T00:00:00+00:00",3,2,0],["2024-02-29T00:00:00+00:00",3,2,0],["2024-04-01T00:00:00+00:00",3,2,0],["2024-05-03T00:00:00+00:00",3,2,0],["2024-07-06T00:00:00+00:00",3,2,0],["2024-09-06T00:00:00+00:00",3,2,0],["2024-12-01T00:00:00+00:00",3,2,0],["2025-02-25T00:00:00+00:00",3,2,0],["2025-04-04T00:00:00+00:00",3,2,0],["2025-07-08T00:00:00+00:00",3,2,0],["2025-09-22T00:00:00+00:00",3,2,0]]},"geometry":{"type":"Point","coordinates":[34.457234,31.542075]}},{"type":"Feature","properties":{"site_id":1,"event_code":"CE20231007PSE","latest_date":"2025-09-22T00:00:00+00:00","latest_class":2,"pass_count":12,"h":[["2023-11-26T00:00:00+00:00",3,2,3],["2024-01-06T00:00:00+00:00",2,1,1],["2024-02-29T00:00:00+00:00",2,1,0],["2024-04-01T00:00:00+00:00",2,1,0],["2024-05-03T00:00:00+00:00",2,1,0],["2024-07-06T00:00:00+00:00",2,1,0],["2024-09-06T00:00:00+00:00",2,1,0],["2024-12-01T00:00:00+00:00",2,1,0],["2025-02-25T00:00:00+00:00",2,1,0],["2025-04-04T00:00:00+00:00",2,1,0],["2025-07-08T00:00:00+00:00",2,1,0],["2025-09-22T00:00:00+00:00",2,1,0]]},"geometry":{"type":"Point","coordinates":[34.462578,31.541135]}},{"type":"Feature","properties":{"site_id":26,"event_code":"CE20231007PSE","latest_date":"2025-09-22T00:00:00+00:00","latest_class":3,"pass_count":14,"h":[["2023-10-15T00:00:00+00:00",4,3,null],["2023-11-07T00:00:00+00:00",4,3,0],["2023-11-26T00:00:00+00:00",3,2,1],["2024-01-06T00:00:00+00:00",3,2,0],["2024-02-29T00:00:00+00:00",3,2,0],["2024-04-01T00:00:00+00:00",3,2,0],["2024-05-03T00:00:00+00:00",3,2,0],["2024-07-06T00:00:00+00:00",3,2,0],["2024-09-06T00:00:00+00:00",3,2,0],["2024-12-01T00:00:00+00:00",3,2,0],["2025-02-25T00:00:00+00:00",3,2,0],["2025-04-04T00:00:00+00:00",3,2,0],["2025-07-08T00:00:00+00:00",3,2,0],["2025-09-22T00:00:00+00:00",3,2,0]]},"geometry":{"type":"Point","coordinates":[34.462973,31.540238]}},{"type":"Feature","properties":{"site_id":26,"event_code":"CE20231007PSE","latest_date":"2025-09-22T00:00:00+00:00","latest_class":3,"pass_count":14,"h":[["2023-10-15T00:00:00+00:00",4,3,null],["2023-11-07T00:00:00+00:00",4,3,0],["2023-11-26T00:00:00+00:00",3,2,1],["2024-01-06T00:00:00+00:00",3,2,0],["2024-02-29T00:00:00+00:00",3,2,0],["2024-04-01T00:00:00+00:00",3,2,0],["2024-05-03T00:00:00+00:00",3,2,0],["2024-07-06T00:00:00+00:00",3,2,0],["2024-09-06T00:00:00+00:00",3,2,0],["2024-12-01T00:00:00+00:00",3,2,0],["2025-02-25T00:00:00+00:00",3,2,0],["2025-04-04T00:00:00+00:00",3,2,0],["2025-07-08T00:00:00+00:00",3,2,0],["2025-09-22T00:00:00+00:00",3,2,0]]},"geometry":{"type":"Point","coordinates":[34.462039,31.541609]}},{"type":"Feature","properties":{"site_id":26,"event_code":"CE20231007PSE","latest_date":"2025-09-22T00:00:00+00:00","latest_class":1,"pass_count":12,"h":[["2023-11-26T00:00:00+00:00",3,2,3],["2024-01-06T00:00:00+00:00",1,1,1],["2024-02-29T00:00:00+00:00",1,1,0],["2024-04-01T00:00:00+00:00",1,1,0],["2024-05-03T00:00:00+00:00",1,1,0],["2024-07-06T00:00:00+00:00",1,1,0],["2024-09-06T00:00:00+00:00",1,1,0],["2024-12-01T00:00:00+00:00",1,1,0],["2025-02-25T00:00:00+00:00",1,1,0],["2025-04-04T00:00:00+00:00",1,1,0],["2025-07-08T00:00:00+00:00",1,1,0],["2025-09-22T00:00:00+00:00",1,1,0]]},"geometry":{"type":"Point","coordinates":[34.461533,31.541976]}},{"type":"Feature","properties":{"site_id":26,"event_code":"CE20231007PSE","latest_date":"2025-09-22T00:00:00+00:00","latest_class":2,"pass_count":12,"h":[["2023-11-26T00:00:00+00:00",2,1,3],["2024-01-06T00:00:00+00:00",2,1,0],["2024-02-29T00:00:00+00:00",2,1,0],["2024-04-01T00:00:00+00:00",2,1,0],["2024-05-03T00:00:00+00:00",2,1,0],["2024-07-06T00:00:00+00:00",2,1,0],["2024-09-06T00:00:00+00:00",2,1,0],["2024-12-01T00:00:00+00:00",2,1,0],["2025-02-25T00:00:00+00:00",2,1,0],["2025-04-04T00:00:00+00:00",2,1,0],["2025-07-08T00:00:00+00:00",2,1,0],["2025-09-22T00:00:00+00:00",2,1,0]]},"geometry":{"type":"Point","coordinates":[34.4572,31.541935]}},{"type":"Feature","properties":{"site_id":26,"event_code":"CE20231007PSE","latest_date":"2025-09-22T00:00:00+00:00","latest_class":1,"pass_count":13,"h":[["2023-11-07T00:00:00+00:00",4,3,3],["2023-11-26T00:00:00+00:00",1,1,1],["2024-01-06T00:00:00+00:00",1,1,0],["2024-02-29T00:00:00+00:00",1,1,0],["2024-04-01T00:00:00+00:00",1,1,0],["2024-05-03T00:00:00+00:00",1,1,0],["2024-07-06T00:00:00+00:00",1,1,0],["2024-09-06T00:00:00+00:00",1,1,0],["2024-12-01T00:00:00+00:00",1,1,0],["2025-02-25T00:00:00+00:00",1,1,0],["2025-04-04T00:00:00+00:00",1,1,0],["2025-07-08T00:00:00+00:00",1,1,0],["2025-09-22T00:00:00+00:00",1,1,0]]},"geometry":{"type":"Point","coordinates":[34.456972,31.541962]}},{"type":"Feature","properties":{"site_id":26,"event_code":"CE20231007PSE","latest_date":"2025-09-22T00:00:00+00:00","latest_class":1,"pass_count":14,"h":[["2023-10-15T00:00:00+00:00",1,1,null],["2023-11-07T00:00:00+00:00",1,1,0],["2023-11-26T00:00:00+00:00",1,1,0],["2024-01-06T00:00:00+00:00",1,1,0],["2024-02-29T00:00:00+00:00",1,1,0],["2024-04-01T00:00:00+00:00",1,1,0],["2024-05-03T00:00:00+00:00",1,1,0],["2024-07-06T00:00:00+00:00",1,1,0],["2024-09-06T00:00:00+00:00",1,1,0],["2024-12-01T00:00:00+00:00",1,1,0],["2025-02-25T00:00:00+00:00",1,1,0],["2025-04-04T00:00:00+00:00",1,1,0],["2025-07-08T00:00:00+00:00",1,1,0],["2025-09-22T00:00:00+00:00",1,1,0]]},"geometry":{"type":"Point","coordinates":[34.458546,31.53849]}},{"type":"Feature","properties":{"site_id":26,"event_code":"CE20231007PSE","latest_date":"2025-09-22T00:00:00+00:00","latest_class":1,"pass_count":14,"h":[["2023-10-15T00:00:00+00:00",3,2,null],["2023-11-07T00:00:00+00:00",1,1,1],["2023-11-26T00:00:00+00:00",1,1,0],["2024-01-06T00:00:00+00:00",1,1,0],["2024-02-29T00:00:00+00:00",1,1,0],["2024-04-01T00:00:00+00:00",1,1,0],["2024-05-03T00:00:00+00:00",1,1,0],["2024-07-06T00:00:00+00:00",1,1,0],["2024-09-06T00:00:00+00:00",1,1,0],["2024-12-01T00:00:00+00:00",1,1,0],["2025-02-25T00:00:00+00:00",1,1,0],["2025-04-04T00:00:00+00:00",1,1,0],["2025-07-08T00:00:00+00:00",1,1,0],["2025-09-22T00:00:00+00:00",1,1,0]]},"geometry":{"type":"Point","coordinates":[34.458384,31.538375]}},{"type":"Feature","properties":{"site_id":26,"event_code":"CE20231007PSE","latest_date":"2025-09-22T00:00:00+00:00","latest_class":3,"pass_count":14,"h":[["2023-10-15T00:00:00+00:00",3,2,null],["2023-11-07T00:00:00+00:00",3,2,0],["2023-11-26T00:00:00+00:00",3,2,0],["2024-01-06T00:00:00+00:00",3,2,0],["2024-02-29T00:00:00+00:00",3,2,0],["2024-04-01T00:00:00+00:00",3,2,0],["2024-05-03T00:00:00+00:00",3,2,0],["2024-07-06T00:00:00+00:00",3,2,0],["2024-09-06T00:00:00+00:00",3,2,0],["2024-12-01T00:00:00+00:00",3,2,0],["2025-02-25T00:00:00+00:00",3,2,0],["2025-04-04T00:00:00+00:00",3,2,0],["2025-07-08T00:00:00+00:00",3,2,0],["2025-09-22T00:00:00+00:00",3,2,0]]},"geometry":{"type":"Point","coordinates":[34.458748,31.538348]}},{"type":"Feature","properties":{"site_id":26,"event_code":"CE20231007PSE","latest_date":"2025-09-22T00:00:00+00:00","latest_class":3,"pass_count":14,"h":[["2023-10-15T00:00:00+00:00",3,2,null],["2023-11-07T00:00:00+00:00",3,2,0],["2023-11-26T00:00:00+00:00",3,2,0],["2024-01-06T00:00:00+00:00",3,2,0],["2024-02-29T00:00:00+00:00",3,2,0],["2024-04-01T00:00:00+00:00",3,2,0],["2024-05-03T00:00:00+00:00",3,2,0],["2024-07-06T00:00:00+00:00",3,2,0],["2024-09-06T00:00:00+00:00",3,2,0],["2024-12-01T00:00:00+00:00",3,2,0],["2025-02-25T00:00:00+00:00",3,2,0],["2025-04-04T00:00:00+00:00",3,2,0],["2025-07-08T00:00:00+00:00",3,2,0],["2025-09-22T00:00:00+00:00",3,2,0]]},"geometry":{"type":"Point","coordinates":[34.458891,31.53853]}},{"type":"Feature","properties":{"site_id":26,"event_code":"CE20231007PSE","latest_date":"2025-09-22T00:00:00+00:00","latest_class":3,"pass_count":14,"h":[["2023-10-15T00:00:00+00:00",3,2,null],["2023-11-07T00:00:00+00:00",3,2,0],["2023-11-26T00:00:00+00:00",3,2,0],["2024-01-06T00:00:00+00:00",3,2,0],["2024-02-29T00:00:00+00:00",3,2,0],["2024-04-01T00:00:00+00:00",3,2,0],["2024-05-03T00:00:00+00:00",3,2,0],["2024-07-06T00:00:00+00:00",3,2,0],["2024-09-06T00:00:00+00:00",3,2,0],["2024-12-01T00:00:00+00:00",3,2,0],["2025-02-25T00:00:00+00:00",3,2,0],["2025-04-04T00:00:00+00:00",3,2,0],["2025-07-08T00:00:00+00:00",3,2,0],["2025-09-22T00:00:00+00:00",3,2,0]]},"geometry":{"type":"Point","coordinates":[34.458842,31.538803]}},{"type":"Feature","properties":{"site_id":26,"event_code":"CE20231007PSE","latest_date":"2025-09-22T00:00:00+00:00","latest_class":1,"pass_count":14,"h":[["2023-10-15T00:00:00+00:00",1,2,null],["2023-11-07T00:00:00+00:00",1,2,0],["2023-11-26T00:00:00+00:00",1,2,0],["2024-01-06T00:00:00+00:00",1,2,0],["2024-02-29T00:00:00+00:00",1,2,0],["2024-04-01T00:00:00+00:00",1,2,0],["2024-05-03T00:00:00+00:00",1,2,0],["2024-07-06T00:00:00+00:00",1,2,0],["2024-09-06T00:00:00+00:00",1,2,0],["2024-12-01T00:00:00+00:00",1,2,0],["2025-02-25T00:00:00+00:00",1,2,0],["2025-04-04T00:00:00+00:00",1,2,0],["2025-07-08T00:00:00+00:00",1,2,0],["2025-09-22T00:00:00+00:00",1,2,0]]},"geometry":{"type":"Point","coordinates":[34.458099,31.53861]}},{"type":"Feature","properties":{"site_id":26,"event_code":"CE20231007PSE","latest_date":"2025-09-22T00:00:00+00:00","latest_class":3,"pass_count":14,"h":[["2023-10-15T00:00:00+00:00",3,2,null],["2023-11-07T00:00:00+00:00",3,2,0],["2023-11-26T00:00:00+00:00",3,2,0],["2024-01-06T00:00:00+00:00",3,2,0],["2024-02-29T00:00:00+00:00",3,2,0],["2024-04-01T00:00:00+00:00",3,2,0],["2024-05-03T00:00:00+00:00",3,2,0],["2024-07-06T00:00:00+00:00",3,2,0],["2024-09-06T00:00:00+00:00",3,2,0],["2024-12-01T00:00:00+00:00",3,2,0],["2025-02-25T00:00:00+00:00",3,2,0],["2025-04-04T00:00:00+00:00",3,2,0],["2025-07-08T00:00:00+00:00",3,2,0],["2025-09-22T00:00:00+00:00",3,2,0]]},"geometry":{"type":"Point","coordinates":[34.458491,31.538807]}},{"type":"Feature","properties":{"site_id":26,"event_code":"CE20231007PSE","latest_date":"2025-09-22T00:00:00+00:00","latest_class":1,"pass_count":14,"h":[["2023-10-15T00:00:00+00:00",2,1,null],["2023-11-07T00:00:00+00:00",2,1,0],["2023-11-26T00:00:00+00:00",2,1,0],["2024-01-06T00:00:00+00:00",1,1,1],["2024-02-29T00:00:00+00:00",1,1,0],["2024-04-01T00:00:00+00:00",1,1,0],["2024-05-03T00:00:00+00:00",1,1,0],["2024-07-06T00:00:00+00:00",1,1,0],["2024-09-06T00:00:00+00:00",1,1,0],["2024-12-01T00:00:00+00:00",1,1,0],["2025-02-25T00:00:00+00:00",1,1,0],["2025-04-04T00:00:00+00:00",1,1,0],["2025-07-08T00:00:00+00:00",1,1,0],["2025-09-22T00:00:00+00:00",1,1,0]]},"geometry":{"type":"Point","coordinates":[34.458359,31.538675]}},{"type":"Feature","properties":{"site_id":26,"event_code":"CE20231007PSE","latest_date":"2025-09-22T00:00:00+00:00","latest_class":3,"pass_count":14,"h":[["2023-10-15T00:00:00+00:00",3,2,null],["2023-11-07T00:00:00+00:00",3,2,0],["2023-11-26T00:00:00+00:00",3,2,0],["2024-01-06T00:00:00+00:00",3,2,0],["2024-02-29T00:00:00+00:00",3,2,0],["2024-04-01T00:00:00+00:00",3,2,0],["2024-05-03T00:00:00+00:00",3,2,0],["2024-07-06T00:00:00+00:00",3,2,0],["2024-09-06T00:00:00+00:00",3,2,0],["2024-12-01T00:00:00+00:00",3,2,0],["2025-02-25T00:00:00+00:00",3,2,0],["2025-04-04T00:00:00+00:00",3,2,0],["2025-07-08T00:00:00+00:00",3,2,0],["2025-09-22T00:00:00+00:00",3,2,0]]},"geometry":{"type":"Point","coordinates":[34.458248,31.538773]}},{"type":"Feature","properties":{"site_id":26,"event_code":"CE20231007PSE","latest_date":"2025-09-22T00:00:00+00:00","latest_class":1,"pass_count":14,"h":[["2023-10-15T00:00:00+00:00",3,2,null],["2023-11-07T00:00:00+00:00",3,2,0],["2023-11-26T00:00:00+00:00",1,2,1],["2024-01-06T00:00:00+00:00",1,2,0],["2024-02-29T00:00:00+00:00",1,2,0],["2024-04-01T00:00:00+00:00",1,2,0],["2024-05-03T00:00:00+00:00",1,2,0],["2024-07-06T00:00:00+00:00",1,2,0],["2024-09-06T00:00:00+00:00",1,2,0],["2024-12-01T00:00:00+00:00",1,2,0],["2025-02-25T00:00:00+00:00",1,2,0],["2025-04-04T00:00:00+00:00",1,2,0],["2025-07-08T00:00:00+00:00",1,2,0],["2025-09-22T00:00:00+00:00",1,2,0]]},"geometry":{"type":"Point","coordinates":[34.458706,31.538642]}},{"type":"Feature","properties":{"site_id":26,"event_code":"CE20231007PSE","latest_date":"2025-09-22T00:00:00+00:00","latest_class":2,"pass_count":13,"h":[["2023-11-07T00:00:00+00:00",2,1,3],["2023-11-26T00:00:00+00:00",2,1,0],["2024-01-06T00:00:00+00:00",2,1,0],["2024-02-29T00:00:00+00:00",2,1,0],["2024-04-01T00:00:00+00:00",2,1,0],["2024-05-03T00:00:00+00:00",2,1,0],["2024-07-06T00:00:00+00:00",2,1,0],["2024-09-06T00:00:00+00:00",2,1,0],["2024-12-01T00:00:00+00:00",2,1,0],["2025-02-25T00:00:00+00:00",2,1,0],["2025-04-04T00:00:00+00:00",2,1,0],["2025-07-08T00:00:00+00:00",2,1,0],["2025-09-22T00:00:00+00:00",2,1,0]]},"geometry":{"type":"Point","coordinates":[34.45723,31.540227]}},{"type":"Feature","properties":{"site_id":26,"event_code":"CE20231007PSE","latest_date":"2025-09-22T00:00:00+00:00","latest_class":1,"pass_count":13,"h":[["2023-11-07T00:00:00+00:00",2,1,3],["2023-11-26T00:00:00+00:00",2,1,0],["2024-01-06T00:00:00+00:00",2,1,0],["2024-02-29T00:00:00+00:00",2,1,0],["2024-04-01T00:00:00+00:00",2,1,0],["2024-05-03T00:00:00+00:00",2,1,0],["2024-07-06T00:00:00+00:00",2,1,0],["2024-09-06T00:00:00+00:00",2,1,0],["2024-12-01T00:00:00+00:00",2,1,0],["2025-02-25T00:00:00+00:00",2,1,0],["2025-04-04T00:00:00+00:00",2,1,0],["2025-07-08T00:00:00+00:00",2,1,0],["2025-09-22T00:00:00+00:00",1,1,1]]},"geometry":{"type":"Point","coordinates":[34.45804,31.53923]}},{"type":"Feature","properties":{"site_id":26,"event_code":"CE20231007PSE","latest_date":"2025-09-22T00:00:00+00:00","latest_class":1,"pass_count":13,"h":[["2023-11-07T00:00:00+00:00",2,1,3],["2023-11-26T00:00:00+00:00",2,1,0],["2024-01-06T00:00:00+00:00",2,1,0],["2024-02-29T00:00:00+00:00",1,1,1],["2024-04-01T00:00:00+00:00",1,1,0],["2024-05-03T00:00:00+00:00",1,1,0],["2024-07-06T00:00:00+00:00",1,1,0],["2024-09-06T00:00:00+00:00",1,1,0],["2024-12-01T00:00:00+00:00",1,1,0],["2025-02-25T00:00:00+00:00",1,1,0],["2025-04-04T00:00:00+00:00",1,1,0],["2025-07-08T00:00:00+00:00",1,1,0],["2025-09-22T00:00:00+00:00",1,1,0]]},"geometry":{"type":"Point","coordinates":[34.459795,31.537966]}},{"type":"Feature","properties":{"site_id":26,"event_code":"CE20231007PSE","latest_date":"2025-09-22T00:00:00+00:00","latest_class":1,"pass_count":13,"h":[["2023-11-07T00:00:00+00:00",2,1,3],["2023-11-26T00:00:00+00:00",2,1,0],["2024-01-06T00:00:00+00:00",2,1,0],["2024-02-29T00:00:00+00:00",1,1,1],["2024-04-01T00:00:00+00:00",1,1,0],["2024-05-03T00:00:00+00:00",1,1,0],["2024-07-06T00:00:00+00:00",1,1,0],["2024-09-06T00:00:00+00:00",1,1,0],["2024-12-01T00:00:00+00:00",1,1,0],["2025-02-25T00:00:00+00:00",1,1,0],["2025-04-04T00:00:00+00:00",1,1,0],["2025-07-08T00:00:00+00:00",1,1,0],["2025-09-22T00:00:00+00:00",1,1,0]]},"geometry":{"type":"Point","coordinates":[34.459895,31.537902]}},{"type":"Feature","properties":{"site_id":26,"event_code":"CE20231007PSE","latest_date":"2025-09-22T00:00:00+00:00","latest_class":2,"pass_count":13,"h":[["2023-11-07T00:00:00+00:00",2,1,3],["2023-11-26T00:00:00+00:00",2,1,0],["2024-01-06T00:00:00+00:00",2,1,0],["2024-02-29T00:00:00+00:00",2,1,0],["2024-04-01T00:00:00+00:00",2,1,0],["2024-05-03T00:00:00+00:00",2,1,0],["2024-07-06T00:00:00+00:00",2,1,0],["2024-09-06T00:00:00+00:00",2,1,0],["2024-12-01T00:00:00+00:00",2,1,0],["2025-02-25T00:00:00+00:00",2,1,0],["2025-04-04T00:00:00+00:00",2,1,0],["2025-07-08T00:00:00+00:00",2,1,0],["2025-09-22T00:00:00+00:00",2,1,0]]},"geometry":{"type":"Point","coordinates":[34.460092,31.537179]}},{"type":"Feature","properties":{"site_id":26,"event_code":"CE20231007PSE","latest_date":"2025-09-22T00:00:00+00:00","latest_class":2,"pass_count":13,"h":[["2023-11-07T00:00:00+00:00",2,1,3],["2023-11-26T00:00:00+00:00",2,1,0],["2024-01-06T00:00:00+00:00",2,1,0],["2024-02-29T00:00:00+00:00",2,1,0],["2024-04-01T00:00:00+00:00",2,1,0],["2024-05-03T00:00:00+00:00",2,1,0],["2024-07-06T00:00:00+00:00",2,1,0],["2024-09-06T00:00:00+00:00",2,1,0],["2024-12-01T00:00:00+00:00",2,1,0],["2025-02-25T00:00:00+00:00",2,1,0],["2025-04-04T00:00:00+00:00",2,1,0],["2025-07-08T00:00:00+00:00",2,1,0],["2025-09-22T00:00:00+00:00",2,1,0]]},"geometry":{"type":"Point","coordinates":[34.459902,31.537283]}},{"type":"Feature","properties":{"site_id":26,"event_code":"CE20231007PSE","latest_date":"2025-09-22T00:00:00+00:00","latest_class":2,"pass_count":13,"h":[["2023-11-07T00:00:00+00:00",3,2,3],["2023-11-26T00:00:00+00:00",3,2,0],["2024-01-06T00:00:00+00:00",3,2,0],["2024-02-29T00:00:00+00:00",2,1,1],["2024-04-01T00:00:00+00:00",2,1,0],["2024-05-03T00:00:00+00:00",2,1,0],["2024-07-06T00:00:00+00:00",2,1,0],["2024-09-06T00:00:00+00:00",2,1,0],["2024-12-01T00:00:00+00:00",2,1,0],["2025-02-25T00:00:00+00:00",2,1,0],["2025-04-04T00:00:00+00:00",2,1,0],["2025-07-08T00:00:00+00:00",2,1,0],["2025-09-22T00:00:00+00:00",2,1,0]]},"geometry":{"type":"Point","coordinates":[34.460394,31.537495]}},{"type":"Feature","properties":{"site_id":26,"event_code":"CE20231007PSE","latest_date":"2025-09-22T00:00:00+00:00","latest_class":1,"pass_count":13,"h":[["2023-11-07T00:00:00+00:00",1,2,3],["2023-11-26T00:00:00+00:00",1,2,0],["2024-01-06T00:00:00+00:00",1,2,0],["2024-02-29T00:00:00+00:00",1,2,0],["2024-04-01T00:00:00+00:00",1,2,0],["2024-05-03T00:00:00+00:00",1,2,0],["2024-07-06T00:00:00+00:00",1,2,0],["2024-09-06T00:00:00+00:00",1,2,0],["2024-12-01T00:00:00+00:00",1,2,0],["2025-02-25T00:00:00+00:00",1,2,0],["2025-04-04T00:00:00+00:00",1,2,0],["2025-07-08T00:00:00+00:00",1,2,0],["2025-09-22T00:00:00+00:00",1,2,0]]},"geometry":{"type":"Point","coordinates":[34.46056,31.537327]}},{"type":"Feature","properties":{"site_id":26,"event_code":"CE20231007PSE","latest_date":"2025-09-22T00:00:00+00:00","latest_class":3,"pass_count":13,"h":[["2023-11-07T00:00:00+00:00",3,2,3],["2023-11-26T00:00:00+00:00",3,2,0],["2024-01-06T00:00:00+00:00",3,2,0],["2024-02-29T00:00:00+00:00",3,2,0],["2024-04-01T00:00:00+00:00",3,2,0],["2024-05-03T00:00:00+00:00",3,2,0],["2024-07-06T00:00:00+00:00",3,2,0],["2024-09-06T00:00:00+00:00",3,2,0],["2024-12-01T00:00:00+00:00",3,2,0],["2025-02-25T00:00:00+00:00",3,2,0],["2025-04-04T00:00:00+00:00",3,2,0],["2025-07-08T00:00:00+00:00",3,2,0],["2025-09-22T00:00:00+00:00",3,2,0]]},"geometry":{"type":"Point","coordinates":[34.460853,31.537095]}},{"type":"Feature","properties":{"site_id":26,"event_code":"CE20231007PSE","latest_date":"2025-09-22T00:00:00+00:00","latest_class":2,"pass_count":13,"h":[["2023-11-07T00:00:00+00:00",3,2,3],["2023-11-26T00:00:00+00:00",2,2,1],["2024-01-06T00:00:00+00:00",2,2,0],["2024-02-29T00:00:00+00:00",2,2,0],["2024-04-01T00:00:00+00:00",2,2,0],["2024-05-03T00:00:00+00:00",2,2,0],["2024-07-06T00:00:00+00:00",2,2,0],["2024-09-06T00:00:00+00:00",2,2,0],["2024-12-01T00:00:00+00:00",2,2,0],["2025-02-25T00:00:00+00:00",2,2,0],["2025-04-04T00:00:00+00:00",2,2,0],["2025-07-08T00:00:00+00:00",2,2,0],["2025-09-22T00:00:00+00:00",2,2,0]]},"geometry":{"type":"Point","coordinates":[34.460622,31.536869]}},{"type":"Feature","properties":{"site_id":26,"event_code":"CE20231007PSE","latest_date":"2025-09-22T00:00:00+00:00","latest_class":3,"pass_count":13,"h":[["2023-11-07T00:00:00+00:00",3,2,3],["2023-11-26T00:00:00+00:00",3,2,0],["2024-01-06T00:00:00+00:00",3,2,0],["2024-02-29T00:00:00+00:00",3,2,0],["2024-04-01T00:00:00+00:00",3,2,0],["2024-05-03T00:00:00+00:00",3,2,0],["2024-07-06T00:00:00+00:00",3,2,0],["2024-09-06T00:00:00+00:00",3,2,0],["2024-12-01T00:00:00+00:00",3,2,0],["2025-02-25T00:00:00+00:00",3,2,0],["2025-04-04T00:00:00+00:00",3,2,0],["2025-07-08T00:00:00+00:00",3,2,0],["2025-09-22T00:00:00+00:00",3,2,0]]},"geometry":{"type":"Point","coordinates":[34.460355,31.537222]}},{"type":"Feature","properties":{"site_id":26,"event_code":"CE20231007PSE","latest_date":"2025-09-22T00:00:00+00:00","latest_class":3,"pass_count":13,"h":[["2023-11-07T00:00:00+00:00",3,2,3],["2023-11-26T00:00:00+00:00",3,2,0],["2024-01-06T00:00:00+00:00",3,2,0],["2024-02-29T00:00:00+00:00",3,2,0],["2024-04-01T00:00:00+00:00",3,2,0],["2024-05-03T00:00:00+00:00",3,2,0],["2024-07-06T00:00:00+00:00",3,2,0],["2024-09-06T00:00:00+00:00",3,2,0],["2024-12-01T00:00:00+00:00",3,2,0],["2025-02-25T00:00:00+00:00",3,2,0],["2025-04-04T00:00:00+00:00",3,2,0],["2025-07-08T00:00:00+00:00",3,2,0],["2025-09-22T00:00:00+00:00",3,2,0]]},"geometry":{"type":"Point","coordinates":[34.460051,31.537421]}},{"type":"Feature","properties":{"site_id":26,"event_code":"CE20231007PSE","latest_date":"2025-09-22T00:00:00+00:00","latest_class":1,"pass_count":13,"h":[["2023-11-07T00:00:00+00:00",3,2,3],["2023-11-26T00:00:00+00:00",3,2,0],["2024-01-06T00:00:00+00:00",3,2,0],["2024-02-29T00:00:00+00:00",3,2,0],["2024-04-01T00:00:00+00:00",3,2,0],["2024-05-03T00:00:00+00:00",3,2,0],["2024-07-06T00:00:00+00:00",3,2,0],["2024-09-06T00:00:00+00:00",3,2,0],["2024-12-01T00:00:00+00:00",3,2,0],["2025-02-25T00:00:00+00:00",3,2,0],["2025-04-04T00:00:00+00:00",3,2,0],["2025-07-08T00:00:00+00:00",3,2,0],["2025-09-22T00:00:00+00:00",1,1,1]]},"geometry":{"type":"Point","coordinates":[34.459875,31.537642]}},{"type":"Feature","properties":{"site_id":26,"event_code":"CE20231007PSE","latest_date":"2025-09-22T00:00:00+00:00","latest_class":2,"pass_count":13,"h":[["2023-11-07T00:00:00+00:00",2,2,3],["2023-11-26T00:00:00+00:00",2,2,0],["2024-01-06T00:00:00+00:00",2,2,0],["2024-02-29T00:00:00+00:00",2,1,0],["2024-04-01T00:00:00+00:00",2,1,0],["2024-05-03T00:00:00+00:00",2,1,0],["2024-07-06T00:00:00+00:00",2,1,0],["2024-09-06T00:00:00+00:00",2,1,0],["2024-12-01T00:00:00+00:00",2,1,0],["2025-02-25T00:00:00+00:00",2,1,0],["2025-04-04T00:00:00+00:00",2,1,0],["2025-07-08T00:00:00+00:00",2,1,0],["2025-09-22T00:00:00+00:00",2,1,0]]},"geometry":{"type":"Point","coordinates":[34.459695,31.537789]}},{"type":"Feature","properties":{"site_id":26,"event_code":"CE20231007PSE","latest_date":"2025-09-22T00:00:00+00:00","latest_class":1,"pass_count":13,"h":[["2023-11-07T00:00:00+00:00",3,2,3],["2023-11-26T00:00:00+00:00",3,2,0],["2024-01-06T00:00:00+00:00",3,2,0],["2024-02-29T00:00:00+00:00",3,2,0],["2024-04-01T00:00:00+00:00",3,2,0],["2024-05-03T00:00:00+00:00",3,2,0],["2024-07-06T00:00:00+00:00",3,2,0],["2024-09-06T00:00:00+00:00",3,2,0],["2024-12-01T00:00:00+00:00",3,2,0],["2025-02-25T00:00:00+00:00",3,2,0],["2025-04-04T00:00:00+00:00",3,2,0],["2025-07-08T00:00:00+00:00",3,2,0],["2025-09-22T00:00:00+00:00",1,1,1]]},"geometry":{"type":"Point","coordinates":[34.459543,31.537685]}},{"type":"Feature","properties":{"site_id":26,"event_code":"CE20231007PSE","latest_date":"2025-09-22T00:00:00+00:00","latest_class":3,"pass_count":13,"h":[["2023-11-07T00:00:00+00:00",3,2,3],["2023-11-26T00:00:00+00:00",3,2,0],["2024-01-06T00:00:00+00:00",3,2,0],["2024-02-29T00:00:00+00:00",3,2,0],["2024-04-01T00:00:00+00:00",3,2,0],["2024-05-03T00:00:00+00:00",3,2,0],["2024-07-06T00:00:00+00:00",3,2,0],["2024-09-06T00:00:00+00:00",3,2,0],["2024-12-01T00:00:00+00:00",3,2,0],["2025-02-25T00:00:00+00:00",3,2,0],["2025-04-04T00:00:00+00:00",3,2,0],["2025-07-08T00:00:00+00:00",3,2,0],["2025-09-22T00:00:00+00:00",3,2,0]]},"geometry":{"type":"Point","coordinates":[34.459705,31.537499]}},{"type":"Feature","properties":{"site_id":26,"event_code":"CE20231007PSE","latest_date":"2025-09-22T00:00:00+00:00","latest_class":3,"pass_count":13,"h":[["2023-11-07T00:00:00+00:00",3,2,3],["2023-11-26T00:00:00+00:00",3,2,0],["2024-01-06T00:00:00+00:00",3,2,0],["2024-02-29T00:00:00+00:00",3,2,0],["2024-04-01T00:00:00+00:00",3,2,0],["2024-05-03T00:00:00+00:00",3,2,0],["2024-07-06T00:00:00+00:00",3,2,0],["2024-09-06T00:00:00+00:00",3,2,0],["2024-12-01T00:00:00+00:00",3,2,0],["2025-02-25T00:00:00+00:00",3,2,0],["2025-04-04T00:00:00+00:00",3,2,0],["2025-07-08T00:00:00+00:00",3,2,0],["2025-09-22T00:00:00+00:00",3,2,0]]},"geometry":{"type":"Point","coordinates":[34.459637,31.538114]}},{"type":"Feature","properties":{"site_id":26,"event_code":"CE20231007PSE","latest_date":"2025-09-22T00:00:00+00:00","latest_class":3,"pass_count":13,"h":[["2023-11-07T00:00:00+00:00",3,2,3],["2023-11-26T00:00:00+00:00",3,2,0],["2024-01-06T00:00:00+00:00",3,2,0],["2024-02-29T00:00:00+00:00",3,2,0],["2024-04-01T00:00:00+00:00",3,2,0],["2024-05-03T00:00:00+00:00",3,2,0],["2024-07-06T00:00:00+00:00",3,2,0],["2024-09-06T00:00:00+00:00",3,2,0],["2024-12-01T00:00:00+00:00",3,2,0],["2025-02-25T00:00:00+00:00",3,2,0],["2025-04-04T00:00:00+00:00",3,2,0],["2025-07-08T00:00:00+00:00",3,2,0],["2025-09-22T00:00:00+00:00",3,2,0]]},"geometry":{"type":"Point","coordinates":[34.459252,31.538214]}},{"type":"Feature","properties":{"site_id":26,"event_code":"CE20231007PSE","latest_date":"2025-09-22T00:00:00+00:00","latest_class":1,"pass_count":13,"h":[["2023-11-07T00:00:00+00:00",3,2,3],["2023-11-26T00:00:00+00:00",3,2,0],["2024-01-06T00:00:00+00:00",3,2,0],["2024-02-29T00:00:00+00:00",3,2,0],["2024-04-01T00:00:00+00:00",3,2,0],["2024-05-03T00:00:00+00:00",3,2,0],["2024-07-06T00:00:00+00:00",3,2,0],["2024-09-06T00:00:00+00:00",3,2,0],["2024-12-01T00:00:00+00:00",3,2,0],["2025-02-25T00:00:00+00:00",3,2,0],["2025-04-04T00:00:00+00:00",3,2,0],["2025-07-08T00:00:00+00:00",3,2,0],["2025-09-22T00:00:00+00:00",1,1,1]]},"geometry":{"type":"Point","coordinates":[34.459076,31.538069]}},{"type":"Feature","properties":{"site_id":26,"event_code":"CE20231007PSE","latest_date":"2025-09-22T00:00:00+00:00","latest_class":1,"pass_count":13,"h":[["2023-11-07T00:00:00+00:00",3,2,3],["2023-11-26T00:00:00+00:00",3,2,0],["2024-01-06T00:00:00+00:00",3,2,0],["2024-02-29T00:00:00+00:00",3,2,0],["2024-04-01T00:00:00+00:00",3,2,0],["2024-05-03T00:00:00+00:00",3,2,0],["2024-07-06T00:00:00+00:00",3,2,0],["2024-09-06T00:00:00+00:00",3,2,0],["2024-12-01T00:00:00+00:00",3,2,0],["2025-02-25T00:00:00+00:00",3,2,0],["2025-04-04T00:00:00+00:00",3,2,0],["2025-07-08T00:00:00+00:00",3,2,0],["2025-09-22T00:00:00+00:00",1,1,1]]},"geometry":{"type":"Point","coordinates":[34.45933,31.537852]}},{"type":"Feature","properties":{"site_id":26,"event_code":"CE20231007PSE","latest_date":"2025-09-22T00:00:00+00:00","latest_class":1,"pass_count":13,"h":[["2023-11-07T00:00:00+00:00",3,2,3],["2023-11-26T00:00:00+00:00",3,2,0],["2024-01-06T00:00:00+00:00",1,1,1],["2024-02-29T00:00:00+00:00",1,1,0],["2024-04-01T00:00:00+00:00",1,1,0],["2024-05-03T00:00:00+00:00",1,1,0],["2024-07-06T00:00:00+00:00",1,1,0],["2024-09-06T00:00:00+00:00",1,1,0],["2024-12-01T00:00:00+00:00",1,1,0],["2025-02-25T00:00:00+00:00",1,1,0],["2025-04-04T00:00:00+00:00",1,1,0],["2025-07-08T00:00:00+00:00",1,1,0],["2025-09-22T00:00:00+00:00",1,1,0]]},"geometry":{"type":"Point","coordinates":[34.459168,31.537711]}},{"type":"Feature","properties":{"site_id":26,"event_code":"CE20231007PSE","latest_date":"2025-09-22T00:00:00+00:00","latest_class":1,"pass_count":13,"h":[["2023-11-07T00:00:00+00:00",3,2,3],["2023-11-26T00:00:00+00:00",3,2,0],["2024-01-06T00:00:00+00:00",2,1,1],["2024-02-29T00:00:00+00:00",2,1,0],["2024-04-01T00:00:00+00:00",2,1,0],["2024-05-03T00:00:00+00:00",2,1,0],["2024-07-06T00:00:00+00:00",1,1,1],["2024-09-06T00:00:00+00:00",1,1,0],["2024-12-01T00:00:00+00:00",1,1,0],["2025-02-25T00:00:00+00:00",1,1,0],["2025-04-04T00:00:00+00:00",1,1,0],["2025-07-08T00:00:00+00:00",1,1,0],["2025-09-22T00:00:00+00:00",1,1,0]]},"geometry":{"type":"Point","coordinates":[34.459063,31.537794]}},{"type":"Feature","properties":{"site_id":26,"event_code":"CE20231007PSE","latest_date":"2025-09-22T00:00:00+00:00","latest_class":1,"pass_count":14,"h":[["2023-10-15T00:00:00+00:00",4,3,null],["2023-11-07T00:00:00+00:00",4,3,0],["2023-11-26T00:00:00+00:00",1,1,1],["2024-01-06T00:00:00+00:00",1,1,0],["2024-02-29T00:00:00+00:00",1,1,0],["2024-04-01T00:00:00+00:00",1,1,0],["2024-05-03T00:00:00+00:00",1,1,0],["2024-07-06T00:00:00+00:00",1,1,0],["2024-09-06T00:00:00+00:00",1,1,0],["2024-12-01T00:00:00+00:00",1,1,0],["2025-02-25T00:00:00+00:00",1,1,0],["2025-04-04T00:00:00+00:00",1,1,0],["2025-07-08T00:00:00+00:00",1,1,0],["2025-09-22T00:00:00+00:00",1,1,0]]},"geometry":{"type":"Point","coordinates":[34.457941,31.538761]}},{"type":"Feature","properties":{"site_id":26,"event_code":"CE20231007PSE","latest_date":"2025-09-22T00:00:00+00:00","latest_class":3,"pass_count":12,"h":[["2023-11-26T00:00:00+00:00",3,2,3],["2024-01-06T00:00:00+00:00",3,2,0],["2024-02-29T00:00:00+00:00",3,2,0],["2024-04-01T00:00:00+00:00",3,2,0],["2024-05-03T00:00:00+00:00",3,2,0],["2024-07-06T00:00:00+00:00",3,2,0],["2024-09-06T00:00:00+00:00",3,2,0],["2024-12-01T00:00:00+00:00",3,2,0],["2025-02-25T00:00:00+00:00",3,2,0],["2025-04-04T00:00:00+00:00",3,2,0],["2025-07-08T00:00:00+00:00",3,2,0],["2025-09-22T00:00:00+00:00",3,2,0]]},"geometry":{"type":"Point","coordinates":[34.458384,31.539208]}},{"type":"Feature","properties":{"site_id":26,"event_code":"CE20231007PSE","latest_date":"2025-09-22T00:00:00+00:00","latest_class":3,"pass_count":13,"h":[["2023-11-07T00:00:00+00:00",3,2,3],["2023-11-26T00:00:00+00:00",3,2,0],["2024-01-06T00:00:00+00:00",3,2,0],["2024-02-29T00:00:00+00:00",3,2,0],["2024-04-01T00:00:00+00:00",3,2,0],["2024-05-03T00:00:00+00:00",3,2,0],["2024-07-06T00:00:00+00:00",3,2,0],["2024-09-06T00:00:00+00:00",3,2,0],["2024-12-01T00:00:00+00:00",3,2,0],["2025-02-25T00:00:00+00:00",3,2,0],["2025-04-04T00:00:00+00:00",3,2,0],["2025-07-08T00:00:00+00:00",3,2,0],["2025-09-22T00:00:00+00:00",3,2,0]]},"geometry":{"type":"Point","coordinates":[34.457089,31.540124]}},{"type":"Feature","properties":{"site_id":26,"event_code":"CE20231007PSE","latest_date":"2025-09-22T00:00:00+00:00","latest_class":1,"pass_count":13,"h":[["2023-11-07T00:00:00+00:00",2,2,3],["2023-11-26T00:00:00+00:00",2,2,0],["2024-01-06T00:00:00+00:00",1,1,1],["2024-02-29T00:00:00+00:00",1,1,0],["2024-04-01T00:00:00+00:00",1,1,0],["2024-05-03T00:00:00+00:00",1,1,0],["2024-07-06T00:00:00+00:00",1,1,0],["2024-09-06T00:00:00+00:00",1,1,0],["2024-12-01T00:00:00+00:00",1,1,0],["2025-02-25T00:00:00+00:00",1,1,0],["2025-04-04T00:00:00+00:00",1,1,0],["2025-07-08T00:00:00+00:00",1,1,0],["2025-09-22T00:00:00+00:00",1,1,0]]},"geometry":{"type":"Point","coordinates":[34.457433,31.540017]}},{"type":"Feature","properties":{"site_id":26,"event_code":"CE20231007PSE","latest_date":"2025-09-22T00:00:00+00:00","latest_class":1,"pass_count":12,"h":[["2023-11-26T00:00:00+00:00",1,1,3],["2024-01-06T00:00:00+00:00",1,1,0],["2024-02-29T00:00:00+00:00",1,1,0],["2024-04-01T00:00:00+00:00",1,1,0],["2024-05-03T00:00:00+00:00",1,1,0],["2024-07-06T00:00:00+00:00",1,1,0],["2024-09-06T00:00:00+00:00",1,1,0],["2024-12-01T00:00:00+00:00",1,1,0],["2025-02-25T00:00:00+00:00",1,1,0],["2025-04-04T00:00:00+00:00",1,1,0],["2025-07-08T00:00:00+00:00",1,1,0],["2025-09-22T00:00:00+00:00",1,1,0]]},"geometry":{"type":"Point","coordinates":[34.456895,31.540262]}},{"type":"Feature","properties":{"site_id":26,"event_code":"CE20231007PSE","latest_date":"2025-09-22T00:00:00+00:00","latest_class":1,"pass_count":14,"h":[["2023-10-15T00:00:00+00:00",4,3,null],["2023-11-07T00:00:00+00:00",4,3,0],["2023-11-26T00:00:00+00:00",1,1,1],["2024-01-06T00:00:00+00:00",1,1,0],["2024-02-29T00:00:00+00:00",1,1,0],["2024-04-01T00:00:00+00:00",1,1,0],["2024-05-03T00:00:00+00:00",1,1,0],["2024-07-06T00:00:00+00:00",1,1,0],["2024-09-06T00:00:00+00:00",1,1,0],["2024-12-01T00:00:00+00:00",1,1,0],["2025-02-25T00:00:00+00:00",1,1,0],["2025-04-04T00:00:00+00:00",1,1,0],["2025-07-08T00:00:00+00:00",1,1,0],["2025-09-22T00:00:00+00:00",1,1,0]]},"geometry":{"type":"Point","coordinates":[34.463697,31.539653]}},{"type":"Feature","properties":{"site_id":26,"event_code":"CE20231007PSE","latest_date":"2025-09-22T00:00:00+00:00","latest_class":1,"pass_count":12,"h":[["2023-11-26T00:00:00+00:00",1,1,3],["2024-01-06T00:00:00+00:00",1,1,0],["2024-02-29T00:00:00+00:00",1,1,0],["2024-04-01T00:00:00+00:00",1,1,0],["2024-05-03T00:00:00+00:00",1,1,0],["2024-07-06T00:00:00+00:00",1,1,0],["2024-09-06T00:00:00+00:00",1,1,0],["2024-12-01T00:00:00+00:00",1,1,0],["2025-02-25T00:00:00+00:00",1,1,0],["2025-04-04T00:00:00+00:00",1,1,0],["2025-07-08T00:00:00+00:00",1,1,0],["2025-09-22T00:00:00+00:00",1,1,0]]},"geometry":{"type":"Point","coordinates":[34.463291,31.540251]}},{"type":"Feature","properties":{"site_id":26,"event_code":"CE20231007PSE","latest_date":"2025-09-22T00:00:00+00:00","latest_class":1,"pass_count":13,"h":[["2023-11-07T00:00:00+00:00",4,3,3],["2023-11-26T00:00:00+00:00",3,2,1],["2024-01-06T00:00:00+00:00",3,2,0],["2024-02-29T00:00:00+00:00",1,1,1],["2024-04-01T00:00:00+00:00",1,1,0],["2024-05-03T00:00:00+00:00",1,1,0],["2024-07-06T00:00:00+00:00",1,1,0],["2024-09-06T00:00:00+00:00",1,1,0],["2024-12-01T00:00:00+00:00",1,1,0],["2025-02-25T00:00:00+00:00",1,1,0],["2025-04-04T00:00:00+00:00",1,1,0],["2025-07-08T00:00:00+00:00",1,1,0],["2025-09-22T00:00:00+00:00",1,1,0]]},"geometry":{"type":"Point","coordinates":[34.463219,31.539509]}},{"type":"Feature","properties":{"site_id":26,"event_code":"CE20231007PSE","latest_date":"2025-09-22T00:00:00+00:00","latest_class":1,"pass_count":12,"h":[["2023-11-26T00:00:00+00:00",3,2,3],["2024-01-06T00:00:00+00:00",3,2,0],["2024-02-29T00:00:00+00:00",1,1,1],["2024-04-01T00:00:00+00:00",1,1,0],["2024-05-03T00:00:00+00:00",1,1,0],["2024-07-06T00:00:00+00:00",1,1,0],["2024-09-06T00:00:00+00:00",1,1,0],["2024-12-01T00:00:00+00:00",1,1,0],["2025-02-25T00:00:00+00:00",1,1,0],["2025-04-04T00:00:00+00:00",1,1,0],["2025-07-08T00:00:00+00:00",1,1,0],["2025-09-22T00:00:00+00:00",1,1,0]]},"geometry":{"type":"Point","coordinates":[34.462303,31.540276]}},{"type":"Feature","properties":{"site_id":26,"event_code":"CE20231007PSE","latest_date":"2025-09-22T00:00:00+00:00","latest_class":1,"pass_count":12,"h":[["2023-11-26T00:00:00+00:00",3,2,3],["2024-01-06T00:00:00+00:00",3,2,0],["2024-02-29T00:00:00+00:00",1,1,1],["2024-04-01T00:00:00+00:00",1,1,0],["2024-05-03T00:00:00+00:00",1,1,0],["2024-07-06T00:00:00+00:00",1,1,0],["2024-09-06T00:00:00+00:00",1,1,0],["2024-12-01T00:00:00+00:00",1,1,0],["2025-02-25T00:00:00+00:00",1,1,0],["2025-04-04T00:00:00+00:00",1,1,0],["2025-07-08T00:00:00+00:00",1,1,0],["2025-09-22T00:00:00+00:00",1,1,0]]},"geometry":{"type":"Point","coordinates":[34.462437,31.540162]}},{"type":"Feature","properties":{"site_id":26,"event_code":"CE20231007PSE","latest_date":"2025-09-22T00:00:00+00:00","latest_class":3,"pass_count":12,"h":[["2023-11-26T00:00:00+00:00",3,2,3],["2024-01-06T00:00:00+00:00",3,2,0],["2024-02-29T00:00:00+00:00",3,2,0],["2024-04-01T00:00:00+00:00",3,2,0],["2024-05-03T00:00:00+00:00",3,2,0],["2024-07-06T00:00:00+00:00",3,2,0],["2024-09-06T00:00:00+00:00",3,2,0],["2024-12-01T00:00:00+00:00",3,2,0],["2025-02-25T00:00:00+00:00",3,2,0],["2025-04-04T00:00:00+00:00",3,2,0],["2025-07-08T00:00:00+00:00",3,2,0],["2025-09-22T00:00:00+00:00",3,2,0]]},"geometry":{"type":"Point","coordinates":[34.46254,31.540059]}},{"type":"Feature","properties":{"site_id":26,"event_code":"CE20231007PSE","latest_date":"2025-09-22T00:00:00+00:00","latest_class":3,"pass_count":14,"h":[["2023-10-15T00:00:00+00:00",4,3,null],["2023-11-07T00:00:00+00:00",4,3,0],["2023-11-26T00:00:00+00:00",3,2,1],["2024-01-06T00:00:00+00:00",3,2,0],["2024-02-29T00:00:00+00:00",3,2,0],["2024-04-01T00:00:00+00:00",3,2,0],["2024-05-03T00:00:00+00:00",3,2,0],["2024-07-06T00:00:00+00:00",3,2,0],["2024-09-06T00:00:00+00:00",3,2,0],["2024-12-01T00:00:00+00:00",3,2,0],["2025-02-25T00:00:00+00:00",3,2,0],["2025-04-04T00:00:00+00:00",3,2,0],["2025-07-08T00:00:00+00:00",3,2,0],["2025-09-22T00:00:00+00:00",3,2,0]]},"geometry":{"type":"Point","coordinates":[34.462705,31.539939]}},{"type":"Feature","properties":{"site_id":26,"event_code":"CE20231007PSE","latest_date":"2025-09-22T00:00:00+00:00","latest_class":3,"pass_count":14,"h":[["2023-10-15T00:00:00+00:00",4,3,null],["2023-11-07T00:00:00+00:00",4,3,0],["2023-11-26T00:00:00+00:00",3,2,1],["2024-01-06T00:00:00+00:00",3,2,0],["2024-02-29T00:00:00+00:00",3,2,0],["2024-04-01T00:00:00+00:00",3,2,0],["2024-05-03T00:00:00+00:00",3,2,0],["2024-07-06T00:00:00+00:00",3,2,0],["2024-09-06T00:00:00+00:00",3,2,0],["2024-12-01T00:00:00+00:00",3,2,0],["2025-02-25T00:00:00+00:00",3,2,0],["2025-04-04T00:00:00+00:00",3,2,0],["2025-07-08T00:00:00+00:00",3,2,0],["2025-09-22T00:00:00+00:00",3,2,0]]},"geometry":{"type":"Point","coordinates":[34.462801,31.540064]}},{"type":"Feature","properties":{"site_id":26,"event_code":"CE20231007PSE","latest_date":"2025-09-22T00:00:00+00:00","latest_class":3,"pass_count":14,"h":[["2023-10-15T00:00:00+00:00",4,3,null],["2023-11-07T00:00:00+00:00",4,3,0],["2023-11-26T00:00:00+00:00",3,2,1],["2024-01-06T00:00:00+00:00",3,2,0],["2024-02-29T00:00:00+00:00",3,2,0],["2024-04-01T00:00:00+00:00",3,2,0],["2024-05-03T00:00:00+00:00",3,2,0],["2024-07-06T00:00:00+00:00",3,2,0],["2024-09-06T00:00:00+00:00",3,2,0],["2024-12-01T00:00:00+00:00",3,2,0],["2025-02-25T00:00:00+00:00",3,2,0],["2025-04-04T00:00:00+00:00",3,2,0],["2025-07-08T00:00:00+00:00",3,2,0],["2025-09-22T00:00:00+00:00",3,2,0]]},"geometry":{"type":"Point","coordinates":[34.462665,31.540183]}},{"type":"Feature","properties":{"site_id":26,"event_code":"CE20231007PSE","latest_date":"2025-09-22T00:00:00+00:00","latest_class":1,"pass_count":12,"h":[["2023-11-26T00:00:00+00:00",3,2,3],["2024-01-06T00:00:00+00:00",3,2,0],["2024-02-29T00:00:00+00:00",1,1,1],["2024-04-01T00:00:00+00:00",1,1,0],["2024-05-03T00:00:00+00:00",1,1,0],["2024-07-06T00:00:00+00:00",1,1,0],["2024-09-06T00:00:00+00:00",1,1,0],["2024-12-01T00:00:00+00:00",1,1,0],["2025-02-25T00:00:00+00:00",1,1,0],["2025-04-04T00:00:00+00:00",1,1,0],["2025-07-08T00:00:00+00:00",1,1,0],["2025-09-22T00:00:00+00:00",1,1,0]]},"geometry":{"type":"Point","coordinates":[34.462443,31.540382]}},{"type":"Feature","properties":{"site_id":26,"event_code":"CE20231007PSE","latest_date":"2025-09-22T00:00:00+00:00","latest_class":1,"pass_count":13,"h":[["2023-11-07T00:00:00+00:00",4,3,3],["2023-11-26T00:00:00+00:00",3,2,1],["2024-01-06T00:00:00+00:00",3,2,0],["2024-02-29T00:00:00+00:00",1,1,1],["2024-04-01T00:00:00+00:00",1,1,0],["2024-05-03T00:00:00+00:00",1,1,0],["2024-07-06T00:00:00+00:00",1,1,0],["2024-09-06T00:00:00+00:00",1,1,0],["2024-12-01T00:00:00+00:00",1,1,0],["2025-02-25T00:00:00+00:00",1,1,0],["2025-04-04T00:00:00+00:00",1,1,0],["2025-07-08T00:00:00+00:00",1,1,0],["2025-09-22T00:00:00+00:00",1,1,0]]},"geometry":{"type":"Point","coordinates":[34.462638,31.540592]}},{"type":"Feature","properties":{"site_id":26,"event_code":"CE20231007PSE","latest_date":"2025-09-22T00:00:00+00:00","latest_class":1,"pass_count":13,"h":[["2023-11-07T00:00:00+00:00",4,3,3],["2023-11-26T00:00:00+00:00",3,2,1],["2024-01-06T00:00:00+00:00",3,2,0],["2024-02-29T00:00:00+00:00",1,1,1],["2024-04-01T00:00:00+00:00",1,1,0],["2024-05-03T00:00:00+00:00",1,1,0],["2024-07-06T00:00:00+00:00",1,1,0],["2024-09-06T00:00:00+00:00",1,1,0],["2024-12-01T00:00:00+00:00",1,1,0],["2025-02-25T00:00:00+00:00",1,1,0],["2025-04-04T00:00:00+00:00",1,1,0],["2025-07-08T00:00:00+00:00",1,1,0],["2025-09-22T00:00:00+00:00",1,1,0]]},"geometry":{"type":"Point","coordinates":[34.462747,31.540491]}},{"type":"Feature","properties":{"site_id":26,"event_code":"CE20231007PSE","latest_date":"2025-09-22T00:00:00+00:00","latest_class":3,"pass_count":13,"h":[["2023-11-07T00:00:00+00:00",4,3,3],["2023-11-26T00:00:00+00:00",3,2,1],["2024-01-06T00:00:00+00:00",3,2,0],["2024-02-29T00:00:00+00:00",3,2,0],["2024-04-01T00:00:00+00:00",3,2,0],["2024-05-03T00:00:00+00:00",3,2,0],["2024-07-06T00:00:00+00:00",3,2,0],["2024-09-06T00:00:00+00:00",3,2,0],["2024-12-01T00:00:00+00:00",3,2,0],["2025-02-25T00:00:00+00:00",3,2,0],["2025-04-04T00:00:00+00:00",3,2,0],["2025-07-08T00:00:00+00:00",3,2,0],["2025-09-22T00:00:00+00:00",3,2,0]]},"geometry":{"type":"Point","coordinates":[34.463278,31.540789]}},{"type":"Feature","properties":{"site_id":26,"event_code":"CE20231007PSE","latest_date":"2025-09-22T00:00:00+00:00","latest_class":1,"pass_count":13,"h":[["2023-11-07T00:00:00+00:00",2,1,3],["2023-11-26T00:00:00+00:00",2,1,0],["2024-01-06T00:00:00+00:00",1,1,1],["2024-02-29T00:00:00+00:00",1,1,0],["2024-04-01T00:00:00+00:00",1,1,0],["2024-05-03T00:00:00+00:00",1,1,0],["2024-07-06T00:00:00+00:00",1,1,0],["2024-09-06T00:00:00+00:00",1,1,0],["2024-12-01T00:00:00+00:00",1,1,0],["2025-02-25T00:00:00+00:00",1,1,0],["2025-04-04T00:00:00+00:00",1,1,0],["2025-07-08T00:00:00+00:00",1,1,0],["2025-09-22T00:00:00+00:00",1,1,0]]},"geometry":{"type":"Point","coordinates":[34.462389,31.541247]}},{"type":"Feature","properties":{"site_id":5,"event_code":"CE20231007PSE","latest_date":"2025-09-22T00:00:00+00:00","latest_class":1,"pass_count":12,"h":[["2023-11-26T00:00:00+00:00",1,1,3],["2024-01-06T00:00:00+00:00",1,1,0],["2024-02-29T00:00:00+00:00",1,1,0],["2024-04-01T00:00:00+00:00",1,1,0],["2024-05-03T00:00:00+00:00",1,1,0],["2024-07-06T00:00:00+00:00",1,1,0],["2024-09-06T00:00:00+00:00",1,1,0],["2024-12-01T00:00:00+00:00",1,1,0],["2025-02-25T00:00:00+00:00",1,1,0],["2025-04-04T00:00:00+00:00",1,1,0],["2025-07-08T00:00:00+00:00",1,1,0],["2025-09-22T00:00:00+00:00",1,1,0]]},"geometry":{"type":"Point","coordinates":[34.461366,31.541265]}},{"type":"Feature","properties":{"site_id":5,"event_code":"CE20231007PSE","latest_date":"2025-09-22T00:00:00+00:00","latest_class":2,"pass_count":12,"h":[["2023-11-26T00:00:00+00:00",2,1,3],["2024-01-06T00:00:00+00:00",2,1,0],["2024-02-29T00:00:00+00:00",2,1,0],["2024-04-01T00:00:00+00:00",2,1,0],["2024-05-03T00:00:00+00:00",2,1,0],["2024-07-06T00:00:00+00:00",2,1,0],["2024-09-06T00:00:00+00:00",2,1,0],["2024-12-01T00:00:00+00:00",2,1,0],["2025-02-25T00:00:00+00:00",2,1,0],["2025-04-04T00:00:00+00:00",2,1,0],["2025-07-08T00:00:00+00:00",2,1,0],["2025-09-22T00:00:00+00:00",2,1,0]]},"geometry":{"type":"Point","coordinates":[34.461351,31.541201]}},{"type":"Feature","properties":{"site_id":26,"event_code":"CE20231007PSE","latest_date":"2025-09-22T00:00:00+00:00","latest_class":1,"pass_count":14,"h":[["2023-10-15T00:00:00+00:00",4,3,null],["2023-11-07T00:00:00+00:00",4,3,0],["2023-11-26T00:00:00+00:00",3,2,1],["2024-01-06T00:00:00+00:00",3,2,0],["2024-02-29T00:00:00+00:00",3,2,0],["2024-04-01T00:00:00+00:00",1,1,1],["2024-05-03T00:00:00+00:00",1,1,0],["2024-07-06T00:00:00+00:00",1,1,0],["2024-09-06T00:00:00+00:00",1,1,0],["2024-12-01T00:00:00+00:00",1,1,0],["2025-02-25T00:00:00+00:00",1,1,0],["2025-04-04T00:00:00+00:00",1,1,0],["2025-07-08T00:00:00+00:00",1,1,0],["2025-09-22T00:00:00+00:00",1,1,0]]},"geometry":{"type":"Point","coordinates":[34.461907,31.541686]}},{"type":"Feature","properties":{"site_id":26,"event_code":"CE20231007PSE","latest_date":"2025-09-22T00:00:00+00:00","latest_class":1,"pass_count":13,"h":[["2023-11-07T00:00:00+00:00",4,3,3],["2023-11-26T00:00:00+00:00",1,1,1],["2024-01-06T00:00:00+00:00",1,1,0],["2024-02-29T00:00:00+00:00",1,1,0],["2024-04-01T00:00:00+00:00",1,1,0],["2024-05-03T00:00:00+00:00",1,1,0],["2024-07-06T00:00:00+00:00",1,1,0],["2024-09-06T00:00:00+00:00",1,1,0],["2024-12-01T00:00:00+00:00",1,1,0],["2025-02-25T00:00:00+00:00",1,1,0],["2025-04-04T00:00:00+00:00",1,1,0],["2025-07-08T00:00:00+00:00",1,1,0],["2025-09-22T00:00:00+00:00",1,1,0]]},"geometry":{"type":"Point","coordinates":[34.46194,31.539999]}},{"type":"Feature","properties":{"site_id":26,"event_code":"CE20231007PSE","latest_date":"2025-09-22T00:00:00+00:00","latest_class":1,"pass_count":13,"h":[["2023-11-07T00:00:00+00:00",4,3,3],["2023-11-26T00:00:00+00:00",1,1,1],["2024-01-06T00:00:00+00:00",1,1,0],["2024-02-29T00:00:00+00:00",1,1,0],["2024-04-01T00:00:00+00:00",1,1,0],["2024-05-03T00:00:00+00:00",1,1,0],["2024-07-06T00:00:00+00:00",1,1,0],["2024-09-06T00:00:00+00:00",1,1,0],["2024-12-01T00:00:00+00:00",1,1,0],["2025-02-25T00:00:00+00:00",1,1,0],["2025-04-04T00:00:00+00:00",1,1,0],["2025-07-08T00:00:00+00:00",1,1,0],["2025-09-22T00:00:00+00:00",1,1,0]]},"geometry":{"type":"Point","coordinates":[34.462004,31.539972]}},{"type":"Feature","properties":{"site_id":26,"event_code":"CE20231007PSE","latest_date":"2025-09-22T00:00:00+00:00","latest_class":1,"pass_count":13,"h":[["2023-11-07T00:00:00+00:00",4,3,3],["2023-11-26T00:00:00+00:00",1,1,1],["2024-01-06T00:00:00+00:00",1,1,0],["2024-02-29T00:00:00+00:00",1,1,0],["2024-04-01T00:00:00+00:00",1,1,0],["2024-05-03T00:00:00+00:00",1,1,0],["2024-07-06T00:00:00+00:00",1,1,0],["2024-09-06T00:00:00+00:00",1,1,0],["2024-12-01T00:00:00+00:00",1,1,0],["2025-02-25T00:00:00+00:00",1,1,0],["2025-04-04T00:00:00+00:00",1,1,0],["2025-07-08T00:00:00+00:00",1,1,0],["2025-09-22T00:00:00+00:00",1,1,0]]},"geometry":{"type":"Point","coordinates":[34.462069,31.539914]}},{"type":"Feature","properties":{"site_id":26,"event_code":"CE20231007PSE","latest_date":"2025-09-22T00:00:00+00:00","latest_class":1,"pass_count":12,"h":[["2023-11-26T00:00:00+00:00",3,2,3],["2024-01-06T00:00:00+00:00",3,2,0],["2024-02-29T00:00:00+00:00",1,1,1],["2024-04-01T00:00:00+00:00",1,1,0],["2024-05-03T00:00:00+00:00",1,1,0],["2024-07-06T00:00:00+00:00",1,1,0],["2024-09-06T00:00:00+00:00",1,1,0],["2024-12-01T00:00:00+00:00",1,1,0],["2025-02-25T00:00:00+00:00",1,1,0],["2025-04-04T00:00:00+00:00",1,1,0],["2025-07-08T00:00:00+00:00",1,1,0],["2025-09-22T00:00:00+00:00",1,1,0]]},"geometry":{"type":"Point","coordinates":[34.461455,31.537664]}},{"type":"Feature","properties":{"site_id":26,"event_code":"CE20231007PSE","latest_date":"2025-09-22T00:00:00+00:00","latest_class":2,"pass_count":12,"h":[["2023-11-26T00:00:00+00:00",2,1,3],["2024-01-06T00:00:00+00:00",2,1,0],["2024-02-29T00:00:00+00:00",2,1,0],["2024-04-01T00:00:00+00:00",2,1,0],["2024-05-03T00:00:00+00:00",2,1,0],["2024-07-06T00:00:00+00:00",2,1,0],["2024-09-06T00:00:00+00:00",2,1,0],["2024-12-01T00:00:00+00:00",2,1,0],["2025-02-25T00:00:00+00:00",2,1,0],["2025-04-04T00:00:00+00:00",2,1,0],["2025-07-08T00:00:00+00:00",2,1,0],["2025-09-22T00:00:00+00:00",2,1,0]]},"geometry":{"type":"Point","coordinates":[34.461277,31.537306]}},{"type":"Feature","properties":{"site_id":26,"event_code":"CE20231007PSE","latest_date":"2025-09-22T00:00:00+00:00","latest_class":3,"pass_count":13,"h":[["2023-11-07T00:00:00+00:00",3,2,3],["2023-11-26T00:00:00+00:00",3,2,0],["2024-01-06T00:00:00+00:00",3,2,0],["2024-02-29T00:00:00+00:00",3,2,0],["2024-04-01T00:00:00+00:00",3,2,0],["2024-05-03T00:00:00+00:00",3,2,0],["2024-07-06T00:00:00+00:00",3,2,0],["2024-09-06T00:00:00+00:00",3,2,0],["2024-12-01T00:00:00+00:00",3,2,0],["2025-02-25T00:00:00+00:00",3,2,0],["2025-04-04T00:00:00+00:00",3,2,0],["2025-07-08T00:00:00+00:00",3,2,0],["2025-09-22T00:00:00+00:00",3,2,0]]},"geometry":{"type":"Point","coordinates":[34.459548,31.538205]}},{"type":"Feature","properties":{"site_id":26,"event_code":"CE20231007PSE","latest_date":"2025-09-22T00:00:00+00:00","latest_class":3,"pass_count":13,"h":[["2023-11-07T00:00:00+00:00",4,3,3],["2023-11-26T00:00:00+00:00",3,2,1],["2024-01-06T00:00:00+00:00",3,2,0],["2024-02-29T00:00:00+00:00",3,2,0],["2024-04-01T00:00:00+00:00",3,2,0],["2024-05-03T00:00:00+00:00",3,2,0],["2024-07-06T00:00:00+00:00",3,2,0],["2024-09-06T00:00:00+00:00",3,2,0],["2024-12-01T00:00:00+00:00",3,2,0],["2025-02-25T00:00:00+00:00",3,2,0],["2025-04-04T00:00:00+00:00",3,2,0],["2025-07-08T00:00:00+00:00",3,2,0],["2025-09-22T00:00:00+00:00",3,2,0]]},"geometry":{"type":"Point","coordinates":[34.458198,31.539352]}},{"type":"Feature","properties":{"site_id":26,"event_code":"CE20231007PSE","latest_date":"2025-09-22T00:00:00+00:00","latest_class":2,"pass_count":12,"h":[["2023-11-26T00:00:00+00:00",2,1,3],["2024-01-06T00:00:00+00:00",2,1,0],["2024-02-29T00:00:00+00:00",2,1,0],["2024-04-01T00:00:00+00:00",2,1,0],["2024-05-03T00:00:00+00:00",2,1,0],["2024-07-06T00:00:00+00:00",2,1,0],["2024-09-06T00:00:00+00:00",2,1,0],["2024-12-01T00:00:00+00:00",2,1,0],["2025-02-25T00:00:00+00:00",2,1,0],["2025-04-04T00:00:00+00:00",2,1,0],["2025-07-08T00:00:00+00:00",2,1,0],["2025-09-22T00:00:00+00:00",2,1,0]]},"geometry":{"type":"Point","coordinates":[34.457642,31.5393]}},{"type":"Feature","properties":{"site_id":26,"event_code":"CE20231007PSE","latest_date":"2025-09-22T00:00:00+00:00","latest_class":2,"pass_count":12,"h":[["2023-11-26T00:00:00+00:00",2,1,3],["2024-01-06T00:00:00+00:00",2,1,0],["2024-02-29T00:00:00+00:00",2,1,0],["2024-04-01T00:00:00+00:00",2,1,0],["2024-05-03T00:00:00+00:00",2,1,0],["2024-07-06T00:00:00+00:00",2,1,0],["2024-09-06T00:00:00+00:00",2,1,0],["2024-12-01T00:00:00+00:00",2,1,0],["2025-02-25T00:00:00+00:00",2,1,0],["2025-04-04T00:00:00+00:00",2,1,0],["2025-07-08T00:00:00+00:00",2,1,0],["2025-09-22T00:00:00+00:00",2,1,0]]},"geometry":{"type":"Point","coordinates":[34.457794,31.53942]}},{"type":"Feature","properties":{"site_id":26,"event_code":"CE20231007PSE","latest_date":"2025-09-22T00:00:00+00:00","latest_class":2,"pass_count":13,"h":[["2023-11-07T00:00:00+00:00",4,3,3],["2023-11-26T00:00:00+00:00",3,2,1],["2024-01-06T00:00:00+00:00",2,1,1],["2024-02-29T00:00:00+00:00",2,1,0],["2024-04-01T00:00:00+00:00",2,1,0],["2024-05-03T00:00:00+00:00",2,1,0],["2024-07-06T00:00:00+00:00",2,1,0],["2024-09-06T00:00:00+00:00",2,1,0],["2024-12-01T00:00:00+00:00",2,1,0],["2025-02-25T00:00:00+00:00",2,1,0],["2025-04-04T00:00:00+00:00",2,1,0],["2025-07-08T00:00:00+00:00",2,1,0],["2025-09-22T00:00:00+00:00",2,1,0]]},"geometry":{"type":"Point","coordinates":[34.458959,31.537905]}},{"type":"Feature","properties":{"site_id":26,"event_code":"CE20231007PSE","latest_date":"2025-09-22T00:00:00+00:00","latest_class":2,"pass_count":13,"h":[["2023-11-07T00:00:00+00:00",3,2,3],["2023-11-26T00:00:00+00:00",2,1,1],["2024-01-06T00:00:00+00:00",2,1,0],["2024-02-29T00:00:00+00:00",2,1,0],["2024-04-01T00:00:00+00:00",2,1,0],["2024-05-03T00:00:00+00:00",2,1,0],["2024-07-06T00:00:00+00:00",2,1,0],["2024-09-06T00:00:00+00:00",2,1,0],["2024-12-01T00:00:00+00:00",2,1,0],["2025-02-25T00:00:00+00:00",2,1,0],["2025-04-04T00:00:00+00:00",2,1,0],["2025-07-08T00:00:00+00:00",2,1,0],["2025-09-22T00:00:00+00:00",2,1,0]]},"geometry":{"type":"Point","coordinates":[34.460503,31.536522]}},{"type":"Feature","properties":{"site_id":26,"event_code":"CE20231007PSE","latest_date":"2025-09-22T00:00:00+00:00","latest_class":3,"pass_count":13,"h":[["2023-11-07T00:00:00+00:00",4,3,3],["2023-11-26T00:00:00+00:00",3,2,1],["2024-01-06T00:00:00+00:00",3,2,0],["2024-02-29T00:00:00+00:00",3,2,0],["2024-04-01T00:00:00+00:00",3,2,0],["2024-05-03T00:00:00+00:00",3,2,0],["2024-07-06T00:00:00+00:00",3,2,0],["2024-09-06T00:00:00+00:00",3,2,0],["2024-12-01T00:00:00+00:00",3,2,0],["2025-02-25T00:00:00+00:00",3,2,0],["2025-04-04T00:00:00+00:00",3,2,0],["2025-07-08T00:00:00+00:00",3,2,0],["2025-09-22T00:00:00+00:00",3,2,0]]},"geometry":{"type":"Point","coordinates":[34.459983,31.536954]}},{"type":"Feature","properties":{"site_id":26,"event_code":"CE20231007PSE","latest_date":"2025-09-22T00:00:00+00:00","latest_class":3,"pass_count":13,"h":[["2023-11-07T00:00:00+00:00",4,3,3],["2023-11-26T00:00:00+00:00",3,2,1],["2024-01-06T00:00:00+00:00",3,2,0],["2024-02-29T00:00:00+00:00",3,2,0],["2024-04-01T00:00:00+00:00",3,2,0],["2024-05-03T00:00:00+00:00",3,2,0],["2024-07-06T00:00:00+00:00",3,2,0],["2024-09-06T00:00:00+00:00",3,2,0],["2024-12-01T00:00:00+00:00",3,2,0],["2025-02-25T00:00:00+00:00",3,2,0],["2025-04-04T00:00:00+00:00",3,2,0],["2025-07-08T00:00:00+00:00",3,2,0],["2025-09-22T00:00:00+00:00",3,2,0]]},"geometry":{"type":"Point","coordinates":[34.459819,31.537116]}},{"type":"Feature","properties":{"site_id":26,"event_code":"CE20231007PSE","latest_date":"2025-09-22T00:00:00+00:00","latest_class":3,"pass_count":13,"h":[["2023-11-07T00:00:00+00:00",3,2,3],["2023-11-26T00:00:00+00:00",3,2,0],["2024-01-06T00:00:00+00:00",3,2,0],["2024-02-29T00:00:00+00:00",3,2,0],["2024-04-01T00:00:00+00:00",3,2,0],["2024-05-03T00:00:00+00:00",3,2,0],["2024-07-06T00:00:00+00:00",3,2,0],["2024-09-06T00:00:00+00:00",3,2,0],["2024-12-01T00:00:00+00:00",3,2,0],["2025-02-25T00:00:00+00:00",3,2,0],["2025-04-04T00:00:00+00:00",3,2,0],["2025-07-08T00:00:00+00:00",3,2,0],["2025-09-22T00:00:00+00:00",3,2,0]]},"geometry":{"type":"Point","coordinates":[34.460222,31.537087]}},{"type":"Feature","properties":{"site_id":26,"event_code":"CE20231007PSE","latest_date":"2025-09-22T00:00:00+00:00","latest_class":1,"pass_count":14,"h":[["2023-10-15T00:00:00+00:00",4,3,null],["2023-11-07T00:00:00+00:00",4,3,0],["2023-11-26T00:00:00+00:00",4,3,0],["2024-01-06T00:00:00+00:00",3,2,1],["2024-02-29T00:00:00+00:00",3,2,0],["2024-04-01T00:00:00+00:00",3,2,0],["2024-05-03T00:00:00+00:00",3,2,0],["2024-07-06T00:00:00+00:00",3,2,0],["2024-09-06T00:00:00+00:00",3,2,0],["2024-12-01T00:00:00+00:00",3,2,0],["2025-02-25T00:00:00+00:00",3,2,0],["2025-04-04T00:00:00+00:00",3,2,0],["2025-07-08T00:00:00+00:00",3,2,0],["2025-09-22T00:00:00+00:00",1,1,1]]},"geometry":{"type":"Point","coordinates":[34.458851,31.541207]}},{"type":"Feature","properties":{"site_id":26,"event_code":"CE20231007PSE","latest_date":"2025-09-22T00:00:00+00:00","latest_class":2,"pass_count":14,"h":[["2023-10-15T00:00:00+00:00",4,3,null],["2023-11-07T00:00:00+00:00",4,3,0],["2023-11-26T00:00:00+00:00",4,3,0],["2024-01-06T00:00:00+00:00",3,2,1],["2024-02-29T00:00:00+00:00",3,2,0],["2024-04-01T00:00:00+00:00",3,2,0],["2024-05-03T00:00:00+00:00",3,2,0],["2024-07-06T00:00:00+00:00",3,2,0],["2024-09-06T00:00:00+00:00",3,2,0],["2024-12-01T00:00:00+00:00",3,2,0],["2025-02-25T00:00:00+00:00",3,2,0],["2025-04-04T00:00:00+00:00",3,2,0],["2025-07-08T00:00:00+00:00",3,2,0],["2025-09-22T00:00:00+00:00",2,2,1]]},"geometry":{"type":"Point","coordinates":[34.458915,31.541164]}},{"type":"Feature","properties":{"site_id":26,"event_code":"CE20231007PSE","latest_date":"2025-09-22T00:00:00+00:00","latest_class":3,"pass_count":14,"h":[["2023-10-15T00:00:00+00:00",4,3,null],["2023-11-07T00:00:00+00:00",4,3,0],["2023-11-26T00:00:00+00:00",4,3,0],["2024-01-06T00:00:00+00:00",3,2,1],["2024-02-29T00:00:00+00:00",3,2,0],["2024-04-01T00:00:00+00:00",3,2,0],["2024-05-03T00:00:00+00:00",3,2,0],["2024-07-06T00:00:00+00:00",3,2,0],["2024-09-06T00:00:00+00:00",3,2,0],["2024-12-01T00:00:00+00:00",3,2,0],["2025-02-25T00:00:00+00:00",3,2,0],["2025-04-04T00:00:00+00:00",3,2,0],["2025-07-08T00:00:00+00:00",3,2,0],["2025-09-22T00:00:00+00:00",3,2,0]]},"geometry":{"type":"Point","coordinates":[34.459092,31.541005]}},{"type":"Feature","properties":{"site_id":26,"event_code":"CE20231007PSE","latest_date":"2025-09-22T00:00:00+00:00","latest_class":3,"pass_count":14,"h":[["2023-10-15T00:00:00+00:00",4,3,null],["2023-11-07T00:00:00+00:00",4,3,0],["2023-11-26T00:00:00+00:00",4,3,0],["2024-01-06T00:00:00+00:00",3,2,1],["2024-02-29T00:00:00+00:00",3,2,0],["2024-04-01T00:00:00+00:00",3,2,0],["2024-05-03T00:00:00+00:00",3,2,0],["2024-07-06T00:00:00+00:00",3,2,0],["2024-09-06T00:00:00+00:00",3,2,0],["2024-12-01T00:00:00+00:00",3,2,0],["2025-02-25T00:00:00+00:00",3,2,0],["2025-04-04T00:00:00+00:00",3,2,0],["2025-07-08T00:00:00+00:00",3,2,0],["2025-09-22T00:00:00+00:00",3,2,0]]},"geometry":{"type":"Point","coordinates":[34.457663,31.541699]}},{"type":"Feature","properties":{"site_id":26,"event_code":"CE20231007PSE","latest_date":"2025-09-22T00:00:00+00:00","latest_class":3,"pass_count":14,"h":[["2023-10-15T00:00:00+00:00",4,3,null],["2023-11-07T00:00:00+00:00",4,3,0],["2023-11-26T00:00:00+00:00",4,3,0],["2024-01-06T00:00:00+00:00",3,2,1],["2024-02-29T00:00:00+00:00",3,2,0],["2024-04-01T00:00:00+00:00",3,2,0],["2024-05-03T00:00:00+00:00",3,2,0],["2024-07-06T00:00:00+00:00",3,2,0],["2024-09-06T00:00:00+00:00",3,2,0],["2024-12-01T00:00:00+00:00",3,2,0],["2025-02-25T00:00:00+00:00",3,2,0],["2025-04-04T00:00:00+00:00",3,2,0],["2025-07-08T00:00:00+00:00",3,2,0],["2025-09-22T00:00:00+00:00",3,2,0]]},"geometry":{"type":"Point","coordinates":[34.458058,31.541643]}},{"type":"Feature","properties":{"site_id":26,"event_code":"CE20231007PSE","latest_date":"2025-09-22T00:00:00+00:00","latest_class":3,"pass_count":14,"h":[["2023-10-15T00:00:00+00:00",4,3,null],["2023-11-07T00:00:00+00:00",4,3,0],["2023-11-26T00:00:00+00:00",4,3,0],["2024-01-06T00:00:00+00:00",3,2,1],["2024-02-29T00:00:00+00:00",3,2,0],["2024-04-01T00:00:00+00:00",3,2,0],["2024-05-03T00:00:00+00:00",3,2,0],["2024-07-06T00:00:00+00:00",3,2,0],["2024-09-06T00:00:00+00:00",3,2,0],["2024-12-01T00:00:00+00:00",3,2,0],["2025-02-25T00:00:00+00:00",3,2,0],["2025-04-04T00:00:00+00:00",3,2,0],["2025-07-08T00:00:00+00:00",3,2,0],["2025-09-22T00:00:00+00:00",3,2,0]]},"geometry":{"type":"Point","coordinates":[34.458268,31.541514]}},{"type":"Feature","properties":{"site_id":26,"event_code":"CE20231007PSE","latest_date":"2025-09-22T00:00:00+00:00","latest_class":3,"pass_count":14,"h":[["2023-10-15T00:00:00+00:00",4,3,null],["2023-11-07T00:00:00+00:00",4,3,0],["2023-11-26T00:00:00+00:00",4,3,0],["2024-01-06T00:00:00+00:00",3,2,1],["2024-02-29T00:00:00+00:00",3,2,0],["2024-04-01T00:00:00+00:00",3,2,0],["2024-05-03T00:00:00+00:00",3,2,0],["2024-07-06T00:00:00+00:00",3,2,0],["2024-09-06T00:00:00+00:00",3,2,0],["2024-12-01T00:00:00+00:00",3,2,0],["2025-02-25T00:00:00+00:00",3,2,0],["2025-04-04T00:00:00+00:00",3,2,0],["2025-07-08T00:00:00+00:00",3,2,0],["2025-09-22T00:00:00+00:00",3,2,0]]},"geometry":{"type":"Point","coordinates":[34.458399,31.541307]}},{"type":"Feature","properties":{"site_id":26,"event_code":"CE20231007PSE","latest_date":"2025-09-22T00:00:00+00:00","latest_class":2,"pass_count":14,"h":[["2023-10-15T00:00:00+00:00",4,3,null],["2023-11-07T00:00:00+00:00",4,3,0],["2023-11-26T00:00:00+00:00",4,3,0],["2024-01-06T00:00:00+00:00",3,2,1],["2024-02-29T00:00:00+00:00",3,2,0],["2024-04-01T00:00:00+00:00",3,2,0],["2024-05-03T00:00:00+00:00",3,2,0],["2024-07-06T00:00:00+00:00",3,2,0],["2024-09-06T00:00:00+00:00",3,2,0],["2024-12-01T00:00:00+00:00",3,2,0],["2025-02-25T00:00:00+00:00",3,2,0],["2025-04-04T00:00:00+00:00",3,2,0],["2025-07-08T00:00:00+00:00",3,2,0],["2025-09-22T00:00:00+00:00",2,2,1]]},"geometry":{"type":"Point","coordinates":[34.458767,31.541344]}},{"type":"Feature","properties":{"site_id":26,"event_code":"CE20231007PSE","latest_date":"2025-09-22T00:00:00+00:00","latest_class":3,"pass_count":11,"h":[["2024-01-06T00:00:00+00:00",3,2,3],["2024-02-29T00:00:00+00:00",3,2,0],["2024-04-01T00:00:00+00:00",3,2,0],["2024-05-03T00:00:00+00:00",3,2,0],["2024-07-06T00:00:00+00:00",3,2,0],["2024-09-06T00:00:00+00:00",3,2,0],["2024-12-01T00:00:00+00:00",3,2,0],["2025-02-25T00:00:00+00:00",3,2,0],["2025-04-04T00:00:00+00:00",3,2,0],["2025-07-08T00:00:00+00:00",3,2,0],["2025-09-22T00:00:00+00:00",3,2,0]]},"geometry":{"type":"Point","coordinates":[34.458004,31.54136]}},{"type":"Feature","properties":{"site_id":26,"event_code":"CE20231007PSE","latest_date":"2025-09-22T00:00:00+00:00","latest_class":3,"pass_count":14,"h":[["2023-10-15T00:00:00+00:00",4,3,null],["2023-11-07T00:00:00+00:00",4,3,0],["2023-11-26T00:00:00+00:00",4,3,0],["2024-01-06T00:00:00+00:00",3,2,1],["2024-02-29T00:00:00+00:00",3,2,0],["2024-04-01T00:00:00+00:00",3,2,0],["2024-05-03T00:00:00+00:00",3,2,0],["2024-07-06T00:00:00+00:00",3,2,0],["2024-09-06T00:00:00+00:00",3,2,0],["2024-12-01T00:00:00+00:00",3,2,0],["2025-02-25T00:00:00+00:00",3,2,0],["2025-04-04T00:00:00+00:00",3,2,0],["2025-07-08T00:00:00+00:00",3,2,0],["2025-09-22T00:00:00+00:00",3,2,0]]},"geometry":{"type":"Point","coordinates":[34.457284,31.540736]}},{"type":"Feature","properties":{"site_id":26,"event_code":"CE20231007PSE","latest_date":"2025-09-22T00:00:00+00:00","latest_class":3,"pass_count":11,"h":[["2024-01-06T00:00:00+00:00",3,2,3],["2024-02-29T00:00:00+00:00",3,2,0],["2024-04-01T00:00:00+00:00",3,2,0],["2024-05-03T00:00:00+00:00",3,2,0],["2024-07-06T00:00:00+00:00",3,2,0],["2024-09-06T00:00:00+00:00",3,2,0],["2024-12-01T00:00:00+00:00",3,2,0],["2025-02-25T00:00:00+00:00",3,2,0],["2025-04-04T00:00:00+00:00",3,2,0],["2025-07-08T00:00:00+00:00",3,2,0],["2025-09-22T00:00:00+00:00",3,2,0]]},"geometry":{"type":"Point","coordinates":[34.45752,31.540936]}},{"type":"Feature","properties":{"site_id":26,"event_code":"CE20231007PSE","latest_date":"2025-09-22T00:00:00+00:00","latest_class":3,"pass_count":11,"h":[["2024-01-06T00:00:00+00:00",3,2,3],["2024-02-29T00:00:00+00:00",3,2,0],["2024-04-01T00:00:00+00:00",3,2,0],["2024-05-03T00:00:00+00:00",3,2,0],["2024-07-06T00:00:00+00:00",3,2,0],["2024-09-06T00:00:00+00:00",3,2,0],["2024-12-01T00:00:00+00:00",3,2,0],["2025-02-25T00:00:00+00:00",3,2,0],["2025-04-04T00:00:00+00:00",3,2,0],["2025-07-08T00:00:00+00:00",3,2,0],["2025-09-22T00:00:00+00:00",3,2,0]]},"geometry":{"type":"Point","coordinates":[34.457678,31.541116]}},{"type":"Feature","properties":{"site_id":5,"event_code":"CE20231007PSE","latest_date":"2025-09-22T00:00:00+00:00","latest_class":3,"pass_count":11,"h":[["2024-01-06T00:00:00+00:00",3,2,3],["2024-02-29T00:00:00+00:00",3,2,0],["2024-04-01T00:00:00+00:00",3,2,0],["2024-05-03T00:00:00+00:00",3,2,0],["2024-07-06T00:00:00+00:00",3,2,0],["2024-09-06T00:00:00+00:00",3,2,0],["2024-12-01T00:00:00+00:00",3,2,0],["2025-02-25T00:00:00+00:00",3,2,0],["2025-04-04T00:00:00+00:00",3,2,0],["2025-07-08T00:00:00+00:00",3,2,0],["2025-09-22T00:00:00+00:00",3,2,0]]},"geometry":{"type":"Point","coordinates":[34.457584,31.54134]}},{"type":"Feature","properties":{"site_id":26,"event_code":"CE20231007PSE","latest_date":"2025-09-22T00:00:00+00:00","latest_class":3,"pass_count":14,"h":[["2023-10-15T00:00:00+00:00",4,3,null],["2023-11-07T00:00:00+00:00",4,3,0],["2023-11-26T00:00:00+00:00",4,3,0],["2024-01-06T00:00:00+00:00",3,2,1],["2024-02-29T00:00:00+00:00",3,2,0],["2024-04-01T00:00:00+00:00",3,2,0],["2024-05-03T00:00:00+00:00",3,2,0],["2024-07-06T00:00:00+00:00",3,2,0],["2024-09-06T00:00:00+00:00",3,2,0],["2024-12-01T00:00:00+00:00",3,2,0],["2025-02-25T00:00:00+00:00",3,2,0],["2025-04-04T00:00:00+00:00",3,2,0],["2025-07-08T00:00:00+00:00",3,2,0],["2025-09-22T00:00:00+00:00",3,2,0]]},"geometry":{"type":"Point","coordinates":[34.45831,31.540804]}},{"type":"Feature","properties":{"site_id":26,"event_code":"CE20231007PSE","latest_date":"2025-09-22T00:00:00+00:00","latest_class":3,"pass_count":14,"h":[["2023-10-15T00:00:00+00:00",4,3,null],["2023-11-07T00:00:00+00:00",4,3,0],["2023-11-26T00:00:00+00:00",4,3,0],["2024-01-06T00:00:00+00:00",3,2,1],["2024-02-29T00:00:00+00:00",3,2,0],["2024-04-01T00:00:00+00:00",3,2,0],["2024-05-03T00:00:00+00:00",3,2,0],["2024-07-06T00:00:00+00:00",3,2,0],["2024-09-06T00:00:00+00:00",3,2,0],["2024-12-01T00:00:00+00:00",3,2,0],["2025-02-25T00:00:00+00:00",3,2,0],["2025-04-04T00:00:00+00:00",3,2,0],["2025-07-08T00:00:00+00:00",3,2,0],["2025-09-22T00:00:00+00:00",3,2,0]]},"geometry":{"type":"Point","coordinates":[34.458185,31.54089]}},{"type":"Feature","properties":{"site_id":26,"event_code":"CE20231007PSE","latest_date":"2025-09-22T00:00:00+00:00","latest_class":3,"pass_count":14,"h":[["2023-10-15T00:00:00+00:00",4,3,null],["2023-11-07T00:00:00+00:00",4,3,0],["2023-11-26T00:00:00+00:00",4,3,0],["2024-01-06T00:00:00+00:00",3,2,1],["2024-02-29T00:00:00+00:00",3,2,0],["2024-04-01T00:00:00+00:00",3,2,0],["2024-05-03T00:00:00+00:00",3,2,0],["2024-07-06T00:00:00+00:00",3,2,0],["2024-09-06T00:00:00+00:00",3,2,0],["2024-12-01T00:00:00+00:00",3,2,0],["2025-02-25T00:00:00+00:00",3,2,0],["2025-04-04T00:00:00+00:00",3,2,0],["2025-07-08T00:00:00+00:00",3,2,0],["2025-09-22T00:00:00+00:00",3,2,0]]},"geometry":{"type":"Point","coordinates":[34.457999,31.540993]}},{"type":"Feature","properties":{"site_id":26,"event_code":"CE20231007PSE","latest_date":"2025-09-22T00:00:00+00:00","latest_class":3,"pass_count":14,"h":[["2023-10-15T00:00:00+00:00",4,3,null],["2023-11-07T00:00:00+00:00",4,3,0],["2023-11-26T00:00:00+00:00",4,3,0],["2024-01-06T00:00:00+00:00",3,2,1],["2024-02-29T00:00:00+00:00",3,2,0],["2024-04-01T00:00:00+00:00",3,2,0],["2024-05-03T00:00:00+00:00",3,2,0],["2024-07-06T00:00:00+00:00",3,2,0],["2024-09-06T00:00:00+00:00",3,2,0],["2024-12-01T00:00:00+00:00",3,2,0],["2025-02-25T00:00:00+00:00",3,2,0],["2025-04-04T00:00:00+00:00",3,2,0],["2025-07-08T00:00:00+00:00",3,2,0],["2025-09-22T00:00:00+00:00",3,2,0]]},"geometry":{"type":"Point","coordinates":[34.458439,31.540688]}},{"type":"Feature","properties":{"site_id":26,"event_code":"CE20231007PSE","latest_date":"2025-09-22T00:00:00+00:00","latest_class":1,"pass_count":11,"h":[["2024-01-06T00:00:00+00:00",1,1,3],["2024-02-29T00:00:00+00:00",1,1,0],["2024-04-01T00:00:00+00:00",1,1,0],["2024-05-03T00:00:00+00:00",1,1,0],["2024-07-06T00:00:00+00:00",1,1,0],["2024-09-06T00:00:00+00:00",1,1,0],["2024-12-01T00:00:00+00:00",1,1,0],["2025-02-25T00:00:00+00:00",1,1,0],["2025-04-04T00:00:00+00:00",1,1,0],["2025-07-08T00:00:00+00:00",1,1,0],["2025-09-22T00:00:00+00:00",1,1,0]]},"geometry":{"type":"Point","coordinates":[34.459902,31.538514]}},{"type":"Feature","properties":{"site_id":26,"event_code":"CE20231007PSE","latest_date":"2025-09-22T00:00:00+00:00","latest_class":3,"pass_count":12,"h":[["2023-11-26T00:00:00+00:00",4,3,3],["2024-01-06T00:00:00+00:00",3,2,1],["2024-02-29T00:00:00+00:00",3,2,0],["2024-04-01T00:00:00+00:00",3,2,0],["2024-05-03T00:00:00+00:00",3,2,0],["2024-07-06T00:00:00+00:00",3,2,0],["2024-09-06T00:00:00+00:00",3,2,0],["2024-12-01T00:00:00+00:00",3,2,0],["2025-02-25T00:00:00+00:00",3,2,0],["2025-04-04T00:00:00+00:00",3,2,0],["2025-07-08T00:00:00+00:00",3,2,0],["2025-09-22T00:00:00+00:00",3,2,0]]},"geometry":{"type":"Point","coordinates":[34.461688,31.542059]}},{"type":"Feature","properties":{"site_id":26,"event_code":"CE20231007PSE","latest_date":"2025-09-22T00:00:00+00:00","latest_class":2,"pass_count":12,"h":[["2023-11-26T00:00:00+00:00",4,3,3],["2024-01-06T00:00:00+00:00",2,1,1],["2024-02-29T00:00:00+00:00",2,1,0],["2024-04-01T00:00:00+00:00",2,1,0],["2024-05-03T00:00:00+00:00",2,1,0],["2024-07-06T00:00:00+00:00",2,1,0],["2024-09-06T00:00:00+00:00",2,1,0],["2024-12-01T00:00:00+00:00",2,1,0],["2025-02-25T00:00:00+00:00",2,1,0],["2025-04-04T00:00:00+00:00",2,1,0],["2025-07-08T00:00:00+00:00",2,1,0],["2025-09-22T00:00:00+00:00",2,1,0]]},"geometry":{"type":"Point","coordinates":[34.461366,31.542073]}},{"type":"Feature","properties":{"site_id":5,"event_code":"CE20231007PSE","latest_date":"2025-09-22T00:00:00+00:00","latest_class":2,"pass_count":12,"h":[["2023-11-26T00:00:00+00:00",4,3,3],["2024-01-06T00:00:00+00:00",2,1,1],["2024-02-29T00:00:00+00:00",2,1,0],["2024-04-01T00:00:00+00:00",2,1,0],["2024-05-03T00:00:00+00:00",2,1,0],["2024-07-06T00:00:00+00:00",2,1,0],["2024-09-06T00:00:00+00:00",2,1,0],["2024-12-01T00:00:00+00:00",2,1,0],["2025-02-25T00:00:00+00:00",2,1,0],["2025-04-04T00:00:00+00:00",2,1,0],["2025-07-08T00:00:00+00:00",2,1,0],["2025-09-22T00:00:00+00:00",2,1,0]]},"geometry":{"type":"Point","coordinates":[34.461089,31.541608]}},{"type":"Feature","properties":{"site_id":5,"event_code":"CE20231007PSE","latest_date":"2025-09-22T00:00:00+00:00","latest_class":2,"pass_count":14,"h":[["2023-10-15T00:00:00+00:00",4,3,null],["2023-11-07T00:00:00+00:00",4,3,0],["2023-11-26T00:00:00+00:00",4,3,0],["2024-01-06T00:00:00+00:00",2,1,1],["2024-02-29T00:00:00+00:00",2,1,0],["2024-04-01T00:00:00+00:00",2,1,0],["2024-05-03T00:00:00+00:00",2,1,0],["2024-07-06T00:00:00+00:00",2,1,0],["2024-09-06T00:00:00+00:00",2,1,0],["2024-12-01T00:00:00+00:00",2,1,0],["2025-02-25T00:00:00+00:00",2,1,0],["2025-04-04T00:00:00+00:00",2,1,0],["2025-07-08T00:00:00+00:00",2,1,0],["2025-09-22T00:00:00+00:00",2,1,0]]},"geometry":{"type":"Point","coordinates":[34.460577,31.541977]}},{"type":"Feature","properties":{"site_id":5,"event_code":"CE20231007PSE","latest_date":"2025-09-22T00:00:00+00:00","latest_class":2,"pass_count":12,"h":[["2023-11-26T00:00:00+00:00",4,3,3],["2024-01-06T00:00:00+00:00",2,1,1],["2024-02-29T00:00:00+00:00",2,1,0],["2024-04-01T00:00:00+00:00",2,1,0],["2024-05-03T00:00:00+00:00",2,1,0],["2024-07-06T00:00:00+00:00",2,1,0],["2024-09-06T00:00:00+00:00",2,1,0],["2024-12-01T00:00:00+00:00",2,1,0],["2025-02-25T00:00:00+00:00",2,1,0],["2025-04-04T00:00:00+00:00",2,1,0],["2025-07-08T00:00:00+00:00",2,1,0],["2025-09-22T00:00:00+00:00",2,1,0]]},"geometry":{"type":"Point","coordinates":[34.461064,31.541308]}},{"type":"Feature","properties":{"site_id":5,"event_code":"CE20231007PSE","latest_date":"2025-09-22T00:00:00+00:00","latest_class":2,"pass_count":13,"h":[["2023-11-07T00:00:00+00:00",4,3,3],["2023-11-26T00:00:00+00:00",4,3,0],["2024-01-06T00:00:00+00:00",2,1,1],["2024-02-29T00:00:00+00:00",2,1,0],["2024-04-01T00:00:00+00:00",2,1,0],["2024-05-03T00:00:00+00:00",2,1,0],["2024-07-06T00:00:00+00:00",2,1,0],["2024-09-06T00:00:00+00:00",2,1,0],["2024-12-01T00:00:00+00:00",2,1,0],["2025-02-25T00:00:00+00:00",2,1,0],["2025-04-04T00:00:00+00:00",2,1,0],["2025-07-08T00:00:00+00:00",2,1,0],["2025-09-22T00:00:00+00:00",2,1,0]]},"geometry":{"type":"Point","coordinates":[34.461012,31.54114]}},{"type":"Feature","properties":{"site_id":5,"event_code":"CE20231007PSE","latest_date":"2025-09-22T00:00:00+00:00","latest_class":2,"pass_count":11,"h":[["2024-01-06T00:00:00+00:00",2,1,3],["2024-02-29T00:00:00+00:00",2,1,0],["2024-04-01T00:00:00+00:00",2,1,0],["2024-05-03T00:00:00+00:00",2,1,0],["2024-07-06T00:00:00+00:00",2,1,0],["2024-09-06T00:00:00+00:00",2,1,0],["2024-12-01T00:00:00+00:00",2,1,0],["2025-02-25T00:00:00+00:00",2,1,0],["2025-04-04T00:00:00+00:00",2,1,0],["2025-07-08T00:00:00+00:00",2,1,0],["2025-09-22T00:00:00+00:00",2,1,0]]},"geometry":{"type":"Point","coordinates":[34.460697,31.541053]}},{"type":"Feature","properties":{"site_id":5,"event_code":"CE20231007PSE","latest_date":"2025-09-22T00:00:00+00:00","latest_class":1,"pass_count":11,"h":[["2024-01-06T00:00:00+00:00",1,1,3],["2024-02-29T00:00:00+00:00",1,1,0],["2024-04-01T00:00:00+00:00",1,1,0],["2024-05-03T00:00:00+00:00",1,1,0],["2024-07-06T00:00:00+00:00",1,1,0],["2024-09-06T00:00:00+00:00",1,1,0],["2024-12-01T00:00:00+00:00",1,1,0],["2025-02-25T00:00:00+00:00",1,1,0],["2025-04-04T00:00:00+00:00",1,1,0],["2025-07-08T00:00:00+00:00",1,1,0],["2025-09-22T00:00:00+00:00",1,1,0]]},"geometry":{"type":"Point","coordinates":[34.460855,31.54073]}},{"type":"Feature","properties":{"site_id":5,"event_code":"CE20231007PSE","latest_date":"2025-09-22T00:00:00+00:00","latest_class":3,"pass_count":13,"h":[["2023-11-07T00:00:00+00:00",4,3,3],["2023-11-26T00:00:00+00:00",4,3,0],["2024-01-06T00:00:00+00:00",3,2,1],["2024-02-29T00:00:00+00:00",3,2,0],["2024-04-01T00:00:00+00:00",3,2,0],["2024-05-03T00:00:00+00:00",3,2,0],["2024-07-06T00:00:00+00:00",3,2,0],["2024-09-06T00:00:00+00:00",3,2,0],["2024-12-01T00:00:00+00:00",3,2,0],["2025-02-25T00:00:00+00:00",3,2,0],["2025-04-04T00:00:00+00:00",3,2,0],["2025-07-08T00:00:00+00:00",3,2,0],["2025-09-22T00:00:00+00:00",3,2,0]]},"geometry":{"type":"Point","coordinates":[34.46056,31.541156]}},{"type":"Feature","properties":{"site_id":5,"event_code":"CE20231007PSE","latest_date":"2025-09-22T00:00:00+00:00","latest_class":3,"pass_count":12,"h":[["2023-11-26T00:00:00+00:00",4,3,3],["2024-01-06T00:00:00+00:00",3,2,1],["2024-02-29T00:00:00+00:00",3,2,0],["2024-04-01T00:00:00+00:00",3,2,0],["2024-05-03T00:00:00+00:00",3,2,0],["2024-07-06T00:00:00+00:00",3,2,0],["2024-09-06T00:00:00+00:00",3,2,0],["2024-12-01T00:00:00+00:00",3,2,0],["2025-02-25T00:00:00+00:00",3,2,0],["2025-04-04T00:00:00+00:00",3,2,0],["2025-07-08T00:00:00+00:00",3,2,0],["2025-09-22T00:00:00+00:00",3,2,0]]},"geometry":{"type":"Point","coordinates":[34.461361,31.541776]}},{"type":"Feature","properties":{"site_id":5,"event_code":"CE20231007PSE","latest_date":"2025-09-22T00:00:00+00:00","latest_class":1,"pass_count":11,"h":[["2024-01-06T00:00:00+00:00",1,1,3],["2024-02-29T00:00:00+00:00",1,1,0],["2024-04-01T00:00:00+00:00",1,1,0],["2024-05-03T00:00:00+00:00",1,1,0],["2024-07-06T00:00:00+00:00",1,1,0],["2024-09-06T00:00:00+00:00",1,1,0],["2024-12-01T00:00:00+00:00",1,1,0],["2025-02-25T00:00:00+00:00",1,1,0],["2025-04-04T00:00:00+00:00",1,1,0],["2025-07-08T00:00:00+00:00",1,1,0],["2025-09-22T00:00:00+00:00",1,1,0]]},"geometry":{"type":"Point","coordinates":[34.462084,31.540789]}},{"type":"Feature","properties":{"site_id":5,"event_code":"CE20231007PSE","latest_date":"2025-09-22T00:00:00+00:00","latest_class":2,"pass_count":11,"h":[["2024-01-06T00:00:00+00:00",2,1,3],["2024-02-29T00:00:00+00:00",2,1,0],["2024-04-01T00:00:00+00:00",2,1,0],["2024-05-03T00:00:00+00:00",2,1,0],["2024-07-06T00:00:00+00:00",2,1,0],["2024-09-06T00:00:00+00:00",2,1,0],["2024-12-01T00:00:00+00:00",2,1,0],["2025-02-25T00:00:00+00:00",2,1,0],["2025-04-04T00:00:00+00:00",2,1,0],["2025-07-08T00:00:00+00:00",2,1,0],["2025-09-22T00:00:00+00:00",2,1,0]]},"geometry":{"type":"Point","coordinates":[34.462546,31.540819]}},{"type":"Feature","properties":{"site_id":5,"event_code":"CE20231007PSE","latest_date":"2025-09-22T00:00:00+00:00","latest_class":3,"pass_count":13,"h":[["2023-11-07T00:00:00+00:00",4,3,3],["2023-11-26T00:00:00+00:00",4,3,0],["2024-01-06T00:00:00+00:00",3,2,1],["2024-02-29T00:00:00+00:00",3,2,0],["2024-04-01T00:00:00+00:00",3,2,0],["2024-05-03T00:00:00+00:00",3,2,0],["2024-07-06T00:00:00+00:00",3,2,0],["2024-09-06T00:00:00+00:00",3,2,0],["2024-12-01T00:00:00+00:00",3,2,0],["2025-02-25T00:00:00+00:00",3,2,0],["2025-04-04T00:00:00+00:00",3,2,0],["2025-07-08T00:00:00+00:00",3,2,0],["2025-09-22T00:00:00+00:00",3,2,0]]},"geometry":{"type":"Point","coordinates":[34.462054,31.541202]}},{"type":"Feature","properties":{"site_id":5,"event_code":"CE20231007PSE","latest_date":"2025-09-22T00:00:00+00:00","latest_class":2,"pass_count":11,"h":[["2024-01-06T00:00:00+00:00",2,1,3],["2024-02-29T00:00:00+00:00",2,1,0],["2024-04-01T00:00:00+00:00",2,1,0],["2024-05-03T00:00:00+00:00",2,1,0],["2024-07-06T00:00:00+00:00",2,1,0],["2024-09-06T00:00:00+00:00",2,1,0],["2024-12-01T00:00:00+00:00",2,1,0],["2025-02-25T00:00:00+00:00",2,1,0],["2025-04-04T00:00:00+00:00",2,1,0],["2025-07-08T00:00:00+00:00",2,1,0],["2025-09-22T00:00:00+00:00",2,1,0]]},"geometry":{"type":"Point","coordinates":[34.460392,31.540351]}},{"type":"Feature","properties":{"site_id":5,"event_code":"CE20231007PSE","latest_date":"2025-09-22T00:00:00+00:00","latest_class":1,"pass_count":11,"h":[["2024-01-06T00:00:00+00:00",2,1,3],["2024-02-29T00:00:00+00:00",2,1,0],["2024-04-01T00:00:00+00:00",2,1,0],["2024-05-03T00:00:00+00:00",2,1,0],["2024-07-06T00:00:00+00:00",2,1,0],["2024-09-06T00:00:00+00:00",2,1,0],["2024-12-01T00:00:00+00:00",2,1,0],["2025-02-25T00:00:00+00:00",1,1,1],["2025-04-04T00:00:00+00:00",1,1,0],["2025-07-08T00:00:00+00:00",1,1,0],["2025-09-22T00:00:00+00:00",1,1,0]]},"geometry":{"type":"Point","coordinates":[34.459659,31.540716]}},{"type":"Feature","properties":{"site_id":26,"event_code":"CE20231007PSE","latest_date":"2025-09-22T00:00:00+00:00","latest_class":3,"pass_count":13,"h":[["2023-11-07T00:00:00+00:00",4,3,3],["2023-11-26T00:00:00+00:00",4,3,0],["2024-01-06T00:00:00+00:00",3,2,1],["2024-02-29T00:00:00+00:00",3,2,0],["2024-04-01T00:00:00+00:00",3,2,0],["2024-05-03T00:00:00+00:00",3,2,0],["2024-07-06T00:00:00+00:00",3,2,0],["2024-09-06T00:00:00+00:00",3,2,0],["2024-12-01T00:00:00+00:00",3,2,0],["2025-02-25T00:00:00+00:00",3,2,0],["2025-04-04T00:00:00+00:00",3,2,0],["2025-07-08T00:00:00+00:00",3,2,0],["2025-09-22T00:00:00+00:00",3,2,0]]},"geometry":{"type":"Point","coordinates":[34.463462,31.540658]}},{"type":"Feature","properties":{"site_id":26,"event_code":"CE20231007PSE","latest_date":"2025-09-22T00:00:00+00:00","latest_class":3,"pass_count":13,"h":[["2023-11-07T00:00:00+00:00",4,3,3],["2023-11-26T00:00:00+00:00",4,3,0],["2024-01-06T00:00:00+00:00",3,2,1],["2024-02-29T00:00:00+00:00",3,2,0],["2024-04-01T00:00:00+00:00",3,2,0],["2024-05-03T00:00:00+00:00",3,2,0],["2024-07-06T00:00:00+00:00",3,2,0],["2024-09-06T00:00:00+00:00",3,2,0],["2024-12-01T00:00:00+00:00",3,2,0],["2025-02-25T00:00:00+00:00",3,2,0],["2025-04-04T00:00:00+00:00",3,2,0],["2025-07-08T00:00:00+00:00",3,2,0],["2025-09-22T00:00:00+00:00",3,2,0]]},"geometry":{"type":"Point","coordinates":[34.463644,31.540548]}},{"type":"Feature","properties":{"site_id":26,"event_code":"CE20231007PSE","latest_date":"2025-09-22T00:00:00+00:00","latest_class":3,"pass_count":11,"h":[["2024-01-06T00:00:00+00:00",3,2,3],["2024-02-29T00:00:00+00:00",3,2,0],["2024-04-01T00:00:00+00:00",3,2,0],["2024-05-03T00:00:00+00:00",3,2,0],["2024-07-06T00:00:00+00:00",3,2,0],["2024-09-06T00:00:00+00:00",3,2,0],["2024-12-01T00:00:00+00:00",3,2,0],["2025-02-25T00:00:00+00:00",3,2,0],["2025-04-04T00:00:00+00:00",3,2,0],["2025-07-08T00:00:00+00:00",3,2,0],["2025-09-22T00:00:00+00:00",3,2,0]]},"geometry":{"type":"Point","coordinates":[34.463784,31.540399]}},{"type":"Feature","properties":{"site_id":26,"event_code":"CE20231007PSE","latest_date":"2025-09-22T00:00:00+00:00","latest_class":3,"pass_count":13,"h":[["2023-11-07T00:00:00+00:00",4,3,3],["2023-11-26T00:00:00+00:00",4,3,0],["2024-01-06T00:00:00+00:00",3,2,1],["2024-02-29T00:00:00+00:00",3,2,0],["2024-04-01T00:00:00+00:00",3,2,0],["2024-05-03T00:00:00+00:00",3,2,0],["2024-07-06T00:00:00+00:00",3,2,0],["2024-09-06T00:00:00+00:00",3,2,0],["2024-12-01T00:00:00+00:00",3,2,0],["2025-02-25T00:00:00+00:00",3,2,0],["2025-04-04T00:00:00+00:00",3,2,0],["2025-07-08T00:00:00+00:00",3,2,0],["2025-09-22T00:00:00+00:00",3,2,0]]},"geometry":{"type":"Point","coordinates":[34.463345,31.540541]}},{"type":"Feature","properties":{"site_id":26,"event_code":"CE20231007PSE","latest_date":"2025-09-22T00:00:00+00:00","latest_class":1,"pass_count":13,"h":[["2023-11-07T00:00:00+00:00",4,3,3],["2023-11-26T00:00:00+00:00",4,3,0],["2024-01-06T00:00:00+00:00",3,2,1],["2024-02-29T00:00:00+00:00",3,2,0],["2024-04-01T00:00:00+00:00",3,2,0],["2024-05-03T00:00:00+00:00",3,2,0],["2024-07-06T00:00:00+00:00",3,2,0],["2024-09-06T00:00:00+00:00",3,2,0],["2024-12-01T00:00:00+00:00",3,2,0],["2025-02-25T00:00:00+00:00",3,2,0],["2025-04-04T00:00:00+00:00",3,2,0],["2025-07-08T00:00:00+00:00",3,2,0],["2025-09-22T00:00:00+00:00",1,1,1]]},"geometry":{"type":"Point","coordinates":[34.463491,31.54042]}},{"type":"Feature","properties":{"site_id":26,"event_code":"CE20231007PSE","latest_date":"2025-09-22T00:00:00+00:00","latest_class":1,"pass_count":11,"h":[["2024-01-06T00:00:00+00:00",3,2,3],["2024-02-29T00:00:00+00:00",1,1,1],["2024-04-01T00:00:00+00:00",1,1,0],["2024-05-03T00:00:00+00:00",1,1,0],["2024-07-06T00:00:00+00:00",1,1,0],["2024-09-06T00:00:00+00:00",1,1,0],["2024-12-01T00:00:00+00:00",1,1,0],["2025-02-25T00:00:00+00:00",1,1,0],["2025-04-04T00:00:00+00:00",1,1,0],["2025-07-08T00:00:00+00:00",1,1,0],["2025-09-22T00:00:00+00:00",1,1,0]]},"geometry":{"type":"Point","coordinates":[34.46368,31.540268]}},{"type":"Feature","properties":{"site_id":26,"event_code":"CE20231007PSE","latest_date":"2025-09-22T00:00:00+00:00","latest_class":3,"pass_count":14,"h":[["2023-10-15T00:00:00+00:00",4,3,null],["2023-11-07T00:00:00+00:00",4,3,0],["2023-11-26T00:00:00+00:00",4,3,0],["2024-01-06T00:00:00+00:00",3,2,1],["2024-02-29T00:00:00+00:00",3,2,0],["2024-04-01T00:00:00+00:00",3,2,0],["2024-05-03T00:00:00+00:00",3,2,0],["2024-07-06T00:00:00+00:00",3,2,0],["2024-09-06T00:00:00+00:00",3,2,0],["2024-12-01T00:00:00+00:00",3,2,0],["2025-02-25T00:00:00+00:00",3,2,0],["2025-04-04T00:00:00+00:00",3,2,0],["2025-07-08T00:00:00+00:00",3,2,0],["2025-09-22T00:00:00+00:00",3,2,0]]},"geometry":{"type":"Point","coordinates":[34.464172,31.539988]}},{"type":"Feature","properties":{"site_id":26,"event_code":"CE20231007PSE","latest_date":"2025-09-22T00:00:00+00:00","latest_class":1,"pass_count":14,"h":[["2023-10-15T00:00:00+00:00",4,3,null],["2023-11-07T00:00:00+00:00",4,3,0],["2023-11-26T00:00:00+00:00",4,3,0],["2024-01-06T00:00:00+00:00",3,2,1],["2024-02-29T00:00:00+00:00",1,1,1],["2024-04-01T00:00:00+00:00",1,1,0],["2024-05-03T00:00:00+00:00",1,1,0],["2024-07-06T00:00:00+00:00",1,1,0],["2024-09-06T00:00:00+00:00",1,1,0],["2024-12-01T00:00:00+00:00",1,1,0],["2025-02-25T00:00:00+00:00",1,1,0],["2025-04-04T00:00:00+00:00",1,1,0],["2025-07-08T00:00:00+00:00",1,1,0],["2025-09-22T00:00:00+00:00",1,1,0]]},"geometry":{"type":"Point","coordinates":[34.463723,31.539865]}},{"type":"Feature","properties":{"site_id":26,"event_code":"CE20231007PSE","latest_date":"2025-09-22T00:00:00+00:00","latest_class":1,"pass_count":14,"h":[["2023-10-15T00:00:00+00:00",4,3,null],["2023-11-07T00:00:00+00:00",4,3,0],["2023-11-26T00:00:00+00:00",4,3,0],["2024-01-06T00:00:00+00:00",3,2,1],["2024-02-29T00:00:00+00:00",1,1,1],["2024-04-01T00:00:00+00:00",1,1,0],["2024-05-03T00:00:00+00:00",1,1,0],["2024-07-06T00:00:00+00:00",1,1,0],["2024-09-06T00:00:00+00:00",1,1,0],["2024-12-01T00:00:00+00:00",1,1,0],["2025-02-25T00:00:00+00:00",1,1,0],["2025-04-04T00:00:00+00:00",1,1,0],["2025-07-08T00:00:00+00:00",1,1,0],["2025-09-22T00:00:00+00:00",1,1,0]]},"geometry":{"type":"Point","coordinates":[34.463594,31.539755]}},{"type":"Feature","properties":{"site_id":26,"event_code":"CE20231007PSE","latest_date":"2025-09-22T00:00:00+00:00","latest_class":1,"pass_count":13,"h":[["2023-11-07T00:00:00+00:00",4,3,3],["2023-11-26T00:00:00+00:00",4,3,0],["2024-01-06T00:00:00+00:00",3,2,1],["2024-02-29T00:00:00+00:00",1,1,1],["2024-04-01T00:00:00+00:00",1,1,0],["2024-05-03T00:00:00+00:00",1,1,0],["2024-07-06T00:00:00+00:00",1,1,0],["2024-09-06T00:00:00+00:00",1,1,0],["2024-12-01T00:00:00+00:00",1,1,0],["2025-02-25T00:00:00+00:00",1,1,0],["2025-04-04T00:00:00+00:00",1,1,0],["2025-07-08T00:00:00+00:00",1,1,0],["2025-09-22T00:00:00+00:00",1,1,0]]},"geometry":{"type":"Point","coordinates":[34.463376,31.539593]}},{"type":"Feature","properties":{"site_id":26,"event_code":"CE20231007PSE","latest_date":"2025-09-22T00:00:00+00:00","latest_class":1,"pass_count":13,"h":[["2023-11-07T00:00:00+00:00",4,3,3],["2023-11-26T00:00:00+00:00",4,3,0],["2024-01-06T00:00:00+00:00",3,2,1],["2024-02-29T00:00:00+00:00",1,1,1],["2024-04-01T00:00:00+00:00",1,1,0],["2024-05-03T00:00:00+00:00",1,1,0],["2024-07-06T00:00:00+00:00",1,1,0],["2024-09-06T00:00:00+00:00",1,1,0],["2024-12-01T00:00:00+00:00",1,1,0],["2025-02-25T00:00:00+00:00",1,1,0],["2025-04-04T00:00:00+00:00",1,1,0],["2025-07-08T00:00:00+00:00",1,1,0],["2025-09-22T00:00:00+00:00",1,1,0]]},"geometry":{"type":"Point","coordinates":[34.463525,31.539476]}},{"type":"Feature","properties":{"site_id":26,"event_code":"CE20231007PSE","latest_date":"2025-09-22T00:00:00+00:00","latest_class":1,"pass_count":11,"h":[["2024-01-06T00:00:00+00:00",1,1,3],["2024-02-29T00:00:00+00:00",1,1,0],["2024-04-01T00:00:00+00:00",1,1,0],["2024-05-03T00:00:00+00:00",1,1,0],["2024-07-06T00:00:00+00:00",1,1,0],["2024-09-06T00:00:00+00:00",1,1,0],["2024-12-01T00:00:00+00:00",1,1,0],["2025-02-25T00:00:00+00:00",1,1,0],["2025-04-04T00:00:00+00:00",1,1,0],["2025-07-08T00:00:00+00:00",1,1,0],["2025-09-22T00:00:00+00:00",1,1,0]]},"geometry":{"type":"Point","coordinates":[34.457654,31.539816]}},{"type":"Feature","properties":{"site_id":26,"event_code":"CE20231007PSE","latest_date":"2025-09-22T00:00:00+00:00","latest_class":3,"pass_count":11,"h":[["2024-01-06T00:00:00+00:00",3,2,3],["2024-02-29T00:00:00+00:00",3,2,0],["2024-04-01T00:00:00+00:00",3,2,0],["2024-05-03T00:00:00+00:00",3,2,0],["2024-07-06T00:00:00+00:00",3,2,0],["2024-09-06T00:00:00+00:00",3,2,0],["2024-12-01T00:00:00+00:00",3,2,0],["2025-02-25T00:00:00+00:00",3,2,0],["2025-04-04T00:00:00+00:00",3,2,0],["2025-07-08T00:00:00+00:00",3,2,0],["2025-09-22T00:00:00+00:00",3,2,0]]},"geometry":{"type":"Point","coordinates":[34.457009,31.539558]}},{"type":"Feature","properties":{"site_id":26,"event_code":"CE20231007PSE","latest_date":"2025-09-22T00:00:00+00:00","latest_class":1,"pass_count":11,"h":[["2024-01-06T00:00:00+00:00",3,2,3],["2024-02-29T00:00:00+00:00",3,2,0],["2024-04-01T00:00:00+00:00",3,2,0],["2024-05-03T00:00:00+00:00",3,2,0],["2024-07-06T00:00:00+00:00",3,2,0],["2024-09-06T00:00:00+00:00",3,2,0],["2024-12-01T00:00:00+00:00",3,2,0],["2025-02-25T00:00:00+00:00",3,2,0],["2025-04-04T00:00:00+00:00",3,2,0],["2025-07-08T00:00:00+00:00",3,2,0],["2025-09-22T00:00:00+00:00",1,1,1]]},"geometry":{"type":"Point","coordinates":[34.457207,31.539415]}},{"type":"Feature","properties":{"site_id":26,"event_code":"CE20231007PSE","latest_date":"2025-09-22T00:00:00+00:00","latest_class":2,"pass_count":12,"h":[["2023-11-26T00:00:00+00:00",4,3,3],["2024-01-06T00:00:00+00:00",3,2,1],["2024-02-29T00:00:00+00:00",3,2,0],["2024-04-01T00:00:00+00:00",3,2,0],["2024-05-03T00:00:00+00:00",3,2,0],["2024-07-06T00:00:00+00:00",3,2,0],["2024-09-06T00:00:00+00:00",3,2,0],["2024-12-01T00:00:00+00:00",3,2,0],["2025-02-25T00:00:00+00:00",3,2,0],["2025-04-04T00:00:00+00:00",3,2,0],["2025-07-08T00:00:00+00:00",3,2,0],["2025-09-22T00:00:00+00:00",2,2,1]]},"geometry":{"type":"Point","coordinates":[34.45746,31.539185]}},{"type":"Feature","properties":{"site_id":26,"event_code":"CE20231007PSE","latest_date":"2025-09-22T00:00:00+00:00","latest_class":3,"pass_count":12,"h":[["2023-11-26T00:00:00+00:00",4,3,3],["2024-01-06T00:00:00+00:00",3,2,1],["2024-02-29T00:00:00+00:00",3,2,0],["2024-04-01T00:00:00+00:00",3,2,0],["2024-05-03T00:00:00+00:00",3,2,0],["2024-07-06T00:00:00+00:00",3,2,0],["2024-09-06T00:00:00+00:00",3,2,0],["2024-12-01T00:00:00+00:00",3,2,0],["2025-02-25T00:00:00+00:00",3,2,0],["2025-04-04T00:00:00+00:00",3,2,0],["2025-07-08T00:00:00+00:00",3,2,0],["2025-09-22T00:00:00+00:00",3,2,0]]},"geometry":{"type":"Point","coordinates":[34.457553,31.539114]}},{"type":"Feature","properties":{"site_id":26,"event_code":"CE20231007PSE","latest_date":"2025-09-22T00:00:00+00:00","latest_class":3,"pass_count":13,"h":[["2023-11-07T00:00:00+00:00",4,3,3],["2023-11-26T00:00:00+00:00",4,3,0],["2024-01-06T00:00:00+00:00",3,2,1],["2024-02-29T00:00:00+00:00",3,2,0],["2024-04-01T00:00:00+00:00",3,2,0],["2024-05-03T00:00:00+00:00",3,2,0],["2024-07-06T00:00:00+00:00",3,2,0],["2024-09-06T00:00:00+00:00",3,2,0],["2024-12-01T00:00:00+00:00",3,2,0],["2025-02-25T00:00:00+00:00",3,2,0],["2025-04-04T00:00:00+00:00",3,2,0],["2025-07-08T00:00:00+00:00",3,2,0],["2025-09-22T00:00:00+00:00",3,2,0]]},"geometry":{"type":"Point","coordinates":[34.457707,31.539018]}},{"type":"Feature","properties":{"site_id":26,"event_code":"CE20231007PSE","latest_date":"2025-09-22T00:00:00+00:00","latest_class":3,"pass_count":13,"h":[["2023-11-07T00:00:00+00:00",4,3,3],["2023-11-26T00:00:00+00:00",4,3,0],["2024-01-06T00:00:00+00:00",3,2,1],["2024-02-29T00:00:00+00:00",3,2,0],["2024-04-01T00:00:00+00:00",3,2,0],["2024-05-03T00:00:00+00:00",3,2,0],["2024-07-06T00:00:00+00:00",3,2,0],["2024-09-06T00:00:00+00:00",3,2,0],["2024-12-01T00:00:00+00:00",3,2,0],["2025-02-25T00:00:00+00:00",3,2,0],["2025-04-04T00:00:00+00:00",3,2,0],["2025-07-08T00:00:00+00:00",3,2,0],["2025-09-22T00:00:00+00:00",3,2,0]]},"geometry":{"type":"Point","coordinates":[34.457871,31.539107]}},{"type":"Feature","properties":{"site_id":26,"event_code":"CE20231007PSE","latest_date":"2025-09-22T00:00:00+00:00","latest_class":1,"pass_count":14,"h":[["2023-10-15T00:00:00+00:00",4,3,null],["2023-11-07T00:00:00+00:00",4,3,0],["2023-11-26T00:00:00+00:00",4,3,0],["2024-01-06T00:00:00+00:00",1,1,1],["2024-02-29T00:00:00+00:00",1,1,0],["2024-04-01T00:00:00+00:00",1,1,0],["2024-05-03T00:00:00+00:00",1,1,0],["2024-07-06T00:00:00+00:00",1,1,0],["2024-09-06T00:00:00+00:00",1,1,0],["2024-12-01T00:00:00+00:00",1,1,0],["2025-02-25T00:00:00+00:00",1,1,0],["2025-04-04T00:00:00+00:00",1,1,0],["2025-07-08T00:00:00+00:00",1,1,0],["2025-09-22T00:00:00+00:00",1,1,0]]},"geometry":{"type":"Point","coordinates":[34.458257,31.539011]}},{"type":"Feature","properties":{"site_id":26,"event_code":"CE20231007PSE","latest_date":"2025-09-22T00:00:00+00:00","latest_class":3,"pass_count":11,"h":[["2024-01-06T00:00:00+00:00",3,2,3],["2024-02-29T00:00:00+00:00",3,2,0],["2024-04-01T00:00:00+00:00",3,2,0],["2024-05-03T00:00:00+00:00",3,2,0],["2024-07-06T00:00:00+00:00",3,2,0],["2024-09-06T00:00:00+00:00",3,2,0],["2024-12-01T00:00:00+00:00",3,2,0],["2025-02-25T00:00:00+00:00",3,2,0],["2025-04-04T00:00:00+00:00",3,2,0],["2025-07-08T00:00:00+00:00",3,2,0],["2025-09-22T00:00:00+00:00",3,2,0]]},"geometry":{"type":"Point","coordinates":[34.458125,31.538898]}},{"type":"Feature","properties":{"site_id":26,"event_code":"CE20231007PSE","latest_date":"2025-09-22T00:00:00+00:00","latest_class":3,"pass_count":14,"h":[["2023-10-15T00:00:00+00:00",4,3,null],["2023-11-07T00:00:00+00:00",4,3,0],["2023-11-26T00:00:00+00:00",4,3,0],["2024-01-06T00:00:00+00:00",3,2,1],["2024-02-29T00:00:00+00:00",3,2,0],["2024-04-01T00:00:00+00:00",3,2,0],["2024-05-03T00:00:00+00:00",3,2,0],["2024-07-06T00:00:00+00:00",3,2,0],["2024-09-06T00:00:00+00:00",3,2,0],["2024-12-01T00:00:00+00:00",3,2,0],["2025-02-25T00:00:00+00:00",3,2,0],["2025-04-04T00:00:00+00:00",3,2,0],["2025-07-08T00:00:00+00:00",3,2,0],["2025-09-22T00:00:00+00:00",3,2,0]]},"geometry":{"type":"Point","coordinates":[34.459036,31.538658]}},{"type":"Feature","properties":{"site_id":26,"event_code":"CE20231007PSE","latest_date":"2025-09-22T00:00:00+00:00","latest_class":3,"pass_count":14,"h":[["2023-10-15T00:00:00+00:00",4,3,null],["2023-11-07T00:00:00+00:00",4,3,0],["2023-11-26T00:00:00+00:00",4,3,0],["2024-01-06T00:00:00+00:00",3,2,1],["2024-02-29T00:00:00+00:00",3,2,0],["2024-04-01T00:00:00+00:00",3,2,0],["2024-05-03T00:00:00+00:00",3,2,0],["2024-07-06T00:00:00+00:00",3,2,0],["2024-09-06T00:00:00+00:00",3,2,0],["2024-12-01T00:00:00+00:00",3,2,0],["2025-02-25T00:00:00+00:00",3,2,0],["2025-04-04T00:00:00+00:00",3,2,0],["2025-07-08T00:00:00+00:00",3,2,0],["2025-09-22T00:00:00+00:00",3,2,0]]},"geometry":{"type":"Point","coordinates":[34.459157,31.538578]}},{"type":"Feature","properties":{"site_id":26,"event_code":"CE20231007PSE","latest_date":"2025-09-22T00:00:00+00:00","latest_class":2,"pass_count":13,"h":[["2023-11-07T00:00:00+00:00",4,3,3],["2023-11-26T00:00:00+00:00",4,3,0],["2024-01-06T00:00:00+00:00",2,1,1],["2024-02-29T00:00:00+00:00",2,1,0],["2024-04-01T00:00:00+00:00",2,1,0],["2024-05-03T00:00:00+00:00",2,1,0],["2024-07-06T00:00:00+00:00",2,1,0],["2024-09-06T00:00:00+00:00",2,1,0],["2024-12-01T00:00:00+00:00",2,1,0],["2025-02-25T00:00:00+00:00",2,1,0],["2025-04-04T00:00:00+00:00",2,1,0],["2025-07-08T00:00:00+00:00",2,1,0],["2025-09-22T00:00:00+00:00",2,1,0]]},"geometry":{"type":"Point","coordinates":[34.45709,31.541809]}},{"type":"Feature","properties":{"site_id":26,"event_code":"CE20231007PSE","latest_date":"2025-09-22T00:00:00+00:00","latest_class":3,"pass_count":14,"h":[["2023-10-15T00:00:00+00:00",4,3,null],["2023-11-07T00:00:00+00:00",4,3,0],["2023-11-26T00:00:00+00:00",4,3,0],["2024-01-06T00:00:00+00:00",4,3,0],["2024-02-29T00:00:00+00:00",3,2,1],["2024-04-01T00:00:00+00:00",3,2,0],["2024-05-03T00:00:00+00:00",3,2,0],["2024-07-06T00:00:00+00:00",3,2,0],["2024-09-06T00:00:00+00:00",3,2,0],["2024-12-01T00:00:00+00:00",3,2,0],["2025-02-25T00:00:00+00:00",3,2,0],["2025-04-04T00:00:00+00:00",3,2,0],["2025-07-08T00:00:00+00:00",3,2,0],["2025-09-22T00:00:00+00:00",3,2,0]]},"geometry":{"type":"Point","coordinates":[34.458586,31.540922]}},{"type":"Feature","properties":{"site_id":26,"event_code":"CE20231007PSE","latest_date":"2025-09-22T00:00:00+00:00","latest_class":2,"pass_count":14,"h":[["2023-10-15T00:00:00+00:00",4,3,null],["2023-11-07T00:00:00+00:00",4,3,0],["2023-11-26T00:00:00+00:00",4,3,0],["2024-01-06T00:00:00+00:00",4,3,0],["2024-02-29T00:00:00+00:00",2,1,1],["2024-04-01T00:00:00+00:00",2,1,0],["2024-05-03T00:00:00+00:00",2,1,0],["2024-07-06T00:00:00+00:00",2,1,0],["2024-09-06T00:00:00+00:00",2,1,0],["2024-12-01T00:00:00+00:00",2,1,0],["2025-02-25T00:00:00+00:00",2,1,0],["2025-04-04T00:00:00+00:00",2,1,0],["2025-07-08T00:00:00+00:00",2,1,0],["2025-09-22T00:00:00+00:00",2,1,0]]},"geometry":{"type":"Point","coordinates":[34.458761,31.540836]}},{"type":"Feature","properties":{"site_id":26,"event_code":"CE20231007PSE","latest_date":"2025-09-22T00:00:00+00:00","latest_class":3,"pass_count":14,"h":[["2023-10-15T00:00:00+00:00",4,3,null],["2023-11-07T00:00:00+00:00",4,3,0],["2023-11-26T00:00:00+00:00",4,3,0],["2024-01-06T00:00:00+00:00",4,3,0],["2024-02-29T00:00:00+00:00",3,2,1],["2024-04-01T00:00:00+00:00",3,2,0],["2024-05-03T00:00:00+00:00",3,2,0],["2024-07-06T00:00:00+00:00",3,2,0],["2024-09-06T00:00:00+00:00",3,2,0],["2024-12-01T00:00:00+00:00",3,2,0],["2025-02-25T00:00:00+00:00",3,2,0],["2025-04-04T00:00:00+00:00",3,2,0],["2025-07-08T00:00:00+00:00",3,2,0],["2025-09-22T00:00:00+00:00",3,2,0]]},"geometry":{"type":"Point","coordinates":[34.458837,31.540767]}},{"type":"Feature","properties":{"site_id":26,"event_code":"CE20231007PSE","latest_date":"2025-09-22T00:00:00+00:00","latest_class":3,"pass_count":14,"h":[["2023-10-15T00:00:00+00:00",4,3,null],["2023-11-07T00:00:00+00:00",4,3,0],["2023-11-26T00:00:00+00:00",4,3,0],["2024-01-06T00:00:00+00:00",4,3,0],["2024-02-29T00:00:00+00:00",3,2,1],["2024-04-01T00:00:00+00:00",3,2,0],["2024-05-03T00:00:00+00:00",3,2,0],["2024-07-06T00:00:00+00:00",3,2,0],["2024-09-06T00:00:00+00:00",3,2,0],["2024-12-01T00:00:00+00:00",3,2,0],["2025-02-25T00:00:00+00:00",3,2,0],["2025-04-04T00:00:00+00:00",3,2,0],["2025-07-08T00:00:00+00:00",3,2,0],["2025-09-22T00:00:00+00:00",3,2,0]]},"geometry":{"type":"Point","coordinates":[34.458653,31.541203]}},{"type":"Feature","properties":{"site_id":26,"event_code":"CE20231007PSE","latest_date":"2025-09-22T00:00:00+00:00","latest_class":3,"pass_count":11,"h":[["2024-01-06T00:00:00+00:00",4,3,3],["2024-02-29T00:00:00+00:00",3,2,1],["2024-04-01T00:00:00+00:00",3,2,0],["2024-05-03T00:00:00+00:00",3,2,0],["2024-07-06T00:00:00+00:00",3,2,0],["2024-09-06T00:00:00+00:00",3,2,0],["2024-12-01T00:00:00+00:00",3,2,0],["2025-02-25T00:00:00+00:00",3,2,0],["2025-04-04T00:00:00+00:00",3,2,0],["2025-07-08T00:00:00+00:00",3,2,0],["2025-09-22T00:00:00+00:00",3,2,0]]},"geometry":{"type":"Point","coordinates":[34.45856,31.541301]}},{"type":"Feature","properties":{"site_id":26,"event_code":"CE20231007PSE","latest_date":"2025-09-22T00:00:00+00:00","latest_class":3,"pass_count":14,"h":[["2023-10-15T00:00:00+00:00",4,3,null],["2023-11-07T00:00:00+00:00",4,3,0],["2023-11-26T00:00:00+00:00",4,3,0],["2024-01-06T00:00:00+00:00",4,3,0],["2024-02-29T00:00:00+00:00",3,2,1],["2024-04-01T00:00:00+00:00",3,2,0],["2024-05-03T00:00:00+00:00",3,2,0],["2024-07-06T00:00:00+00:00",3,2,0],["2024-09-06T00:00:00+00:00",3,2,0],["2024-12-01T00:00:00+00:00",3,2,0],["2025-02-25T00:00:00+00:00",3,2,0],["2025-04-04T00:00:00+00:00",3,2,0],["2025-07-08T00:00:00+00:00",3,2,0],["2025-09-22T00:00:00+00:00",3,2,0]]},"geometry":{"type":"Point","coordinates":[34.458399,31.541419]}},{"type":"Feature","properties":{"site_id":26,"event_code":"CE20231007PSE","latest_date":"2025-09-22T00:00:00+00:00","latest_class":2,"pass_count":14,"h":[["2023-10-15T00:00:00+00:00",4,3,null],["2023-11-07T00:00:00+00:00",4,3,0],["2023-11-26T00:00:00+00:00",4,3,0],["2024-01-06T00:00:00+00:00",2,1,1],["2024-02-29T00:00:00+00:00",2,1,0],["2024-04-01T00:00:00+00:00",2,1,0],["2024-05-03T00:00:00+00:00",2,1,0],["2024-07-06T00:00:00+00:00",2,1,0],["2024-09-06T00:00:00+00:00",2,1,0],["2024-12-01T00:00:00+00:00",2,1,0],["2025-02-25T00:00:00+00:00",2,1,0],["2025-04-04T00:00:00+00:00",2,1,0],["2025-07-08T00:00:00+00:00",2,1,0],["2025-09-22T00:00:00+00:00",2,1,0]]},"geometry":{"type":"Point","coordinates":[34.457489,31.540626]}},{"type":"Feature","properties":{"site_id":26,"event_code":"CE20231007PSE","latest_date":"2025-09-22T00:00:00+00:00","latest_class":3,"pass_count":11,"h":[["2024-01-06T00:00:00+00:00",3,2,3],["2024-02-29T00:00:00+00:00",3,2,0],["2024-04-01T00:00:00+00:00",3,2,0],["2024-05-03T00:00:00+00:00",3,2,0],["2024-07-06T00:00:00+00:00",3,2,0],["2024-09-06T00:00:00+00:00",3,2,0],["2024-12-01T00:00:00+00:00",3,2,0],["2025-02-25T00:00:00+00:00",3,2,0],["2025-04-04T00:00:00+00:00",3,2,0],["2025-07-08T00:00:00+00:00",3,2,0],["2025-09-22T00:00:00+00:00",3,2,0]]},"geometry":{"type":"Point","coordinates":[34.457777,31.541198]}},{"type":"Feature","properties":{"site_id":26,"event_code":"CE20231007PSE","latest_date":"2025-09-22T00:00:00+00:00","latest_class":3,"pass_count":11,"h":[["2024-01-06T00:00:00+00:00",3,2,3],["2024-02-29T00:00:00+00:00",3,2,0],["2024-04-01T00:00:00+00:00",3,2,0],["2024-05-03T00:00:00+00:00",3,2,0],["2024-07-06T00:00:00+00:00",3,2,0],["2024-09-06T00:00:00+00:00",3,2,0],["2024-12-01T00:00:00+00:00",3,2,0],["2025-02-25T00:00:00+00:00",3,2,0],["2025-04-04T00:00:00+00:00",3,2,0],["2025-07-08T00:00:00+00:00",3,2,0],["2025-09-22T00:00:00+00:00",3,2,0]]},"geometry":{"type":"Point","coordinates":[34.457349,31.540827]}},{"type":"Feature","properties":{"site_id":26,"event_code":"CE20231007PSE","latest_date":"2025-09-22T00:00:00+00:00","latest_class":3,"pass_count":12,"h":[["2023-11-26T00:00:00+00:00",4,3,3],["2024-01-06T00:00:00+00:00",3,2,1],["2024-02-29T00:00:00+00:00",3,2,0],["2024-04-01T00:00:00+00:00",3,2,0],["2024-05-03T00:00:00+00:00",3,2,0],["2024-07-06T00:00:00+00:00",3,2,0],["2024-09-06T00:00:00+00:00",3,2,0],["2024-12-01T00:00:00+00:00",3,2,0],["2025-02-25T00:00:00+00:00",3,2,0],["2025-04-04T00:00:00+00:00",3,2,0],["2025-07-08T00:00:00+00:00",3,2,0],["2025-09-22T00:00:00+00:00",3,2,0]]},"geometry":{"type":"Point","coordinates":[34.462725,31.541228]}},{"type":"Feature","properties":{"site_id":26,"event_code":"CE20231007PSE","latest_date":"2025-09-22T00:00:00+00:00","latest_class":1,"pass_count":12,"h":[["2023-11-26T00:00:00+00:00",4,3,3],["2024-01-06T00:00:00+00:00",3,2,1],["2024-02-29T00:00:00+00:00",3,2,0],["2024-04-01T00:00:00+00:00",3,2,0],["2024-05-03T00:00:00+00:00",3,2,0],["2024-07-06T00:00:00+00:00",3,2,0],["2024-09-06T00:00:00+00:00",3,2,0],["2024-12-01T00:00:00+00:00",3,2,0],["2025-02-25T00:00:00+00:00",3,2,0],["2025-04-04T00:00:00+00:00",3,2,0],["2025-07-08T00:00:00+00:00",3,2,0],["2025-09-22T00:00:00+00:00",1,1,1]]},"geometry":{"type":"Point","coordinates":[34.462583,31.541358]}},{"type":"Feature","properties":{"site_id":26,"event_code":"CE20231007PSE","latest_date":"2025-09-22T00:00:00+00:00","latest_class":3,"pass_count":13,"h":[["2023-11-07T00:00:00+00:00",4,3,3],["2023-11-26T00:00:00+00:00",4,3,0],["2024-01-06T00:00:00+00:00",3,2,1],["2024-02-29T00:00:00+00:00",3,2,0],["2024-04-01T00:00:00+00:00",3,2,0],["2024-05-03T00:00:00+00:00",3,2,0],["2024-07-06T00:00:00+00:00",3,2,0],["2024-09-06T00:00:00+00:00",3,2,0],["2024-12-01T00:00:00+00:00",3,2,0],["2025-02-25T00:00:00+00:00",3,2,0],["2025-04-04T00:00:00+00:00",3,2,0],["2025-07-08T00:00:00+00:00",3,2,0],["2025-09-22T00:00:00+00:00",3,2,0]]},"geometry":{"type":"Point","coordinates":[34.462233,31.539181]}},{"type":"Feature","properties":{"site_id":26,"event_code":"CE20231007PSE","latest_date":"2025-09-22T00:00:00+00:00","latest_class":3,"pass_count":14,"h":[["2023-10-15T00:00:00+00:00",4,3,null],["2023-11-07T00:00:00+00:00",4,3,0],["2023-11-26T00:00:00+00:00",4,3,0],["2024-01-06T00:00:00+00:00",3,2,1],["2024-02-29T00:00:00+00:00",3,2,0],["2024-04-01T00:00:00+00:00",3,2,0],["2024-05-03T00:00:00+00:00",3,2,0],["2024-07-06T00:00:00+00:00",3,2,0],["2024-09-06T00:00:00+00:00",3,2,0],["2024-12-01T00:00:00+00:00",3,2,0],["2025-02-25T00:00:00+00:00",3,2,0],["2025-04-04T00:00:00+00:00",3,2,0],["2025-07-08T00:00:00+00:00",3,2,0],["2025-09-22T00:00:00+00:00",3,2,0]]},"geometry":{"type":"Point","coordinates":[34.458401,31.538877]}},{"type":"Feature","properties":{"site_id":26,"event_code":"CE20231007PSE","latest_date":"2025-09-22T00:00:00+00:00","latest_class":3,"pass_count":13,"h":[["2023-11-07T00:00:00+00:00",4,3,3],["2023-11-26T00:00:00+00:00",4,3,0],["2024-01-06T00:00:00+00:00",3,2,1],["2024-02-29T00:00:00+00:00",3,2,0],["2024-04-01T00:00:00+00:00",3,2,0],["2024-05-03T00:00:00+00:00",3,2,0],["2024-07-06T00:00:00+00:00",3,2,0],["2024-09-06T00:00:00+00:00",3,2,0],["2024-12-01T00:00:00+00:00",3,2,0],["2025-02-25T00:00:00+00:00",3,2,0],["2025-04-04T00:00:00+00:00",3,2,0],["2025-07-08T00:00:00+00:00",3,2,0],["2025-09-22T00:00:00+00:00",3,2,0]]},"geometry":{"type":"Point","coordinates":[34.457436,31.539638]}},{"type":"Feature","properties":{"site_id":26,"event_code":"CE20231007PSE","latest_date":"2025-09-22T00:00:00+00:00","latest_class":3,"pass_count":13,"h":[["2023-11-07T00:00:00+00:00",4,3,3],["2023-11-26T00:00:00+00:00",4,3,0],["2024-01-06T00:00:00+00:00",3,2,1],["2024-02-29T00:00:00+00:00",3,2,0],["2024-04-01T00:00:00+00:00",3,2,0],["2024-05-03T00:00:00+00:00",3,2,0],["2024-07-06T00:00:00+00:00",3,2,0],["2024-09-06T00:00:00+00:00",3,2,0],["2024-12-01T00:00:00+00:00",3,2,0],["2025-02-25T00:00:00+00:00",3,2,0],["2025-04-04T00:00:00+00:00",3,2,0],["2025-07-08T00:00:00+00:00",3,2,0],["2025-09-22T00:00:00+00:00",3,2,0]]},"geometry":{"type":"Point","coordinates":[34.457269,31.539816]}},{"type":"Feature","properties":{"site_id":26,"event_code":"CE20231007PSE","latest_date":"2025-09-22T00:00:00+00:00","latest_class":3,"pass_count":13,"h":[["2023-11-07T00:00:00+00:00",4,3,3],["2023-11-26T00:00:00+00:00",4,3,0],["2024-01-06T00:00:00+00:00",3,2,1],["2024-02-29T00:00:00+00:00",3,2,0],["2024-04-01T00:00:00+00:00",3,2,0],["2024-05-03T00:00:00+00:00",3,2,0],["2024-07-06T00:00:00+00:00",3,2,0],["2024-09-06T00:00:00+00:00",3,2,0],["2024-12-01T00:00:00+00:00",3,2,0],["2025-02-25T00:00:00+00:00",3,2,0],["2025-04-04T00:00:00+00:00",3,2,0],["2025-07-08T00:00:00+00:00",3,2,0],["2025-09-22T00:00:00+00:00",3,2,0]]},"geometry":{"type":"Point","coordinates":[34.457123,31.539695]}},{"type":"Feature","properties":{"site_id":26,"event_code":"CE20231007PSE","latest_date":"2025-09-22T00:00:00+00:00","latest_class":3,"pass_count":10,"h":[["2024-02-29T00:00:00+00:00",3,2,3],["2024-04-01T00:00:00+00:00",3,2,0],["2024-05-03T00:00:00+00:00",3,2,0],["2024-07-06T00:00:00+00:00",3,2,0],["2024-09-06T00:00:00+00:00",3,2,0],["2024-12-01T00:00:00+00:00",3,2,0],["2025-02-25T00:00:00+00:00",3,2,0],["2025-04-04T00:00:00+00:00",3,2,0],["2025-07-08T00:00:00+00:00",3,2,0],["2025-09-22T00:00:00+00:00",3,2,0]]},"geometry":{"type":"Point","coordinates":[34.457293,31.539519]}},{"type":"Feature","properties":{"site_id":26,"event_code":"CE20231007PSE","latest_date":"2025-09-22T00:00:00+00:00","latest_class":3,"pass_count":13,"h":[["2023-11-07T00:00:00+00:00",4,3,3],["2023-11-26T00:00:00+00:00",4,3,0],["2024-01-06T00:00:00+00:00",3,2,1],["2024-02-29T00:00:00+00:00",3,2,0],["2024-04-01T00:00:00+00:00",3,2,0],["2024-05-03T00:00:00+00:00",3,2,0],["2024-07-06T00:00:00+00:00",3,2,0],["2024-09-06T00:00:00+00:00",3,2,0],["2024-12-01T00:00:00+00:00",3,2,0],["2025-02-25T00:00:00+00:00",3,2,0],["2025-04-04T00:00:00+00:00",3,2,0],["2025-07-08T00:00:00+00:00",3,2,0],["2025-09-22T00:00:00+00:00",3,2,0]]},"geometry":{"type":"Point","coordinates":[34.456897,31.540011]}},{"type":"Feature","properties":{"site_id":26,"event_code":"CE20231007PSE","latest_date":"2025-09-22T00:00:00+00:00","latest_class":3,"pass_count":13,"h":[["2023-11-07T00:00:00+00:00",4,3,3],["2023-11-26T00:00:00+00:00",4,3,0],["2024-01-06T00:00:00+00:00",4,3,0],["2024-02-29T00:00:00+00:00",3,2,1],["2024-04-01T00:00:00+00:00",3,2,0],["2024-05-03T00:00:00+00:00",3,2,0],["2024-07-06T00:00:00+00:00",3,2,0],["2024-09-06T00:00:00+00:00",3,2,0],["2024-12-01T00:00:00+00:00",3,2,0],["2025-02-25T00:00:00+00:00",3,2,0],["2025-04-04T00:00:00+00:00",3,2,0],["2025-07-08T00:00:00+00:00",3,2,0],["2025-09-22T00:00:00+00:00",3,2,0]]},"geometry":{"type":"Point","coordinates":[34.459343,31.537543]}},{"type":"Feature","properties":{"site_id":26,"event_code":"CE20231007PSE","latest_date":"2025-09-22T00:00:00+00:00","latest_class":3,"pass_count":13,"h":[["2023-11-07T00:00:00+00:00",4,3,3],["2023-11-26T00:00:00+00:00",4,3,0],["2024-01-06T00:00:00+00:00",4,3,0],["2024-02-29T00:00:00+00:00",3,2,1],["2024-04-01T00:00:00+00:00",3,2,0],["2024-05-03T00:00:00+00:00",3,2,0],["2024-07-06T00:00:00+00:00",3,2,0],["2024-09-06T00:00:00+00:00",3,2,0],["2024-12-01T00:00:00+00:00",3,2,0],["2025-02-25T00:00:00+00:00",3,2,0],["2025-04-04T00:00:00+00:00",3,2,0],["2025-07-08T00:00:00+00:00",3,2,0],["2025-09-22T00:00:00+00:00",3,2,0]]},"geometry":{"type":"Point","coordinates":[34.459439,31.537468]}},{"type":"Feature","properties":{"site_id":26,"event_code":"CE20231007PSE","latest_date":"2025-09-22T00:00:00+00:00","latest_class":2,"pass_count":13,"h":[["2023-11-07T00:00:00+00:00",4,3,3],["2023-11-26T00:00:00+00:00",4,3,0],["2024-01-06T00:00:00+00:00",4,3,0],["2024-02-29T00:00:00+00:00",2,1,1],["2024-04-01T00:00:00+00:00",2,1,0],["2024-05-03T00:00:00+00:00",2,1,0],["2024-07-06T00:00:00+00:00",2,1,0],["2024-09-06T00:00:00+00:00",2,1,0],["2024-12-01T00:00:00+00:00",2,1,0],["2025-02-25T00:00:00+00:00",2,1,0],["2025-04-04T00:00:00+00:00",2,1,0],["2025-07-08T00:00:00+00:00",2,1,0],["2025-09-22T00:00:00+00:00",2,1,0]]},"geometry":{"type":"Point","coordinates":[34.459548,31.537344]}},{"type":"Feature","properties":{"site_id":26,"event_code":"CE20231007PSE","latest_date":"2025-09-22T00:00:00+00:00","latest_class":3,"pass_count":13,"h":[["2023-11-07T00:00:00+00:00",4,3,3],["2023-11-26T00:00:00+00:00",4,3,0],["2024-01-06T00:00:00+00:00",4,3,0],["2024-02-29T00:00:00+00:00",3,2,1],["2024-04-01T00:00:00+00:00",3,2,0],["2024-05-03T00:00:00+00:00",3,2,0],["2024-07-06T00:00:00+00:00",3,2,0],["2024-09-06T00:00:00+00:00",3,2,0],["2024-12-01T00:00:00+00:00",3,2,0],["2025-02-25T00:00:00+00:00",3,2,0],["2025-04-04T00:00:00+00:00",3,2,0],["2025-07-08T00:00:00+00:00",3,2,0],["2025-09-22T00:00:00+00:00",3,2,0]]},"geometry":{"type":"Point","coordinates":[34.459658,31.537288]}},{"type":"Feature","properties":{"site_id":26,"event_code":"CE20231007PSE","latest_date":"2025-09-22T00:00:00+00:00","latest_class":1,"pass_count":13,"h":[["2023-11-07T00:00:00+00:00",4,3,3],["2023-11-26T00:00:00+00:00",4,3,0],["2024-01-06T00:00:00+00:00",4,3,0],["2024-02-29T00:00:00+00:00",3,2,1],["2024-04-01T00:00:00+00:00",3,2,0],["2024-05-03T00:00:00+00:00",3,2,0],["2024-07-06T00:00:00+00:00",3,2,0],["2024-09-06T00:00:00+00:00",3,2,0],["2024-12-01T00:00:00+00:00",3,2,0],["2025-02-25T00:00:00+00:00",3,2,0],["2025-04-04T00:00:00+00:00",3,2,0],["2025-07-08T00:00:00+00:00",3,2,0],["2025-09-22T00:00:00+00:00",1,1,1]]},"geometry":{"type":"Point","coordinates":[34.460293,31.537577]}},{"type":"Feature","properties":{"site_id":26,"event_code":"CE20231007PSE","latest_date":"2025-09-22T00:00:00+00:00","latest_class":3,"pass_count":13,"h":[["2023-11-07T00:00:00+00:00",4,3,3],["2023-11-26T00:00:00+00:00",4,3,0],["2024-01-06T00:00:00+00:00",3,2,1],["2024-02-29T00:00:00+00:00",3,2,0],["2024-04-01T00:00:00+00:00",3,2,0],["2024-05-03T00:00:00+00:00",3,2,0],["2024-07-06T00:00:00+00:00",3,2,0],["2024-09-06T00:00:00+00:00",3,2,0],["2024-12-01T00:00:00+00:00",3,2,0],["2025-02-25T00:00:00+00:00",3,2,0],["2025-04-04T00:00:00+00:00",3,2,0],["2025-07-08T00:00:00+00:00",3,2,0],["2025-09-22T00:00:00+00:00",3,2,0]]},"geometry":{"type":"Point","coordinates":[34.460469,31.536768]}},{"type":"Feature","properties":{"site_id":26,"event_code":"CE20231007PSE","latest_date":"2025-09-22T00:00:00+00:00","latest_class":3,"pass_count":13,"h":[["2023-11-07T00:00:00+00:00",4,3,3],["2023-11-26T00:00:00+00:00",4,3,0],["2024-01-06T00:00:00+00:00",3,2,1],["2024-02-29T00:00:00+00:00",3,2,0],["2024-04-01T00:00:00+00:00",3,2,0],["2024-05-03T00:00:00+00:00",3,2,0],["2024-07-06T00:00:00+00:00",3,2,0],["2024-09-06T00:00:00+00:00",3,2,0],["2024-12-01T00:00:00+00:00",3,2,0],["2025-02-25T00:00:00+00:00",3,2,0],["2025-04-04T00:00:00+00:00",3,2,0],["2025-07-08T00:00:00+00:00",3,2,0],["2025-09-22T00:00:00+00:00",3,2,0]]},"geometry":{"type":"Point","coordinates":[34.460344,31.536649]}},{"type":"Feature","properties":{"site_id":26,"event_code":"CE20231007PSE","latest_date":"2025-09-22T00:00:00+00:00","latest_class":3,"pass_count":14,"h":[["2023-10-15T00:00:00+00:00",3,2,null],["2023-11-07T00:00:00+00:00",3,2,0],["2023-11-26T00:00:00+00:00",3,2,0],["2024-01-06T00:00:00+00:00",3,2,0],["2024-02-29T00:00:00+00:00",3,2,0],["2024-04-01T00:00:00+00:00",3,2,0],["2024-05-03T00:00:00+00:00",3,2,0],["2024-07-06T00:00:00+00:00",3,2,0],["2024-09-06T00:00:00+00:00",3,2,0],["2024-12-01T00:00:00+00:00",3,2,0],["2025-02-25T00:00:00+00:00",3,2,0],["2025-04-04T00:00:00+00:00",3,2,0],["2025-07-08T00:00:00+00:00",3,2,0],["2025-09-22T00:00:00+00:00",3,2,0]]},"geometry":{"type":"Point","coordinates":[34.463955,31.539672]}},{"type":"Feature","properties":{"site_id":26,"event_code":"CE20231007PSE","latest_date":"2025-09-22T00:00:00+00:00","latest_class":1,"pass_count":13,"h":[["2023-11-07T00:00:00+00:00",1,1,3],["2023-11-26T00:00:00+00:00",1,1,0],["2024-01-06T00:00:00+00:00",1,1,0],["2024-02-29T00:00:00+00:00",1,1,0],["2024-04-01T00:00:00+00:00",1,1,0],["2024-05-03T00:00:00+00:00",1,1,0],["2024-07-06T00:00:00+00:00",1,1,0],["2024-09-06T00:00:00+00:00",1,1,0],["2024-12-01T00:00:00+00:00",1,1,0],["2025-02-25T00:00:00+00:00",1,1,0],["2025-04-04T00:00:00+00:00",1,1,0],["2025-07-08T00:00:00+00:00",1,1,0],["2025-09-22T00:00:00+00:00",1,1,0]]},"geometry":{"type":"Point","coordinates":[34.463498,31.5384]}},{"type":"Feature","properties":{"site_id":26,"event_code":"CE20231007PSE","latest_date":"2025-09-22T00:00:00+00:00","latest_class":1,"pass_count":13,"h":[["2023-11-07T00:00:00+00:00",1,1,3],["2023-11-26T00:00:00+00:00",1,1,0],["2024-01-06T00:00:00+00:00",1,1,0],["2024-02-29T00:00:00+00:00",1,1,0],["2024-04-01T00:00:00+00:00",1,1,0],["2024-05-03T00:00:00+00:00",1,1,0],["2024-07-06T00:00:00+00:00",1,1,0],["2024-09-06T00:00:00+00:00",1,1,0],["2024-12-01T00:00:00+00:00",1,1,0],["2025-02-25T00:00:00+00:00",1,1,0],["2025-04-04T00:00:00+00:00",1,1,0],["2025-07-08T00:00:00+00:00",1,1,0],["2025-09-22T00:00:00+00:00",1,1,0]]},"geometry":{"type":"Point","coordinates":[34.463523,31.538608]}},{"type":"Feature","properties":{"site_id":26,"event_code":"CE20231007PSE","latest_date":"2025-09-22T00:00:00+00:00","latest_class":1,"pass_count":13,"h":[["2023-11-07T00:00:00+00:00",1,1,3],["2023-11-26T00:00:00+00:00",1,1,0],["2024-01-06T00:00:00+00:00",1,1,0],["2024-02-29T00:00:00+00:00",1,1,0],["2024-04-01T00:00:00+00:00",1,1,0],["2024-05-03T00:00:00+00:00",1,1,0],["2024-07-06T00:00:00+00:00",1,1,0],["2024-09-06T00:00:00+00:00",1,1,0],["2024-12-01T00:00:00+00:00",1,1,0],["2025-02-25T00:00:00+00:00",1,1,0],["2025-04-04T00:00:00+00:00",1,1,0],["2025-07-08T00:00:00+00:00",1,1,0],["2025-09-22T00:00:00+00:00",1,1,0]]},"geometry":{"type":"Point","coordinates":[34.463738,31.538613]}},{"type":"Feature","properties":{"site_id":26,"event_code":"CE20231007PSE","latest_date":"2025-09-22T00:00:00+00:00","latest_class":1,"pass_count":13,"h":[["2023-11-07T00:00:00+00:00",1,1,3],["2023-11-26T00:00:00+00:00",1,1,0],["2024-01-06T00:00:00+00:00",1,1,0],["2024-02-29T00:00:00+00:00",1,1,0],["2024-04-01T00:00:00+00:00",1,1,0],["2024-05-03T00:00:00+00:00",1,1,0],["2024-07-06T00:00:00+00:00",1,1,0],["2024-09-06T00:00:00+00:00",1,1,0],["2024-12-01T00:00:00+00:00",1,1,0],["2025-02-25T00:00:00+00:00",1,1,0],["2025-04-04T00:00:00+00:00",1,1,0],["2025-07-08T00:00:00+00:00",1,1,0],["2025-09-22T00:00:00+00:00",1,1,0]]},"geometry":{"type":"Point","coordinates":[34.46326,31.53875]}},{"type":"Feature","properties":{"site_id":26,"event_code":"CE20231007PSE","latest_date":"2025-09-22T00:00:00+00:00","latest_class":1,"pass_count":13,"h":[["2023-11-07T00:00:00+00:00",1,1,3],["2023-11-26T00:00:00+00:00",1,1,0],["2024-01-06T00:00:00+00:00",1,1,0],["2024-02-29T00:00:00+00:00",1,1,0],["2024-04-01T00:00:00+00:00",1,1,0],["2024-05-03T00:00:00+00:00",1,1,0],["2024-07-06T00:00:00+00:00",1,1,0],["2024-09-06T00:00:00+00:00",1,1,0],["2024-12-01T00:00:00+00:00",1,1,0],["2025-02-25T00:00:00+00:00",1,1,0],["2025-04-04T00:00:00+00:00",1,1,0],["2025-07-08T00:00:00+00:00",1,1,0],["2025-09-22T00:00:00+00:00",1,1,0]]},"geometry":{"type":"Point","coordinates":[34.462853,31.537875]}},{"type":"Feature","properties":{"site_id":26,"event_code":"CE20231007PSE","latest_date":"2025-09-22T00:00:00+00:00","latest_class":1,"pass_count":13,"h":[["2023-11-07T00:00:00+00:00",1,1,3],["2023-11-26T00:00:00+00:00",1,1,0],["2024-01-06T00:00:00+00:00",1,1,0],["2024-02-29T00:00:00+00:00",1,1,0],["2024-04-01T00:00:00+00:00",1,1,0],["2024-05-03T00:00:00+00:00",1,1,0],["2024-07-06T00:00:00+00:00",1,1,0],["2024-09-06T00:00:00+00:00",1,1,0],["2024-12-01T00:00:00+00:00",1,1,0],["2025-02-25T00:00:00+00:00",1,1,0],["2025-04-04T00:00:00+00:00",1,1,0],["2025-07-08T00:00:00+00:00",1,1,0],["2025-09-22T00:00:00+00:00",1,1,0]]},"geometry":{"type":"Point","coordinates":[34.463026,31.538019]}},{"type":"Feature","properties":{"site_id":26,"event_code":"CE20231007PSE","latest_date":"2025-09-22T00:00:00+00:00","latest_class":1,"pass_count":13,"h":[["2023-11-07T00:00:00+00:00",1,1,3],["2023-11-26T00:00:00+00:00",1,1,0],["2024-01-06T00:00:00+00:00",1,1,0],["2024-02-29T00:00:00+00:00",1,1,0],["2024-04-01T00:00:00+00:00",1,1,0],["2024-05-03T00:00:00+00:00",1,1,0],["2024-07-06T00:00:00+00:00",1,1,0],["2024-09-06T00:00:00+00:00",1,1,0],["2024-12-01T00:00:00+00:00",1,1,0],["2025-02-25T00:00:00+00:00",1,1,0],["2025-04-04T00:00:00+00:00",1,1,0],["2025-07-08T00:00:00+00:00",1,1,0],["2025-09-22T00:00:00+00:00",1,1,0]]},"geometry":{"type":"Point","coordinates":[34.463009,31.538153]}},{"type":"Feature","properties":{"site_id":26,"event_code":"CE20231007PSE","latest_date":"2025-09-22T00:00:00+00:00","latest_class":1,"pass_count":13,"h":[["2023-11-07T00:00:00+00:00",1,1,3],["2023-11-26T00:00:00+00:00",1,1,0],["2024-01-06T00:00:00+00:00",1,1,0],["2024-02-29T00:00:00+00:00",1,1,0],["2024-04-01T00:00:00+00:00",1,1,0],["2024-05-03T00:00:00+00:00",1,1,0],["2024-07-06T00:00:00+00:00",1,1,0],["2024-09-06T00:00:00+00:00",1,1,0],["2024-12-01T00:00:00+00:00",1,1,0],["2025-02-25T00:00:00+00:00",1,1,0],["2025-04-04T00:00:00+00:00",1,1,0],["2025-07-08T00:00:00+00:00",1,1,0],["2025-09-22T00:00:00+00:00",1,1,0]]},"geometry":{"type":"Point","coordinates":[34.462876,31.538271]}},{"type":"Feature","properties":{"site_id":26,"event_code":"CE20231007PSE","latest_date":"2025-09-22T00:00:00+00:00","latest_class":1,"pass_count":13,"h":[["2023-11-07T00:00:00+00:00",3,2,3],["2023-11-26T00:00:00+00:00",3,2,0],["2024-01-06T00:00:00+00:00",1,1,1],["2024-02-29T00:00:00+00:00",1,1,0],["2024-04-01T00:00:00+00:00",1,1,0],["2024-05-03T00:00:00+00:00",1,1,0],["2024-07-06T00:00:00+00:00",1,1,0],["2024-09-06T00:00:00+00:00",1,1,0],["2024-12-01T00:00:00+00:00",1,1,0],["2025-02-25T00:00:00+00:00",1,1,0],["2025-04-04T00:00:00+00:00",1,1,0],["2025-07-08T00:00:00+00:00",1,1,0],["2025-09-22T00:00:00+00:00",1,1,0]]},"geometry":{"type":"Point","coordinates":[34.46313,31.538412]}},{"type":"Feature","properties":{"site_id":26,"event_code":"CE20231007PSE","latest_date":"2025-09-22T00:00:00+00:00","latest_class":1,"pass_count":13,"h":[["2023-11-07T00:00:00+00:00",1,1,3],["2023-11-26T00:00:00+00:00",1,1,0],["2024-01-06T00:00:00+00:00",1,1,0],["2024-02-29T00:00:00+00:00",1,1,0],["2024-04-01T00:00:00+00:00",1,1,0],["2024-05-03T00:00:00+00:00",1,1,0],["2024-07-06T00:00:00+00:00",1,1,0],["2024-09-06T00:00:00+00:00",1,1,0],["2024-12-01T00:00:00+00:00",1,1,0],["2025-02-25T00:00:00+00:00",1,1,0],["2025-04-04T00:00:00+00:00",1,1,0],["2025-07-08T00:00:00+00:00",1,1,0],["2025-09-22T00:00:00+00:00",1,1,0]]},"geometry":{"type":"Point","coordinates":[34.462534,31.538143]}},{"type":"Feature","properties":{"site_id":26,"event_code":"CE20231007PSE","latest_date":"2025-09-22T00:00:00+00:00","latest_class":1,"pass_count":13,"h":[["2023-11-07T00:00:00+00:00",1,1,3],["2023-11-26T00:00:00+00:00",1,1,0],["2024-01-06T00:00:00+00:00",1,1,0],["2024-02-29T00:00:00+00:00",1,1,0],["2024-04-01T00:00:00+00:00",1,1,0],["2024-05-03T00:00:00+00:00",1,1,0],["2024-07-06T00:00:00+00:00",1,1,0],["2024-09-06T00:00:00+00:00",1,1,0],["2024-12-01T00:00:00+00:00",1,1,0],["2025-02-25T00:00:00+00:00",1,1,0],["2025-04-04T00:00:00+00:00",1,1,0],["2025-07-08T00:00:00+00:00",1,1,0],["2025-09-22T00:00:00+00:00",1,1,0]]},"geometry":{"type":"Point","coordinates":[34.462492,31.537563]}},{"type":"Feature","properties":{"site_id":53,"event_code":"CE20231007PSE","latest_date":"2025-09-22T00:00:00+00:00","latest_class":1,"pass_count":13,"h":[["2023-11-07T00:00:00+00:00",2,1,3],["2023-11-26T00:00:00+00:00",1,1,1],["2024-01-06T00:00:00+00:00",1,1,0],["2024-02-29T00:00:00+00:00",1,1,0],["2024-04-01T00:00:00+00:00",1,1,0],["2024-05-03T00:00:00+00:00",1,1,0],["2024-07-06T00:00:00+00:00",1,1,0],["2024-09-06T00:00:00+00:00",1,1,0],["2024-12-01T00:00:00+00:00",1,1,0],["2025-02-25T00:00:00+00:00",1,1,0],["2025-04-04T00:00:00+00:00",1,1,0],["2025-07-08T00:00:00+00:00",1,1,0],["2025-09-22T00:00:00+00:00",1,1,0]]},"geometry":{"type":"Point","coordinates":[34.461645,31.536979]}},{"type":"Feature","properties":{"site_id":26,"event_code":"CE20231007PSE","latest_date":"2025-09-22T00:00:00+00:00","latest_class":1,"pass_count":13,"h":[["2023-11-07T00:00:00+00:00",2,1,3],["2023-11-26T00:00:00+00:00",1,1,1],["2024-01-06T00:00:00+00:00",1,1,0],["2024-02-29T00:00:00+00:00",1,1,0],["2024-04-01T00:00:00+00:00",1,1,0],["2024-05-03T00:00:00+00:00",1,1,0],["2024-07-06T00:00:00+00:00",1,1,0],["2024-09-06T00:00:00+00:00",1,1,0],["2024-12-01T00:00:00+00:00",1,1,0],["2025-02-25T00:00:00+00:00",1,1,0],["2025-04-04T00:00:00+00:00",1,1,0],["2025-07-08T00:00:00+00:00",1,1,0],["2025-09-22T00:00:00+00:00",1,1,0]]},"geometry":{"type":"Point","coordinates":[34.461461,31.536326]}},{"type":"Feature","properties":{"site_id":26,"event_code":"CE20231007PSE","latest_date":"2025-09-22T00:00:00+00:00","latest_class":1,"pass_count":13,"h":[["2023-11-07T00:00:00+00:00",2,1,3],["2023-11-26T00:00:00+00:00",1,1,1],["2024-01-06T00:00:00+00:00",1,1,0],["2024-02-29T00:00:00+00:00",1,1,0],["2024-04-01T00:00:00+00:00",1,1,0],["2024-05-03T00:00:00+00:00",1,1,0],["2024-07-06T00:00:00+00:00",1,1,0],["2024-09-06T00:00:00+00:00",1,1,0],["2024-12-01T00:00:00+00:00",1,1,0],["2025-02-25T00:00:00+00:00",1,1,0],["2025-04-04T00:00:00+00:00",1,1,0],["2025-07-08T00:00:00+00:00",1,1,0],["2025-09-22T00:00:00+00:00",1,1,0]]},"geometry":{"type":"Point","coordinates":[34.461383,31.536403]}},{"type":"Feature","properties":{"site_id":26,"event_code":"CE20231007PSE","latest_date":"2025-09-22T00:00:00+00:00","latest_class":1,"pass_count":13,"h":[["2023-11-07T00:00:00+00:00",1,1,3],["2023-11-26T00:00:00+00:00",1,1,0],["2024-01-06T00:00:00+00:00",1,1,0],["2024-02-29T00:00:00+00:00",1,1,0],["2024-04-01T00:00:00+00:00",1,1,0],["2024-05-03T00:00:00+00:00",1,1,0],["2024-07-06T00:00:00+00:00",1,1,0],["2024-09-06T00:00:00+00:00",1,1,0],["2024-12-01T00:00:00+00:00",1,1,0],["2025-02-25T00:00:00+00:00",1,1,0],["2025-04-04T00:00:00+00:00",1,1,0],["2025-07-08T00:00:00+00:00",1,1,0],["2025-09-22T00:00:00+00:00",1,1,0]]},"geometry":{"type":"Point","coordinates":[34.461084,31.536064]}},{"type":"Feature","properties":{"site_id":26,"event_code":"CE20231007PSE","latest_date":"2025-09-22T00:00:00+00:00","latest_class":2,"pass_count":13,"h":[["2023-11-07T00:00:00+00:00",2,1,3],["2023-11-26T00:00:00+00:00",2,1,0],["2024-01-06T00:00:00+00:00",2,1,0],["2024-02-29T00:00:00+00:00",2,1,0],["2024-04-01T00:00:00+00:00",2,1,0],["2024-05-03T00:00:00+00:00",2,1,0],["2024-07-06T00:00:00+00:00",2,1,0],["2024-09-06T00:00:00+00:00",2,1,0],["2024-12-01T00:00:00+00:00",2,1,0],["2025-02-25T00:00:00+00:00",2,1,0],["2025-04-04T00:00:00+00:00",2,1,0],["2025-07-08T00:00:00+00:00",2,1,0],["2025-09-22T00:00:00+00:00",2,1,0]]},"geometry":{"type":"Point","coordinates":[34.461156,31.535985]}},{"type":"Feature","properties":{"site_id":26,"event_code":"CE20231007PSE","latest_date":"2025-09-22T00:00:00+00:00","latest_class":1,"pass_count":13,"h":[["2023-11-07T00:00:00+00:00",1,1,3],["2023-11-26T00:00:00+00:00",1,1,0],["2024-01-06T00:00:00+00:00",1,1,0],["2024-02-29T00:00:00+00:00",1,1,0],["2024-04-01T00:00:00+00:00",1,1,0],["2024-05-03T00:00:00+00:00",1,1,0],["2024-07-06T00:00:00+00:00",1,1,0],["2024-09-06T00:00:00+00:00",1,1,0],["2024-12-01T00:00:00+00:00",1,1,0],["2025-02-25T00:00:00+00:00",1,1,0],["2025-04-04T00:00:00+00:00",1,1,0],["2025-07-08T00:00:00+00:00",1,1,0],["2025-09-22T00:00:00+00:00",1,1,0]]},"geometry":{"type":"Point","coordinates":[34.46122,31.536572]}},{"type":"Feature","properties":{"site_id":26,"event_code":"CE20231007PSE","latest_date":"2025-09-22T00:00:00+00:00","latest_class":1,"pass_count":13,"h":[["2023-11-07T00:00:00+00:00",2,2,3],["2023-11-26T00:00:00+00:00",1,2,1],["2024-01-06T00:00:00+00:00",1,2,0],["2024-02-29T00:00:00+00:00",1,2,0],["2024-04-01T00:00:00+00:00",1,2,0],["2024-05-03T00:00:00+00:00",1,2,0],["2024-07-06T00:00:00+00:00",1,2,0],["2024-09-06T00:00:00+00:00",1,2,0],["2024-12-01T00:00:00+00:00",1,2,0],["2025-02-25T00:00:00+00:00",1,2,0],["2025-04-04T00:00:00+00:00",1,2,0],["2025-07-08T00:00:00+00:00",1,2,0],["2025-09-22T00:00:00+00:00",1,2,0]]},"geometry":{"type":"Point","coordinates":[34.461318,31.53672]}},{"type":"Feature","properties":{"site_id":26,"event_code":"CE20231007PSE","latest_date":"2025-09-22T00:00:00+00:00","latest_class":3,"pass_count":13,"h":[["2023-11-07T00:00:00+00:00",3,2,3],["2023-11-26T00:00:00+00:00",3,2,0],["2024-01-06T00:00:00+00:00",3,2,0],["2024-02-29T00:00:00+00:00",3,2,0],["2024-04-01T00:00:00+00:00",3,2,0],["2024-05-03T00:00:00+00:00",3,2,0],["2024-07-06T00:00:00+00:00",3,2,0],["2024-09-06T00:00:00+00:00",3,2,0],["2024-12-01T00:00:00+00:00",3,2,0],["2025-02-25T00:00:00+00:00",3,2,0],["2025-04-04T00:00:00+00:00",3,2,0],["2025-07-08T00:00:00+00:00",3,2,0],["2025-09-22T00:00:00+00:00",3,2,0]]},"geometry":{"type":"Point","coordinates":[34.461099,31.536454]}},{"type":"Feature","properties":{"site_id":26,"event_code":"CE20231007PSE","latest_date":"2025-09-22T00:00:00+00:00","latest_class":3,"pass_count":13,"h":[["2023-11-07T00:00:00+00:00",3,2,3],["2023-11-26T00:00:00+00:00",3,2,0],["2024-01-06T00:00:00+00:00",3,2,0],["2024-02-29T00:00:00+00:00",3,2,0],["2024-04-01T00:00:00+00:00",3,2,0],["2024-05-03T00:00:00+00:00",3,2,0],["2024-07-06T00:00:00+00:00",3,2,0],["2024-09-06T00:00:00+00:00",3,2,0],["2024-12-01T00:00:00+00:00",3,2,0],["2025-02-25T00:00:00+00:00",3,2,0],["2025-04-04T00:00:00+00:00",3,2,0],["2025-07-08T00:00:00+00:00",3,2,0],["2025-09-22T00:00:00+00:00",3,2,0]]},"geometry":{"type":"Point","coordinates":[34.461318,31.536262]}},{"type":"Feature","properties":{"site_id":26,"event_code":"CE20231007PSE","latest_date":"2025-09-22T00:00:00+00:00","latest_class":3,"pass_count":13,"h":[["2023-11-07T00:00:00+00:00",3,2,3],["2023-11-26T00:00:00+00:00",3,2,0],["2024-01-06T00:00:00+00:00",3,2,0],["2024-02-29T00:00:00+00:00",3,2,0],["2024-04-01T00:00:00+00:00",3,2,0],["2024-05-03T00:00:00+00:00",3,2,0],["2024-07-06T00:00:00+00:00",3,2,0],["2024-09-06T00:00:00+00:00",3,2,0],["2024-12-01T00:00:00+00:00",3,2,0],["2025-02-25T00:00:00+00:00",3,2,0],["2025-04-04T00:00:00+00:00",3,2,0],["2025-07-08T00:00:00+00:00",3,2,0],["2025-09-22T00:00:00+00:00",3,2,0]]},"geometry":{"type":"Point","coordinates":[34.46116,31.536186]}},{"type":"Feature","properties":{"site_id":26,"event_code":"CE20231007PSE","latest_date":"2025-09-22T00:00:00+00:00","latest_class":3,"pass_count":13,"h":[["2023-11-07T00:00:00+00:00",3,2,3],["2023-11-26T00:00:00+00:00",3,2,0],["2024-01-06T00:00:00+00:00",3,2,0],["2024-02-29T00:00:00+00:00",3,2,0],["2024-04-01T00:00:00+00:00",3,2,0],["2024-05-03T00:00:00+00:00",3,2,0],["2024-07-06T00:00:00+00:00",3,2,0],["2024-09-06T00:00:00+00:00",3,2,0],["2024-12-01T00:00:00+00:00",3,2,0],["2025-02-25T00:00:00+00:00",3,2,0],["2025-04-04T00:00:00+00:00",3,2,0],["2025-07-08T00:00:00+00:00",3,2,0],["2025-09-22T00:00:00+00:00",3,2,0]]},"geometry":{"type":"Point","coordinates":[34.461257,31.536083]}},{"type":"Feature","properties":{"site_id":26,"event_code":"CE20231007PSE","latest_date":"2025-09-22T00:00:00+00:00","latest_class":3,"pass_count":13,"h":[["2023-11-07T00:00:00+00:00",3,2,3],["2023-11-26T00:00:00+00:00",3,2,0],["2024-01-06T00:00:00+00:00",3,2,0],["2024-02-29T00:00:00+00:00",3,2,0],["2024-04-01T00:00:00+00:00",3,2,0],["2024-05-03T00:00:00+00:00",3,2,0],["2024-07-06T00:00:00+00:00",3,2,0],["2024-09-06T00:00:00+00:00",3,2,0],["2024-12-01T00:00:00+00:00",3,2,0],["2025-02-25T00:00:00+00:00",3,2,0],["2025-04-04T00:00:00+00:00",3,2,0],["2025-07-08T00:00:00+00:00",3,2,0],["2025-09-22T00:00:00+00:00",3,2,0]]},"geometry":{"type":"Point","coordinates":[34.461089,31.536918]}},{"type":"Feature","properties":{"site_id":26,"event_code":"CE20231007PSE","latest_date":"2025-09-22T00:00:00+00:00","latest_class":1,"pass_count":14,"h":[["2023-10-15T00:00:00+00:00",4,3,null],["2023-11-07T00:00:00+00:00",4,3,0],["2023-11-26T00:00:00+00:00",1,1,1],["2024-01-06T00:00:00+00:00",1,1,0],["2024-02-29T00:00:00+00:00",1,1,0],["2024-04-01T00:00:00+00:00",1,1,0],["2024-05-03T00:00:00+00:00",1,1,0],["2024-07-06T00:00:00+00:00",1,1,0],["2024-09-06T00:00:00+00:00",1,1,0],["2024-12-01T00:00:00+00:00",1,1,0],["2025-02-25T00:00:00+00:00",1,1,0],["2025-04-04T00:00:00+00:00",1,1,0],["2025-07-08T00:00:00+00:00",1,1,0],["2025-09-22T00:00:00+00:00",1,1,0]]},"geometry":{"type":"Point","coordinates":[34.464064,31.539354]}},{"type":"Feature","properties":{"site_id":26,"event_code":"CE20231007PSE","latest_date":"2025-09-22T00:00:00+00:00","latest_class":1,"pass_count":14,"h":[["2023-10-15T00:00:00+00:00",4,3,null],["2023-11-07T00:00:00+00:00",4,3,0],["2023-11-26T00:00:00+00:00",1,1,1],["2024-01-06T00:00:00+00:00",1,1,0],["2024-02-29T00:00:00+00:00",1,1,0],["2024-04-01T00:00:00+00:00",1,1,0],["2024-05-03T00:00:00+00:00",1,1,0],["2024-07-06T00:00:00+00:00",1,1,0],["2024-09-06T00:00:00+00:00",1,1,0],["2024-12-01T00:00:00+00:00",1,1,0],["2025-02-25T00:00:00+00:00",1,1,0],["2025-04-04T00:00:00+00:00",1,1,0],["2025-07-08T00:00:00+00:00",1,1,0],["2025-09-22T00:00:00+00:00",1,1,0]]},"geometry":{"type":"Point","coordinates":[34.463963,31.539442]}},{"type":"Feature","properties":{"site_id":26,"event_code":"CE20231007PSE","latest_date":"2025-09-22T00:00:00+00:00","latest_class":1,"pass_count":14,"h":[["2023-10-15T00:00:00+00:00",4,3,null],["2023-11-07T00:00:00+00:00",4,3,0],["2023-11-26T00:00:00+00:00",1,1,1],["2024-01-06T00:00:00+00:00",1,1,0],["2024-02-29T00:00:00+00:00",1,1,0],["2024-04-01T00:00:00+00:00",1,1,0],["2024-05-03T00:00:00+00:00",1,1,0],["2024-07-06T00:00:00+00:00",1,1,0],["2024-09-06T00:00:00+00:00",1,1,0],["2024-12-01T00:00:00+00:00",1,1,0],["2025-02-25T00:00:00+00:00",1,1,0],["2025-04-04T00:00:00+00:00",1,1,0],["2025-07-08T00:00:00+00:00",1,1,0],["2025-09-22T00:00:00+00:00",1,1,0]]},"geometry":{"type":"Point","coordinates":[34.464242,31.539465]}},{"type":"Feature","properties":{"site_id":26,"event_code":"CE20231007PSE","latest_date":"2025-09-22T00:00:00+00:00","latest_class":3,"pass_count":13,"h":[["2023-11-07T00:00:00+00:00",4,3,3],["2023-11-26T00:00:00+00:00",3,2,1],["2024-01-06T00:00:00+00:00",3,2,0],["2024-02-29T00:00:00+00:00",3,2,0],["2024-04-01T00:00:00+00:00",3,2,0],["2024-05-03T00:00:00+00:00",3,2,0],["2024-07-06T00:00:00+00:00",3,2,0],["2024-09-06T00:00:00+00:00",3,2,0],["2024-12-01T00:00:00+00:00",3,2,0],["2025-02-25T00:00:00+00:00",3,2,0],["2025-04-04T00:00:00+00:00",3,2,0],["2025-07-08T00:00:00+00:00",3,2,0],["2025-09-22T00:00:00+00:00",3,2,0]]},"geometry":{"type":"Point","coordinates":[34.463971,31.538835]}},{"type":"Feature","properties":{"site_id":26,"event_code":"CE20231007PSE","latest_date":"2025-09-22T00:00:00+00:00","latest_class":2,"pass_count":14,"h":[["2023-10-15T00:00:00+00:00",4,3,null],["2023-11-07T00:00:00+00:00",4,3,0],["2023-11-26T00:00:00+00:00",2,1,1],["2024-01-06T00:00:00+00:00",2,1,0],["2024-02-29T00:00:00+00:00",2,1,0],["2024-04-01T00:00:00+00:00",2,1,0],["2024-05-03T00:00:00+00:00",2,1,0],["2024-07-06T00:00:00+00:00",2,1,0],["2024-09-06T00:00:00+00:00",2,1,0],["2024-12-01T00:00:00+00:00",2,1,0],["2025-02-25T00:00:00+00:00",2,1,0],["2025-04-04T00:00:00+00:00",2,1,0],["2025-07-08T00:00:00+00:00",2,1,0],["2025-09-22T00:00:00+00:00",2,1,0]]},"geometry":{"type":"Point","coordinates":[34.46384,31.539539]}},{"type":"Feature","properties":{"site_id":26,"event_code":"CE20231007PSE","latest_date":"2025-09-22T00:00:00+00:00","latest_class":3,"pass_count":12,"h":[["2023-11-26T00:00:00+00:00",3,2,3],["2024-01-06T00:00:00+00:00",3,2,0],["2024-02-29T00:00:00+00:00",3,2,0],["2024-04-01T00:00:00+00:00",3,2,0],["2024-05-03T00:00:00+00:00",3,2,0],["2024-07-06T00:00:00+00:00",3,2,0],["2024-09-06T00:00:00+00:00",3,2,0],["2024-12-01T00:00:00+00:00",3,2,0],["2025-02-25T00:00:00+00:00",3,2,0],["2025-04-04T00:00:00+00:00",3,2,0],["2025-07-08T00:00:00+00:00",3,2,0],["2025-09-22T00:00:00+00:00",3,2,0]]},"geometry":{"type":"Point","coordinates":[34.464433,31.539203]}},{"type":"Feature","properties":{"site_id":26,"event_code":"CE20231007PSE","latest_date":"2025-09-22T00:00:00+00:00","latest_class":2,"pass_count":12,"h":[["2023-11-26T00:00:00+00:00",2,1,3],["2024-01-06T00:00:00+00:00",2,1,0],["2024-02-29T00:00:00+00:00",2,1,0],["2024-04-01T00:00:00+00:00",2,1,0],["2024-05-03T00:00:00+00:00",2,1,0],["2024-07-06T00:00:00+00:00",2,1,0],["2024-09-06T00:00:00+00:00",2,1,0],["2024-12-01T00:00:00+00:00",2,1,0],["2025-02-25T00:00:00+00:00",2,1,0],["2025-04-04T00:00:00+00:00",2,1,0],["2025-07-08T00:00:00+00:00",2,1,0],["2025-09-22T00:00:00+00:00",2,1,0]]},"geometry":{"type":"Point","coordinates":[34.463727,31.539039]}},{"type":"Feature","properties":{"site_id":26,"event_code":"CE20231007PSE","latest_date":"2025-09-22T00:00:00+00:00","latest_class":3,"pass_count":12,"h":[["2023-11-26T00:00:00+00:00",3,2,3],["2024-01-06T00:00:00+00:00",3,2,0],["2024-02-29T00:00:00+00:00",3,2,0],["2024-04-01T00:00:00+00:00",3,2,0],["2024-05-03T00:00:00+00:00",3,2,0],["2024-07-06T00:00:00+00:00",3,2,0],["2024-09-06T00:00:00+00:00",3,2,0],["2024-12-01T00:00:00+00:00",3,2,0],["2025-02-25T00:00:00+00:00",3,2,0],["2025-04-04T00:00:00+00:00",3,2,0],["2025-07-08T00:00:00+00:00",3,2,0],["2025-09-22T00:00:00+00:00",3,2,0]]},"geometry":{"type":"Point","coordinates":[34.464275,31.539107]}},{"type":"Feature","properties":{"site_id":26,"event_code":"CE20231007PSE","latest_date":"2025-09-22T00:00:00+00:00","latest_class":3,"pass_count":12,"h":[["2023-11-26T00:00:00+00:00",3,2,3],["2024-01-06T00:00:00+00:00",3,2,0],["2024-02-29T00:00:00+00:00",3,2,0],["2024-04-01T00:00:00+00:00",3,2,0],["2024-05-03T00:00:00+00:00",3,2,0],["2024-07-06T00:00:00+00:00",3,2,0],["2024-09-06T00:00:00+00:00",3,2,0],["2024-12-01T00:00:00+00:00",3,2,0],["2025-02-25T00:00:00+00:00",3,2,0],["2025-04-04T00:00:00+00:00",3,2,0],["2025-07-08T00:00:00+00:00",3,2,0],["2025-09-22T00:00:00+00:00",3,2,0]]},"geometry":{"type":"Point","coordinates":[34.464155,31.538959]}},{"type":"Feature","properties":{"site_id":26,"event_code":"CE20231007PSE","latest_date":"2025-09-22T00:00:00+00:00","latest_class":1,"pass_count":13,"h":[["2023-11-07T00:00:00+00:00",4,3,3],["2023-11-26T00:00:00+00:00",1,1,1],["2024-01-06T00:00:00+00:00",1,1,0],["2024-02-29T00:00:00+00:00",1,1,0],["2024-04-01T00:00:00+00:00",1,1,0],["2024-05-03T00:00:00+00:00",1,1,0],["2024-07-06T00:00:00+00:00",1,1,0],["2024-09-06T00:00:00+00:00",1,1,0],["2024-12-01T00:00:00+00:00",1,1,0],["2025-02-25T00:00:00+00:00",1,1,0],["2025-04-04T00:00:00+00:00",1,1,0],["2025-07-08T00:00:00+00:00",1,1,0],["2025-09-22T00:00:00+00:00",1,1,0]]},"geometry":{"type":"Point","coordinates":[34.461539,31.537179]}},{"type":"Feature","properties":{"site_id":53,"event_code":"CE20231007PSE","latest_date":"2025-09-22T00:00:00+00:00","latest_class":3,"pass_count":13,"h":[["2023-11-07T00:00:00+00:00",4,3,3],["2023-11-26T00:00:00+00:00",3,2,1],["2024-01-06T00:00:00+00:00",3,2,0],["2024-02-29T00:00:00+00:00",3,2,0],["2024-04-01T00:00:00+00:00",3,2,0],["2024-05-03T00:00:00+00:00",3,2,0],["2024-07-06T00:00:00+00:00",3,2,0],["2024-09-06T00:00:00+00:00",3,2,0],["2024-12-01T00:00:00+00:00",3,2,0],["2025-02-25T00:00:00+00:00",3,2,0],["2025-04-04T00:00:00+00:00",3,2,0],["2025-07-08T00:00:00+00:00",3,2,0],["2025-09-22T00:00:00+00:00",3,2,0]]},"geometry":{"type":"Point","coordinates":[34.461774,31.537087]}},{"type":"Feature","properties":{"site_id":53,"event_code":"CE20231007PSE","latest_date":"2025-09-22T00:00:00+00:00","latest_class":1,"pass_count":13,"h":[["2023-11-07T00:00:00+00:00",4,3,3],["2023-11-26T00:00:00+00:00",1,1,1],["2024-01-06T00:00:00+00:00",1,1,0],["2024-02-29T00:00:00+00:00",1,1,0],["2024-04-01T00:00:00+00:00",1,1,0],["2024-05-03T00:00:00+00:00",1,1,0],["2024-07-06T00:00:00+00:00",1,1,0],["2024-09-06T00:00:00+00:00",1,1,0],["2024-12-01T00:00:00+00:00",1,1,0],["2025-02-25T00:00:00+00:00",1,1,0],["2025-04-04T00:00:00+00:00",1,1,0],["2025-07-08T00:00:00+00:00",1,1,0],["2025-09-22T00:00:00+00:00",1,1,0]]},"geometry":{"type":"Point","coordinates":[34.461895,31.536981]}},{"type":"Feature","properties":{"site_id":26,"event_code":"CE20231007PSE","latest_date":"2025-09-22T00:00:00+00:00","latest_class":3,"pass_count":12,"h":[["2023-11-26T00:00:00+00:00",3,2,3],["2024-01-06T00:00:00+00:00",3,2,0],["2024-02-29T00:00:00+00:00",3,2,0],["2024-04-01T00:00:00+00:00",3,2,0],["2024-05-03T00:00:00+00:00",3,2,0],["2024-07-06T00:00:00+00:00",3,2,0],["2024-09-06T00:00:00+00:00",3,2,0],["2024-12-01T00:00:00+00:00",3,2,0],["2025-02-25T00:00:00+00:00",3,2,0],["2025-04-04T00:00:00+00:00",3,2,0],["2025-07-08T00:00:00+00:00",3,2,0],["2025-09-22T00:00:00+00:00",3,2,0]]},"geometry":{"type":"Point","coordinates":[34.462359,31.537398]}},{"type":"Feature","properties":{"site_id":26,"event_code":"CE20231007PSE","latest_date":"2025-09-22T00:00:00+00:00","latest_class":3,"pass_count":13,"h":[["2023-11-07T00:00:00+00:00",4,3,3],["2023-11-26T00:00:00+00:00",3,2,1],["2024-01-06T00:00:00+00:00",3,2,0],["2024-02-29T00:00:00+00:00",3,2,0],["2024-04-01T00:00:00+00:00",3,2,0],["2024-05-03T00:00:00+00:00",3,2,0],["2024-07-06T00:00:00+00:00",3,2,0],["2024-09-06T00:00:00+00:00",3,2,0],["2024-12-01T00:00:00+00:00",3,2,0],["2025-02-25T00:00:00+00:00",3,2,0],["2025-04-04T00:00:00+00:00",3,2,0],["2025-07-08T00:00:00+00:00",3,2,0],["2025-09-22T00:00:00+00:00",3,2,0]]},"geometry":{"type":"Point","coordinates":[34.460886,31.536195]}},{"type":"Feature","properties":{"site_id":26,"event_code":"CE20231007PSE","latest_date":"2025-09-22T00:00:00+00:00","latest_class":3,"pass_count":13,"h":[["2023-11-07T00:00:00+00:00",4,3,3],["2023-11-26T00:00:00+00:00",3,2,1],["2024-01-06T00:00:00+00:00",3,2,0],["2024-02-29T00:00:00+00:00",3,2,0],["2024-04-01T00:00:00+00:00",3,2,0],["2024-05-03T00:00:00+00:00",3,2,0],["2024-07-06T00:00:00+00:00",3,2,0],["2024-09-06T00:00:00+00:00",3,2,0],["2024-12-01T00:00:00+00:00",3,2,0],["2025-02-25T00:00:00+00:00",3,2,0],["2025-04-04T00:00:00+00:00",3,2,0],["2025-07-08T00:00:00+00:00",3,2,0],["2025-09-22T00:00:00+00:00",3,2,0]]},"geometry":{"type":"Point","coordinates":[34.461016,31.536752]}},{"type":"Feature","properties":{"site_id":26,"event_code":"CE20231007PSE","latest_date":"2025-09-22T00:00:00+00:00","latest_class":3,"pass_count":14,"h":[["2023-10-15T00:00:00+00:00",4,3,null],["2023-11-07T00:00:00+00:00",4,3,0],["2023-11-26T00:00:00+00:00",4,3,0],["2024-01-06T00:00:00+00:00",3,2,1],["2024-02-29T00:00:00+00:00",3,2,0],["2024-04-01T00:00:00+00:00",3,2,0],["2024-05-03T00:00:00+00:00",3,2,0],["2024-07-06T00:00:00+00:00",3,2,0],["2024-09-06T00:00:00+00:00",3,2,0],["2024-12-01T00:00:00+00:00",3,2,0],["2025-02-25T00:00:00+00:00",3,2,0],["2025-04-04T00:00:00+00:00",3,2,0],["2025-07-08T00:00:00+00:00",3,2,0],["2025-09-22T00:00:00+00:00",3,2,0]]},"geometry":{"type":"Point","coordinates":[34.464321,31.539853]}},{"type":"Feature","properties":{"site_id":26,"event_code":"CE20231007PSE","latest_date":"2025-09-22T00:00:00+00:00","latest_class":3,"pass_count":14,"h":[["2023-10-15T00:00:00+00:00",4,3,null],["2023-11-07T00:00:00+00:00",4,3,0],["2023-11-26T00:00:00+00:00",4,3,0],["2024-01-06T00:00:00+00:00",3,2,1],["2024-02-29T00:00:00+00:00",3,2,0],["2024-04-01T00:00:00+00:00",3,2,0],["2024-05-03T00:00:00+00:00",3,2,0],["2024-07-06T00:00:00+00:00",3,2,0],["2024-09-06T00:00:00+00:00",3,2,0],["2024-12-01T00:00:00+00:00",3,2,0],["2025-02-25T00:00:00+00:00",3,2,0],["2025-04-04T00:00:00+00:00",3,2,0],["2025-07-08T00:00:00+00:00",3,2,0],["2025-09-22T00:00:00+00:00",3,2,0]]},"geometry":{"type":"Point","coordinates":[34.464438,31.53973]}},{"type":"Feature","properties":{"site_id":26,"event_code":"CE20231007PSE","latest_date":"2025-09-22T00:00:00+00:00","latest_class":3,"pass_count":14,"h":[["2023-10-15T00:00:00+00:00",4,3,null],["2023-11-07T00:00:00+00:00",4,3,0],["2023-11-26T00:00:00+00:00",4,3,0],["2024-01-06T00:00:00+00:00",3,2,1],["2024-02-29T00:00:00+00:00",3,2,0],["2024-04-01T00:00:00+00:00",3,2,0],["2024-05-03T00:00:00+00:00",3,2,0],["2024-07-06T00:00:00+00:00",3,2,0],["2024-09-06T00:00:00+00:00",3,2,0],["2024-12-01T00:00:00+00:00",3,2,0],["2025-02-25T00:00:00+00:00",3,2,0],["2025-04-04T00:00:00+00:00",3,2,0],["2025-07-08T00:00:00+00:00",3,2,0],["2025-09-22T00:00:00+00:00",3,2,0]]},"geometry":{"type":"Point","coordinates":[34.464574,31.539606]}},{"type":"Feature","properties":{"site_id":26,"event_code":"CE20231007PSE","latest_date":"2025-09-22T00:00:00+00:00","latest_class":3,"pass_count":13,"h":[["2023-11-07T00:00:00+00:00",4,3,3],["2023-11-26T00:00:00+00:00",4,3,0],["2024-01-06T00:00:00+00:00",3,2,1],["2024-02-29T00:00:00+00:00",3,2,0],["2024-04-01T00:00:00+00:00",3,2,0],["2024-05-03T00:00:00+00:00",3,2,0],["2024-07-06T00:00:00+00:00",3,2,0],["2024-09-06T00:00:00+00:00",3,2,0],["2024-12-01T00:00:00+00:00",3,2,0],["2025-02-25T00:00:00+00:00",3,2,0],["2025-04-04T00:00:00+00:00",3,2,0],["2025-07-08T00:00:00+00:00",3,2,0],["2025-09-22T00:00:00+00:00",3,2,0]]},"geometry":{"type":"Point","coordinates":[34.463645,31.539349]}},{"type":"Feature","properties":{"site_id":26,"event_code":"CE20231007PSE","latest_date":"2025-09-22T00:00:00+00:00","latest_class":3,"pass_count":13,"h":[["2023-11-07T00:00:00+00:00",4,3,3],["2023-11-26T00:00:00+00:00",4,3,0],["2024-01-06T00:00:00+00:00",3,2,1],["2024-02-29T00:00:00+00:00",3,2,0],["2024-04-01T00:00:00+00:00",3,2,0],["2024-05-03T00:00:00+00:00",3,2,0],["2024-07-06T00:00:00+00:00",3,2,0],["2024-09-06T00:00:00+00:00",3,2,0],["2024-12-01T00:00:00+00:00",3,2,0],["2025-02-25T00:00:00+00:00",3,2,0],["2025-04-04T00:00:00+00:00",3,2,0],["2025-07-08T00:00:00+00:00",3,2,0],["2025-09-22T00:00:00+00:00",3,2,0]]},"geometry":{"type":"Point","coordinates":[34.463525,31.539228]}},{"type":"Feature","properties":{"site_id":26,"event_code":"CE20231007PSE","latest_date":"2025-09-22T00:00:00+00:00","latest_class":3,"pass_count":12,"h":[["2023-11-26T00:00:00+00:00",4,3,3],["2024-01-06T00:00:00+00:00",3,2,1],["2024-02-29T00:00:00+00:00",3,2,0],["2024-04-01T00:00:00+00:00",3,2,0],["2024-05-03T00:00:00+00:00",3,2,0],["2024-07-06T00:00:00+00:00",3,2,0],["2024-09-06T00:00:00+00:00",3,2,0],["2024-12-01T00:00:00+00:00",3,2,0],["2025-02-25T00:00:00+00:00",3,2,0],["2025-04-04T00:00:00+00:00",3,2,0],["2025-07-08T00:00:00+00:00",3,2,0],["2025-09-22T00:00:00+00:00",3,2,0]]},"geometry":{"type":"Point","coordinates":[34.463633,31.539122]}},{"type":"Feature","properties":{"site_id":26,"event_code":"CE20231007PSE","latest_date":"2025-09-22T00:00:00+00:00","latest_class":3,"pass_count":12,"h":[["2023-11-26T00:00:00+00:00",4,3,3],["2024-01-06T00:00:00+00:00",3,2,1],["2024-02-29T00:00:00+00:00",3,2,0],["2024-04-01T00:00:00+00:00",3,2,0],["2024-05-03T00:00:00+00:00",3,2,0],["2024-07-06T00:00:00+00:00",3,2,0],["2024-09-06T00:00:00+00:00",3,2,0],["2024-12-01T00:00:00+00:00",3,2,0],["2025-02-25T00:00:00+00:00",3,2,0],["2025-04-04T00:00:00+00:00",3,2,0],["2025-07-08T00:00:00+00:00",3,2,0],["2025-09-22T00:00:00+00:00",3,2,0]]},"geometry":{"type":"Point","coordinates":[34.463746,31.539239]}},{"type":"Feature","properties":{"site_id":26,"event_code":"CE20231007PSE","latest_date":"2025-09-22T00:00:00+00:00","latest_class":3,"pass_count":11,"h":[["2024-01-06T00:00:00+00:00",3,2,3],["2024-02-29T00:00:00+00:00",3,2,0],["2024-04-01T00:00:00+00:00",3,2,0],["2024-05-03T00:00:00+00:00",3,2,0],["2024-07-06T00:00:00+00:00",3,2,0],["2024-09-06T00:00:00+00:00",3,2,0],["2024-12-01T00:00:00+00:00",3,2,0],["2025-02-25T00:00:00+00:00",3,2,0],["2025-04-04T00:00:00+00:00",3,2,0],["2025-07-08T00:00:00+00:00",3,2,0],["2025-09-22T00:00:00+00:00",3,2,0]]},"geometry":{"type":"Point","coordinates":[34.463883,31.53915]}},{"type":"Feature","properties":{"site_id":26,"event_code":"CE20231007PSE","latest_date":"2025-09-22T00:00:00+00:00","latest_class":3,"pass_count":13,"h":[["2023-11-07T00:00:00+00:00",3,2,3],["2023-11-26T00:00:00+00:00",3,2,0],["2024-01-06T00:00:00+00:00",3,2,0],["2024-02-29T00:00:00+00:00",3,2,0],["2024-04-01T00:00:00+00:00",3,2,0],["2024-05-03T00:00:00+00:00",3,2,0],["2024-07-06T00:00:00+00:00",3,2,0],["2024-09-06T00:00:00+00:00",3,2,0],["2024-12-01T00:00:00+00:00",3,2,0],["2025-02-25T00:00:00+00:00",3,2,0],["2025-04-04T00:00:00+00:00",3,2,0],["2025-07-08T00:00:00+00:00",3,2,0],["2025-09-22T00:00:00+00:00",3,2,0]]},"geometry":{"type":"Point","coordinates":[34.461523,31.536535]}},{"type":"Feature","properties":{"site_id":54,"event_code":"CE20231007PSE","latest_date":"2025-09-22T00:00:00+00:00","latest_class":3,"pass_count":13,"h":[["2023-11-07T00:00:00+00:00",3,2,3],["2023-11-26T00:00:00+00:00",3,2,0],["2024-01-06T00:00:00+00:00",3,2,0],["2024-02-29T00:00:00+00:00",3,2,0],["2024-04-01T00:00:00+00:00",3,2,0],["2024-05-03T00:00:00+00:00",3,2,0],["2024-07-06T00:00:00+00:00",3,2,0],["2024-09-06T00:00:00+00:00",3,2,0],["2024-12-01T00:00:00+00:00",3,2,0],["2025-02-25T00:00:00+00:00",3,2,0],["2025-04-04T00:00:00+00:00",3,2,0],["2025-07-08T00:00:00+00:00",3,2,0],["2025-09-22T00:00:00+00:00",3,2,0]]},"geometry":{"type":"Point","coordinates":[34.461648,31.536444]}},{"type":"Feature","properties":{"site_id":26,"event_code":"CE20231007PSE","latest_date":"2025-09-22T00:00:00+00:00","latest_class":1,"pass_count":13,"h":[["2023-11-07T00:00:00+00:00",1,1,3],["2023-11-26T00:00:00+00:00",1,1,0],["2024-01-06T00:00:00+00:00",1,1,0],["2024-02-29T00:00:00+00:00",1,1,0],["2024-04-01T00:00:00+00:00",1,1,0],["2024-05-03T00:00:00+00:00",1,1,0],["2024-07-06T00:00:00+00:00",1,1,0],["2024-09-06T00:00:00+00:00",1,1,0],["2024-12-01T00:00:00+00:00",1,1,0],["2025-02-25T00:00:00+00:00",1,1,0],["2025-04-04T00:00:00+00:00",1,1,0],["2025-07-08T00:00:00+00:00",1,1,0],["2025-09-22T00:00:00+00:00",1,1,0]]},"geometry":{"type":"Point","coordinates":[34.454077,31.542183]}},{"type":"Feature","properties":{"site_id":26,"event_code":"CE20231007PSE","latest_date":"2025-09-22T00:00:00+00:00","latest_class":1,"pass_count":14,"h":[["2023-10-15T00:00:00+00:00",1,1,null],["2023-11-07T00:00:00+00:00",1,1,0],["2023-11-26T00:00:00+00:00",1,1,0],["2024-01-06T00:00:00+00:00",1,1,0],["2024-02-29T00:00:00+00:00",1,1,0],["2024-04-01T00:00:00+00:00",1,1,0],["2024-05-03T00:00:00+00:00",1,1,0],["2024-07-06T00:00:00+00:00",1,1,0],["2024-09-06T00:00:00+00:00",1,1,0],["2024-12-01T00:00:00+00:00",1,1,0],["2025-02-25T00:00:00+00:00",1,1,0],["2025-04-04T00:00:00+00:00",1,1,0],["2025-07-08T00:00:00+00:00",1,1,0],["2025-09-22T00:00:00+00:00",1,1,0]]},"geometry":{"type":"Point","coordinates":[34.453631,31.543047]}},{"type":"Feature","properties":{"site_id":26,"event_code":"CE20231007PSE","latest_date":"2025-09-22T00:00:00+00:00","latest_class":1,"pass_count":14,"h":[["2023-10-15T00:00:00+00:00",2,1,null],["2023-11-07T00:00:00+00:00",1,1,1],["2023-11-26T00:00:00+00:00",1,1,0],["2024-01-06T00:00:00+00:00",1,1,0],["2024-02-29T00:00:00+00:00",1,1,0],["2024-04-01T00:00:00+00:00",1,1,0],["2024-05-03T00:00:00+00:00",1,1,0],["2024-07-06T00:00:00+00:00",1,1,0],["2024-09-06T00:00:00+00:00",1,1,0],["2024-12-01T00:00:00+00:00",1,1,0],["2025-02-25T00:00:00+00:00",1,1,0],["2025-04-04T00:00:00+00:00",1,1,0],["2025-07-08T00:00:00+00:00",1,1,0],["2025-09-22T00:00:00+00:00",1,1,0]]},"geometry":{"type":"Point","coordinates":[34.453394,31.543255]}},{"type":"Feature","properties":{"site_id":26,"event_code":"CE20231007PSE","latest_date":"2025-09-22T00:00:00+00:00","latest_class":1,"pass_count":14,"h":[["2023-10-15T00:00:00+00:00",2,1,null],["2023-11-07T00:00:00+00:00",1,1,1],["2023-11-26T00:00:00+00:00",1,1,0],["2024-01-06T00:00:00+00:00",1,1,0],["2024-02-29T00:00:00+00:00",1,1,0],["2024-04-01T00:00:00+00:00",1,1,0],["2024-05-03T00:00:00+00:00",1,1,0],["2024-07-06T00:00:00+00:00",1,1,0],["2024-09-06T00:00:00+00:00",1,1,0],["2024-12-01T00:00:00+00:00",1,1,0],["2025-02-25T00:00:00+00:00",1,1,0],["2025-04-04T00:00:00+00:00",1,1,0],["2025-07-08T00:00:00+00:00",1,1,0],["2025-09-22T00:00:00+00:00",1,1,0]]},"geometry":{"type":"Point","coordinates":[34.453768,31.542956]}},{"type":"Feature","properties":{"site_id":26,"event_code":"CE20231007PSE","latest_date":"2025-09-22T00:00:00+00:00","latest_class":1,"pass_count":14,"h":[["2023-10-15T00:00:00+00:00",3,2,null],["2023-11-07T00:00:00+00:00",3,2,0],["2023-11-26T00:00:00+00:00",1,1,1],["2024-01-06T00:00:00+00:00",1,1,0],["2024-02-29T00:00:00+00:00",1,1,0],["2024-04-01T00:00:00+00:00",1,1,0],["2024-05-03T00:00:00+00:00",1,1,0],["2024-07-06T00:00:00+00:00",1,1,0],["2024-09-06T00:00:00+00:00",1,1,0],["2024-12-01T00:00:00+00:00",1,1,0],["2025-02-25T00:00:00+00:00",1,1,0],["2025-04-04T00:00:00+00:00",1,1,0],["2025-07-08T00:00:00+00:00",1,1,0],["2025-09-22T00:00:00+00:00",1,1,0]]},"geometry":{"type":"Point","coordinates":[34.452316,31.544164]}},{"type":"Feature","properties":{"site_id":26,"event_code":"CE20231007PSE","latest_date":"2025-09-22T00:00:00+00:00","latest_class":1,"pass_count":14,"h":[["2023-10-15T00:00:00+00:00",3,2,null],["2023-11-07T00:00:00+00:00",3,2,0],["2023-11-26T00:00:00+00:00",1,1,1],["2024-01-06T00:00:00+00:00",1,1,0],["2024-02-29T00:00:00+00:00",1,1,0],["2024-04-01T00:00:00+00:00",1,1,0],["2024-05-03T00:00:00+00:00",1,1,0],["2024-07-06T00:00:00+00:00",1,1,0],["2024-09-06T00:00:00+00:00",1,1,0],["2024-12-01T00:00:00+00:00",1,1,0],["2025-02-25T00:00:00+00:00",1,1,0],["2025-04-04T00:00:00+00:00",1,1,0],["2025-07-08T00:00:00+00:00",1,1,0],["2025-09-22T00:00:00+00:00",1,1,0]]},"geometry":{"type":"Point","coordinates":[34.452135,31.543701]}},{"type":"Feature","properties":{"site_id":26,"event_code":"CE20231007PSE","latest_date":"2025-09-22T00:00:00+00:00","latest_class":3,"pass_count":14,"h":[["2023-10-15T00:00:00+00:00",3,2,null],["2023-11-07T00:00:00+00:00",3,2,0],["2023-11-26T00:00:00+00:00",3,2,0],["2024-01-06T00:00:00+00:00",3,2,0],["2024-02-29T00:00:00+00:00",3,2,0],["2024-04-01T00:00:00+00:00",3,2,0],["2024-05-03T00:00:00+00:00",3,2,0],["2024-07-06T00:00:00+00:00",3,2,0],["2024-09-06T00:00:00+00:00",3,2,0],["2024-12-01T00:00:00+00:00",3,2,0],["2025-02-25T00:00:00+00:00",3,2,0],["2025-04-04T00:00:00+00:00",3,2,0],["2025-07-08T00:00:00+00:00",3,2,0],["2025-09-22T00:00:00+00:00",3,2,0]]},"geometry":{"type":"Point","coordinates":[34.456125,31.542634]}},{"type":"Feature","properties":{"site_id":26,"event_code":"CE20231007PSE","latest_date":"2025-09-22T00:00:00+00:00","latest_class":2,"pass_count":14,"h":[["2023-10-15T00:00:00+00:00",3,2,null],["2023-11-07T00:00:00+00:00",3,2,0],["2023-11-26T00:00:00+00:00",3,2,0],["2024-01-06T00:00:00+00:00",2,1,1],["2024-02-29T00:00:00+00:00",2,1,0],["2024-04-01T00:00:00+00:00",2,1,0],["2024-05-03T00:00:00+00:00",2,1,0],["2024-07-06T00:00:00+00:00",2,1,0],["2024-09-06T00:00:00+00:00",2,1,0],["2024-12-01T00:00:00+00:00",2,1,0],["2025-02-25T00:00:00+00:00",2,1,0],["2025-04-04T00:00:00+00:00",2,1,0],["2025-07-08T00:00:00+00:00",2,1,0],["2025-09-22T00:00:00+00:00",2,1,0]]},"geometry":{"type":"Point","coordinates":[34.456239,31.542557]}},{"type":"Feature","properties":{"site_id":26,"event_code":"CE20231007PSE","latest_date":"2025-09-22T00:00:00+00:00","latest_class":1,"pass_count":14,"h":[["2023-10-15T00:00:00+00:00",3,2,null],["2023-11-07T00:00:00+00:00",3,2,0],["2023-11-26T00:00:00+00:00",3,2,0],["2024-01-06T00:00:00+00:00",1,1,1],["2024-02-29T00:00:00+00:00",1,1,0],["2024-04-01T00:00:00+00:00",1,1,0],["2024-05-03T00:00:00+00:00",1,1,0],["2024-07-06T00:00:00+00:00",1,1,0],["2024-09-06T00:00:00+00:00",1,1,0],["2024-12-01T00:00:00+00:00",1,1,0],["2025-02-25T00:00:00+00:00",1,1,0],["2025-04-04T00:00:00+00:00",1,1,0],["2025-07-08T00:00:00+00:00",1,1,0],["2025-09-22T00:00:00+00:00",1,1,0]]},"geometry":{"type":"Point","coordinates":[34.456156,31.542528]}},{"type":"Feature","properties":{"site_id":26,"event_code":"CE20231007PSE","latest_date":"2025-09-22T00:00:00+00:00","latest_class":1,"pass_count":14,"h":[["2023-10-15T00:00:00+00:00",3,2,null],["2023-11-07T00:00:00+00:00",3,2,0],["2023-11-26T00:00:00+00:00",3,2,0],["2024-01-06T00:00:00+00:00",1,1,1],["2024-02-29T00:00:00+00:00",1,1,0],["2024-04-01T00:00:00+00:00",1,1,0],["2024-05-03T00:00:00+00:00",1,1,0],["2024-07-06T00:00:00+00:00",1,1,0],["2024-09-06T00:00:00+00:00",1,1,0],["2024-12-01T00:00:00+00:00",1,1,0],["2025-02-25T00:00:00+00:00",1,1,0],["2025-04-04T00:00:00+00:00",1,1,0],["2025-07-08T00:00:00+00:00",1,1,0],["2025-09-22T00:00:00+00:00",1,1,0]]},"geometry":{"type":"Point","coordinates":[34.456044,31.542447]}},{"type":"Feature","properties":{"site_id":26,"event_code":"CE20231007PSE","latest_date":"2025-09-22T00:00:00+00:00","latest_class":3,"pass_count":14,"h":[["2023-10-15T00:00:00+00:00",3,2,null],["2023-11-07T00:00:00+00:00",3,2,0],["2023-11-26T00:00:00+00:00",3,2,0],["2024-01-06T00:00:00+00:00",3,2,0],["2024-02-29T00:00:00+00:00",3,2,0],["2024-04-01T00:00:00+00:00",3,2,0],["2024-05-03T00:00:00+00:00",3,2,0],["2024-07-06T00:00:00+00:00",3,2,0],["2024-09-06T00:00:00+00:00",3,2,0],["2024-12-01T00:00:00+00:00",3,2,0],["2025-02-25T00:00:00+00:00",3,2,0],["2025-04-04T00:00:00+00:00",3,2,0],["2025-07-08T00:00:00+00:00",3,2,0],["2025-09-22T00:00:00+00:00",3,2,0]]},"geometry":{"type":"Point","coordinates":[34.456319,31.54224]}},{"type":"Feature","properties":{"site_id":54,"event_code":"CE20231007PSE","latest_date":"2025-09-22T00:00:00+00:00","latest_class":2,"pass_count":13,"h":[["2023-11-07T00:00:00+00:00",2,1,3],["2023-11-26T00:00:00+00:00",2,1,0],["2024-01-06T00:00:00+00:00",2,1,0],["2024-02-29T00:00:00+00:00",2,1,0],["2024-04-01T00:00:00+00:00",2,1,0],["2024-05-03T00:00:00+00:00",2,1,0],["2024-07-06T00:00:00+00:00",2,1,0],["2024-09-06T00:00:00+00:00",2,1,0],["2024-12-01T00:00:00+00:00",2,1,0],["2025-02-25T00:00:00+00:00",2,1,0],["2025-04-04T00:00:00+00:00",2,1,0],["2025-07-08T00:00:00+00:00",2,1,0],["2025-09-22T00:00:00+00:00",2,1,0]]},"geometry":{"type":"Point","coordinates":[34.453894,31.545806]}},{"type":"Feature","properties":{"site_id":54,"event_code":"CE20231007PSE","latest_date":"2025-09-22T00:00:00+00:00","latest_class":2,"pass_count":13,"h":[["2023-11-07T00:00:00+00:00",2,1,3],["2023-11-26T00:00:00+00:00",2,1,0],["2024-01-06T00:00:00+00:00",2,1,0],["2024-02-29T00:00:00+00:00",2,1,0],["2024-04-01T00:00:00+00:00",2,1,0],["2024-05-03T00:00:00+00:00",2,1,0],["2024-07-06T00:00:00+00:00",2,1,0],["2024-09-06T00:00:00+00:00",2,1,0],["2024-12-01T00:00:00+00:00",2,1,0],["2025-02-25T00:00:00+00:00",2,1,0],["2025-04-04T00:00:00+00:00",2,1,0],["2025-07-08T00:00:00+00:00",2,1,0],["2025-09-22T00:00:00+00:00",2,1,0]]},"geometry":{"type":"Point","coordinates":[34.453479,31.545337]}},{"type":"Feature","properties":{"site_id":54,"event_code":"CE20231007PSE","latest_date":"2025-09-22T00:00:00+00:00","latest_class":2,"pass_count":13,"h":[["2023-11-07T00:00:00+00:00",3,2,3],["2023-11-26T00:00:00+00:00",2,2,1],["2024-01-06T00:00:00+00:00",2,2,0],["2024-02-29T00:00:00+00:00",2,2,0],["2024-04-01T00:00:00+00:00",2,2,0],["2024-05-03T00:00:00+00:00",2,2,0],["2024-07-06T00:00:00+00:00",2,2,0],["2024-09-06T00:00:00+00:00",2,2,0],["2024-12-01T00:00:00+00:00",2,2,0],["2025-02-25T00:00:00+00:00",2,2,0],["2025-04-04T00:00:00+00:00",2,2,0],["2025-07-08T00:00:00+00:00",2,2,0],["2025-09-22T00:00:00+00:00",2,2,0]]},"geometry":{"type":"Point","coordinates":[34.453267,31.545101]}},{"type":"Feature","properties":{"site_id":54,"event_code":"CE20231007PSE","latest_date":"2025-09-22T00:00:00+00:00","latest_class":2,"pass_count":13,"h":[["2023-11-07T00:00:00+00:00",2,1,3],["2023-11-26T00:00:00+00:00",2,1,0],["2024-01-06T00:00:00+00:00",2,1,0],["2024-02-29T00:00:00+00:00",2,1,0],["2024-04-01T00:00:00+00:00",2,1,0],["2024-05-03T00:00:00+00:00",2,1,0],["2024-07-06T00:00:00+00:00",2,1,0],["2024-09-06T00:00:00+00:00",2,1,0],["2024-12-01T00:00:00+00:00",2,1,0],["2025-02-25T00:00:00+00:00",2,1,0],["2025-04-04T00:00:00+00:00",2,1,0],["2025-07-08T00:00:00+00:00",2,1,0],["2025-09-22T00:00:00+00:00",2,1,0]]},"geometry":{"type":"Point","coordinates":[34.454664,31.545174]}},{"type":"Feature","properties":{"site_id":54,"event_code":"CE20231007PSE","latest_date":"2025-09-22T00:00:00+00:00","latest_class":2,"pass_count":13,"h":[["2023-11-07T00:00:00+00:00",2,1,3],["2023-11-26T00:00:00+00:00",2,1,0],["2024-01-06T00:00:00+00:00",2,1,0],["2024-02-29T00:00:00+00:00",2,1,0],["2024-04-01T00:00:00+00:00",2,1,0],["2024-05-03T00:00:00+00:00",2,1,0],["2024-07-06T00:00:00+00:00",2,1,0],["2024-09-06T00:00:00+00:00",2,1,0],["2024-12-01T00:00:00+00:00",2,1,0],["2025-02-25T00:00:00+00:00",2,1,0],["2025-04-04T00:00:00+00:00",2,1,0],["2025-07-08T00:00:00+00:00",2,1,0],["2025-09-22T00:00:00+00:00",2,1,0]]},"geometry":{"type":"Point","coordinates":[34.454973,31.545051]}},{"type":"Feature","properties":{"site_id":54,"event_code":"CE20231007PSE","latest_date":"2025-09-22T00:00:00+00:00","latest_class":3,"pass_count":13,"h":[["2023-11-07T00:00:00+00:00",3,3,3],["2023-11-26T00:00:00+00:00",3,3,0],["2024-01-06T00:00:00+00:00",3,3,0],["2024-02-29T00:00:00+00:00",3,3,0],["2024-04-01T00:00:00+00:00",3,3,0],["2024-05-03T00:00:00+00:00",3,3,0],["2024-07-06T00:00:00+00:00",3,3,0],["2024-09-06T00:00:00+00:00",3,3,0],["2024-12-01T00:00:00+00:00",3,3,0],["2025-02-25T00:00:00+00:00",3,3,0],["2025-04-04T00:00:00+00:00",3,3,0],["2025-07-08T00:00:00+00:00",3,3,0],["2025-09-22T00:00:00+00:00",3,3,0]]},"geometry":{"type":"Point","coordinates":[34.454819,31.545106]}},{"type":"Feature","properties":{"site_id":54,"event_code":"CE20231007PSE","latest_date":"2025-09-22T00:00:00+00:00","latest_class":2,"pass_count":13,"h":[["2023-11-07T00:00:00+00:00",2,1,3],["2023-11-26T00:00:00+00:00",2,1,0],["2024-01-06T00:00:00+00:00",2,1,0],["2024-02-29T00:00:00+00:00",2,1,0],["2024-04-01T00:00:00+00:00",2,1,0],["2024-05-03T00:00:00+00:00",2,1,0],["2024-07-06T00:00:00+00:00",2,1,0],["2024-09-06T00:00:00+00:00",2,1,0],["2024-12-01T00:00:00+00:00",2,1,0],["2025-02-25T00:00:00+00:00",2,1,0],["2025-04-04T00:00:00+00:00",2,1,0],["2025-07-08T00:00:00+00:00",2,1,0],["2025-09-22T00:00:00+00:00",2,1,0]]},"geometry":{"type":"Point","coordinates":[34.455501,31.545526]}},{"type":"Feature","properties":{"site_id":54,"event_code":"CE20231007PSE","latest_date":"2025-09-22T00:00:00+00:00","latest_class":2,"pass_count":13,"h":[["2023-11-07T00:00:00+00:00",2,1,3],["2023-11-26T00:00:00+00:00",2,1,0],["2024-01-06T00:00:00+00:00",2,1,0],["2024-02-29T00:00:00+00:00",2,1,0],["2024-04-01T00:00:00+00:00",2,1,0],["2024-05-03T00:00:00+00:00",2,1,0],["2024-07-06T00:00:00+00:00",2,1,0],["2024-09-06T00:00:00+00:00",2,1,0],["2024-12-01T00:00:00+00:00",2,1,0],["2025-02-25T00:00:00+00:00",2,1,0],["2025-04-04T00:00:00+00:00",2,1,0],["2025-07-08T00:00:00+00:00",2,1,0],["2025-09-22T00:00:00+00:00",2,1,0]]},"geometry":{"type":"Point","coordinates":[34.45572,31.545439]}},{"type":"Feature","properties":{"site_id":54,"event_code":"CE20231007PSE","latest_date":"2025-09-22T00:00:00+00:00","latest_class":3,"pass_count":13,"h":[["2023-11-07T00:00:00+00:00",3,2,3],["2023-11-26T00:00:00+00:00",3,2,0],["2024-01-06T00:00:00+00:00",3,2,0],["2024-02-29T00:00:00+00:00",3,2,0],["2024-04-01T00:00:00+00:00",3,2,0],["2024-05-03T00:00:00+00:00",3,2,0],["2024-07-06T00:00:00+00:00",3,2,0],["2024-09-06T00:00:00+00:00",3,2,0],["2024-12-01T00:00:00+00:00",3,2,0],["2025-02-25T00:00:00+00:00",3,2,0],["2025-04-04T00:00:00+00:00",3,2,0],["2025-07-08T00:00:00+00:00",3,2,0],["2025-09-22T00:00:00+00:00",3,2,0]]},"geometry":{"type":"Point","coordinates":[34.455275,31.545284]}},{"type":"Feature","properties":{"site_id":54,"event_code":"CE20231007PSE","latest_date":"2025-09-22T00:00:00+00:00","latest_class":3,"pass_count":13,"h":[["2023-11-07T00:00:00+00:00",3,2,3],["2023-11-26T00:00:00+00:00",3,2,0],["2024-01-06T00:00:00+00:00",3,2,0],["2024-02-29T00:00:00+00:00",3,2,0],["2024-04-01T00:00:00+00:00",3,2,0],["2024-05-03T00:00:00+00:00",3,2,0],["2024-07-06T00:00:00+00:00",3,2,0],["2024-09-06T00:00:00+00:00",3,2,0],["2024-12-01T00:00:00+00:00",3,2,0],["2025-02-25T00:00:00+00:00",3,2,0],["2025-04-04T00:00:00+00:00",3,2,0],["2025-07-08T00:00:00+00:00",3,2,0],["2025-09-22T00:00:00+00:00",3,2,0]]},"geometry":{"type":"Point","coordinates":[34.455345,31.545085]}},{"type":"Feature","properties":{"site_id":54,"event_code":"CE20231007PSE","latest_date":"2025-09-22T00:00:00+00:00","latest_class":3,"pass_count":13,"h":[["2023-11-07T00:00:00+00:00",3,2,3],["2023-11-26T00:00:00+00:00",3,2,0],["2024-01-06T00:00:00+00:00",3,2,0],["2024-02-29T00:00:00+00:00",3,2,0],["2024-04-01T00:00:00+00:00",3,2,0],["2024-05-03T00:00:00+00:00",3,2,0],["2024-07-06T00:00:00+00:00",3,2,0],["2024-09-06T00:00:00+00:00",3,2,0],["2024-12-01T00:00:00+00:00",3,2,0],["2025-02-25T00:00:00+00:00",3,2,0],["2025-04-04T00:00:00+00:00",3,2,0],["2025-07-08T00:00:00+00:00",3,2,0],["2025-09-22T00:00:00+00:00",3,2,0]]},"geometry":{"type":"Point","coordinates":[34.455479,31.545293]}},{"type":"Feature","properties":{"site_id":26,"event_code":"CE20231007PSE","latest_date":"2025-09-22T00:00:00+00:00","latest_class":1,"pass_count":13,"h":[["2023-11-07T00:00:00+00:00",1,1,3],["2023-11-26T00:00:00+00:00",1,1,0],["2024-01-06T00:00:00+00:00",1,1,0],["2024-02-29T00:00:00+00:00",1,1,0],["2024-04-01T00:00:00+00:00",1,1,0],["2024-05-03T00:00:00+00:00",1,1,0],["2024-07-06T00:00:00+00:00",1,1,0],["2024-09-06T00:00:00+00:00",1,1,0],["2024-12-01T00:00:00+00:00",1,1,0],["2025-02-25T00:00:00+00:00",1,1,0],["2025-04-04T00:00:00+00:00",1,1,0],["2025-07-08T00:00:00+00:00",1,1,0],["2025-09-22T00:00:00+00:00",1,1,0]]},"geometry":{"type":"Point","coordinates":[34.455597,31.544375]}},{"type":"Feature","properties":{"site_id":54,"event_code":"CE20231007PSE","latest_date":"2025-09-22T00:00:00+00:00","latest_class":2,"pass_count":13,"h":[["2023-11-07T00:00:00+00:00",3,2,3],["2023-11-26T00:00:00+00:00",2,2,1],["2024-01-06T00:00:00+00:00",2,2,0],["2024-02-29T00:00:00+00:00",2,2,0],["2024-04-01T00:00:00+00:00",2,2,0],["2024-05-03T00:00:00+00:00",2,2,0],["2024-07-06T00:00:00+00:00",2,2,0],["2024-09-06T00:00:00+00:00",2,2,0],["2024-12-01T00:00:00+00:00",2,2,0],["2025-02-25T00:00:00+00:00",2,2,0],["2025-04-04T00:00:00+00:00",2,2,0],["2025-07-08T00:00:00+00:00",2,2,0],["2025-09-22T00:00:00+00:00",2,2,0]]},"geometry":{"type":"Point","coordinates":[34.452851,31.544623]}},{"type":"Feature","properties":{"site_id":26,"event_code":"CE20231007PSE","latest_date":"2025-09-22T00:00:00+00:00","latest_class":1,"pass_count":13,"h":[["2023-11-07T00:00:00+00:00",1,1,3],["2023-11-26T00:00:00+00:00",1,1,0],["2024-01-06T00:00:00+00:00",1,1,0],["2024-02-29T00:00:00+00:00",1,1,0],["2024-04-01T00:00:00+00:00",1,1,0],["2024-05-03T00:00:00+00:00",1,1,0],["2024-07-06T00:00:00+00:00",1,1,0],["2024-09-06T00:00:00+00:00",1,1,0],["2024-12-01T00:00:00+00:00",1,1,0],["2025-02-25T00:00:00+00:00",1,1,0],["2025-04-04T00:00:00+00:00",1,1,0],["2025-07-08T00:00:00+00:00",1,1,0],["2025-09-22T00:00:00+00:00",1,1,0]]},"geometry":{"type":"Point","coordinates":[34.453175,31.543546]}},{"type":"Feature","properties":{"site_id":26,"event_code":"CE20231007PSE","latest_date":"2025-09-22T00:00:00+00:00","latest_class":1,"pass_count":13,"h":[["2023-11-07T00:00:00+00:00",1,1,3],["2023-11-26T00:00:00+00:00",1,1,0],["2024-01-06T00:00:00+00:00",1,1,0],["2024-02-29T00:00:00+00:00",1,1,0],["2024-04-01T00:00:00+00:00",1,1,0],["2024-05-03T00:00:00+00:00",1,1,0],["2024-07-06T00:00:00+00:00",1,1,0],["2024-09-06T00:00:00+00:00",1,1,0],["2024-12-01T00:00:00+00:00",1,1,0],["2025-02-25T00:00:00+00:00",1,1,0],["2025-04-04T00:00:00+00:00",1,1,0],["2025-07-08T00:00:00+00:00",1,1,0],["2025-09-22T00:00:00+00:00",1,1,0]]},"geometry":{"type":"Point","coordinates":[34.453284,31.543298]}},{"type":"Feature","properties":{"site_id":26,"event_code":"CE20231007PSE","latest_date":"2025-09-22T00:00:00+00:00","latest_class":1,"pass_count":13,"h":[["2023-11-07T00:00:00+00:00",1,1,3],["2023-11-26T00:00:00+00:00",1,1,0],["2024-01-06T00:00:00+00:00",1,1,0],["2024-02-29T00:00:00+00:00",1,1,0],["2024-04-01T00:00:00+00:00",1,1,0],["2024-05-03T00:00:00+00:00",1,1,0],["2024-07-06T00:00:00+00:00",1,1,0],["2024-09-06T00:00:00+00:00",1,1,0],["2024-12-01T00:00:00+00:00",1,1,0],["2025-02-25T00:00:00+00:00",1,1,0],["2025-04-04T00:00:00+00:00",1,1,0],["2025-07-08T00:00:00+00:00",1,1,0],["2025-09-22T00:00:00+00:00",1,1,0]]},"geometry":{"type":"Point","coordinates":[34.453184,31.543343]}},{"type":"Feature","properties":{"site_id":26,"event_code":"CE20231007PSE","latest_date":"2025-09-22T00:00:00+00:00","latest_class":1,"pass_count":13,"h":[["2023-11-07T00:00:00+00:00",2,1,3],["2023-11-26T00:00:00+00:00",1,1,1],["2024-01-06T00:00:00+00:00",1,1,0],["2024-02-29T00:00:00+00:00",1,1,0],["2024-04-01T00:00:00+00:00",1,1,0],["2024-05-03T00:00:00+00:00",1,1,0],["2024-07-06T00:00:00+00:00",1,1,0],["2024-09-06T00:00:00+00:00",1,1,0],["2024-12-01T00:00:00+00:00",1,1,0],["2025-02-25T00:00:00+00:00",1,1,0],["2025-04-04T00:00:00+00:00",1,1,0],["2025-07-08T00:00:00+00:00",1,1,0],["2025-09-22T00:00:00+00:00",1,1,0]]},"geometry":{"type":"Point","coordinates":[34.451973,31.543444]}},{"type":"Feature","properties":{"site_id":26,"event_code":"CE20231007PSE","latest_date":"2025-09-22T00:00:00+00:00","latest_class":1,"pass_count":13,"h":[["2023-11-07T00:00:00+00:00",1,1,3],["2023-11-26T00:00:00+00:00",1,1,0],["2024-01-06T00:00:00+00:00",1,1,0],["2024-02-29T00:00:00+00:00",1,1,0],["2024-04-01T00:00:00+00:00",1,1,0],["2024-05-03T00:00:00+00:00",1,1,0],["2024-07-06T00:00:00+00:00",1,1,0],["2024-09-06T00:00:00+00:00",1,1,0],["2024-12-01T00:00:00+00:00",1,1,0],["2025-02-25T00:00:00+00:00",1,1,0],["2025-04-04T00:00:00+00:00",1,1,0],["2025-07-08T00:00:00+00:00",1,1,0],["2025-09-22T00:00:00+00:00",1,1,0]]},"geometry":{"type":"Point","coordinates":[34.454148,31.542545]}},{"type":"Feature","properties":{"site_id":26,"event_code":"CE20231007PSE","latest_date":"2025-09-22T00:00:00+00:00","latest_class":1,"pass_count":13,"h":[["2023-11-07T00:00:00+00:00",2,1,3],["2023-11-26T00:00:00+00:00",1,1,1],["2024-01-06T00:00:00+00:00",1,1,0],["2024-02-29T00:00:00+00:00",1,1,0],["2024-04-01T00:00:00+00:00",1,1,0],["2024-05-03T00:00:00+00:00",1,1,0],["2024-07-06T00:00:00+00:00",1,1,0],["2024-09-06T00:00:00+00:00",1,1,0],["2024-12-01T00:00:00+00:00",1,1,0],["2025-02-25T00:00:00+00:00",1,1,0],["2025-04-04T00:00:00+00:00",1,1,0],["2025-07-08T00:00:00+00:00",1,1,0],["2025-09-22T00:00:00+00:00",1,1,0]]},"geometry":{"type":"Point","coordinates":[34.454615,31.542319]}},{"type":"Feature","properties":{"site_id":26,"event_code":"CE20231007PSE","latest_date":"2025-09-22T00:00:00+00:00","latest_class":1,"pass_count":13,"h":[["2023-11-07T00:00:00+00:00",1,1,3],["2023-11-26T00:00:00+00:00",1,1,0],["2024-01-06T00:00:00+00:00",1,1,0],["2024-02-29T00:00:00+00:00",1,1,0],["2024-04-01T00:00:00+00:00",1,1,0],["2024-05-03T00:00:00+00:00",1,1,0],["2024-07-06T00:00:00+00:00",1,1,0],["2024-09-06T00:00:00+00:00",1,1,0],["2024-12-01T00:00:00+00:00",1,1,0],["2025-02-25T00:00:00+00:00",1,1,0],["2025-04-04T00:00:00+00:00",1,1,0],["2025-07-08T00:00:00+00:00",1,1,0],["2025-09-22T00:00:00+00:00",1,1,0]]},"geometry":{"type":"Point","coordinates":[34.452204,31.542568]}},{"type":"Feature","properties":{"site_id":26,"event_code":"CE20231007PSE","latest_date":"2025-09-22T00:00:00+00:00","latest_class":1,"pass_count":13,"h":[["2023-11-07T00:00:00+00:00",3,2,3],["2023-11-26T00:00:00+00:00",1,1,1],["2024-01-06T00:00:00+00:00",1,1,0],["2024-02-29T00:00:00+00:00",1,1,0],["2024-04-01T00:00:00+00:00",1,1,0],["2024-05-03T00:00:00+00:00",1,1,0],["2024-07-06T00:00:00+00:00",1,1,0],["2024-09-06T00:00:00+00:00",1,1,0],["2024-12-01T00:00:00+00:00",1,1,0],["2025-02-25T00:00:00+00:00",1,1,0],["2025-04-04T00:00:00+00:00",1,1,0],["2025-07-08T00:00:00+00:00",1,1,0],["2025-09-22T00:00:00+00:00",1,1,0]]},"geometry":{"type":"Point","coordinates":[34.451296,31.542897]}},{"type":"Feature","properties":{"site_id":26,"event_code":"CE20231007PSE","latest_date":"2025-09-22T00:00:00+00:00","latest_class":1,"pass_count":13,"h":[["2023-11-07T00:00:00+00:00",1,1,3],["2023-11-26T00:00:00+00:00",1,1,0],["2024-01-06T00:00:00+00:00",1,1,0],["2024-02-29T00:00:00+00:00",1,1,0],["2024-04-01T00:00:00+00:00",1,1,0],["2024-05-03T00:00:00+00:00",1,1,0],["2024-07-06T00:00:00+00:00",1,1,0],["2024-09-06T00:00:00+00:00",1,1,0],["2024-12-01T00:00:00+00:00",1,1,0],["2025-02-25T00:00:00+00:00",1,1,0],["2025-04-04T00:00:00+00:00",1,1,0],["2025-07-08T00:00:00+00:00",1,1,0],["2025-09-22T00:00:00+00:00",1,1,0]]},"geometry":{"type":"Point","coordinates":[34.452169,31.54219]}},{"type":"Feature","properties":{"site_id":26,"event_code":"CE20231007PSE","latest_date":"2025-09-22T00:00:00+00:00","latest_class":1,"pass_count":13,"h":[["2023-11-07T00:00:00+00:00",3,2,3],["2023-11-26T00:00:00+00:00",3,2,0],["2024-01-06T00:00:00+00:00",1,1,1],["2024-02-29T00:00:00+00:00",1,1,0],["2024-04-01T00:00:00+00:00",1,1,0],["2024-05-03T00:00:00+00:00",1,1,0],["2024-07-06T00:00:00+00:00",1,1,0],["2024-09-06T00:00:00+00:00",1,1,0],["2024-12-01T00:00:00+00:00",1,1,0],["2025-02-25T00:00:00+00:00",1,1,0],["2025-04-04T00:00:00+00:00",1,1,0],["2025-07-08T00:00:00+00:00",1,1,0],["2025-09-22T00:00:00+00:00",1,1,0]]},"geometry":{"type":"Point","coordinates":[34.454352,31.542214]}},{"type":"Feature","properties":{"site_id":26,"event_code":"CE20231007PSE","latest_date":"2025-09-22T00:00:00+00:00","latest_class":1,"pass_count":13,"h":[["2023-11-07T00:00:00+00:00",3,2,3],["2023-11-26T00:00:00+00:00",3,2,0],["2024-01-06T00:00:00+00:00",1,1,1],["2024-02-29T00:00:00+00:00",1,1,0],["2024-04-01T00:00:00+00:00",1,1,0],["2024-05-03T00:00:00+00:00",1,1,0],["2024-07-06T00:00:00+00:00",1,1,0],["2024-09-06T00:00:00+00:00",1,1,0],["2024-12-01T00:00:00+00:00",1,1,0],["2025-02-25T00:00:00+00:00",1,1,0],["2025-04-04T00:00:00+00:00",1,1,0],["2025-07-08T00:00:00+00:00",1,1,0],["2025-09-22T00:00:00+00:00",1,1,0]]},"geometry":{"type":"Point","coordinates":[34.454586,31.542216]}},{"type":"Feature","properties":{"site_id":26,"event_code":"CE20231007PSE","latest_date":"2025-09-22T00:00:00+00:00","latest_class":1,"pass_count":13,"h":[["2023-11-07T00:00:00+00:00",2,1,3],["2023-11-26T00:00:00+00:00",2,1,0],["2024-01-06T00:00:00+00:00",1,1,1],["2024-02-29T00:00:00+00:00",1,1,0],["2024-04-01T00:00:00+00:00",1,1,0],["2024-05-03T00:00:00+00:00",1,1,0],["2024-07-06T00:00:00+00:00",1,1,0],["2024-09-06T00:00:00+00:00",1,1,0],["2024-12-01T00:00:00+00:00",1,1,0],["2025-02-25T00:00:00+00:00",1,1,0],["2025-04-04T00:00:00+00:00",1,1,0],["2025-07-08T00:00:00+00:00",1,1,0],["2025-09-22T00:00:00+00:00",1,1,0]]},"geometry":{"type":"Point","coordinates":[34.454771,31.542228]}},{"type":"Feature","properties":{"site_id":26,"event_code":"CE20231007PSE","latest_date":"2025-09-22T00:00:00+00:00","latest_class":3,"pass_count":13,"h":[["2023-11-07T00:00:00+00:00",3,2,3],["2023-11-26T00:00:00+00:00",3,2,0],["2024-01-06T00:00:00+00:00",3,2,0],["2024-02-29T00:00:00+00:00",3,2,0],["2024-04-01T00:00:00+00:00",3,2,0],["2024-05-03T00:00:00+00:00",3,2,0],["2024-07-06T00:00:00+00:00",3,2,0],["2024-09-06T00:00:00+00:00",3,2,0],["2024-12-01T00:00:00+00:00",3,2,0],["2025-02-25T00:00:00+00:00",3,2,0],["2025-04-04T00:00:00+00:00",3,2,0],["2025-07-08T00:00:00+00:00",3,2,0],["2025-09-22T00:00:00+00:00",3,2,0]]},"geometry":{"type":"Point","coordinates":[34.455828,31.542282]}},{"type":"Feature","properties":{"site_id":26,"event_code":"CE20231007PSE","latest_date":"2025-09-22T00:00:00+00:00","latest_class":1,"pass_count":12,"h":[["2023-11-26T00:00:00+00:00",1,1,3],["2024-01-06T00:00:00+00:00",1,1,0],["2024-02-29T00:00:00+00:00",1,1,0],["2024-04-01T00:00:00+00:00",1,1,0],["2024-05-03T00:00:00+00:00",1,1,0],["2024-07-06T00:00:00+00:00",1,1,0],["2024-09-06T00:00:00+00:00",1,1,0],["2024-12-01T00:00:00+00:00",1,1,0],["2025-02-25T00:00:00+00:00",1,1,0],["2025-04-04T00:00:00+00:00",1,1,0],["2025-07-08T00:00:00+00:00",1,1,0],["2025-09-22T00:00:00+00:00",1,1,0]]},"geometry":{"type":"Point","coordinates":[34.451861,31.543915]}},{"type":"Feature","properties":{"site_id":26,"event_code":"CE20231007PSE","latest_date":"2025-09-22T00:00:00+00:00","latest_class":1,"pass_count":12,"h":[["2023-11-26T00:00:00+00:00",1,1,3],["2024-01-06T00:00:00+00:00",1,1,0],["2024-02-29T00:00:00+00:00",1,1,0],["2024-04-01T00:00:00+00:00",1,1,0],["2024-05-03T00:00:00+00:00",1,1,0],["2024-07-06T00:00:00+00:00",1,1,0],["2024-09-06T00:00:00+00:00",1,1,0],["2024-12-01T00:00:00+00:00",1,1,0],["2025-02-25T00:00:00+00:00",1,1,0],["2025-04-04T00:00:00+00:00",1,1,0],["2025-07-08T00:00:00+00:00",1,1,0],["2025-09-22T00:00:00+00:00",1,1,0]]},"geometry":{"type":"Point","coordinates":[34.451636,31.543644]}},{"type":"Feature","properties":{"site_id":26,"event_code":"CE20231007PSE","latest_date":"2025-09-22T00:00:00+00:00","latest_class":1,"pass_count":12,"h":[["2023-11-26T00:00:00+00:00",1,1,3],["2024-01-06T00:00:00+00:00",1,1,0],["2024-02-29T00:00:00+00:00",1,1,0],["2024-04-01T00:00:00+00:00",1,1,0],["2024-05-03T00:00:00+00:00",1,1,0],["2024-07-06T00:00:00+00:00",1,1,0],["2024-09-06T00:00:00+00:00",1,1,0],["2024-12-01T00:00:00+00:00",1,1,0],["2025-02-25T00:00:00+00:00",1,1,0],["2025-04-04T00:00:00+00:00",1,1,0],["2025-07-08T00:00:00+00:00",1,1,0],["2025-09-22T00:00:00+00:00",1,1,0]]},"geometry":{"type":"Point","coordinates":[34.452057,31.543982]}},{"type":"Feature","properties":{"site_id":26,"event_code":"CE20231007PSE","latest_date":"2025-09-22T00:00:00+00:00","latest_class":1,"pass_count":12,"h":[["2023-11-26T00:00:00+00:00",1,1,3],["2024-01-06T00:00:00+00:00",1,1,0],["2024-02-29T00:00:00+00:00",1,1,0],["2024-04-01T00:00:00+00:00",1,1,0],["2024-05-03T00:00:00+00:00",1,1,0],["2024-07-06T00:00:00+00:00",1,1,0],["2024-09-06T00:00:00+00:00",1,1,0],["2024-12-01T00:00:00+00:00",1,1,0],["2025-02-25T00:00:00+00:00",1,1,0],["2025-04-04T00:00:00+00:00",1,1,0],["2025-07-08T00:00:00+00:00",1,1,0],["2025-09-22T00:00:00+00:00",1,1,0]]},"geometry":{"type":"Point","coordinates":[34.451732,31.543878]}},{"type":"Feature","properties":{"site_id":26,"event_code":"CE20231007PSE","latest_date":"2025-09-22T00:00:00+00:00","latest_class":1,"pass_count":13,"h":[["2023-11-07T00:00:00+00:00",4,3,3],["2023-11-26T00:00:00+00:00",1,1,1],["2024-01-06T00:00:00+00:00",1,1,0],["2024-02-29T00:00:00+00:00",1,1,0],["2024-04-01T00:00:00+00:00",1,1,0],["2024-05-03T00:00:00+00:00",1,1,0],["2024-07-06T00:00:00+00:00",1,1,0],["2024-09-06T00:00:00+00:00",1,1,0],["2024-12-01T00:00:00+00:00",1,1,0],["2025-02-25T00:00:00+00:00",1,1,0],["2025-04-04T00:00:00+00:00",1,1,0],["2025-07-08T00:00:00+00:00",1,1,0],["2025-09-22T00:00:00+00:00",1,1,0]]},"geometry":{"type":"Point","coordinates":[34.453094,31.54448]}},{"type":"Feature","properties":{"site_id":54,"event_code":"CE20231007PSE","latest_date":"2025-09-22T00:00:00+00:00","latest_class":1,"pass_count":13,"h":[["2023-11-07T00:00:00+00:00",4,3,3],["2023-11-26T00:00:00+00:00",1,1,1],["2024-01-06T00:00:00+00:00",1,1,0],["2024-02-29T00:00:00+00:00",1,1,0],["2024-04-01T00:00:00+00:00",1,1,0],["2024-05-03T00:00:00+00:00",1,1,0],["2024-07-06T00:00:00+00:00",1,1,0],["2024-09-06T00:00:00+00:00",1,1,0],["2024-12-01T00:00:00+00:00",1,1,0],["2025-02-25T00:00:00+00:00",1,1,0],["2025-04-04T00:00:00+00:00",1,1,0],["2025-07-08T00:00:00+00:00",1,1,0],["2025-09-22T00:00:00+00:00",1,1,0]]},"geometry":{"type":"Point","coordinates":[34.45298,31.544605]}},{"type":"Feature","properties":{"site_id":54,"event_code":"CE20231007PSE","latest_date":"2025-09-22T00:00:00+00:00","latest_class":1,"pass_count":12,"h":[["2023-11-26T00:00:00+00:00",1,1,3],["2024-01-06T00:00:00+00:00",1,1,0],["2024-02-29T00:00:00+00:00",1,1,0],["2024-04-01T00:00:00+00:00",1,1,0],["2024-05-03T00:00:00+00:00",1,1,0],["2024-07-06T00:00:00+00:00",1,1,0],["2024-09-06T00:00:00+00:00",1,1,0],["2024-12-01T00:00:00+00:00",1,1,0],["2025-02-25T00:00:00+00:00",1,1,0],["2025-04-04T00:00:00+00:00",1,1,0],["2025-07-08T00:00:00+00:00",1,1,0],["2025-09-22T00:00:00+00:00",1,1,0]]},"geometry":{"type":"Point","coordinates":[34.452902,31.544365]}},{"type":"Feature","properties":{"site_id":54,"event_code":"CE20231007PSE","latest_date":"2025-09-22T00:00:00+00:00","latest_class":1,"pass_count":12,"h":[["2023-11-26T00:00:00+00:00",1,1,3],["2024-01-06T00:00:00+00:00",1,1,0],["2024-02-29T00:00:00+00:00",1,1,0],["2024-04-01T00:00:00+00:00",1,1,0],["2024-05-03T00:00:00+00:00",1,1,0],["2024-07-06T00:00:00+00:00",1,1,0],["2024-09-06T00:00:00+00:00",1,1,0],["2024-12-01T00:00:00+00:00",1,1,0],["2025-02-25T00:00:00+00:00",1,1,0],["2025-04-04T00:00:00+00:00",1,1,0],["2025-07-08T00:00:00+00:00",1,1,0],["2025-09-22T00:00:00+00:00",1,1,0]]},"geometry":{"type":"Point","coordinates":[34.452895,31.544273]}},{"type":"Feature","properties":{"site_id":26,"event_code":"CE20231007PSE","latest_date":"2025-09-22T00:00:00+00:00","latest_class":1,"pass_count":12,"h":[["2023-11-26T00:00:00+00:00",1,1,3],["2024-01-06T00:00:00+00:00",1,1,0],["2024-02-29T00:00:00+00:00",1,1,0],["2024-04-01T00:00:00+00:00",1,1,0],["2024-05-03T00:00:00+00:00",1,1,0],["2024-07-06T00:00:00+00:00",1,1,0],["2024-09-06T00:00:00+00:00",1,1,0],["2024-12-01T00:00:00+00:00",1,1,0],["2025-02-25T00:00:00+00:00",1,1,0],["2025-04-04T00:00:00+00:00",1,1,0],["2025-07-08T00:00:00+00:00",1,1,0],["2025-09-22T00:00:00+00:00",1,1,0]]},"geometry":{"type":"Point","coordinates":[34.454117,31.545616]}},{"type":"Feature","properties":{"site_id":54,"event_code":"CE20231007PSE","latest_date":"2025-09-22T00:00:00+00:00","latest_class":2,"pass_count":13,"h":[["2023-11-07T00:00:00+00:00",4,3,3],["2023-11-26T00:00:00+00:00",3,2,1],["2024-01-06T00:00:00+00:00",2,1,1],["2024-02-29T00:00:00+00:00",2,1,0],["2024-04-01T00:00:00+00:00",2,1,0],["2024-05-03T00:00:00+00:00",2,1,0],["2024-07-06T00:00:00+00:00",2,1,0],["2024-09-06T00:00:00+00:00",2,1,0],["2024-12-01T00:00:00+00:00",2,1,0],["2025-02-25T00:00:00+00:00",2,1,0],["2025-04-04T00:00:00+00:00",2,1,0],["2025-07-08T00:00:00+00:00",2,1,0],["2025-09-22T00:00:00+00:00",2,1,0]]},"geometry":{"type":"Point","coordinates":[34.454153,31.546191]}},{"type":"Feature","properties":{"site_id":54,"event_code":"CE20231007PSE","latest_date":"2025-09-22T00:00:00+00:00","latest_class":3,"pass_count":13,"h":[["2023-11-07T00:00:00+00:00",4,3,3],["2023-11-26T00:00:00+00:00",3,2,1],["2024-01-06T00:00:00+00:00",3,2,0],["2024-02-29T00:00:00+00:00",3,2,0],["2024-04-01T00:00:00+00:00",3,2,0],["2024-05-03T00:00:00+00:00",3,2,0],["2024-07-06T00:00:00+00:00",3,2,0],["2024-09-06T00:00:00+00:00",3,2,0],["2024-12-01T00:00:00+00:00",3,2,0],["2025-02-25T00:00:00+00:00",3,2,0],["2025-04-04T00:00:00+00:00",3,2,0],["2025-07-08T00:00:00+00:00",3,2,0],["2025-09-22T00:00:00+00:00",3,2,0]]},"geometry":{"type":"Point","coordinates":[34.455447,31.544535]}},{"type":"Feature","properties":{"site_id":54,"event_code":"CE20231007PSE","latest_date":"2025-09-22T00:00:00+00:00","latest_class":1,"pass_count":12,"h":[["2023-11-26T00:00:00+00:00",1,1,3],["2024-01-06T00:00:00+00:00",1,1,0],["2024-02-29T00:00:00+00:00",1,1,0],["2024-04-01T00:00:00+00:00",1,1,0],["2024-05-03T00:00:00+00:00",1,1,0],["2024-07-06T00:00:00+00:00",1,1,0],["2024-09-06T00:00:00+00:00",1,1,0],["2024-12-01T00:00:00+00:00",1,1,0],["2025-02-25T00:00:00+00:00",1,1,0],["2025-04-04T00:00:00+00:00",1,1,0],["2025-07-08T00:00:00+00:00",1,1,0],["2025-09-22T00:00:00+00:00",1,1,0]]},"geometry":{"type":"Point","coordinates":[34.455169,31.545875]}},{"type":"Feature","properties":{"site_id":26,"event_code":"CE20231007PSE","latest_date":"2025-09-22T00:00:00+00:00","latest_class":3,"pass_count":11,"h":[["2024-01-06T00:00:00+00:00",3,2,3],["2024-02-29T00:00:00+00:00",3,2,0],["2024-04-01T00:00:00+00:00",3,2,0],["2024-05-03T00:00:00+00:00",3,2,0],["2024-07-06T00:00:00+00:00",3,2,0],["2024-09-06T00:00:00+00:00",3,2,0],["2024-12-01T00:00:00+00:00",3,2,0],["2025-02-25T00:00:00+00:00",3,2,0],["2025-04-04T00:00:00+00:00",3,2,0],["2025-07-08T00:00:00+00:00",3,2,0],["2025-09-22T00:00:00+00:00",3,2,0]]},"geometry":{"type":"Point","coordinates":[34.461547,31.542179]}},{"type":"Feature","properties":{"site_id":26,"event_code":"CE20231007PSE","latest_date":"2025-09-22T00:00:00+00:00","latest_class":1,"pass_count":14,"h":[["2023-10-15T00:00:00+00:00",2,1,null],["2023-11-07T00:00:00+00:00",2,1,0],["2023-11-26T00:00:00+00:00",1,1,1],["2024-01-06T00:00:00+00:00",1,1,0],["2024-02-29T00:00:00+00:00",1,1,0],["2024-04-01T00:00:00+00:00",1,1,0],["2024-05-03T00:00:00+00:00",1,1,0],["2024-07-06T00:00:00+00:00",1,1,0],["2024-09-06T00:00:00+00:00",1,1,0],["2024-12-01T00:00:00+00:00",1,1,0],["2025-02-25T00:00:00+00:00",1,1,0],["2025-04-04T00:00:00+00:00",1,1,0],["2025-07-08T00:00:00+00:00",1,1,0],["2025-09-22T00:00:00+00:00",1,1,0]]},"geometry":{"type":"Point","coordinates":[34.456622,31.543142]}},{"type":"Feature","properties":{"site_id":26,"event_code":"CE20231007PSE","latest_date":"2025-09-22T00:00:00+00:00","latest_class":2,"pass_count":14,"h":[["2023-10-15T00:00:00+00:00",2,1,null],["2023-11-07T00:00:00+00:00",2,1,0],["2023-11-26T00:00:00+00:00",2,1,0],["2024-01-06T00:00:00+00:00",2,1,0],["2024-02-29T00:00:00+00:00",2,1,0],["2024-04-01T00:00:00+00:00",2,1,0],["2024-05-03T00:00:00+00:00",2,1,0],["2024-07-06T00:00:00+00:00",2,1,0],["2024-09-06T00:00:00+00:00",2,1,0],["2024-12-01T00:00:00+00:00",2,1,0],["2025-02-25T00:00:00+00:00",2,1,0],["2025-04-04T00:00:00+00:00",2,1,0],["2025-07-08T00:00:00+00:00",2,1,0],["2025-09-22T00:00:00+00:00",2,1,0]]},"geometry":{"type":"Point","coordinates":[34.456684,31.542644]}},{"type":"Feature","properties":{"site_id":26,"event_code":"CE20231007PSE","latest_date":"2025-09-22T00:00:00+00:00","latest_class":1,"pass_count":14,"h":[["2023-10-15T00:00:00+00:00",3,2,null],["2023-11-07T00:00:00+00:00",3,2,0],["2023-11-26T00:00:00+00:00",3,2,0],["2024-01-06T00:00:00+00:00",3,2,0],["2024-02-29T00:00:00+00:00",3,2,0],["2024-04-01T00:00:00+00:00",3,2,0],["2024-05-03T00:00:00+00:00",3,2,0],["2024-07-06T00:00:00+00:00",3,2,0],["2024-09-06T00:00:00+00:00",3,2,0],["2024-12-01T00:00:00+00:00",3,2,0],["2025-02-25T00:00:00+00:00",3,2,0],["2025-04-04T00:00:00+00:00",3,2,0],["2025-07-08T00:00:00+00:00",3,2,0],["2025-09-22T00:00:00+00:00",1,1,1]]},"geometry":{"type":"Point","coordinates":[34.456461,31.542975]}},{"type":"Feature","properties":{"site_id":26,"event_code":"CE20231007PSE","latest_date":"2025-09-22T00:00:00+00:00","latest_class":2,"pass_count":14,"h":[["2023-10-15T00:00:00+00:00",3,2,null],["2023-11-07T00:00:00+00:00",3,2,0],["2023-11-26T00:00:00+00:00",3,2,0],["2024-01-06T00:00:00+00:00",3,2,0],["2024-02-29T00:00:00+00:00",3,2,0],["2024-04-01T00:00:00+00:00",3,2,0],["2024-05-03T00:00:00+00:00",3,2,0],["2024-07-06T00:00:00+00:00",3,2,0],["2024-09-06T00:00:00+00:00",3,2,0],["2024-12-01T00:00:00+00:00",3,2,0],["2025-02-25T00:00:00+00:00",3,2,0],["2025-04-04T00:00:00+00:00",3,2,0],["2025-07-08T00:00:00+00:00",3,2,0],["2025-09-22T00:00:00+00:00",2,2,1]]},"geometry":{"type":"Point","coordinates":[34.456551,31.542901]}},{"type":"Feature","properties":{"site_id":26,"event_code":"CE20231007PSE","latest_date":"2025-09-22T00:00:00+00:00","latest_class":1,"pass_count":14,"h":[["2023-10-15T00:00:00+00:00",3,2,null],["2023-11-07T00:00:00+00:00",3,2,0],["2023-11-26T00:00:00+00:00",3,2,0],["2024-01-06T00:00:00+00:00",3,2,0],["2024-02-29T00:00:00+00:00",3,2,0],["2024-04-01T00:00:00+00:00",3,2,0],["2024-05-03T00:00:00+00:00",3,2,0],["2024-07-06T00:00:00+00:00",3,2,0],["2024-09-06T00:00:00+00:00",3,2,0],["2024-12-01T00:00:00+00:00",3,2,0],["2025-02-25T00:00:00+00:00",3,2,0],["2025-04-04T00:00:00+00:00",3,2,0],["2025-07-08T00:00:00+00:00",3,2,0],["2025-09-22T00:00:00+00:00",1,1,1]]},"geometry":{"type":"Point","coordinates":[34.456436,31.54283]}},{"type":"Feature","properties":{"site_id":26,"event_code":"CE20231007PSE","latest_date":"2025-09-22T00:00:00+00:00","latest_class":3,"pass_count":14,"h":[["2023-10-15T00:00:00+00:00",3,2,null],["2023-11-07T00:00:00+00:00",3,2,0],["2023-11-26T00:00:00+00:00",3,2,0],["2024-01-06T00:00:00+00:00",3,2,0],["2024-02-29T00:00:00+00:00",3,2,0],["2024-04-01T00:00:00+00:00",3,2,0],["2024-05-03T00:00:00+00:00",3,2,0],["2024-07-06T00:00:00+00:00",3,2,0],["2024-09-06T00:00:00+00:00",3,2,0],["2024-12-01T00:00:00+00:00",3,2,0],["2025-02-25T00:00:00+00:00",3,2,0],["2025-04-04T00:00:00+00:00",3,2,0],["2025-07-08T00:00:00+00:00",3,2,0],["2025-09-22T00:00:00+00:00",3,2,0]]},"geometry":{"type":"Point","coordinates":[34.456354,31.54275]}},{"type":"Feature","properties":{"site_id":26,"event_code":"CE20231007PSE","latest_date":"2025-09-22T00:00:00+00:00","latest_class":1,"pass_count":14,"h":[["2023-10-15T00:00:00+00:00",1,1,null],["2023-11-07T00:00:00+00:00",1,1,0],["2023-11-26T00:00:00+00:00",1,1,0],["2024-01-06T00:00:00+00:00",1,1,0],["2024-02-29T00:00:00+00:00",1,1,0],["2024-04-01T00:00:00+00:00",1,1,0],["2024-05-03T00:00:00+00:00",1,1,0],["2024-07-06T00:00:00+00:00",1,1,0],["2024-09-06T00:00:00+00:00",1,1,0],["2024-12-01T00:00:00+00:00",1,1,0],["2025-02-25T00:00:00+00:00",1,1,0],["2025-04-04T00:00:00+00:00",1,1,0],["2025-07-08T00:00:00+00:00",1,1,0],["2025-09-22T00:00:00+00:00",1,1,0]]},"geometry":{"type":"Point","coordinates":[34.456529,31.542551]}},{"type":"Feature","properties":{"site_id":26,"event_code":"CE20231007PSE","latest_date":"2025-09-22T00:00:00+00:00","latest_class":1,"pass_count":14,"h":[["2023-10-15T00:00:00+00:00",1,1,null],["2023-11-07T00:00:00+00:00",1,1,0],["2023-11-26T00:00:00+00:00",1,1,0],["2024-01-06T00:00:00+00:00",1,1,0],["2024-02-29T00:00:00+00:00",1,1,0],["2024-04-01T00:00:00+00:00",1,1,0],["2024-05-03T00:00:00+00:00",1,1,0],["2024-07-06T00:00:00+00:00",1,1,0],["2024-09-06T00:00:00+00:00",1,1,0],["2024-12-01T00:00:00+00:00",1,1,0],["2025-02-25T00:00:00+00:00",1,1,0],["2025-04-04T00:00:00+00:00",1,1,0],["2025-07-08T00:00:00+00:00",1,1,0],["2025-09-22T00:00:00+00:00",1,1,0]]},"geometry":{"type":"Point","coordinates":[34.456357,31.542383]}},{"type":"Feature","properties":{"site_id":26,"event_code":"CE20231007PSE","latest_date":"2025-09-22T00:00:00+00:00","latest_class":1,"pass_count":14,"h":[["2023-10-15T00:00:00+00:00",2,1,null],["2023-11-07T00:00:00+00:00",2,1,0],["2023-11-26T00:00:00+00:00",2,1,0],["2024-01-06T00:00:00+00:00",1,1,1],["2024-02-29T00:00:00+00:00",1,1,0],["2024-04-01T00:00:00+00:00",1,1,0],["2024-05-03T00:00:00+00:00",1,1,0],["2024-07-06T00:00:00+00:00",1,1,0],["2024-09-06T00:00:00+00:00",1,1,0],["2024-12-01T00:00:00+00:00",1,1,0],["2025-02-25T00:00:00+00:00",1,1,0],["2025-04-04T00:00:00+00:00",1,1,0],["2025-07-08T00:00:00+00:00",1,1,0],["2025-09-22T00:00:00+00:00",1,1,0]]},"geometry":{"type":"Point","coordinates":[34.456453,31.542481]}},{"type":"Feature","properties":{"site_id":26,"event_code":"CE20231007PSE","latest_date":"2025-09-22T00:00:00+00:00","latest_class":1,"pass_count":14,"h":[["2023-10-15T00:00:00+00:00",3,2,null],["2023-11-07T00:00:00+00:00",3,2,0],["2023-11-26T00:00:00+00:00",3,2,0],["2024-01-06T00:00:00+00:00",1,1,1],["2024-02-29T00:00:00+00:00",1,1,0],["2024-04-01T00:00:00+00:00",1,1,0],["2024-05-03T00:00:00+00:00",1,1,0],["2024-07-06T00:00:00+00:00",1,1,0],["2024-09-06T00:00:00+00:00",1,1,0],["2024-12-01T00:00:00+00:00",1,1,0],["2025-02-25T00:00:00+00:00",1,1,0],["2025-04-04T00:00:00+00:00",1,1,0],["2025-07-08T00:00:00+00:00",1,1,0],["2025-09-22T00:00:00+00:00",1,1,0]]},"geometry":{"type":"Point","coordinates":[34.456546,31.542225]}},{"type":"Feature","properties":{"site_id":26,"event_code":"CE20231007PSE","latest_date":"2025-09-22T00:00:00+00:00","latest_class":2,"pass_count":14,"h":[["2023-10-15T00:00:00+00:00",2,1,null],["2023-11-07T00:00:00+00:00",2,1,0],["2023-11-26T00:00:00+00:00",2,1,0],["2024-01-06T00:00:00+00:00",2,1,0],["2024-02-29T00:00:00+00:00",2,1,0],["2024-04-01T00:00:00+00:00",2,1,0],["2024-05-03T00:00:00+00:00",2,1,0],["2024-07-06T00:00:00+00:00",2,1,0],["2024-09-06T00:00:00+00:00",2,1,0],["2024-12-01T00:00:00+00:00",2,1,0],["2025-02-25T00:00:00+00:00",2,1,0],["2025-04-04T00:00:00+00:00",2,1,0],["2025-07-08T00:00:00+00:00",2,1,0],["2025-09-22T00:00:00+00:00",2,1,0]]},"geometry":{"type":"Point","coordinates":[34.456784,31.543022]}},{"type":"Feature","properties":{"site_id":26,"event_code":"CE20231007PSE","latest_date":"2025-09-22T00:00:00+00:00","latest_class":1,"pass_count":14,"h":[["2023-10-15T00:00:00+00:00",2,1,null],["2023-11-07T00:00:00+00:00",2,1,0],["2023-11-26T00:00:00+00:00",1,1,1],["2024-01-06T00:00:00+00:00",1,1,0],["2024-02-29T00:00:00+00:00",1,1,0],["2024-04-01T00:00:00+00:00",1,1,0],["2024-05-03T00:00:00+00:00",1,1,0],["2024-07-06T00:00:00+00:00",1,1,0],["2024-09-06T00:00:00+00:00",1,1,0],["2024-12-01T00:00:00+00:00",1,1,0],["2025-02-25T00:00:00+00:00",1,1,0],["2025-04-04T00:00:00+00:00",1,1,0],["2025-07-08T00:00:00+00:00",1,1,0],["2025-09-22T00:00:00+00:00",1,1,0]]},"geometry":{"type":"Point","coordinates":[34.456747,31.543257]}},{"type":"Feature","properties":{"site_id":26,"event_code":"CE20231007PSE","latest_date":"2025-09-22T00:00:00+00:00","latest_class":3,"pass_count":14,"h":[["2023-10-15T00:00:00+00:00",3,2,null],["2023-11-07T00:00:00+00:00",3,2,0],["2023-11-26T00:00:00+00:00",3,2,0],["2024-01-06T00:00:00+00:00",3,2,0],["2024-02-29T00:00:00+00:00",3,2,0],["2024-04-01T00:00:00+00:00",3,2,0],["2024-05-03T00:00:00+00:00",3,2,0],["2024-07-06T00:00:00+00:00",3,2,0],["2024-09-06T00:00:00+00:00",3,2,0],["2024-12-01T00:00:00+00:00",3,2,0],["2025-02-25T00:00:00+00:00",3,2,0],["2025-04-04T00:00:00+00:00",3,2,0],["2025-07-08T00:00:00+00:00",3,2,0],["2025-09-22T00:00:00+00:00",3,2,0]]},"geometry":{"type":"Point","coordinates":[34.45678,31.542785]}},{"type":"Feature","properties":{"site_id":26,"event_code":"CE20231007PSE","latest_date":"2025-09-22T00:00:00+00:00","latest_class":1,"pass_count":14,"h":[["2023-10-15T00:00:00+00:00",2,1,null],["2023-11-07T00:00:00+00:00",2,1,0],["2023-11-26T00:00:00+00:00",1,1,1],["2024-01-06T00:00:00+00:00",1,1,0],["2024-02-29T00:00:00+00:00",1,1,0],["2024-04-01T00:00:00+00:00",1,1,0],["2024-05-03T00:00:00+00:00",1,1,0],["2024-07-06T00:00:00+00:00",1,1,0],["2024-09-06T00:00:00+00:00",1,1,0],["2024-12-01T00:00:00+00:00",1,1,0],["2025-02-25T00:00:00+00:00",1,1,0],["2025-04-04T00:00:00+00:00",1,1,0],["2025-07-08T00:00:00+00:00",1,1,0],["2025-09-22T00:00:00+00:00",1,1,0]]},"geometry":{"type":"Point","coordinates":[34.456787,31.542535]}},{"type":"Feature","properties":{"site_id":26,"event_code":"CE20231007PSE","latest_date":"2025-09-22T00:00:00+00:00","latest_class":1,"pass_count":14,"h":[["2023-10-15T00:00:00+00:00",3,2,null],["2023-11-07T00:00:00+00:00",3,2,0],["2023-11-26T00:00:00+00:00",2,2,1],["2024-01-06T00:00:00+00:00",1,1,1],["2024-02-29T00:00:00+00:00",1,1,0],["2024-04-01T00:00:00+00:00",1,1,0],["2024-05-03T00:00:00+00:00",1,1,0],["2024-07-06T00:00:00+00:00",1,1,0],["2024-09-06T00:00:00+00:00",1,1,0],["2024-12-01T00:00:00+00:00",1,1,0],["2025-02-25T00:00:00+00:00",1,1,0],["2025-04-04T00:00:00+00:00",1,1,0],["2025-07-08T00:00:00+00:00",1,1,0],["2025-09-22T00:00:00+00:00",1,1,0]]},"geometry":{"type":"Point","coordinates":[34.456652,31.542311]}},{"type":"Feature","properties":{"site_id":26,"event_code":"CE20231007PSE","latest_date":"2025-09-22T00:00:00+00:00","latest_class":1,"pass_count":14,"h":[["2023-10-15T00:00:00+00:00",1,1,null],["2023-11-07T00:00:00+00:00",1,1,0],["2023-11-26T00:00:00+00:00",1,1,0],["2024-01-06T00:00:00+00:00",1,1,0],["2024-02-29T00:00:00+00:00",1,1,0],["2024-04-01T00:00:00+00:00",1,1,0],["2024-05-03T00:00:00+00:00",1,1,0],["2024-07-06T00:00:00+00:00",1,1,0],["2024-09-06T00:00:00+00:00",1,1,0],["2024-12-01T00:00:00+00:00",1,1,0],["2025-02-25T00:00:00+00:00",1,1,0],["2025-04-04T00:00:00+00:00",1,1,0],["2025-07-08T00:00:00+00:00",1,1,0],["2025-09-22T00:00:00+00:00",1,1,0]]},"geometry":{"type":"Point","coordinates":[34.457522,31.54397]}},{"type":"Feature","properties":{"site_id":26,"event_code":"CE20231007PSE","latest_date":"2025-09-22T00:00:00+00:00","latest_class":1,"pass_count":14,"h":[["2023-10-15T00:00:00+00:00",1,1,null],["2023-11-07T00:00:00+00:00",1,1,0],["2023-11-26T00:00:00+00:00",1,1,0],["2024-01-06T00:00:00+00:00",1,1,0],["2024-02-29T00:00:00+00:00",1,1,0],["2024-04-01T00:00:00+00:00",1,1,0],["2024-05-03T00:00:00+00:00",1,1,0],["2024-07-06T00:00:00+00:00",1,1,0],["2024-09-06T00:00:00+00:00",1,1,0],["2024-12-01T00:00:00+00:00",1,1,0],["2025-02-25T00:00:00+00:00",1,1,0],["2025-04-04T00:00:00+00:00",1,1,0],["2025-07-08T00:00:00+00:00",1,1,0],["2025-09-22T00:00:00+00:00",1,1,0]]},"geometry":{"type":"Point","coordinates":[34.457282,31.543704]}},{"type":"Feature","properties":{"site_id":26,"event_code":"CE20231007PSE","latest_date":"2025-09-22T00:00:00+00:00","latest_class":1,"pass_count":14,"h":[["2023-10-15T00:00:00+00:00",2,1,null],["2023-11-07T00:00:00+00:00",1,1,1],["2023-11-26T00:00:00+00:00",1,1,0],["2024-01-06T00:00:00+00:00",1,1,0],["2024-02-29T00:00:00+00:00",1,1,0],["2024-04-01T00:00:00+00:00",1,1,0],["2024-05-03T00:00:00+00:00",1,1,0],["2024-07-06T00:00:00+00:00",1,1,0],["2024-09-06T00:00:00+00:00",1,1,0],["2024-12-01T00:00:00+00:00",1,1,0],["2025-02-25T00:00:00+00:00",1,1,0],["2025-04-04T00:00:00+00:00",1,1,0],["2025-07-08T00:00:00+00:00",1,1,0],["2025-09-22T00:00:00+00:00",1,1,0]]},"geometry":{"type":"Point","coordinates":[34.457869,31.54432]}},{"type":"Feature","properties":{"site_id":26,"event_code":"CE20231007PSE","latest_date":"2025-09-22T00:00:00+00:00","latest_class":1,"pass_count":14,"h":[["2023-10-15T00:00:00+00:00",2,1,null],["2023-11-07T00:00:00+00:00",2,1,0],["2023-11-26T00:00:00+00:00",2,1,0],["2024-01-06T00:00:00+00:00",1,1,1],["2024-02-29T00:00:00+00:00",1,1,0],["2024-04-01T00:00:00+00:00",1,1,0],["2024-05-03T00:00:00+00:00",1,1,0],["2024-07-06T00:00:00+00:00",1,1,0],["2024-09-06T00:00:00+00:00",1,1,0],["2024-12-01T00:00:00+00:00",1,1,0],["2025-02-25T00:00:00+00:00",1,1,0],["2025-04-04T00:00:00+00:00",1,1,0],["2025-07-08T00:00:00+00:00",1,1,0],["2025-09-22T00:00:00+00:00",1,1,0]]},"geometry":{"type":"Point","coordinates":[34.4582,31.544126]}},{"type":"Feature","properties":{"site_id":26,"event_code":"CE20231007PSE","latest_date":"2025-09-22T00:00:00+00:00","latest_class":1,"pass_count":14,"h":[["2023-10-15T00:00:00+00:00",2,1,null],["2023-11-07T00:00:00+00:00",2,1,0],["2023-11-26T00:00:00+00:00",2,1,0],["2024-01-06T00:00:00+00:00",2,1,0],["2024-02-29T00:00:00+00:00",2,1,0],["2024-04-01T00:00:00+00:00",2,1,0],["2024-05-03T00:00:00+00:00",2,1,0],["2024-07-06T00:00:00+00:00",2,1,0],["2024-09-06T00:00:00+00:00",2,1,0],["2024-12-01T00:00:00+00:00",2,1,0],["2025-02-25T00:00:00+00:00",2,1,0],["2025-04-04T00:00:00+00:00",2,1,0],["2025-07-08T00:00:00+00:00",2,1,0],["2025-09-22T00:00:00+00:00",1,1,1]]},"geometry":{"type":"Point","coordinates":[34.457927,31.543848]}},{"type":"Feature","properties":{"site_id":26,"event_code":"CE20231007PSE","latest_date":"2025-09-22T00:00:00+00:00","latest_class":1,"pass_count":14,"h":[["2023-10-15T00:00:00+00:00",2,1,null],["2023-11-07T00:00:00+00:00",2,1,0],["2023-11-26T00:00:00+00:00",2,1,0],["2024-01-06T00:00:00+00:00",2,1,0],["2024-02-29T00:00:00+00:00",2,1,0],["2024-04-01T00:00:00+00:00",2,1,0],["2024-05-03T00:00:00+00:00",2,1,0],["2024-07-06T00:00:00+00:00",2,1,0],["2024-09-06T00:00:00+00:00",2,1,0],["2024-12-01T00:00:00+00:00",2,1,0],["2025-02-25T00:00:00+00:00",2,1,0],["2025-04-04T00:00:00+00:00",2,1,0],["2025-07-08T00:00:00+00:00",2,1,0],["2025-09-22T00:00:00+00:00",1,1,1]]},"geometry":{"type":"Point","coordinates":[34.457667,31.543559]}},{"type":"Feature","properties":{"site_id":26,"event_code":"CE20231007PSE","latest_date":"2025-09-22T00:00:00+00:00","latest_class":2,"pass_count":14,"h":[["2023-10-15T00:00:00+00:00",2,1,null],["2023-11-07T00:00:00+00:00",2,1,0],["2023-11-26T00:00:00+00:00",2,1,0],["2024-01-06T00:00:00+00:00",2,1,0],["2024-02-29T00:00:00+00:00",2,1,0],["2024-04-01T00:00:00+00:00",2,1,0],["2024-05-03T00:00:00+00:00",2,1,0],["2024-07-06T00:00:00+00:00",2,1,0],["2024-09-06T00:00:00+00:00",2,1,0],["2024-12-01T00:00:00+00:00",2,1,0],["2025-02-25T00:00:00+00:00",2,1,0],["2025-04-04T00:00:00+00:00",2,1,0],["2025-07-08T00:00:00+00:00",2,1,0],["2025-09-22T00:00:00+00:00",2,1,0]]},"geometry":{"type":"Point","coordinates":[34.457446,31.543292]}},{"type":"Feature","properties":{"site_id":26,"event_code":"CE20231007PSE","latest_date":"2025-09-22T00:00:00+00:00","latest_class":1,"pass_count":14,"h":[["2023-10-15T00:00:00+00:00",2,1,null],["2023-11-07T00:00:00+00:00",2,1,0],["2023-11-26T00:00:00+00:00",1,1,1],["2024-01-06T00:00:00+00:00",1,1,0],["2024-02-29T00:00:00+00:00",1,1,0],["2024-04-01T00:00:00+00:00",1,1,0],["2024-05-03T00:00:00+00:00",1,1,0],["2024-07-06T00:00:00+00:00",1,1,0],["2024-09-06T00:00:00+00:00",1,1,0],["2024-12-01T00:00:00+00:00",1,1,0],["2025-02-25T00:00:00+00:00",1,1,0],["2025-04-04T00:00:00+00:00",1,1,0],["2025-07-08T00:00:00+00:00",1,1,0],["2025-09-22T00:00:00+00:00",1,1,0]]},"geometry":{"type":"Point","coordinates":[34.457088,31.543476]}},{"type":"Feature","properties":{"site_id":26,"event_code":"CE20231007PSE","latest_date":"2025-09-22T00:00:00+00:00","latest_class":1,"pass_count":14,"h":[["2023-10-15T00:00:00+00:00",1,1,null],["2023-11-07T00:00:00+00:00",1,1,0],["2023-11-26T00:00:00+00:00",1,1,0],["2024-01-06T00:00:00+00:00",1,1,0],["2024-02-29T00:00:00+00:00",1,1,0],["2024-04-01T00:00:00+00:00",1,1,0],["2024-05-03T00:00:00+00:00",1,1,0],["2024-07-06T00:00:00+00:00",1,1,0],["2024-09-06T00:00:00+00:00",1,1,0],["2024-12-01T00:00:00+00:00",1,1,0],["2025-02-25T00:00:00+00:00",1,1,0],["2025-04-04T00:00:00+00:00",1,1,0],["2025-07-08T00:00:00+00:00",1,1,0],["2025-09-22T00:00:00+00:00",1,1,0]]},"geometry":{"type":"Point","coordinates":[34.458408,31.543955]}},{"type":"Feature","properties":{"site_id":26,"event_code":"CE20231007PSE","latest_date":"2025-09-22T00:00:00+00:00","latest_class":1,"pass_count":14,"h":[["2023-10-15T00:00:00+00:00",2,1,null],["2023-11-07T00:00:00+00:00",2,1,0],["2023-11-26T00:00:00+00:00",1,1,1],["2024-01-06T00:00:00+00:00",1,1,0],["2024-02-29T00:00:00+00:00",1,1,0],["2024-04-01T00:00:00+00:00",1,1,0],["2024-05-03T00:00:00+00:00",1,1,0],["2024-07-06T00:00:00+00:00",1,1,0],["2024-09-06T00:00:00+00:00",1,1,0],["2024-12-01T00:00:00+00:00",1,1,0],["2025-02-25T00:00:00+00:00",1,1,0],["2025-04-04T00:00:00+00:00",1,1,0],["2025-07-08T00:00:00+00:00",1,1,0],["2025-09-22T00:00:00+00:00",1,1,0]]},"geometry":{"type":"Point","coordinates":[34.458228,31.543766]}},{"type":"Feature","properties":{"site_id":26,"event_code":"CE20231007PSE","latest_date":"2025-09-22T00:00:00+00:00","latest_class":2,"pass_count":14,"h":[["2023-10-15T00:00:00+00:00",2,1,null],["2023-11-07T00:00:00+00:00",2,1,0],["2023-11-26T00:00:00+00:00",2,1,0],["2024-01-06T00:00:00+00:00",2,1,0],["2024-02-29T00:00:00+00:00",2,1,0],["2024-04-01T00:00:00+00:00",2,1,0],["2024-05-03T00:00:00+00:00",2,1,0],["2024-07-06T00:00:00+00:00",2,1,0],["2024-09-06T00:00:00+00:00",2,1,0],["2024-12-01T00:00:00+00:00",2,1,0],["2025-02-25T00:00:00+00:00",2,1,0],["2025-04-04T00:00:00+00:00",2,1,0],["2025-07-08T00:00:00+00:00",2,1,0],["2025-09-22T00:00:00+00:00",2,1,0]]},"geometry":{"type":"Point","coordinates":[34.458336,31.54359]}},{"type":"Feature","properties":{"site_id":26,"event_code":"CE20231007PSE","latest_date":"2025-09-22T00:00:00+00:00","latest_class":1,"pass_count":14,"h":[["2023-10-15T00:00:00+00:00",3,2,null],["2023-11-07T00:00:00+00:00",3,2,0],["2023-11-26T00:00:00+00:00",3,2,0],["2024-01-06T00:00:00+00:00",1,1,1],["2024-02-29T00:00:00+00:00",1,1,0],["2024-04-01T00:00:00+00:00",1,1,0],["2024-05-03T00:00:00+00:00",1,1,0],["2024-07-06T00:00:00+00:00",1,1,0],["2024-09-06T00:00:00+00:00",1,1,0],["2024-12-01T00:00:00+00:00",1,1,0],["2025-02-25T00:00:00+00:00",1,1,0],["2025-04-04T00:00:00+00:00",1,1,0],["2025-07-08T00:00:00+00:00",1,1,0],["2025-09-22T00:00:00+00:00",1,1,0]]},"geometry":{"type":"Point","coordinates":[34.458643,31.543907]}},{"type":"Feature","properties":{"site_id":26,"event_code":"CE20231007PSE","latest_date":"2025-09-22T00:00:00+00:00","latest_class":1,"pass_count":14,"h":[["2023-10-15T00:00:00+00:00",3,2,null],["2023-11-07T00:00:00+00:00",2,1,1],["2023-11-26T00:00:00+00:00",1,1,1],["2024-01-06T00:00:00+00:00",1,1,0],["2024-02-29T00:00:00+00:00",1,1,0],["2024-04-01T00:00:00+00:00",1,1,0],["2024-05-03T00:00:00+00:00",1,1,0],["2024-07-06T00:00:00+00:00",1,1,0],["2024-09-06T00:00:00+00:00",1,1,0],["2024-12-01T00:00:00+00:00",1,1,0],["2025-02-25T00:00:00+00:00",1,1,0],["2025-04-04T00:00:00+00:00",1,1,0],["2025-07-08T00:00:00+00:00",1,1,0],["2025-09-22T00:00:00+00:00",1,1,0]]},"geometry":{"type":"Point","coordinates":[34.458799,31.543799]}},{"type":"Feature","properties":{"site_id":26,"event_code":"CE20231007PSE","latest_date":"2025-09-22T00:00:00+00:00","latest_class":2,"pass_count":14,"h":[["2023-10-15T00:00:00+00:00",3,2,null],["2023-11-07T00:00:00+00:00",3,2,0],["2023-11-26T00:00:00+00:00",2,2,1],["2024-01-06T00:00:00+00:00",2,2,0],["2024-02-29T00:00:00+00:00",2,1,0],["2024-04-01T00:00:00+00:00",2,1,0],["2024-05-03T00:00:00+00:00",2,1,0],["2024-07-06T00:00:00+00:00",2,1,0],["2024-09-06T00:00:00+00:00",2,1,0],["2024-12-01T00:00:00+00:00",2,1,0],["2025-02-25T00:00:00+00:00",2,1,0],["2025-04-04T00:00:00+00:00",2,1,0],["2025-07-08T00:00:00+00:00",2,1,0],["2025-09-22T00:00:00+00:00",2,1,0]]},"geometry":{"type":"Point","coordinates":[34.458483,31.543746]}},{"type":"Feature","properties":{"site_id":26,"event_code":"CE20231007PSE","latest_date":"2025-09-22T00:00:00+00:00","latest_class":3,"pass_count":14,"h":[["2023-10-15T00:00:00+00:00",3,2,null],["2023-11-07T00:00:00+00:00",3,2,0],["2023-11-26T00:00:00+00:00",3,2,0],["2024-01-06T00:00:00+00:00",3,2,0],["2024-02-29T00:00:00+00:00",3,2,0],["2024-04-01T00:00:00+00:00",3,2,0],["2024-05-03T00:00:00+00:00",3,2,0],["2024-07-06T00:00:00+00:00",3,2,0],["2024-09-06T00:00:00+00:00",3,2,0],["2024-12-01T00:00:00+00:00",3,2,0],["2025-02-25T00:00:00+00:00",3,2,0],["2025-04-04T00:00:00+00:00",3,2,0],["2025-07-08T00:00:00+00:00",3,2,0],["2025-09-22T00:00:00+00:00",3,2,0]]},"geometry":{"type":"Point","coordinates":[34.458632,31.543655]}},{"type":"Feature","properties":{"site_id":26,"event_code":"CE20231007PSE","latest_date":"2025-09-22T00:00:00+00:00","latest_class":3,"pass_count":14,"h":[["2023-10-15T00:00:00+00:00",3,2,null],["2023-11-07T00:00:00+00:00",3,2,0],["2023-11-26T00:00:00+00:00",3,2,0],["2024-01-06T00:00:00+00:00",3,2,0],["2024-02-29T00:00:00+00:00",3,2,0],["2024-04-01T00:00:00+00:00",3,2,0],["2024-05-03T00:00:00+00:00",3,2,0],["2024-07-06T00:00:00+00:00",3,2,0],["2024-09-06T00:00:00+00:00",3,2,0],["2024-12-01T00:00:00+00:00",3,2,0],["2025-02-25T00:00:00+00:00",3,2,0],["2025-04-04T00:00:00+00:00",3,2,0],["2025-07-08T00:00:00+00:00",3,2,0],["2025-09-22T00:00:00+00:00",3,2,0]]},"geometry":{"type":"Point","coordinates":[34.458472,31.543482]}},{"type":"Feature","properties":{"site_id":26,"event_code":"CE20231007PSE","latest_date":"2025-09-22T00:00:00+00:00","latest_class":1,"pass_count":14,"h":[["2023-10-15T00:00:00+00:00",1,1,null],["2023-11-07T00:00:00+00:00",1,1,0],["2023-11-26T00:00:00+00:00",1,1,0],["2024-01-06T00:00:00+00:00",1,1,0],["2024-02-29T00:00:00+00:00",1,1,0],["2024-04-01T00:00:00+00:00",1,1,0],["2024-05-03T00:00:00+00:00",1,1,0],["2024-07-06T00:00:00+00:00",1,1,0],["2024-09-06T00:00:00+00:00",1,1,0],["2024-12-01T00:00:00+00:00",1,1,0],["2025-02-25T00:00:00+00:00",1,1,0],["2025-04-04T00:00:00+00:00",1,1,0],["2025-07-08T00:00:00+00:00",1,1,0],["2025-09-22T00:00:00+00:00",1,1,0]]},"geometry":{"type":"Point","coordinates":[34.458832,31.543405]}},{"type":"Feature","properties":{"site_id":26,"event_code":"CE20231007PSE","latest_date":"2025-09-22T00:00:00+00:00","latest_class":1,"pass_count":14,"h":[["2023-10-15T00:00:00+00:00",1,1,null],["2023-11-07T00:00:00+00:00",1,1,0],["2023-11-26T00:00:00+00:00",1,1,0],["2024-01-06T00:00:00+00:00",1,1,0],["2024-02-29T00:00:00+00:00",1,1,0],["2024-04-01T00:00:00+00:00",1,1,0],["2024-05-03T00:00:00+00:00",1,1,0],["2024-07-06T00:00:00+00:00",1,1,0],["2024-09-06T00:00:00+00:00",1,1,0],["2024-12-01T00:00:00+00:00",1,1,0],["2025-02-25T00:00:00+00:00",1,1,0],["2025-04-04T00:00:00+00:00",1,1,0],["2025-07-08T00:00:00+00:00",1,1,0],["2025-09-22T00:00:00+00:00",1,1,0]]},"geometry":{"type":"Point","coordinates":[34.458679,31.5433]}},{"type":"Feature","properties":{"site_id":26,"event_code":"CE20231007PSE","latest_date":"2025-09-22T00:00:00+00:00","latest_class":3,"pass_count":14,"h":[["2023-10-15T00:00:00+00:00",3,2,null],["2023-11-07T00:00:00+00:00",3,2,0],["2023-11-26T00:00:00+00:00",3,2,0],["2024-01-06T00:00:00+00:00",3,2,0],["2024-02-29T00:00:00+00:00",3,2,0],["2024-04-01T00:00:00+00:00",3,2,0],["2024-05-03T00:00:00+00:00",3,2,0],["2024-07-06T00:00:00+00:00",3,2,0],["2024-09-06T00:00:00+00:00",3,2,0],["2024-12-01T00:00:00+00:00",3,2,0],["2025-02-25T00:00:00+00:00",3,2,0],["2025-04-04T00:00:00+00:00",3,2,0],["2025-07-08T00:00:00+00:00",3,2,0],["2025-09-22T00:00:00+00:00",3,2,0]]},"geometry":{"type":"Point","coordinates":[34.458762,31.543546]}},{"type":"Feature","properties":{"site_id":26,"event_code":"CE20231007PSE","latest_date":"2025-09-22T00:00:00+00:00","latest_class":3,"pass_count":14,"h":[["2023-10-15T00:00:00+00:00",3,2,null],["2023-11-07T00:00:00+00:00",3,2,0],["2023-11-26T00:00:00+00:00",3,2,0],["2024-01-06T00:00:00+00:00",3,2,0],["2024-02-29T00:00:00+00:00",3,2,0],["2024-04-01T00:00:00+00:00",3,2,0],["2024-05-03T00:00:00+00:00",3,2,0],["2024-07-06T00:00:00+00:00",3,2,0],["2024-09-06T00:00:00+00:00",3,2,0],["2024-12-01T00:00:00+00:00",3,2,0],["2025-02-25T00:00:00+00:00",3,2,0],["2025-04-04T00:00:00+00:00",3,2,0],["2025-07-08T00:00:00+00:00",3,2,0],["2025-09-22T00:00:00+00:00",3,2,0]]},"geometry":{"type":"Point","coordinates":[34.458602,31.543408]}},{"type":"Feature","properties":{"site_id":26,"event_code":"CE20231007PSE","latest_date":"2025-09-22T00:00:00+00:00","latest_class":1,"pass_count":14,"h":[["2023-10-15T00:00:00+00:00",3,2,null],["2023-11-07T00:00:00+00:00",1,1,1],["2023-11-26T00:00:00+00:00",1,1,0],["2024-01-06T00:00:00+00:00",1,1,0],["2024-02-29T00:00:00+00:00",1,1,0],["2024-04-01T00:00:00+00:00",1,1,0],["2024-05-03T00:00:00+00:00",1,1,0],["2024-07-06T00:00:00+00:00",1,1,0],["2024-09-06T00:00:00+00:00",1,1,0],["2024-12-01T00:00:00+00:00",1,1,0],["2025-02-25T00:00:00+00:00",1,1,0],["2025-04-04T00:00:00+00:00",1,1,0],["2025-07-08T00:00:00+00:00",1,1,0],["2025-09-22T00:00:00+00:00",1,1,0]]},"geometry":{"type":"Point","coordinates":[34.458802,31.543186]}},{"type":"Feature","properties":{"site_id":26,"event_code":"CE20231007PSE","latest_date":"2025-09-22T00:00:00+00:00","latest_class":1,"pass_count":14,"h":[["2023-10-15T00:00:00+00:00",3,2,null],["2023-11-07T00:00:00+00:00",3,2,0],["2023-11-26T00:00:00+00:00",3,2,0],["2024-01-06T00:00:00+00:00",1,1,1],["2024-02-29T00:00:00+00:00",1,1,0],["2024-04-01T00:00:00+00:00",1,1,0],["2024-05-03T00:00:00+00:00",1,1,0],["2024-07-06T00:00:00+00:00",1,1,0],["2024-09-06T00:00:00+00:00",1,1,0],["2024-12-01T00:00:00+00:00",1,1,0],["2025-02-25T00:00:00+00:00",1,1,0],["2025-04-04T00:00:00+00:00",1,1,0],["2025-07-08T00:00:00+00:00",1,1,0],["2025-09-22T00:00:00+00:00",1,1,0]]},"geometry":{"type":"Point","coordinates":[34.458975,31.543314]}},{"type":"Feature","properties":{"site_id":26,"event_code":"CE20231007PSE","latest_date":"2025-09-22T00:00:00+00:00","latest_class":1,"pass_count":14,"h":[["2023-10-15T00:00:00+00:00",3,2,null],["2023-11-07T00:00:00+00:00",2,1,1],["2023-11-26T00:00:00+00:00",1,1,1],["2024-01-06T00:00:00+00:00",1,1,0],["2024-02-29T00:00:00+00:00",1,1,0],["2024-04-01T00:00:00+00:00",1,1,0],["2024-05-03T00:00:00+00:00",1,1,0],["2024-07-06T00:00:00+00:00",1,1,0],["2024-09-06T00:00:00+00:00",1,1,0],["2024-12-01T00:00:00+00:00",1,1,0],["2025-02-25T00:00:00+00:00",1,1,0],["2025-04-04T00:00:00+00:00",1,1,0],["2025-07-08T00:00:00+00:00",1,1,0],["2025-09-22T00:00:00+00:00",1,1,0]]},"geometry":{"type":"Point","coordinates":[34.459162,31.543536]}},{"type":"Feature","properties":{"site_id":26,"event_code":"CE20231007PSE","latest_date":"2025-09-22T00:00:00+00:00","latest_class":1,"pass_count":14,"h":[["2023-10-15T00:00:00+00:00",3,2,null],["2023-11-07T00:00:00+00:00",2,1,1],["2023-11-26T00:00:00+00:00",1,1,1],["2024-01-06T00:00:00+00:00",1,1,0],["2024-02-29T00:00:00+00:00",1,1,0],["2024-04-01T00:00:00+00:00",1,1,0],["2024-05-03T00:00:00+00:00",1,1,0],["2024-07-06T00:00:00+00:00",1,1,0],["2024-09-06T00:00:00+00:00",1,1,0],["2024-12-01T00:00:00+00:00",1,1,0],["2025-02-25T00:00:00+00:00",1,1,0],["2025-04-04T00:00:00+00:00",1,1,0],["2025-07-08T00:00:00+00:00",1,1,0],["2025-09-22T00:00:00+00:00",1,1,0]]},"geometry":{"type":"Point","coordinates":[34.4581,31.543554]}},{"type":"Feature","properties":{"site_id":26,"event_code":"CE20231007PSE","latest_date":"2025-09-22T00:00:00+00:00","latest_class":1,"pass_count":14,"h":[["2023-10-15T00:00:00+00:00",3,2,null],["2023-11-07T00:00:00+00:00",1,1,1],["2023-11-26T00:00:00+00:00",1,1,0],["2024-01-06T00:00:00+00:00",1,1,0],["2024-02-29T00:00:00+00:00",1,1,0],["2024-04-01T00:00:00+00:00",1,1,0],["2024-05-03T00:00:00+00:00",1,1,0],["2024-07-06T00:00:00+00:00",1,1,0],["2024-09-06T00:00:00+00:00",1,1,0],["2024-12-01T00:00:00+00:00",1,1,0],["2025-02-25T00:00:00+00:00",1,1,0],["2025-04-04T00:00:00+00:00",1,1,0],["2025-07-08T00:00:00+00:00",1,1,0],["2025-09-22T00:00:00+00:00",1,1,0]]},"geometry":{"type":"Point","coordinates":[34.457953,31.543387]}},{"type":"Feature","properties":{"site_id":26,"event_code":"CE20231007PSE","latest_date":"2025-09-22T00:00:00+00:00","latest_class":2,"pass_count":14,"h":[["2023-10-15T00:00:00+00:00",2,1,null],["2023-11-07T00:00:00+00:00",2,1,0],["2023-11-26T00:00:00+00:00",2,1,0],["2024-01-06T00:00:00+00:00",2,1,0],["2024-02-29T00:00:00+00:00",2,1,0],["2024-04-01T00:00:00+00:00",2,1,0],["2024-05-03T00:00:00+00:00",2,1,0],["2024-07-06T00:00:00+00:00",2,1,0],["2024-09-06T00:00:00+00:00",2,1,0],["2024-12-01T00:00:00+00:00",2,1,0],["2025-02-25T00:00:00+00:00",2,1,0],["2025-04-04T00:00:00+00:00",2,1,0],["2025-07-08T00:00:00+00:00",2,1,0],["2025-09-22T00:00:00+00:00",2,1,0]]},"geometry":{"type":"Point","coordinates":[34.45824,31.543288]}},{"type":"Feature","properties":{"site_id":26,"event_code":"CE20231007PSE","latest_date":"2025-09-22T00:00:00+00:00","latest_class":1,"pass_count":14,"h":[["2023-10-15T00:00:00+00:00",2,1,null],["2023-11-07T00:00:00+00:00",1,1,1],["2023-11-26T00:00:00+00:00",1,1,0],["2024-01-06T00:00:00+00:00",1,1,0],["2024-02-29T00:00:00+00:00",1,1,0],["2024-04-01T00:00:00+00:00",1,1,0],["2024-05-03T00:00:00+00:00",1,1,0],["2024-07-06T00:00:00+00:00",1,1,0],["2024-09-06T00:00:00+00:00",1,1,0],["2024-12-01T00:00:00+00:00",1,1,0],["2025-02-25T00:00:00+00:00",1,1,0],["2025-04-04T00:00:00+00:00",1,1,0],["2025-07-08T00:00:00+00:00",1,1,0],["2025-09-22T00:00:00+00:00",1,1,0]]},"geometry":{"type":"Point","coordinates":[34.458067,31.543144]}},{"type":"Feature","properties":{"site_id":26,"event_code":"CE20231007PSE","latest_date":"2025-09-22T00:00:00+00:00","latest_class":2,"pass_count":14,"h":[["2023-10-15T00:00:00+00:00",2,1,null],["2023-11-07T00:00:00+00:00",2,1,0],["2023-11-26T00:00:00+00:00",2,1,0],["2024-01-06T00:00:00+00:00",2,1,0],["2024-02-29T00:00:00+00:00",2,1,0],["2024-04-01T00:00:00+00:00",2,1,0],["2024-05-03T00:00:00+00:00",2,1,0],["2024-07-06T00:00:00+00:00",2,1,0],["2024-09-06T00:00:00+00:00",2,1,0],["2024-12-01T00:00:00+00:00",2,1,0],["2025-02-25T00:00:00+00:00",2,1,0],["2025-04-04T00:00:00+00:00",2,1,0],["2025-07-08T00:00:00+00:00",2,1,0],["2025-09-22T00:00:00+00:00",2,1,0]]},"geometry":{"type":"Point","coordinates":[34.458369,31.543186]}},{"type":"Feature","properties":{"site_id":26,"event_code":"CE20231007PSE","latest_date":"2025-09-22T00:00:00+00:00","latest_class":2,"pass_count":14,"h":[["2023-10-15T00:00:00+00:00",2,1,null],["2023-11-07T00:00:00+00:00",2,1,0],["2023-11-26T00:00:00+00:00",2,1,0],["2024-01-06T00:00:00+00:00",2,1,0],["2024-02-29T00:00:00+00:00",2,1,0],["2024-04-01T00:00:00+00:00",2,1,0],["2024-05-03T00:00:00+00:00",2,1,0],["2024-07-06T00:00:00+00:00",2,1,0],["2024-09-06T00:00:00+00:00",2,1,0],["2024-12-01T00:00:00+00:00",2,1,0],["2025-02-25T00:00:00+00:00",2,1,0],["2025-04-04T00:00:00+00:00",2,1,0],["2025-07-08T00:00:00+00:00",2,1,0],["2025-09-22T00:00:00+00:00",2,1,0]]},"geometry":{"type":"Point","coordinates":[34.45821,31.543036]}},{"type":"Feature","properties":{"site_id":26,"event_code":"CE20231007PSE","latest_date":"2025-09-22T00:00:00+00:00","latest_class":1,"pass_count":14,"h":[["2023-10-15T00:00:00+00:00",2,1,null],["2023-11-07T00:00:00+00:00",2,1,0],["2023-11-26T00:00:00+00:00",2,1,0],["2024-01-06T00:00:00+00:00",2,1,0],["2024-02-29T00:00:00+00:00",1,1,1],["2024-04-01T00:00:00+00:00",1,1,0],["2024-05-03T00:00:00+00:00",1,1,0],["2024-07-06T00:00:00+00:00",1,1,0],["2024-09-06T00:00:00+00:00",1,1,0],["2024-12-01T00:00:00+00:00",1,1,0],["2025-02-25T00:00:00+00:00",1,1,0],["2025-04-04T00:00:00+00:00",1,1,0],["2025-07-08T00:00:00+00:00",1,1,0],["2025-09-22T00:00:00+00:00",1,1,0]]},"geometry":{"type":"Point","coordinates":[34.458352,31.542928]}},{"type":"Feature","properties":{"site_id":26,"event_code":"CE20231007PSE","latest_date":"2025-09-22T00:00:00+00:00","latest_class":1,"pass_count":14,"h":[["2023-10-15T00:00:00+00:00",2,1,null],["2023-11-07T00:00:00+00:00",2,1,0],["2023-11-26T00:00:00+00:00",2,1,0],["2024-01-06T00:00:00+00:00",1,1,1],["2024-02-29T00:00:00+00:00",1,1,0],["2024-04-01T00:00:00+00:00",1,1,0],["2024-05-03T00:00:00+00:00",1,1,0],["2024-07-06T00:00:00+00:00",1,1,0],["2024-09-06T00:00:00+00:00",1,1,0],["2024-12-01T00:00:00+00:00",1,1,0],["2025-02-25T00:00:00+00:00",1,1,0],["2025-04-04T00:00:00+00:00",1,1,0],["2025-07-08T00:00:00+00:00",1,1,0],["2025-09-22T00:00:00+00:00",1,1,0]]},"geometry":{"type":"Point","coordinates":[34.458518,31.543072]}},{"type":"Feature","properties":{"site_id":26,"event_code":"CE20231007PSE","latest_date":"2025-09-22T00:00:00+00:00","latest_class":1,"pass_count":14,"h":[["2023-10-15T00:00:00+00:00",1,1,null],["2023-11-07T00:00:00+00:00",1,1,0],["2023-11-26T00:00:00+00:00",1,1,0],["2024-01-06T00:00:00+00:00",1,1,0],["2024-02-29T00:00:00+00:00",1,1,0],["2024-04-01T00:00:00+00:00",1,1,0],["2024-05-03T00:00:00+00:00",1,1,0],["2024-07-06T00:00:00+00:00",1,1,0],["2024-09-06T00:00:00+00:00",1,1,0],["2024-12-01T00:00:00+00:00",1,1,0],["2025-02-25T00:00:00+00:00",1,1,0],["2025-04-04T00:00:00+00:00",1,1,0],["2025-07-08T00:00:00+00:00",1,1,0],["2025-09-22T00:00:00+00:00",1,1,0]]},"geometry":{"type":"Point","coordinates":[34.457941,31.543022]}},{"type":"Feature","properties":{"site_id":26,"event_code":"CE20231007PSE","latest_date":"2025-09-22T00:00:00+00:00","latest_class":2,"pass_count":14,"h":[["2023-10-15T00:00:00+00:00",2,1,null],["2023-11-07T00:00:00+00:00",2,1,0],["2023-11-26T00:00:00+00:00",2,1,0],["2024-01-06T00:00:00+00:00",2,1,0],["2024-02-29T00:00:00+00:00",2,1,0],["2024-04-01T00:00:00+00:00",2,1,0],["2024-05-03T00:00:00+00:00",2,1,0],["2024-07-06T00:00:00+00:00",2,1,0],["2024-09-06T00:00:00+00:00",2,1,0],["2024-12-01T00:00:00+00:00",2,1,0],["2025-02-25T00:00:00+00:00",2,1,0],["2025-04-04T00:00:00+00:00",2,1,0],["2025-07-08T00:00:00+00:00",2,1,0],["2025-09-22T00:00:00+00:00",2,1,0]]},"geometry":{"type":"Point","coordinates":[34.458148,31.542857]}},{"type":"Feature","properties":{"site_id":26,"event_code":"CE20231007PSE","latest_date":"2025-09-22T00:00:00+00:00","latest_class":2,"pass_count":14,"h":[["2023-10-15T00:00:00+00:00",2,1,null],["2023-11-07T00:00:00+00:00",2,1,0],["2023-11-26T00:00:00+00:00",2,1,0],["2024-01-06T00:00:00+00:00",2,1,0],["2024-02-29T00:00:00+00:00",2,1,0],["2024-04-01T00:00:00+00:00",2,1,0],["2024-05-03T00:00:00+00:00",2,1,0],["2024-07-06T00:00:00+00:00",2,1,0],["2024-09-06T00:00:00+00:00",2,1,0],["2024-12-01T00:00:00+00:00",2,1,0],["2025-02-25T00:00:00+00:00",2,1,0],["2025-04-04T00:00:00+00:00",2,1,0],["2025-07-08T00:00:00+00:00",2,1,0],["2025-09-22T00:00:00+00:00",2,1,0]]},"geometry":{"type":"Point","coordinates":[34.458065,31.542616]}},{"type":"Feature","properties":{"site_id":26,"event_code":"CE20231007PSE","latest_date":"2025-09-22T00:00:00+00:00","latest_class":1,"pass_count":14,"h":[["2023-10-15T00:00:00+00:00",2,1,null],["2023-11-07T00:00:00+00:00",2,1,0],["2023-11-26T00:00:00+00:00",1,1,1],["2024-01-06T00:00:00+00:00",1,1,0],["2024-02-29T00:00:00+00:00",1,1,0],["2024-04-01T00:00:00+00:00",1,1,0],["2024-05-03T00:00:00+00:00",1,1,0],["2024-07-06T00:00:00+00:00",1,1,0],["2024-09-06T00:00:00+00:00",1,1,0],["2024-12-01T00:00:00+00:00",1,1,0],["2025-02-25T00:00:00+00:00",1,1,0],["2025-04-04T00:00:00+00:00",1,1,0],["2025-07-08T00:00:00+00:00",1,1,0],["2025-09-22T00:00:00+00:00",1,1,0]]},"geometry":{"type":"Point","coordinates":[34.45791,31.542736]}},{"type":"Feature","properties":{"site_id":26,"event_code":"CE20231007PSE","latest_date":"2025-09-22T00:00:00+00:00","latest_class":1,"pass_count":14,"h":[["2023-10-15T00:00:00+00:00",3,2,null],["2023-11-07T00:00:00+00:00",3,2,0],["2023-11-26T00:00:00+00:00",3,2,0],["2024-01-06T00:00:00+00:00",1,1,1],["2024-02-29T00:00:00+00:00",1,1,0],["2024-04-01T00:00:00+00:00",1,1,0],["2024-05-03T00:00:00+00:00",1,1,0],["2024-07-06T00:00:00+00:00",1,1,0],["2024-09-06T00:00:00+00:00",1,1,0],["2024-12-01T00:00:00+00:00",1,1,0],["2025-02-25T00:00:00+00:00",1,1,0],["2025-04-04T00:00:00+00:00",1,1,0],["2025-07-08T00:00:00+00:00",1,1,0],["2025-09-22T00:00:00+00:00",1,1,0]]},"geometry":{"type":"Point","coordinates":[34.457734,31.542845]}},{"type":"Feature","properties":{"site_id":26,"event_code":"CE20231007PSE","latest_date":"2025-09-22T00:00:00+00:00","latest_class":2,"pass_count":14,"h":[["2023-10-15T00:00:00+00:00",2,1,null],["2023-11-07T00:00:00+00:00",2,1,0],["2023-11-26T00:00:00+00:00",2,1,0],["2024-01-06T00:00:00+00:00",2,1,0],["2024-02-29T00:00:00+00:00",2,1,0],["2024-04-01T00:00:00+00:00",2,1,0],["2024-05-03T00:00:00+00:00",2,1,0],["2024-07-06T00:00:00+00:00",2,1,0],["2024-09-06T00:00:00+00:00",2,1,0],["2024-12-01T00:00:00+00:00",2,1,0],["2025-02-25T00:00:00+00:00",2,1,0],["2025-04-04T00:00:00+00:00",2,1,0],["2025-07-08T00:00:00+00:00",2,1,0],["2025-09-22T00:00:00+00:00",2,1,0]]},"geometry":{"type":"Point","coordinates":[34.457566,31.542959]}},{"type":"Feature","properties":{"site_id":26,"event_code":"CE20231007PSE","latest_date":"2025-09-22T00:00:00+00:00","latest_class":1,"pass_count":14,"h":[["2023-10-15T00:00:00+00:00",3,2,null],["2023-11-07T00:00:00+00:00",2,1,1],["2023-11-26T00:00:00+00:00",1,1,1],["2024-01-06T00:00:00+00:00",1,1,0],["2024-02-29T00:00:00+00:00",1,1,0],["2024-04-01T00:00:00+00:00",1,1,0],["2024-05-03T00:00:00+00:00",1,1,0],["2024-07-06T00:00:00+00:00",1,1,0],["2024-09-06T00:00:00+00:00",1,1,0],["2024-12-01T00:00:00+00:00",1,1,0],["2025-02-25T00:00:00+00:00",1,1,0],["2025-04-04T00:00:00+00:00",1,1,0],["2025-07-08T00:00:00+00:00",1,1,0],["2025-09-22T00:00:00+00:00",1,1,0]]},"geometry":{"type":"Point","coordinates":[34.457693,31.54312]}},{"type":"Feature","properties":{"site_id":26,"event_code":"CE20231007PSE","latest_date":"2025-09-22T00:00:00+00:00","latest_class":1,"pass_count":14,"h":[["2023-10-15T00:00:00+00:00",1,1,null],["2023-11-07T00:00:00+00:00",1,1,0],["2023-11-26T00:00:00+00:00",1,1,0],["2024-01-06T00:00:00+00:00",1,1,0],["2024-02-29T00:00:00+00:00",1,1,0],["2024-04-01T00:00:00+00:00",1,1,0],["2024-05-03T00:00:00+00:00",1,1,0],["2024-07-06T00:00:00+00:00",1,1,0],["2024-09-06T00:00:00+00:00",1,1,0],["2024-12-01T00:00:00+00:00",1,1,0],["2025-02-25T00:00:00+00:00",1,1,0],["2025-04-04T00:00:00+00:00",1,1,0],["2025-07-08T00:00:00+00:00",1,1,0],["2025-09-22T00:00:00+00:00",1,1,0]]},"geometry":{"type":"Point","coordinates":[34.457174,31.542954]}},{"type":"Feature","properties":{"site_id":26,"event_code":"CE20231007PSE","latest_date":"2025-09-22T00:00:00+00:00","latest_class":1,"pass_count":14,"h":[["2023-10-15T00:00:00+00:00",1,1,null],["2023-11-07T00:00:00+00:00",1,1,0],["2023-11-26T00:00:00+00:00",1,1,0],["2024-01-06T00:00:00+00:00",1,1,0],["2024-02-29T00:00:00+00:00",1,1,0],["2024-04-01T00:00:00+00:00",1,1,0],["2024-05-03T00:00:00+00:00",1,1,0],["2024-07-06T00:00:00+00:00",1,1,0],["2024-09-06T00:00:00+00:00",1,1,0],["2024-12-01T00:00:00+00:00",1,1,0],["2025-02-25T00:00:00+00:00",1,1,0],["2025-04-04T00:00:00+00:00",1,1,0],["2025-07-08T00:00:00+00:00",1,1,0],["2025-09-22T00:00:00+00:00",1,1,0]]},"geometry":{"type":"Point","coordinates":[34.456897,31.543155]}},{"type":"Feature","properties":{"site_id":26,"event_code":"CE20231007PSE","latest_date":"2025-09-22T00:00:00+00:00","latest_class":3,"pass_count":14,"h":[["2023-10-15T00:00:00+00:00",3,2,null],["2023-11-07T00:00:00+00:00",3,2,0],["2023-11-26T00:00:00+00:00",3,2,0],["2024-01-06T00:00:00+00:00",3,2,0],["2024-02-29T00:00:00+00:00",3,2,0],["2024-04-01T00:00:00+00:00",3,2,0],["2024-05-03T00:00:00+00:00",3,2,0],["2024-07-06T00:00:00+00:00",3,2,0],["2024-09-06T00:00:00+00:00",3,2,0],["2024-12-01T00:00:00+00:00",3,2,0],["2025-02-25T00:00:00+00:00",3,2,0],["2025-04-04T00:00:00+00:00",3,2,0],["2025-07-08T00:00:00+00:00",3,2,0],["2025-09-22T00:00:00+00:00",3,2,0]]},"geometry":{"type":"Point","coordinates":[34.457068,31.542843]}},{"type":"Feature","properties":{"site_id":26,"event_code":"CE20231007PSE","latest_date":"2025-09-22T00:00:00+00:00","latest_class":1,"pass_count":14,"h":[["2023-10-15T00:00:00+00:00",1,1,null],["2023-11-07T00:00:00+00:00",1,1,0],["2023-11-26T00:00:00+00:00",1,1,0],["2024-01-06T00:00:00+00:00",1,1,0],["2024-02-29T00:00:00+00:00",1,1,0],["2024-04-01T00:00:00+00:00",1,1,0],["2024-05-03T00:00:00+00:00",1,1,0],["2024-07-06T00:00:00+00:00",1,1,0],["2024-09-06T00:00:00+00:00",1,1,0],["2024-12-01T00:00:00+00:00",1,1,0],["2025-02-25T00:00:00+00:00",1,1,0],["2025-04-04T00:00:00+00:00",1,1,0],["2025-07-08T00:00:00+00:00",1,1,0],["2025-09-22T00:00:00+00:00",1,1,0]]},"geometry":{"type":"Point","coordinates":[34.45705,31.543056]}},{"type":"Feature","properties":{"site_id":26,"event_code":"CE20231007PSE","latest_date":"2025-09-22T00:00:00+00:00","latest_class":2,"pass_count":14,"h":[["2023-10-15T00:00:00+00:00",2,1,null],["2023-11-07T00:00:00+00:00",2,1,0],["2023-11-26T00:00:00+00:00",2,1,0],["2024-01-06T00:00:00+00:00",2,1,0],["2024-02-29T00:00:00+00:00",2,1,0],["2024-04-01T00:00:00+00:00",2,1,0],["2024-05-03T00:00:00+00:00",2,1,0],["2024-07-06T00:00:00+00:00",2,1,0],["2024-09-06T00:00:00+00:00",2,1,0],["2024-12-01T00:00:00+00:00",2,1,0],["2025-02-25T00:00:00+00:00",2,1,0],["2025-04-04T00:00:00+00:00",2,1,0],["2025-07-08T00:00:00+00:00",2,1,0],["2025-09-22T00:00:00+00:00",2,1,0]]},"geometry":{"type":"Point","coordinates":[34.456941,31.542931]}},{"type":"Feature","properties":{"site_id":26,"event_code":"CE20231007PSE","latest_date":"2025-09-22T00:00:00+00:00","latest_class":2,"pass_count":14,"h":[["2023-10-15T00:00:00+00:00",3,2,null],["2023-11-07T00:00:00+00:00",3,2,0],["2023-11-26T00:00:00+00:00",3,2,0],["2024-01-06T00:00:00+00:00",2,1,1],["2024-02-29T00:00:00+00:00",2,1,0],["2024-04-01T00:00:00+00:00",2,1,0],["2024-05-03T00:00:00+00:00",2,1,0],["2024-07-06T00:00:00+00:00",2,1,0],["2024-09-06T00:00:00+00:00",2,1,0],["2024-12-01T00:00:00+00:00",2,1,0],["2025-02-25T00:00:00+00:00",2,1,0],["2025-04-04T00:00:00+00:00",2,1,0],["2025-07-08T00:00:00+00:00",2,1,0],["2025-09-22T00:00:00+00:00",2,1,0]]},"geometry":{"type":"Point","coordinates":[34.456921,31.542687]}},{"type":"Feature","properties":{"site_id":26,"event_code":"CE20231007PSE","latest_date":"2025-09-22T00:00:00+00:00","latest_class":3,"pass_count":14,"h":[["2023-10-15T00:00:00+00:00",3,2,null],["2023-11-07T00:00:00+00:00",3,2,0],["2023-11-26T00:00:00+00:00",3,2,0],["2024-01-06T00:00:00+00:00",3,2,0],["2024-02-29T00:00:00+00:00",3,2,0],["2024-04-01T00:00:00+00:00",3,2,0],["2024-05-03T00:00:00+00:00",3,2,0],["2024-07-06T00:00:00+00:00",3,2,0],["2024-09-06T00:00:00+00:00",3,2,0],["2024-12-01T00:00:00+00:00",3,2,0],["2025-02-25T00:00:00+00:00",3,2,0],["2025-04-04T00:00:00+00:00",3,2,0],["2025-07-08T00:00:00+00:00",3,2,0],["2025-09-22T00:00:00+00:00",3,2,0]]},"geometry":{"type":"Point","coordinates":[34.456913,31.542355]}},{"type":"Feature","properties":{"site_id":26,"event_code":"CE20231007PSE","latest_date":"2025-09-22T00:00:00+00:00","latest_class":1,"pass_count":14,"h":[["2023-10-15T00:00:00+00:00",3,2,null],["2023-11-07T00:00:00+00:00",3,2,0],["2023-11-26T00:00:00+00:00",1,2,1],["2024-01-06T00:00:00+00:00",1,2,0],["2024-02-29T00:00:00+00:00",1,1,0],["2024-04-01T00:00:00+00:00",1,1,0],["2024-05-03T00:00:00+00:00",1,1,0],["2024-07-06T00:00:00+00:00",1,1,0],["2024-09-06T00:00:00+00:00",1,1,0],["2024-12-01T00:00:00+00:00",1,1,0],["2025-02-25T00:00:00+00:00",1,1,0],["2025-04-04T00:00:00+00:00",1,1,0],["2025-07-08T00:00:00+00:00",1,1,0],["2025-09-22T00:00:00+00:00",1,1,0]]},"geometry":{"type":"Point","coordinates":[34.457363,31.54279]}},{"type":"Feature","properties":{"site_id":26,"event_code":"CE20231007PSE","latest_date":"2025-09-22T00:00:00+00:00","latest_class":1,"pass_count":14,"h":[["2023-10-15T00:00:00+00:00",3,2,null],["2023-11-07T00:00:00+00:00",3,2,0],["2023-11-26T00:00:00+00:00",1,2,1],["2024-01-06T00:00:00+00:00",1,2,0],["2024-02-29T00:00:00+00:00",1,1,0],["2024-04-01T00:00:00+00:00",1,1,0],["2024-05-03T00:00:00+00:00",1,1,0],["2024-07-06T00:00:00+00:00",1,1,0],["2024-09-06T00:00:00+00:00",1,1,0],["2024-12-01T00:00:00+00:00",1,1,0],["2025-02-25T00:00:00+00:00",1,1,0],["2025-04-04T00:00:00+00:00",1,1,0],["2025-07-08T00:00:00+00:00",1,1,0],["2025-09-22T00:00:00+00:00",1,1,0]]},"geometry":{"type":"Point","coordinates":[34.457273,31.542704]}},{"type":"Feature","properties":{"site_id":26,"event_code":"CE20231007PSE","latest_date":"2025-09-22T00:00:00+00:00","latest_class":2,"pass_count":14,"h":[["2023-10-15T00:00:00+00:00",3,2,null],["2023-11-07T00:00:00+00:00",3,2,0],["2023-11-26T00:00:00+00:00",2,2,1],["2024-01-06T00:00:00+00:00",2,2,0],["2024-02-29T00:00:00+00:00",2,1,0],["2024-04-01T00:00:00+00:00",2,1,0],["2024-05-03T00:00:00+00:00",2,1,0],["2024-07-06T00:00:00+00:00",2,1,0],["2024-09-06T00:00:00+00:00",2,1,0],["2024-12-01T00:00:00+00:00",2,1,0],["2025-02-25T00:00:00+00:00",2,1,0],["2025-04-04T00:00:00+00:00",2,1,0],["2025-07-08T00:00:00+00:00",2,1,0],["2025-09-22T00:00:00+00:00",2,1,0]]},"geometry":{"type":"Point","coordinates":[34.457159,31.542611]}},{"type":"Feature","properties":{"site_id":26,"event_code":"CE20231007PSE","latest_date":"2025-09-22T00:00:00+00:00","latest_class":2,"pass_count":14,"h":[["2023-10-15T00:00:00+00:00",3,2,null],["2023-11-07T00:00:00+00:00",3,2,0],["2023-11-26T00:00:00+00:00",2,2,1],["2024-01-06T00:00:00+00:00",2,2,0],["2024-02-29T00:00:00+00:00",2,1,0],["2024-04-01T00:00:00+00:00",2,1,0],["2024-05-03T00:00:00+00:00",2,1,0],["2024-07-06T00:00:00+00:00",2,1,0],["2024-09-06T00:00:00+00:00",2,1,0],["2024-12-01T00:00:00+00:00",2,1,0],["2025-02-25T00:00:00+00:00",2,1,0],["2025-04-04T00:00:00+00:00",2,1,0],["2025-07-08T00:00:00+00:00",2,1,0],["2025-09-22T00:00:00+00:00",2,1,0]]},"geometry":{"type":"Point","coordinates":[34.457052,31.542488]}},{"type":"Feature","properties":{"site_id":26,"event_code":"CE20231007PSE","latest_date":"2025-09-22T00:00:00+00:00","latest_class":1,"pass_count":14,"h":[["2023-10-15T00:00:00+00:00",3,2,null],["2023-11-07T00:00:00+00:00",2,1,1],["2023-11-26T00:00:00+00:00",1,1,1],["2024-01-06T00:00:00+00:00",1,1,0],["2024-02-29T00:00:00+00:00",1,1,0],["2024-04-01T00:00:00+00:00",1,1,0],["2024-05-03T00:00:00+00:00",1,1,0],["2024-07-06T00:00:00+00:00",1,1,0],["2024-09-06T00:00:00+00:00",1,1,0],["2024-12-01T00:00:00+00:00",1,1,0],["2025-02-25T00:00:00+00:00",1,1,0],["2025-04-04T00:00:00+00:00",1,1,0],["2025-07-08T00:00:00+00:00",1,1,0],["2025-09-22T00:00:00+00:00",1,1,0]]},"geometry":{"type":"Point","coordinates":[34.457763,31.542616]}},{"type":"Feature","properties":{"site_id":26,"event_code":"CE20231007PSE","latest_date":"2025-09-22T00:00:00+00:00","latest_class":1,"pass_count":14,"h":[["2023-10-15T00:00:00+00:00",3,2,null],["2023-11-07T00:00:00+00:00",3,2,0],["2023-11-26T00:00:00+00:00",3,2,0],["2024-01-06T00:00:00+00:00",1,1,1],["2024-02-29T00:00:00+00:00",1,1,0],["2024-04-01T00:00:00+00:00",1,1,0],["2024-05-03T00:00:00+00:00",1,1,0],["2024-07-06T00:00:00+00:00",1,1,0],["2024-09-06T00:00:00+00:00",1,1,0],["2024-12-01T00:00:00+00:00",1,1,0],["2025-02-25T00:00:00+00:00",1,1,0],["2025-04-04T00:00:00+00:00",1,1,0],["2025-07-08T00:00:00+00:00",1,1,0],["2025-09-22T00:00:00+00:00",1,1,0]]},"geometry":{"type":"Point","coordinates":[34.457509,31.542704]}},{"type":"Feature","properties":{"site_id":26,"event_code":"CE20231007PSE","latest_date":"2025-09-22T00:00:00+00:00","latest_class":2,"pass_count":14,"h":[["2023-10-15T00:00:00+00:00",2,1,null],["2023-11-07T00:00:00+00:00",2,1,0],["2023-11-26T00:00:00+00:00",2,1,0],["2024-01-06T00:00:00+00:00",2,1,0],["2024-02-29T00:00:00+00:00",2,1,0],["2024-04-01T00:00:00+00:00",2,1,0],["2024-05-03T00:00:00+00:00",2,1,0],["2024-07-06T00:00:00+00:00",2,1,0],["2024-09-06T00:00:00+00:00",2,1,0],["2024-12-01T00:00:00+00:00",2,1,0],["2025-02-25T00:00:00+00:00",2,1,0],["2025-04-04T00:00:00+00:00",2,1,0],["2025-07-08T00:00:00+00:00",2,1,0],["2025-09-22T00:00:00+00:00",2,1,0]]},"geometry":{"type":"Point","coordinates":[34.458234,31.542371]}},{"type":"Feature","properties":{"site_id":26,"event_code":"CE20231007PSE","latest_date":"2025-09-22T00:00:00+00:00","latest_class":3,"pass_count":14,"h":[["2023-10-15T00:00:00+00:00",3,2,null],["2023-11-07T00:00:00+00:00",3,2,0],["2023-11-26T00:00:00+00:00",3,2,0],["2024-01-06T00:00:00+00:00",3,2,0],["2024-02-29T00:00:00+00:00",3,2,0],["2024-04-01T00:00:00+00:00",3,2,0],["2024-05-03T00:00:00+00:00",3,2,0],["2024-07-06T00:00:00+00:00",3,2,0],["2024-09-06T00:00:00+00:00",3,2,0],["2024-12-01T00:00:00+00:00",3,2,0],["2025-02-25T00:00:00+00:00",3,2,0],["2025-04-04T00:00:00+00:00",3,2,0],["2025-07-08T00:00:00+00:00",3,2,0],["2025-09-22T00:00:00+00:00",3,2,0]]},"geometry":{"type":"Point","coordinates":[34.458371,31.542276]}},{"type":"Feature","properties":{"site_id":26,"event_code":"CE20231007PSE","latest_date":"2025-09-22T00:00:00+00:00","latest_class":3,"pass_count":14,"h":[["2023-10-15T00:00:00+00:00",3,2,null],["2023-11-07T00:00:00+00:00",3,2,0],["2023-11-26T00:00:00+00:00",3,2,0],["2024-01-06T00:00:00+00:00",3,2,0],["2024-02-29T00:00:00+00:00",3,2,0],["2024-04-01T00:00:00+00:00",3,2,0],["2024-05-03T00:00:00+00:00",3,2,0],["2024-07-06T00:00:00+00:00",3,2,0],["2024-09-06T00:00:00+00:00",3,2,0],["2024-12-01T00:00:00+00:00",3,2,0],["2025-02-25T00:00:00+00:00",3,2,0],["2025-04-04T00:00:00+00:00",3,2,0],["2025-07-08T00:00:00+00:00",3,2,0],["2025-09-22T00:00:00+00:00",3,2,0]]},"geometry":{"type":"Point","coordinates":[34.458106,31.542251]}},{"type":"Feature","properties":{"site_id":26,"event_code":"CE20231007PSE","latest_date":"2025-09-22T00:00:00+00:00","latest_class":1,"pass_count":14,"h":[["2023-10-15T00:00:00+00:00",1,1,null],["2023-11-07T00:00:00+00:00",1,1,0],["2023-11-26T00:00:00+00:00",1,1,0],["2024-01-06T00:00:00+00:00",1,1,0],["2024-02-29T00:00:00+00:00",1,1,0],["2024-04-01T00:00:00+00:00",1,1,0],["2024-05-03T00:00:00+00:00",1,1,0],["2024-07-06T00:00:00+00:00",1,1,0],["2024-09-06T00:00:00+00:00",1,1,0],["2024-12-01T00:00:00+00:00",1,1,0],["2025-02-25T00:00:00+00:00",1,1,0],["2025-04-04T00:00:00+00:00",1,1,0],["2025-07-08T00:00:00+00:00",1,1,0],["2025-09-22T00:00:00+00:00",1,1,0]]},"geometry":{"type":"Point","coordinates":[34.459486,31.542993]}},{"type":"Feature","properties":{"site_id":26,"event_code":"CE20231007PSE","latest_date":"2025-09-22T00:00:00+00:00","latest_class":1,"pass_count":14,"h":[["2023-10-15T00:00:00+00:00",1,1,null],["2023-11-07T00:00:00+00:00",1,1,0],["2023-11-26T00:00:00+00:00",1,1,0],["2024-01-06T00:00:00+00:00",1,1,0],["2024-02-29T00:00:00+00:00",1,1,0],["2024-04-01T00:00:00+00:00",1,1,0],["2024-05-03T00:00:00+00:00",1,1,0],["2024-07-06T00:00:00+00:00",1,1,0],["2024-09-06T00:00:00+00:00",1,1,0],["2024-12-01T00:00:00+00:00",1,1,0],["2025-02-25T00:00:00+00:00",1,1,0],["2025-04-04T00:00:00+00:00",1,1,0],["2025-07-08T00:00:00+00:00",1,1,0],["2025-09-22T00:00:00+00:00",1,1,0]]},"geometry":{"type":"Point","coordinates":[34.459611,31.542909]}},{"type":"Feature","properties":{"site_id":26,"event_code":"CE20231007PSE","latest_date":"2025-09-22T00:00:00+00:00","latest_class":1,"pass_count":14,"h":[["2023-10-15T00:00:00+00:00",1,1,null],["2023-11-07T00:00:00+00:00",1,1,0],["2023-11-26T00:00:00+00:00",1,1,0],["2024-01-06T00:00:00+00:00",1,1,0],["2024-02-29T00:00:00+00:00",1,1,0],["2024-04-01T00:00:00+00:00",1,1,0],["2024-05-03T00:00:00+00:00",1,1,0],["2024-07-06T00:00:00+00:00",1,1,0],["2024-09-06T00:00:00+00:00",1,1,0],["2024-12-01T00:00:00+00:00",1,1,0],["2025-02-25T00:00:00+00:00",1,1,0],["2025-04-04T00:00:00+00:00",1,1,0],["2025-07-08T00:00:00+00:00",1,1,0],["2025-09-22T00:00:00+00:00",1,1,0]]},"geometry":{"type":"Point","coordinates":[34.459375,31.543095]}},{"type":"Feature","properties":{"site_id":26,"event_code":"CE20231007PSE","latest_date":"2025-09-22T00:00:00+00:00","latest_class":2,"pass_count":14,"h":[["2023-10-15T00:00:00+00:00",2,1,null],["2023-11-07T00:00:00+00:00",2,1,0],["2023-11-26T00:00:00+00:00",2,1,0],["2024-01-06T00:00:00+00:00",2,1,0],["2024-02-29T00:00:00+00:00",2,1,0],["2024-04-01T00:00:00+00:00",2,1,0],["2024-05-03T00:00:00+00:00",2,1,0],["2024-07-06T00:00:00+00:00",2,1,0],["2024-09-06T00:00:00+00:00",2,1,0],["2024-12-01T00:00:00+00:00",2,1,0],["2025-02-25T00:00:00+00:00",2,1,0],["2025-04-04T00:00:00+00:00",2,1,0],["2025-07-08T00:00:00+00:00",2,1,0],["2025-09-22T00:00:00+00:00",2,1,0]]},"geometry":{"type":"Point","coordinates":[34.459263,31.543208]}},{"type":"Feature","properties":{"site_id":26,"event_code":"CE20231007PSE","latest_date":"2025-09-22T00:00:00+00:00","latest_class":1,"pass_count":14,"h":[["2023-10-15T00:00:00+00:00",2,1,null],["2023-11-07T00:00:00+00:00",1,1,1],["2023-11-26T00:00:00+00:00",1,1,0],["2024-01-06T00:00:00+00:00",1,1,0],["2024-02-29T00:00:00+00:00",1,1,0],["2024-04-01T00:00:00+00:00",1,1,0],["2024-05-03T00:00:00+00:00",1,1,0],["2024-07-06T00:00:00+00:00",1,1,0],["2024-09-06T00:00:00+00:00",1,1,0],["2024-12-01T00:00:00+00:00",1,1,0],["2025-02-25T00:00:00+00:00",1,1,0],["2025-04-04T00:00:00+00:00",1,1,0],["2025-07-08T00:00:00+00:00",1,1,0],["2025-09-22T00:00:00+00:00",1,1,0]]},"geometry":{"type":"Point","coordinates":[34.459694,31.542833]}},{"type":"Feature","properties":{"site_id":26,"event_code":"CE20231007PSE","latest_date":"2025-09-22T00:00:00+00:00","latest_class":1,"pass_count":14,"h":[["2023-10-15T00:00:00+00:00",3,2,null],["2023-11-07T00:00:00+00:00",3,2,0],["2023-11-26T00:00:00+00:00",3,2,0],["2024-01-06T00:00:00+00:00",3,2,0],["2024-02-29T00:00:00+00:00",3,2,0],["2024-04-01T00:00:00+00:00",3,2,0],["2024-05-03T00:00:00+00:00",3,2,0],["2024-07-06T00:00:00+00:00",3,2,0],["2024-09-06T00:00:00+00:00",3,2,0],["2024-12-01T00:00:00+00:00",3,2,0],["2025-02-25T00:00:00+00:00",3,2,0],["2025-04-04T00:00:00+00:00",3,2,0],["2025-07-08T00:00:00+00:00",3,2,0],["2025-09-22T00:00:00+00:00",1,1,1]]},"geometry":{"type":"Point","coordinates":[34.459967,31.542877]}},{"type":"Feature","properties":{"site_id":26,"event_code":"CE20231007PSE","latest_date":"2025-09-22T00:00:00+00:00","latest_class":1,"pass_count":14,"h":[["2023-10-15T00:00:00+00:00",3,2,null],["2023-11-07T00:00:00+00:00",3,2,0],["2023-11-26T00:00:00+00:00",1,2,1],["2024-01-06T00:00:00+00:00",1,2,0],["2024-02-29T00:00:00+00:00",1,1,0],["2024-04-01T00:00:00+00:00",1,1,0],["2024-05-03T00:00:00+00:00",1,1,0],["2024-07-06T00:00:00+00:00",1,1,0],["2024-09-06T00:00:00+00:00",1,1,0],["2024-12-01T00:00:00+00:00",1,1,0],["2025-02-25T00:00:00+00:00",1,1,0],["2025-04-04T00:00:00+00:00",1,1,0],["2025-07-08T00:00:00+00:00",1,1,0],["2025-09-22T00:00:00+00:00",1,1,0]]},"geometry":{"type":"Point","coordinates":[34.459805,31.542717]}},{"type":"Feature","properties":{"site_id":26,"event_code":"CE20231007PSE","latest_date":"2025-09-22T00:00:00+00:00","latest_class":3,"pass_count":14,"h":[["2023-10-15T00:00:00+00:00",3,2,null],["2023-11-07T00:00:00+00:00",3,2,0],["2023-11-26T00:00:00+00:00",3,2,0],["2024-01-06T00:00:00+00:00",3,2,0],["2024-02-29T00:00:00+00:00",3,2,0],["2024-04-01T00:00:00+00:00",3,2,0],["2024-05-03T00:00:00+00:00",3,2,0],["2024-07-06T00:00:00+00:00",3,2,0],["2024-09-06T00:00:00+00:00",3,2,0],["2024-12-01T00:00:00+00:00",3,2,0],["2025-02-25T00:00:00+00:00",3,2,0],["2025-04-04T00:00:00+00:00",3,2,0],["2025-07-08T00:00:00+00:00",3,2,0],["2025-09-22T00:00:00+00:00",3,2,0]]},"geometry":{"type":"Point","coordinates":[34.459743,31.543089]}},{"type":"Feature","properties":{"site_id":26,"event_code":"CE20231007PSE","latest_date":"2025-09-22T00:00:00+00:00","latest_class":3,"pass_count":14,"h":[["2023-10-15T00:00:00+00:00",3,2,null],["2023-11-07T00:00:00+00:00",3,2,0],["2023-11-26T00:00:00+00:00",3,2,0],["2024-01-06T00:00:00+00:00",3,2,0],["2024-02-29T00:00:00+00:00",3,2,0],["2024-04-01T00:00:00+00:00",3,2,0],["2024-05-03T00:00:00+00:00",3,2,0],["2024-07-06T00:00:00+00:00",3,2,0],["2024-09-06T00:00:00+00:00",3,2,0],["2024-12-01T00:00:00+00:00",3,2,0],["2025-02-25T00:00:00+00:00",3,2,0],["2025-04-04T00:00:00+00:00",3,2,0],["2025-07-08T00:00:00+00:00",3,2,0],["2025-09-22T00:00:00+00:00",3,2,0]]},"geometry":{"type":"Point","coordinates":[34.459818,31.543266]}},{"type":"Feature","properties":{"site_id":26,"event_code":"CE20231007PSE","latest_date":"2025-09-22T00:00:00+00:00","latest_class":3,"pass_count":14,"h":[["2023-10-15T00:00:00+00:00",3,2,null],["2023-11-07T00:00:00+00:00",3,2,0],["2023-11-26T00:00:00+00:00",3,2,0],["2024-01-06T00:00:00+00:00",3,2,0],["2024-02-29T00:00:00+00:00",3,2,0],["2024-04-01T00:00:00+00:00",3,2,0],["2024-05-03T00:00:00+00:00",3,2,0],["2024-07-06T00:00:00+00:00",3,2,0],["2024-09-06T00:00:00+00:00",3,2,0],["2024-12-01T00:00:00+00:00",3,2,0],["2025-02-25T00:00:00+00:00",3,2,0],["2025-04-04T00:00:00+00:00",3,2,0],["2025-07-08T00:00:00+00:00",3,2,0],["2025-09-22T00:00:00+00:00",3,2,0]]},"geometry":{"type":"Point","coordinates":[34.459635,31.543355]}},{"type":"Feature","properties":{"site_id":26,"event_code":"CE20231007PSE","latest_date":"2025-09-22T00:00:00+00:00","latest_class":3,"pass_count":14,"h":[["2023-10-15T00:00:00+00:00",3,2,null],["2023-11-07T00:00:00+00:00",3,2,0],["2023-11-26T00:00:00+00:00",3,2,0],["2024-01-06T00:00:00+00:00",3,2,0],["2024-02-29T00:00:00+00:00",3,2,0],["2024-04-01T00:00:00+00:00",3,2,0],["2024-05-03T00:00:00+00:00",3,2,0],["2024-07-06T00:00:00+00:00",3,2,0],["2024-09-06T00:00:00+00:00",3,2,0],["2024-12-01T00:00:00+00:00",3,2,0],["2025-02-25T00:00:00+00:00",3,2,0],["2025-04-04T00:00:00+00:00",3,2,0],["2025-07-08T00:00:00+00:00",3,2,0],["2025-09-22T00:00:00+00:00",3,2,0]]},"geometry":{"type":"Point","coordinates":[34.459164,31.543047]}},{"type":"Feature","properties":{"site_id":26,"event_code":"CE20231007PSE","latest_date":"2025-09-22T00:00:00+00:00","latest_class":2,"pass_count":14,"h":[["2023-10-15T00:00:00+00:00",2,1,null],["2023-11-07T00:00:00+00:00",2,1,0],["2023-11-26T00:00:00+00:00",2,1,0],["2024-01-06T00:00:00+00:00",2,1,0],["2024-02-29T00:00:00+00:00",2,1,0],["2024-04-01T00:00:00+00:00",2,1,0],["2024-05-03T00:00:00+00:00",2,1,0],["2024-07-06T00:00:00+00:00",2,1,0],["2024-09-06T00:00:00+00:00",2,1,0],["2024-12-01T00:00:00+00:00",2,1,0],["2025-02-25T00:00:00+00:00",2,1,0],["2025-04-04T00:00:00+00:00",2,1,0],["2025-07-08T00:00:00+00:00",2,1,0],["2025-09-22T00:00:00+00:00",2,1,0]]},"geometry":{"type":"Point","coordinates":[34.458466,31.542452]}},{"type":"Feature","properties":{"site_id":26,"event_code":"CE20231007PSE","latest_date":"2025-09-22T00:00:00+00:00","latest_class":3,"pass_count":14,"h":[["2023-10-15T00:00:00+00:00",3,2,null],["2023-11-07T00:00:00+00:00",3,2,0],["2023-11-26T00:00:00+00:00",3,2,0],["2024-01-06T00:00:00+00:00",3,2,0],["2024-02-29T00:00:00+00:00",3,2,0],["2024-04-01T00:00:00+00:00",3,2,0],["2024-05-03T00:00:00+00:00",3,2,0],["2024-07-06T00:00:00+00:00",3,2,0],["2024-09-06T00:00:00+00:00",3,2,0],["2024-12-01T00:00:00+00:00",3,2,0],["2025-02-25T00:00:00+00:00",3,2,0],["2025-04-04T00:00:00+00:00",3,2,0],["2025-07-08T00:00:00+00:00",3,2,0],["2025-09-22T00:00:00+00:00",3,2,0]]},"geometry":{"type":"Point","coordinates":[34.458632,31.542302]}},{"type":"Feature","properties":{"site_id":26,"event_code":"CE20231007PSE","latest_date":"2025-09-22T00:00:00+00:00","latest_class":3,"pass_count":14,"h":[["2023-10-15T00:00:00+00:00",3,2,null],["2023-11-07T00:00:00+00:00",3,2,0],["2023-11-26T00:00:00+00:00",3,2,0],["2024-01-06T00:00:00+00:00",3,2,0],["2024-02-29T00:00:00+00:00",3,2,0],["2024-04-01T00:00:00+00:00",3,2,0],["2024-05-03T00:00:00+00:00",3,2,0],["2024-07-06T00:00:00+00:00",3,2,0],["2024-09-06T00:00:00+00:00",3,2,0],["2024-12-01T00:00:00+00:00",3,2,0],["2025-02-25T00:00:00+00:00",3,2,0],["2025-04-04T00:00:00+00:00",3,2,0],["2025-07-08T00:00:00+00:00",3,2,0],["2025-09-22T00:00:00+00:00",3,2,0]]},"geometry":{"type":"Point","coordinates":[34.458742,31.542376]}},{"type":"Feature","properties":{"site_id":26,"event_code":"CE20231007PSE","latest_date":"2025-09-22T00:00:00+00:00","latest_class":3,"pass_count":14,"h":[["2023-10-15T00:00:00+00:00",3,2,null],["2023-11-07T00:00:00+00:00",3,2,0],["2023-11-26T00:00:00+00:00",3,2,0],["2024-01-06T00:00:00+00:00",3,2,0],["2024-02-29T00:00:00+00:00",3,2,0],["2024-04-01T00:00:00+00:00",3,2,0],["2024-05-03T00:00:00+00:00",3,2,0],["2024-07-06T00:00:00+00:00",3,2,0],["2024-09-06T00:00:00+00:00",3,2,0],["2024-12-01T00:00:00+00:00",3,2,0],["2025-02-25T00:00:00+00:00",3,2,0],["2025-04-04T00:00:00+00:00",3,2,0],["2025-07-08T00:00:00+00:00",3,2,0],["2025-09-22T00:00:00+00:00",3,2,0]]},"geometry":{"type":"Point","coordinates":[34.458589,31.542511]}},{"type":"Feature","properties":{"site_id":26,"event_code":"CE20231007PSE","latest_date":"2025-09-22T00:00:00+00:00","latest_class":2,"pass_count":14,"h":[["2023-10-15T00:00:00+00:00",2,1,null],["2023-11-07T00:00:00+00:00",2,1,0],["2023-11-26T00:00:00+00:00",2,1,0],["2024-01-06T00:00:00+00:00",2,1,0],["2024-02-29T00:00:00+00:00",2,1,0],["2024-04-01T00:00:00+00:00",2,1,0],["2024-05-03T00:00:00+00:00",2,1,0],["2024-07-06T00:00:00+00:00",2,1,0],["2024-09-06T00:00:00+00:00",2,1,0],["2024-12-01T00:00:00+00:00",2,1,0],["2025-02-25T00:00:00+00:00",2,1,0],["2025-04-04T00:00:00+00:00",2,1,0],["2025-07-08T00:00:00+00:00",2,1,0],["2025-09-22T00:00:00+00:00",2,1,0]]},"geometry":{"type":"Point","coordinates":[34.458718,31.542729]}},{"type":"Feature","properties":{"site_id":26,"event_code":"CE20231007PSE","latest_date":"2025-09-22T00:00:00+00:00","latest_class":1,"pass_count":14,"h":[["2023-10-15T00:00:00+00:00",1,1,null],["2023-11-07T00:00:00+00:00",1,1,0],["2023-11-26T00:00:00+00:00",1,1,0],["2024-01-06T00:00:00+00:00",1,1,0],["2024-02-29T00:00:00+00:00",1,1,0],["2024-04-01T00:00:00+00:00",1,1,0],["2024-05-03T00:00:00+00:00",1,1,0],["2024-07-06T00:00:00+00:00",1,1,0],["2024-09-06T00:00:00+00:00",1,1,0],["2024-12-01T00:00:00+00:00",1,1,0],["2025-02-25T00:00:00+00:00",1,1,0],["2025-04-04T00:00:00+00:00",1,1,0],["2025-07-08T00:00:00+00:00",1,1,0],["2025-09-22T00:00:00+00:00",1,1,0]]},"geometry":{"type":"Point","coordinates":[34.459099,31.542624]}},{"type":"Feature","properties":{"site_id":26,"event_code":"CE20231007PSE","latest_date":"2025-09-22T00:00:00+00:00","latest_class":1,"pass_count":14,"h":[["2023-10-15T00:00:00+00:00",1,1,null],["2023-11-07T00:00:00+00:00",1,1,0],["2023-11-26T00:00:00+00:00",1,1,0],["2024-01-06T00:00:00+00:00",1,1,0],["2024-02-29T00:00:00+00:00",1,1,0],["2024-04-01T00:00:00+00:00",1,1,0],["2024-05-03T00:00:00+00:00",1,1,0],["2024-07-06T00:00:00+00:00",1,1,0],["2024-09-06T00:00:00+00:00",1,1,0],["2024-12-01T00:00:00+00:00",1,1,0],["2025-02-25T00:00:00+00:00",1,1,0],["2025-04-04T00:00:00+00:00",1,1,0],["2025-07-08T00:00:00+00:00",1,1,0],["2025-09-22T00:00:00+00:00",1,1,0]]},"geometry":{"type":"Point","coordinates":[34.459216,31.542885]}},{"type":"Feature","properties":{"site_id":26,"event_code":"CE20231007PSE","latest_date":"2025-09-22T00:00:00+00:00","latest_class":1,"pass_count":14,"h":[["2023-10-15T00:00:00+00:00",1,1,null],["2023-11-07T00:00:00+00:00",1,1,0],["2023-11-26T00:00:00+00:00",1,1,0],["2024-01-06T00:00:00+00:00",1,1,0],["2024-02-29T00:00:00+00:00",1,1,0],["2024-04-01T00:00:00+00:00",1,1,0],["2024-05-03T00:00:00+00:00",1,1,0],["2024-07-06T00:00:00+00:00",1,1,0],["2024-09-06T00:00:00+00:00",1,1,0],["2024-12-01T00:00:00+00:00",1,1,0],["2025-02-25T00:00:00+00:00",1,1,0],["2025-04-04T00:00:00+00:00",1,1,0],["2025-07-08T00:00:00+00:00",1,1,0],["2025-09-22T00:00:00+00:00",1,1,0]]},"geometry":{"type":"Point","coordinates":[34.459354,31.542603]}},{"type":"Feature","properties":{"site_id":26,"event_code":"CE20231007PSE","latest_date":"2025-09-22T00:00:00+00:00","latest_class":2,"pass_count":14,"h":[["2023-10-15T00:00:00+00:00",2,1,null],["2023-11-07T00:00:00+00:00",2,1,0],["2023-11-26T00:00:00+00:00",2,1,0],["2024-01-06T00:00:00+00:00",2,1,0],["2024-02-29T00:00:00+00:00",2,1,0],["2024-04-01T00:00:00+00:00",2,1,0],["2024-05-03T00:00:00+00:00",2,1,0],["2024-07-06T00:00:00+00:00",2,1,0],["2024-09-06T00:00:00+00:00",2,1,0],["2024-12-01T00:00:00+00:00",2,1,0],["2025-02-25T00:00:00+00:00",2,1,0],["2025-04-04T00:00:00+00:00",2,1,0],["2025-07-08T00:00:00+00:00",2,1,0],["2025-09-22T00:00:00+00:00",2,1,0]]},"geometry":{"type":"Point","coordinates":[34.45905,31.542768]}},{"type":"Feature","properties":{"site_id":26,"event_code":"CE20231007PSE","latest_date":"2025-09-22T00:00:00+00:00","latest_class":1,"pass_count":14,"h":[["2023-10-15T00:00:00+00:00",2,1,null],["2023-11-07T00:00:00+00:00",2,1,0],["2023-11-26T00:00:00+00:00",2,1,0],["2024-01-06T00:00:00+00:00",2,1,0],["2024-02-29T00:00:00+00:00",2,1,0],["2024-04-01T00:00:00+00:00",2,1,0],["2024-05-03T00:00:00+00:00",2,1,0],["2024-07-06T00:00:00+00:00",2,1,0],["2024-09-06T00:00:00+00:00",2,1,0],["2024-12-01T00:00:00+00:00",2,1,0],["2025-02-25T00:00:00+00:00",2,1,0],["2025-04-04T00:00:00+00:00",2,1,0],["2025-07-08T00:00:00+00:00",2,1,0],["2025-09-22T00:00:00+00:00",1,1,1]]},"geometry":{"type":"Point","coordinates":[34.459474,31.542728]}},{"type":"Feature","properties":{"site_id":26,"event_code":"CE20231007PSE","latest_date":"2025-09-22T00:00:00+00:00","latest_class":3,"pass_count":14,"h":[["2023-10-15T00:00:00+00:00",3,2,null],["2023-11-07T00:00:00+00:00",3,2,0],["2023-11-26T00:00:00+00:00",3,2,0],["2024-01-06T00:00:00+00:00",3,2,0],["2024-02-29T00:00:00+00:00",3,2,0],["2024-04-01T00:00:00+00:00",3,2,0],["2024-05-03T00:00:00+00:00",3,2,0],["2024-07-06T00:00:00+00:00",3,2,0],["2024-09-06T00:00:00+00:00",3,2,0],["2024-12-01T00:00:00+00:00",3,2,0],["2025-02-25T00:00:00+00:00",3,2,0],["2025-04-04T00:00:00+00:00",3,2,0],["2025-07-08T00:00:00+00:00",3,2,0],["2025-09-22T00:00:00+00:00",3,2,0]]},"geometry":{"type":"Point","coordinates":[34.45893,31.542852]}},{"type":"Feature","properties":{"site_id":26,"event_code":"CE20231007PSE","latest_date":"2025-09-22T00:00:00+00:00","latest_class":2,"pass_count":14,"h":[["2023-10-15T00:00:00+00:00",3,2,null],["2023-11-07T00:00:00+00:00",3,2,0],["2023-11-26T00:00:00+00:00",3,2,0],["2024-01-06T00:00:00+00:00",2,1,1],["2024-02-29T00:00:00+00:00",2,1,0],["2024-04-01T00:00:00+00:00",2,1,0],["2024-05-03T00:00:00+00:00",2,1,0],["2024-07-06T00:00:00+00:00",2,1,0],["2024-09-06T00:00:00+00:00",2,1,0],["2024-12-01T00:00:00+00:00",2,1,0],["2025-02-25T00:00:00+00:00",2,1,0],["2025-04-04T00:00:00+00:00",2,1,0],["2025-07-08T00:00:00+00:00",2,1,0],["2025-09-22T00:00:00+00:00",2,1,0]]},"geometry":{"type":"Point","coordinates":[34.45926,31.542726]}},{"type":"Feature","properties":{"site_id":26,"event_code":"CE20231007PSE","latest_date":"2025-09-22T00:00:00+00:00","latest_class":1,"pass_count":14,"h":[["2023-10-15T00:00:00+00:00",3,2,null],["2023-11-07T00:00:00+00:00",3,2,0],["2023-11-26T00:00:00+00:00",3,2,0],["2024-01-06T00:00:00+00:00",3,2,0],["2024-02-29T00:00:00+00:00",3,2,0],["2024-04-01T00:00:00+00:00",3,2,0],["2024-05-03T00:00:00+00:00",3,2,0],["2024-07-06T00:00:00+00:00",3,2,0],["2024-09-06T00:00:00+00:00",3,2,0],["2024-12-01T00:00:00+00:00",3,2,0],["2025-02-25T00:00:00+00:00",3,2,0],["2025-04-04T00:00:00+00:00",3,2,0],["2025-07-08T00:00:00+00:00",3,2,0],["2025-09-22T00:00:00+00:00",1,1,1]]},"geometry":{"type":"Point","coordinates":[34.459475,31.542523]}},{"type":"Feature","properties":{"site_id":26,"event_code":"CE20231007PSE","latest_date":"2025-09-22T00:00:00+00:00","latest_class":1,"pass_count":14,"h":[["2023-10-15T00:00:00+00:00",3,2,null],["2023-11-07T00:00:00+00:00",3,2,0],["2023-11-26T00:00:00+00:00",3,2,0],["2024-01-06T00:00:00+00:00",2,1,1],["2024-02-29T00:00:00+00:00",2,1,0],["2024-04-01T00:00:00+00:00",2,1,0],["2024-05-03T00:00:00+00:00",2,1,0],["2024-07-06T00:00:00+00:00",2,1,0],["2024-09-06T00:00:00+00:00",2,1,0],["2024-12-01T00:00:00+00:00",2,1,0],["2025-02-25T00:00:00+00:00",2,1,0],["2025-04-04T00:00:00+00:00",2,1,0],["2025-07-08T00:00:00+00:00",2,1,0],["2025-09-22T00:00:00+00:00",1,1,1]]},"geometry":{"type":"Point","coordinates":[34.459594,31.542611]}},{"type":"Feature","properties":{"site_id":26,"event_code":"CE20231007PSE","latest_date":"2025-09-22T00:00:00+00:00","latest_class":1,"pass_count":14,"h":[["2023-10-15T00:00:00+00:00",3,2,null],["2023-11-07T00:00:00+00:00",3,2,0],["2023-11-26T00:00:00+00:00",3,2,0],["2024-01-06T00:00:00+00:00",3,2,0],["2024-02-29T00:00:00+00:00",3,2,0],["2024-04-01T00:00:00+00:00",3,2,0],["2024-05-03T00:00:00+00:00",3,2,0],["2024-07-06T00:00:00+00:00",3,2,0],["2024-09-06T00:00:00+00:00",3,2,0],["2024-12-01T00:00:00+00:00",3,2,0],["2025-02-25T00:00:00+00:00",3,2,0],["2025-04-04T00:00:00+00:00",3,2,0],["2025-07-08T00:00:00+00:00",3,2,0],["2025-09-22T00:00:00+00:00",1,1,1]]},"geometry":{"type":"Point","coordinates":[34.459374,31.542822]}},{"type":"Feature","properties":{"site_id":26,"event_code":"CE20231007PSE","latest_date":"2025-09-22T00:00:00+00:00","latest_class":1,"pass_count":14,"h":[["2023-10-15T00:00:00+00:00",2,1,null],["2023-11-07T00:00:00+00:00",2,1,0],["2023-11-26T00:00:00+00:00",2,1,0],["2024-01-06T00:00:00+00:00",2,1,0],["2024-02-29T00:00:00+00:00",2,1,0],["2024-04-01T00:00:00+00:00",2,1,0],["2024-05-03T00:00:00+00:00",2,1,0],["2024-07-06T00:00:00+00:00",2,1,0],["2024-09-06T00:00:00+00:00",2,1,0],["2024-12-01T00:00:00+00:00",2,1,0],["2025-02-25T00:00:00+00:00",2,1,0],["2025-04-04T00:00:00+00:00",2,1,0],["2025-07-08T00:00:00+00:00",2,1,0],["2025-09-22T00:00:00+00:00",1,1,1]]},"geometry":{"type":"Point","coordinates":[34.459215,31.542536]}},{"type":"Feature","properties":{"site_id":26,"event_code":"CE20231007PSE","latest_date":"2025-09-22T00:00:00+00:00","latest_class":1,"pass_count":14,"h":[["2023-10-15T00:00:00+00:00",3,2,null],["2023-11-07T00:00:00+00:00",3,2,0],["2023-11-26T00:00:00+00:00",3,2,0],["2024-01-06T00:00:00+00:00",3,2,0],["2024-02-29T00:00:00+00:00",3,2,0],["2024-04-01T00:00:00+00:00",3,2,0],["2024-05-03T00:00:00+00:00",3,2,0],["2024-07-06T00:00:00+00:00",3,2,0],["2024-09-06T00:00:00+00:00",3,2,0],["2024-12-01T00:00:00+00:00",3,2,0],["2025-02-25T00:00:00+00:00",3,2,0],["2025-04-04T00:00:00+00:00",3,2,0],["2025-07-08T00:00:00+00:00",3,2,0],["2025-09-22T00:00:00+00:00",1,1,1]]},"geometry":{"type":"Point","coordinates":[34.459351,31.542416]}},{"type":"Feature","properties":{"site_id":26,"event_code":"CE20231007PSE","latest_date":"2025-09-22T00:00:00+00:00","latest_class":1,"pass_count":14,"h":[["2023-10-15T00:00:00+00:00",3,2,null],["2023-11-07T00:00:00+00:00",3,2,0],["2023-11-26T00:00:00+00:00",3,2,0],["2024-01-06T00:00:00+00:00",3,2,0],["2024-02-29T00:00:00+00:00",3,2,0],["2024-04-01T00:00:00+00:00",3,2,0],["2024-05-03T00:00:00+00:00",3,2,0],["2024-07-06T00:00:00+00:00",3,2,0],["2024-09-06T00:00:00+00:00",3,2,0],["2024-12-01T00:00:00+00:00",3,2,0],["2025-02-25T00:00:00+00:00",3,2,0],["2025-04-04T00:00:00+00:00",3,2,0],["2025-07-08T00:00:00+00:00",3,2,0],["2025-09-22T00:00:00+00:00",1,1,1]]},"geometry":{"type":"Point","coordinates":[34.459199,31.542303]}},{"type":"Feature","properties":{"site_id":26,"event_code":"CE20231007PSE","latest_date":"2025-09-22T00:00:00+00:00","latest_class":1,"pass_count":14,"h":[["2023-10-15T00:00:00+00:00",3,2,null],["2023-11-07T00:00:00+00:00",3,2,0],["2023-11-26T00:00:00+00:00",3,2,0],["2024-01-06T00:00:00+00:00",3,2,0],["2024-02-29T00:00:00+00:00",3,2,0],["2024-04-01T00:00:00+00:00",3,2,0],["2024-05-03T00:00:00+00:00",3,2,0],["2024-07-06T00:00:00+00:00",3,2,0],["2024-09-06T00:00:00+00:00",3,2,0],["2024-12-01T00:00:00+00:00",3,2,0],["2025-02-25T00:00:00+00:00",3,2,0],["2025-04-04T00:00:00+00:00",3,2,0],["2025-07-08T00:00:00+00:00",3,2,0],["2025-09-22T00:00:00+00:00",1,1,1]]},"geometry":{"type":"Point","coordinates":[34.459045,31.542402]}},{"type":"Feature","properties":{"site_id":26,"event_code":"CE20231007PSE","latest_date":"2025-09-22T00:00:00+00:00","latest_class":1,"pass_count":14,"h":[["2023-10-15T00:00:00+00:00",3,2,null],["2023-11-07T00:00:00+00:00",3,2,0],["2023-11-26T00:00:00+00:00",3,2,0],["2024-01-06T00:00:00+00:00",3,2,0],["2024-02-29T00:00:00+00:00",3,2,0],["2024-04-01T00:00:00+00:00",3,2,0],["2024-05-03T00:00:00+00:00",3,2,0],["2024-07-06T00:00:00+00:00",3,2,0],["2024-09-06T00:00:00+00:00",3,2,0],["2024-12-01T00:00:00+00:00",3,2,0],["2025-02-25T00:00:00+00:00",3,2,0],["2025-04-04T00:00:00+00:00",3,2,0],["2025-07-08T00:00:00+00:00",3,2,0],["2025-09-22T00:00:00+00:00",1,1,1]]},"geometry":{"type":"Point","coordinates":[34.458891,31.542475]}},{"type":"Feature","properties":{"site_id":26,"event_code":"CE20231007PSE","latest_date":"2025-09-22T00:00:00+00:00","latest_class":1,"pass_count":14,"h":[["2023-10-15T00:00:00+00:00",3,2,null],["2023-11-07T00:00:00+00:00",3,2,0],["2023-11-26T00:00:00+00:00",3,2,0],["2024-01-06T00:00:00+00:00",3,2,0],["2024-02-29T00:00:00+00:00",3,2,0],["2024-04-01T00:00:00+00:00",3,2,0],["2024-05-03T00:00:00+00:00",3,2,0],["2024-07-06T00:00:00+00:00",3,2,0],["2024-09-06T00:00:00+00:00",3,2,0],["2024-12-01T00:00:00+00:00",3,2,0],["2025-02-25T00:00:00+00:00",3,2,0],["2025-04-04T00:00:00+00:00",3,2,0],["2025-07-08T00:00:00+00:00",3,2,0],["2025-09-22T00:00:00+00:00",1,1,1]]},"geometry":{"type":"Point","coordinates":[34.458817,31.542584]}},{"type":"Feature","properties":{"site_id":26,"event_code":"CE20231007PSE","latest_date":"2025-09-22T00:00:00+00:00","latest_class":1,"pass_count":14,"h":[["2023-10-15T00:00:00+00:00",3,2,null],["2023-11-07T00:00:00+00:00",3,2,0],["2023-11-26T00:00:00+00:00",3,2,0],["2024-01-06T00:00:00+00:00",3,2,0],["2024-02-29T00:00:00+00:00",3,2,0],["2024-04-01T00:00:00+00:00",3,2,0],["2024-05-03T00:00:00+00:00",3,2,0],["2024-07-06T00:00:00+00:00",3,2,0],["2024-09-06T00:00:00+00:00",3,2,0],["2024-12-01T00:00:00+00:00",3,2,0],["2025-02-25T00:00:00+00:00",3,2,0],["2025-04-04T00:00:00+00:00",3,2,0],["2025-07-08T00:00:00+00:00",3,2,0],["2025-09-22T00:00:00+00:00",1,1,1]]},"geometry":{"type":"Point","coordinates":[34.45913,31.542243]}},{"type":"Feature","properties":{"site_id":26,"event_code":"CE20231007PSE","latest_date":"2025-09-22T00:00:00+00:00","latest_class":2,"pass_count":14,"h":[["2023-10-15T00:00:00+00:00",3,2,null],["2023-11-07T00:00:00+00:00",3,2,0],["2023-11-26T00:00:00+00:00",3,2,0],["2024-01-06T00:00:00+00:00",3,2,0],["2024-02-29T00:00:00+00:00",3,2,0],["2024-04-01T00:00:00+00:00",3,2,0],["2024-05-03T00:00:00+00:00",3,2,0],["2024-07-06T00:00:00+00:00",3,2,0],["2024-09-06T00:00:00+00:00",3,2,0],["2024-12-01T00:00:00+00:00",3,2,0],["2025-02-25T00:00:00+00:00",3,2,0],["2025-04-04T00:00:00+00:00",3,2,0],["2025-07-08T00:00:00+00:00",3,2,0],["2025-09-22T00:00:00+00:00",2,2,1]]},"geometry":{"type":"Point","coordinates":[34.45905,31.542197]}},{"type":"Feature","properties":{"site_id":1,"event_code":"CE20231007PSE","latest_date":"2025-09-22T00:00:00+00:00","latest_class":1,"pass_count":14,"h":[["2023-10-15T00:00:00+00:00",4,3,null],["2023-11-07T00:00:00+00:00",1,1,1],["2023-11-26T00:00:00+00:00",1,1,0],["2024-01-06T00:00:00+00:00",1,1,0],["2024-02-29T00:00:00+00:00",1,1,0],["2024-04-01T00:00:00+00:00",1,1,0],["2024-05-03T00:00:00+00:00",1,1,0],["2024-07-06T00:00:00+00:00",1,1,0],["2024-09-06T00:00:00+00:00",1,1,0],["2024-12-01T00:00:00+00:00",1,1,0],["2025-02-25T00:00:00+00:00",1,1,0],["2025-04-04T00:00:00+00:00",1,1,0],["2025-07-08T00:00:00+00:00",1,1,0],["2025-09-22T00:00:00+00:00",1,1,0]]},"geometry":{"type":"Point","coordinates":[34.458964,31.543638]}},{"type":"Feature","properties":{"site_id":26,"event_code":"CE20231007PSE","latest_date":"2025-09-22T00:00:00+00:00","latest_class":1,"pass_count":14,"h":[["2023-10-15T00:00:00+00:00",4,3,null],["2023-11-07T00:00:00+00:00",1,1,1],["2023-11-26T00:00:00+00:00",1,1,0],["2024-01-06T00:00:00+00:00",1,1,0],["2024-02-29T00:00:00+00:00",1,1,0],["2024-04-01T00:00:00+00:00",1,1,0],["2024-05-03T00:00:00+00:00",1,1,0],["2024-07-06T00:00:00+00:00",1,1,0],["2024-09-06T00:00:00+00:00",1,1,0],["2024-12-01T00:00:00+00:00",1,1,0],["2025-02-25T00:00:00+00:00",1,1,0],["2025-04-04T00:00:00+00:00",1,1,0],["2025-07-08T00:00:00+00:00",1,1,0],["2025-09-22T00:00:00+00:00",1,1,0]]},"geometry":{"type":"Point","coordinates":[34.457708,31.543223]}},{"type":"Feature","properties":{"site_id":26,"event_code":"CE20231007PSE","latest_date":"2025-09-22T00:00:00+00:00","latest_class":1,"pass_count":14,"h":[["2023-10-15T00:00:00+00:00",4,3,null],["2023-11-07T00:00:00+00:00",2,1,1],["2023-11-26T00:00:00+00:00",1,1,1],["2024-01-06T00:00:00+00:00",1,1,0],["2024-02-29T00:00:00+00:00",1,1,0],["2024-04-01T00:00:00+00:00",1,1,0],["2024-05-03T00:00:00+00:00",1,1,0],["2024-07-06T00:00:00+00:00",1,1,0],["2024-09-06T00:00:00+00:00",1,1,0],["2024-12-01T00:00:00+00:00",1,1,0],["2025-02-25T00:00:00+00:00",1,1,0],["2025-04-04T00:00:00+00:00",1,1,0],["2025-07-08T00:00:00+00:00",1,1,0],["2025-09-22T00:00:00+00:00",1,1,0]]},"geometry":{"type":"Point","coordinates":[34.457747,31.542447]}},{"type":"Feature","properties":{"site_id":26,"event_code":"CE20231007PSE","latest_date":"2025-09-22T00:00:00+00:00","latest_class":1,"pass_count":14,"h":[["2023-10-15T00:00:00+00:00",4,3,null],["2023-11-07T00:00:00+00:00",3,2,1],["2023-11-26T00:00:00+00:00",1,2,1],["2024-01-06T00:00:00+00:00",1,2,0],["2024-02-29T00:00:00+00:00",1,1,0],["2024-04-01T00:00:00+00:00",1,1,0],["2024-05-03T00:00:00+00:00",1,1,0],["2024-07-06T00:00:00+00:00",1,1,0],["2024-09-06T00:00:00+00:00",1,1,0],["2024-12-01T00:00:00+00:00",1,1,0],["2025-02-25T00:00:00+00:00",1,1,0],["2025-04-04T00:00:00+00:00",1,1,0],["2025-07-08T00:00:00+00:00",1,1,0],["2025-09-22T00:00:00+00:00",1,1,0]]},"geometry":{"type":"Point","coordinates":[34.459863,31.542271]}},{"type":"Feature","properties":{"site_id":26,"event_code":"CE20231007PSE","latest_date":"2025-09-22T00:00:00+00:00","latest_class":1,"pass_count":13,"h":[["2023-11-07T00:00:00+00:00",2,1,3],["2023-11-26T00:00:00+00:00",1,1,1],["2024-01-06T00:00:00+00:00",1,1,0],["2024-02-29T00:00:00+00:00",1,1,0],["2024-04-01T00:00:00+00:00",1,1,0],["2024-05-03T00:00:00+00:00",1,1,0],["2024-07-06T00:00:00+00:00",1,1,0],["2024-09-06T00:00:00+00:00",1,1,0],["2024-12-01T00:00:00+00:00",1,1,0],["2025-02-25T00:00:00+00:00",1,1,0],["2025-04-04T00:00:00+00:00",1,1,0],["2025-07-08T00:00:00+00:00",1,1,0],["2025-09-22T00:00:00+00:00",1,1,0]]},"geometry":{"type":"Point","coordinates":[34.460446,31.542531]}},{"type":"Feature","properties":{"site_id":26,"event_code":"CE20231007PSE","latest_date":"2025-09-22T00:00:00+00:00","latest_class":1,"pass_count":14,"h":[["2023-10-15T00:00:00+00:00",4,3,null],["2023-11-07T00:00:00+00:00",2,1,1],["2023-11-26T00:00:00+00:00",1,1,1],["2024-01-06T00:00:00+00:00",1,1,0],["2024-02-29T00:00:00+00:00",1,1,0],["2024-04-01T00:00:00+00:00",1,1,0],["2024-05-03T00:00:00+00:00",1,1,0],["2024-07-06T00:00:00+00:00",1,1,0],["2024-09-06T00:00:00+00:00",1,1,0],["2024-12-01T00:00:00+00:00",1,1,0],["2025-02-25T00:00:00+00:00",1,1,0],["2025-04-04T00:00:00+00:00",1,1,0],["2025-07-08T00:00:00+00:00",1,1,0],["2025-09-22T00:00:00+00:00",1,1,0]]},"geometry":{"type":"Point","coordinates":[34.460519,31.542247]}},{"type":"Feature","properties":{"site_id":26,"event_code":"CE20231007PSE","latest_date":"2025-09-22T00:00:00+00:00","latest_class":2,"pass_count":13,"h":[["2023-11-07T00:00:00+00:00",2,1,3],["2023-11-26T00:00:00+00:00",2,1,0],["2024-01-06T00:00:00+00:00",2,1,0],["2024-02-29T00:00:00+00:00",2,1,0],["2024-04-01T00:00:00+00:00",2,1,0],["2024-05-03T00:00:00+00:00",2,1,0],["2024-07-06T00:00:00+00:00",2,1,0],["2024-09-06T00:00:00+00:00",2,1,0],["2024-12-01T00:00:00+00:00",2,1,0],["2025-02-25T00:00:00+00:00",2,1,0],["2025-04-04T00:00:00+00:00",2,1,0],["2025-07-08T00:00:00+00:00",2,1,0],["2025-09-22T00:00:00+00:00",2,1,0]]},"geometry":{"type":"Point","coordinates":[34.461083,31.542428]}},{"type":"Feature","properties":{"site_id":26,"event_code":"CE20231007PSE","latest_date":"2025-09-22T00:00:00+00:00","latest_class":1,"pass_count":14,"h":[["2023-10-15T00:00:00+00:00",4,3,null],["2023-11-07T00:00:00+00:00",1,1,1],["2023-11-26T00:00:00+00:00",1,1,0],["2024-01-06T00:00:00+00:00",1,1,0],["2024-02-29T00:00:00+00:00",1,1,0],["2024-04-01T00:00:00+00:00",1,1,0],["2024-05-03T00:00:00+00:00",1,1,0],["2024-07-06T00:00:00+00:00",1,1,0],["2024-09-06T00:00:00+00:00",1,1,0],["2024-12-01T00:00:00+00:00",1,1,0],["2025-02-25T00:00:00+00:00",1,1,0],["2025-04-04T00:00:00+00:00",1,1,0],["2025-07-08T00:00:00+00:00",1,1,0],["2025-09-22T00:00:00+00:00",1,1,0]]},"geometry":{"type":"Point","coordinates":[34.457276,31.543117]}},{"type":"Feature","properties":{"site_id":26,"event_code":"CE20231007PSE","latest_date":"2025-09-22T00:00:00+00:00","latest_class":2,"pass_count":14,"h":[["2023-10-15T00:00:00+00:00",4,3,null],["2023-11-07T00:00:00+00:00",4,3,0],["2023-11-26T00:00:00+00:00",2,1,1],["2024-01-06T00:00:00+00:00",2,1,0],["2024-02-29T00:00:00+00:00",2,1,0],["2024-04-01T00:00:00+00:00",2,1,0],["2024-05-03T00:00:00+00:00",2,1,0],["2024-07-06T00:00:00+00:00",2,1,0],["2024-09-06T00:00:00+00:00",2,1,0],["2024-12-01T00:00:00+00:00",2,1,0],["2025-02-25T00:00:00+00:00",2,1,0],["2025-04-04T00:00:00+00:00",2,1,0],["2025-07-08T00:00:00+00:00",2,1,0],["2025-09-22T00:00:00+00:00",2,1,0]]},"geometry":{"type":"Point","coordinates":[34.459447,31.543319]}},{"type":"Feature","properties":{"site_id":26,"event_code":"CE20231007PSE","latest_date":"2025-09-22T00:00:00+00:00","latest_class":1,"pass_count":12,"h":[["2023-11-26T00:00:00+00:00",2,1,3],["2024-01-06T00:00:00+00:00",1,1,1],["2024-02-29T00:00:00+00:00",1,1,0],["2024-04-01T00:00:00+00:00",1,1,0],["2024-05-03T00:00:00+00:00",1,1,0],["2024-07-06T00:00:00+00:00",1,1,0],["2024-09-06T00:00:00+00:00",1,1,0],["2024-12-01T00:00:00+00:00",1,1,0],["2025-02-25T00:00:00+00:00",1,1,0],["2025-04-04T00:00:00+00:00",1,1,0],["2025-07-08T00:00:00+00:00",1,1,0],["2025-09-22T00:00:00+00:00",1,1,0]]},"geometry":{"type":"Point","coordinates":[34.460153,31.542724]}},{"type":"Feature","properties":{"site_id":26,"event_code":"CE20231007PSE","latest_date":"2025-09-22T00:00:00+00:00","latest_class":2,"pass_count":14,"h":[["2023-10-15T00:00:00+00:00",4,3,null],["2023-11-07T00:00:00+00:00",4,3,0],["2023-11-26T00:00:00+00:00",2,1,1],["2024-01-06T00:00:00+00:00",2,1,0],["2024-02-29T00:00:00+00:00",2,1,0],["2024-04-01T00:00:00+00:00",2,1,0],["2024-05-03T00:00:00+00:00",2,1,0],["2024-07-06T00:00:00+00:00",2,1,0],["2024-09-06T00:00:00+00:00",2,1,0],["2024-12-01T00:00:00+00:00",2,1,0],["2025-02-25T00:00:00+00:00",2,1,0],["2025-04-04T00:00:00+00:00",2,1,0],["2025-07-08T00:00:00+00:00",2,1,0],["2025-09-22T00:00:00+00:00",2,1,0]]},"geometry":{"type":"Point","coordinates":[34.457027,31.542246]}},{"type":"Feature","properties":{"site_id":26,"event_code":"CE20231007PSE","latest_date":"2025-09-22T00:00:00+00:00","latest_class":1,"pass_count":13,"h":[["2023-11-07T00:00:00+00:00",4,3,3],["2023-11-26T00:00:00+00:00",2,1,1],["2024-01-06T00:00:00+00:00",2,1,0],["2024-02-29T00:00:00+00:00",2,1,0],["2024-04-01T00:00:00+00:00",2,1,0],["2024-05-03T00:00:00+00:00",2,1,0],["2024-07-06T00:00:00+00:00",2,1,0],["2024-09-06T00:00:00+00:00",2,1,0],["2024-12-01T00:00:00+00:00",2,1,0],["2025-02-25T00:00:00+00:00",2,1,0],["2025-04-04T00:00:00+00:00",2,1,0],["2025-07-08T00:00:00+00:00",2,1,0],["2025-09-22T00:00:00+00:00",1,1,1]]},"geometry":{"type":"Point","coordinates":[34.461094,31.542226]}},{"type":"Feature","properties":{"site_id":26,"event_code":"CE20231007PSE","latest_date":"2025-09-22T00:00:00+00:00","latest_class":1,"pass_count":13,"h":[["2023-11-07T00:00:00+00:00",4,3,3],["2023-11-26T00:00:00+00:00",3,2,1],["2024-01-06T00:00:00+00:00",1,1,1],["2024-02-29T00:00:00+00:00",1,1,0],["2024-04-01T00:00:00+00:00",1,1,0],["2024-05-03T00:00:00+00:00",1,1,0],["2024-07-06T00:00:00+00:00",1,1,0],["2024-09-06T00:00:00+00:00",1,1,0],["2024-12-01T00:00:00+00:00",1,1,0],["2025-02-25T00:00:00+00:00",1,1,0],["2025-04-04T00:00:00+00:00",1,1,0],["2025-07-08T00:00:00+00:00",1,1,0],["2025-09-22T00:00:00+00:00",1,1,0]]},"geometry":{"type":"Point","coordinates":[34.460627,31.54242]}},{"type":"Feature","properties":{"site_id":26,"event_code":"CE20231007PSE","latest_date":"2025-09-22T00:00:00+00:00","latest_class":3,"pass_count":13,"h":[["2023-11-07T00:00:00+00:00",4,3,3],["2023-11-26T00:00:00+00:00",3,2,1],["2024-01-06T00:00:00+00:00",3,2,0],["2024-02-29T00:00:00+00:00",3,2,0],["2024-04-01T00:00:00+00:00",3,2,0],["2024-05-03T00:00:00+00:00",3,2,0],["2024-07-06T00:00:00+00:00",3,2,0],["2024-09-06T00:00:00+00:00",3,2,0],["2024-12-01T00:00:00+00:00",3,2,0],["2025-02-25T00:00:00+00:00",3,2,0],["2025-04-04T00:00:00+00:00",3,2,0],["2025-07-08T00:00:00+00:00",3,2,0],["2025-09-22T00:00:00+00:00",3,2,0]]},"geometry":{"type":"Point","coordinates":[34.460985,31.542497]}},{"type":"Feature","properties":{"site_id":26,"event_code":"CE20231007PSE","latest_date":"2025-09-22T00:00:00+00:00","latest_class":3,"pass_count":13,"h":[["2023-11-07T00:00:00+00:00",3,2,3],["2023-11-26T00:00:00+00:00",3,2,0],["2024-01-06T00:00:00+00:00",3,2,0],["2024-02-29T00:00:00+00:00",3,2,0],["2024-04-01T00:00:00+00:00",3,2,0],["2024-05-03T00:00:00+00:00",3,2,0],["2024-07-06T00:00:00+00:00",3,2,0],["2024-09-06T00:00:00+00:00",3,2,0],["2024-12-01T00:00:00+00:00",3,2,0],["2025-02-25T00:00:00+00:00",3,2,0],["2025-04-04T00:00:00+00:00",3,2,0],["2025-07-08T00:00:00+00:00",3,2,0],["2025-09-22T00:00:00+00:00",3,2,0]]},"geometry":{"type":"Point","coordinates":[34.460636,31.542667]}},{"type":"Feature","properties":{"site_id":26,"event_code":"CE20231007PSE","latest_date":"2025-09-22T00:00:00+00:00","latest_class":1,"pass_count":11,"h":[["2024-01-06T00:00:00+00:00",1,1,3],["2024-02-29T00:00:00+00:00",1,1,0],["2024-04-01T00:00:00+00:00",1,1,0],["2024-05-03T00:00:00+00:00",1,1,0],["2024-07-06T00:00:00+00:00",1,1,0],["2024-09-06T00:00:00+00:00",1,1,0],["2024-12-01T00:00:00+00:00",1,1,0],["2025-02-25T00:00:00+00:00",1,1,0],["2025-04-04T00:00:00+00:00",1,1,0],["2025-07-08T00:00:00+00:00",1,1,0],["2025-09-22T00:00:00+00:00",1,1,0]]},"geometry":{"type":"Point","coordinates":[34.460354,31.542361]}},{"type":"Feature","properties":{"site_id":26,"event_code":"CE20231007PSE","latest_date":"2025-09-22T00:00:00+00:00","latest_class":3,"pass_count":11,"h":[["2024-01-06T00:00:00+00:00",3,2,3],["2024-02-29T00:00:00+00:00",3,2,0],["2024-04-01T00:00:00+00:00",3,2,0],["2024-05-03T00:00:00+00:00",3,2,0],["2024-07-06T00:00:00+00:00",3,2,0],["2024-09-06T00:00:00+00:00",3,2,0],["2024-12-01T00:00:00+00:00",3,2,0],["2025-02-25T00:00:00+00:00",3,2,0],["2025-04-04T00:00:00+00:00",3,2,0],["2025-07-08T00:00:00+00:00",3,2,0],["2025-09-22T00:00:00+00:00",3,2,0]]},"geometry":{"type":"Point","coordinates":[34.461377,31.542269]}},{"type":"Feature","properties":{"site_id":26,"event_code":"CE20231007PSE","latest_date":"2025-09-22T00:00:00+00:00","latest_class":3,"pass_count":13,"h":[["2023-11-07T00:00:00+00:00",4,3,3],["2023-11-26T00:00:00+00:00",4,3,0],["2024-01-06T00:00:00+00:00",3,2,1],["2024-02-29T00:00:00+00:00",3,2,0],["2024-04-01T00:00:00+00:00",3,2,0],["2024-05-03T00:00:00+00:00",3,2,0],["2024-07-06T00:00:00+00:00",3,2,0],["2024-09-06T00:00:00+00:00",3,2,0],["2024-12-01T00:00:00+00:00",3,2,0],["2025-02-25T00:00:00+00:00",3,2,0],["2025-04-04T00:00:00+00:00",3,2,0],["2025-07-08T00:00:00+00:00",3,2,0],["2025-09-22T00:00:00+00:00",3,2,0]]},"geometry":{"type":"Point","coordinates":[34.461011,31.542325]}},{"type":"Feature","properties":{"site_id":26,"event_code":"CE20231007PSE","latest_date":"2025-09-22T00:00:00+00:00","latest_class":2,"pass_count":13,"h":[["2023-11-07T00:00:00+00:00",4,3,3],["2023-11-26T00:00:00+00:00",4,3,0],["2024-01-06T00:00:00+00:00",2,1,1],["2024-02-29T00:00:00+00:00",2,1,0],["2024-04-01T00:00:00+00:00",2,1,0],["2024-05-03T00:00:00+00:00",2,1,0],["2024-07-06T00:00:00+00:00",2,1,0],["2024-09-06T00:00:00+00:00",2,1,0],["2024-12-01T00:00:00+00:00",2,1,0],["2025-02-25T00:00:00+00:00",2,1,0],["2025-04-04T00:00:00+00:00",2,1,0],["2025-07-08T00:00:00+00:00",2,1,0],["2025-09-22T00:00:00+00:00",2,1,0]]},"geometry":{"type":"Point","coordinates":[34.460877,31.542386]}},{"type":"Feature","properties":{"site_id":26,"event_code":"CE20231007PSE","latest_date":"2025-09-22T00:00:00+00:00","latest_class":1,"pass_count":14,"h":[["2023-10-15T00:00:00+00:00",1,1,null],["2023-11-07T00:00:00+00:00",1,1,0],["2023-11-26T00:00:00+00:00",1,1,0],["2024-01-06T00:00:00+00:00",1,1,0],["2024-02-29T00:00:00+00:00",1,1,0],["2024-04-01T00:00:00+00:00",1,1,0],["2024-05-03T00:00:00+00:00",1,1,0],["2024-07-06T00:00:00+00:00",1,1,0],["2024-09-06T00:00:00+00:00",1,1,0],["2024-12-01T00:00:00+00:00",1,1,0],["2025-02-25T00:00:00+00:00",1,1,0],["2025-04-04T00:00:00+00:00",1,1,0],["2025-07-08T00:00:00+00:00",1,1,0],["2025-09-22T00:00:00+00:00",1,1,0]]},"geometry":{"type":"Point","coordinates":[34.45339,31.541253]}},{"type":"Feature","properties":{"site_id":26,"event_code":"CE20231007PSE","latest_date":"2025-09-22T00:00:00+00:00","latest_class":3,"pass_count":14,"h":[["2023-10-15T00:00:00+00:00",4,3,null],["2023-11-07T00:00:00+00:00",3,2,1],["2023-11-26T00:00:00+00:00",3,2,0],["2024-01-06T00:00:00+00:00",3,2,0],["2024-02-29T00:00:00+00:00",3,2,0],["2024-04-01T00:00:00+00:00",3,2,0],["2024-05-03T00:00:00+00:00",3,2,0],["2024-07-06T00:00:00+00:00",3,2,0],["2024-09-06T00:00:00+00:00",3,2,0],["2024-12-01T00:00:00+00:00",3,2,0],["2025-02-25T00:00:00+00:00",3,2,0],["2025-04-04T00:00:00+00:00",3,2,0],["2025-07-08T00:00:00+00:00",3,2,0],["2025-09-22T00:00:00+00:00",3,2,0]]},"geometry":{"type":"Point","coordinates":[34.457813,31.54201]}},{"type":"Feature","properties":{"site_id":26,"event_code":"CE20231007PSE","latest_date":"2025-09-22T00:00:00+00:00","latest_class":1,"pass_count":14,"h":[["2023-10-15T00:00:00+00:00",4,3,null],["2023-11-07T00:00:00+00:00",3,2,1],["2023-11-26T00:00:00+00:00",3,2,0],["2024-01-06T00:00:00+00:00",3,2,0],["2024-02-29T00:00:00+00:00",3,2,0],["2024-04-01T00:00:00+00:00",3,2,0],["2024-05-03T00:00:00+00:00",3,2,0],["2024-07-06T00:00:00+00:00",3,2,0],["2024-09-06T00:00:00+00:00",3,2,0],["2024-12-01T00:00:00+00:00",3,2,0],["2025-02-25T00:00:00+00:00",3,2,0],["2025-04-04T00:00:00+00:00",3,2,0],["2025-07-08T00:00:00+00:00",3,2,0],["2025-09-22T00:00:00+00:00",1,1,1]]},"geometry":{"type":"Point","coordinates":[34.45773,31.54161]}},{"type":"Feature","properties":{"site_id":26,"event_code":"CE20231007PSE","latest_date":"2025-09-22T00:00:00+00:00","latest_class":3,"pass_count":14,"h":[["2023-10-15T00:00:00+00:00",4,3,null],["2023-11-07T00:00:00+00:00",3,2,1],["2023-11-26T00:00:00+00:00",3,2,0],["2024-01-06T00:00:00+00:00",3,2,0],["2024-02-29T00:00:00+00:00",3,2,0],["2024-04-01T00:00:00+00:00",3,2,0],["2024-05-03T00:00:00+00:00",3,2,0],["2024-07-06T00:00:00+00:00",3,2,0],["2024-09-06T00:00:00+00:00",3,2,0],["2024-12-01T00:00:00+00:00",3,2,0],["2025-02-25T00:00:00+00:00",3,2,0],["2025-04-04T00:00:00+00:00",3,2,0],["2025-07-08T00:00:00+00:00",3,2,0],["2025-09-22T00:00:00+00:00",3,2,0]]},"geometry":{"type":"Point","coordinates":[34.457833,31.541512]}},{"type":"Feature","properties":{"site_id":26,"event_code":"CE20231007PSE","latest_date":"2025-09-22T00:00:00+00:00","latest_class":3,"pass_count":14,"h":[["2023-10-15T00:00:00+00:00",4,3,null],["2023-11-07T00:00:00+00:00",3,2,1],["2023-11-26T00:00:00+00:00",3,2,0],["2024-01-06T00:00:00+00:00",3,2,0],["2024-02-29T00:00:00+00:00",3,2,0],["2024-04-01T00:00:00+00:00",3,2,0],["2024-05-03T00:00:00+00:00",3,2,0],["2024-07-06T00:00:00+00:00",3,2,0],["2024-09-06T00:00:00+00:00",3,2,0],["2024-12-01T00:00:00+00:00",3,2,0],["2025-02-25T00:00:00+00:00",3,2,0],["2025-04-04T00:00:00+00:00",3,2,0],["2025-07-08T00:00:00+00:00",3,2,0],["2025-09-22T00:00:00+00:00",3,2,0]]},"geometry":{"type":"Point","coordinates":[34.457547,31.541823]}},{"type":"Feature","properties":{"site_id":26,"event_code":"CE20231007PSE","latest_date":"2025-09-22T00:00:00+00:00","latest_class":3,"pass_count":14,"h":[["2023-10-15T00:00:00+00:00",4,3,null],["2023-11-07T00:00:00+00:00",3,2,1],["2023-11-26T00:00:00+00:00",3,2,0],["2024-01-06T00:00:00+00:00",3,2,0],["2024-02-29T00:00:00+00:00",3,2,0],["2024-04-01T00:00:00+00:00",3,2,0],["2024-05-03T00:00:00+00:00",3,2,0],["2024-07-06T00:00:00+00:00",3,2,0],["2024-09-06T00:00:00+00:00",3,2,0],["2024-12-01T00:00:00+00:00",3,2,0],["2025-02-25T00:00:00+00:00",3,2,0],["2025-04-04T00:00:00+00:00",3,2,0],["2025-07-08T00:00:00+00:00",3,2,0],["2025-09-22T00:00:00+00:00",3,2,0]]},"geometry":{"type":"Point","coordinates":[34.457822,31.54183]}},{"type":"Feature","properties":{"site_id":26,"event_code":"CE20231007PSE","latest_date":"2025-09-22T00:00:00+00:00","latest_class":3,"pass_count":14,"h":[["2023-10-15T00:00:00+00:00",4,3,null],["2023-11-07T00:00:00+00:00",3,2,1],["2023-11-26T00:00:00+00:00",3,2,0],["2024-01-06T00:00:00+00:00",3,2,0],["2024-02-29T00:00:00+00:00",3,2,0],["2024-04-01T00:00:00+00:00",3,2,0],["2024-05-03T00:00:00+00:00",3,2,0],["2024-07-06T00:00:00+00:00",3,2,0],["2024-09-06T00:00:00+00:00",3,2,0],["2024-12-01T00:00:00+00:00",3,2,0],["2025-02-25T00:00:00+00:00",3,2,0],["2025-04-04T00:00:00+00:00",3,2,0],["2025-07-08T00:00:00+00:00",3,2,0],["2025-09-22T00:00:00+00:00",3,2,0]]},"geometry":{"type":"Point","coordinates":[34.458116,31.542031]}},{"type":"Feature","properties":{"site_id":26,"event_code":"CE20231007PSE","latest_date":"2025-09-22T00:00:00+00:00","latest_class":3,"pass_count":13,"h":[["2023-11-07T00:00:00+00:00",3,2,3],["2023-11-26T00:00:00+00:00",3,2,0],["2024-01-06T00:00:00+00:00",3,2,0],["2024-02-29T00:00:00+00:00",3,2,0],["2024-04-01T00:00:00+00:00",3,2,0],["2024-05-03T00:00:00+00:00",3,2,0],["2024-07-06T00:00:00+00:00",3,2,0],["2024-09-06T00:00:00+00:00",3,2,0],["2024-12-01T00:00:00+00:00",3,2,0],["2025-02-25T00:00:00+00:00",3,2,0],["2025-04-04T00:00:00+00:00",3,2,0],["2025-07-08T00:00:00+00:00",3,2,0],["2025-09-22T00:00:00+00:00",3,2,0]]},"geometry":{"type":"Point","coordinates":[34.457373,31.542565]}},{"type":"Feature","properties":{"site_id":26,"event_code":"CE20231007PSE","latest_date":"2025-09-22T00:00:00+00:00","latest_class":3,"pass_count":14,"h":[["2023-10-15T00:00:00+00:00",4,3,null],["2023-11-07T00:00:00+00:00",3,2,1],["2023-11-26T00:00:00+00:00",3,2,0],["2024-01-06T00:00:00+00:00",3,2,0],["2024-02-29T00:00:00+00:00",3,2,0],["2024-04-01T00:00:00+00:00",3,2,0],["2024-05-03T00:00:00+00:00",3,2,0],["2024-07-06T00:00:00+00:00",3,2,0],["2024-09-06T00:00:00+00:00",3,2,0],["2024-12-01T00:00:00+00:00",3,2,0],["2025-02-25T00:00:00+00:00",3,2,0],["2025-04-04T00:00:00+00:00",3,2,0],["2025-07-08T00:00:00+00:00",3,2,0],["2025-09-22T00:00:00+00:00",3,2,0]]},"geometry":{"type":"Point","coordinates":[34.457295,31.542489]}},{"type":"Feature","properties":{"site_id":26,"event_code":"CE20231007PSE","latest_date":"2025-09-22T00:00:00+00:00","latest_class":3,"pass_count":14,"h":[["2023-10-15T00:00:00+00:00",4,3,null],["2023-11-07T00:00:00+00:00",3,2,1],["2023-11-26T00:00:00+00:00",3,2,0],["2024-01-06T00:00:00+00:00",3,2,0],["2024-02-29T00:00:00+00:00",3,2,0],["2024-04-01T00:00:00+00:00",3,2,0],["2024-05-03T00:00:00+00:00",3,2,0],["2024-07-06T00:00:00+00:00",3,2,0],["2024-09-06T00:00:00+00:00",3,2,0],["2024-12-01T00:00:00+00:00",3,2,0],["2025-02-25T00:00:00+00:00",3,2,0],["2025-04-04T00:00:00+00:00",3,2,0],["2025-07-08T00:00:00+00:00",3,2,0],["2025-09-22T00:00:00+00:00",3,2,0]]},"geometry":{"type":"Point","coordinates":[34.457229,31.542414]}},{"type":"Feature","properties":{"site_id":26,"event_code":"CE20231007PSE","latest_date":"2025-09-22T00:00:00+00:00","latest_class":3,"pass_count":13,"h":[["2023-11-07T00:00:00+00:00",3,2,3],["2023-11-26T00:00:00+00:00",3,2,0],["2024-01-06T00:00:00+00:00",3,2,0],["2024-02-29T00:00:00+00:00",3,2,0],["2024-04-01T00:00:00+00:00",3,2,0],["2024-05-03T00:00:00+00:00",3,2,0],["2024-07-06T00:00:00+00:00",3,2,0],["2024-09-06T00:00:00+00:00",3,2,0],["2024-12-01T00:00:00+00:00",3,2,0],["2025-02-25T00:00:00+00:00",3,2,0],["2025-04-04T00:00:00+00:00",3,2,0],["2025-07-08T00:00:00+00:00",3,2,0],["2025-09-22T00:00:00+00:00",3,2,0]]},"geometry":{"type":"Point","coordinates":[34.457131,31.542332]}},{"type":"Feature","properties":{"site_id":26,"event_code":"CE20231007PSE","latest_date":"2025-09-22T00:00:00+00:00","latest_class":2,"pass_count":14,"h":[["2023-10-15T00:00:00+00:00",2,1,null],["2023-11-07T00:00:00+00:00",2,1,0],["2023-11-26T00:00:00+00:00",2,1,0],["2024-01-06T00:00:00+00:00",2,1,0],["2024-02-29T00:00:00+00:00",2,1,0],["2024-04-01T00:00:00+00:00",2,1,0],["2024-05-03T00:00:00+00:00",2,1,0],["2024-07-06T00:00:00+00:00",2,1,0],["2024-09-06T00:00:00+00:00",2,1,0],["2024-12-01T00:00:00+00:00",2,1,0],["2025-02-25T00:00:00+00:00",2,1,0],["2025-04-04T00:00:00+00:00",2,1,0],["2025-07-08T00:00:00+00:00",2,1,0],["2025-09-22T00:00:00+00:00",2,1,0]]},"geometry":{"type":"Point","coordinates":[34.458284,31.542793]}},{"type":"Feature","properties":{"site_id":26,"event_code":"CE20231007PSE","latest_date":"2025-09-22T00:00:00+00:00","latest_class":3,"pass_count":14,"h":[["2023-10-15T00:00:00+00:00",3,2,null],["2023-11-07T00:00:00+00:00",3,2,0],["2023-11-26T00:00:00+00:00",3,2,0],["2024-01-06T00:00:00+00:00",3,2,0],["2024-02-29T00:00:00+00:00",3,2,0],["2024-04-01T00:00:00+00:00",3,2,0],["2024-05-03T00:00:00+00:00",3,2,0],["2024-07-06T00:00:00+00:00",3,2,0],["2024-09-06T00:00:00+00:00",3,2,0],["2024-12-01T00:00:00+00:00",3,2,0],["2025-02-25T00:00:00+00:00",3,2,0],["2025-04-04T00:00:00+00:00",3,2,0],["2025-07-08T00:00:00+00:00",3,2,0],["2025-09-22T00:00:00+00:00",3,2,0]]},"geometry":{"type":"Point","coordinates":[34.45834,31.542044]}},{"type":"Feature","properties":{"site_id":26,"event_code":"CE20231007PSE","latest_date":"2025-09-22T00:00:00+00:00","latest_class":3,"pass_count":14,"h":[["2023-10-15T00:00:00+00:00",3,2,null],["2023-11-07T00:00:00+00:00",3,2,0],["2023-11-26T00:00:00+00:00",3,2,0],["2024-01-06T00:00:00+00:00",3,2,0],["2024-02-29T00:00:00+00:00",3,2,0],["2024-04-01T00:00:00+00:00",3,2,0],["2024-05-03T00:00:00+00:00",3,2,0],["2024-07-06T00:00:00+00:00",3,2,0],["2024-09-06T00:00:00+00:00",3,2,0],["2024-12-01T00:00:00+00:00",3,2,0],["2025-02-25T00:00:00+00:00",3,2,0],["2025-04-04T00:00:00+00:00",3,2,0],["2025-07-08T00:00:00+00:00",3,2,0],["2025-09-22T00:00:00+00:00",3,2,0]]},"geometry":{"type":"Point","coordinates":[34.458229,31.541941]}},{"type":"Feature","properties":{"site_id":26,"event_code":"CE20231007PSE","latest_date":"2025-09-22T00:00:00+00:00","latest_class":3,"pass_count":14,"h":[["2023-10-15T00:00:00+00:00",3,2,null],["2023-11-07T00:00:00+00:00",3,2,0],["2023-11-26T00:00:00+00:00",3,2,0],["2024-01-06T00:00:00+00:00",3,2,0],["2024-02-29T00:00:00+00:00",3,2,0],["2024-04-01T00:00:00+00:00",3,2,0],["2024-05-03T00:00:00+00:00",3,2,0],["2024-07-06T00:00:00+00:00",3,2,0],["2024-09-06T00:00:00+00:00",3,2,0],["2024-12-01T00:00:00+00:00",3,2,0],["2025-02-25T00:00:00+00:00",3,2,0],["2025-04-04T00:00:00+00:00",3,2,0],["2025-07-08T00:00:00+00:00",3,2,0],["2025-09-22T00:00:00+00:00",3,2,0]]},"geometry":{"type":"Point","coordinates":[34.458359,31.541623]}},{"type":"Feature","properties":{"site_id":26,"event_code":"CE20231007PSE","latest_date":"2025-09-22T00:00:00+00:00","latest_class":3,"pass_count":14,"h":[["2023-10-15T00:00:00+00:00",3,2,null],["2023-11-07T00:00:00+00:00",3,2,0],["2023-11-26T00:00:00+00:00",3,2,0],["2024-01-06T00:00:00+00:00",3,2,0],["2024-02-29T00:00:00+00:00",3,2,0],["2024-04-01T00:00:00+00:00",3,2,0],["2024-05-03T00:00:00+00:00",3,2,0],["2024-07-06T00:00:00+00:00",3,2,0],["2024-09-06T00:00:00+00:00",3,2,0],["2024-12-01T00:00:00+00:00",3,2,0],["2025-02-25T00:00:00+00:00",3,2,0],["2025-04-04T00:00:00+00:00",3,2,0],["2025-07-08T00:00:00+00:00",3,2,0],["2025-09-22T00:00:00+00:00",3,2,0]]},"geometry":{"type":"Point","coordinates":[34.457913,31.541749]}},{"type":"Feature","properties":{"site_id":26,"event_code":"CE20231007PSE","latest_date":"2025-09-22T00:00:00+00:00","latest_class":3,"pass_count":14,"h":[["2023-10-15T00:00:00+00:00",3,2,null],["2023-11-07T00:00:00+00:00",3,2,0],["2023-11-26T00:00:00+00:00",3,2,0],["2024-01-06T00:00:00+00:00",3,2,0],["2024-02-29T00:00:00+00:00",3,2,0],["2024-04-01T00:00:00+00:00",3,2,0],["2024-05-03T00:00:00+00:00",3,2,0],["2024-07-06T00:00:00+00:00",3,2,0],["2024-09-06T00:00:00+00:00",3,2,0],["2024-12-01T00:00:00+00:00",3,2,0],["2025-02-25T00:00:00+00:00",3,2,0],["2025-04-04T00:00:00+00:00",3,2,0],["2025-07-08T00:00:00+00:00",3,2,0],["2025-09-22T00:00:00+00:00",3,2,0]]},"geometry":{"type":"Point","coordinates":[34.458827,31.541072]}},{"type":"Feature","properties":{"site_id":26,"event_code":"CE20231007PSE","latest_date":"2025-09-22T00:00:00+00:00","latest_class":3,"pass_count":13,"h":[["2023-11-07T00:00:00+00:00",3,2,3],["2023-11-26T00:00:00+00:00",3,2,0],["2024-01-06T00:00:00+00:00",3,2,0],["2024-02-29T00:00:00+00:00",3,2,0],["2024-04-01T00:00:00+00:00",3,2,0],["2024-05-03T00:00:00+00:00",3,2,0],["2024-07-06T00:00:00+00:00",3,2,0],["2024-09-06T00:00:00+00:00",3,2,0],["2024-12-01T00:00:00+00:00",3,2,0],["2025-02-25T00:00:00+00:00",3,2,0],["2025-04-04T00:00:00+00:00",3,2,0],["2025-07-08T00:00:00+00:00",3,2,0],["2025-09-22T00:00:00+00:00",3,2,0]]},"geometry":{"type":"Point","coordinates":[34.456822,31.539928]}},{"type":"Feature","properties":{"site_id":26,"event_code":"CE20231007PSE","latest_date":"2025-09-22T00:00:00+00:00","latest_class":3,"pass_count":11,"h":[["2024-01-06T00:00:00+00:00",3,2,3],["2024-02-29T00:00:00+00:00",3,2,0],["2024-04-01T00:00:00+00:00",3,2,0],["2024-05-03T00:00:00+00:00",3,2,0],["2024-07-06T00:00:00+00:00",3,2,0],["2024-09-06T00:00:00+00:00",3,2,0],["2024-12-01T00:00:00+00:00",3,2,0],["2025-02-25T00:00:00+00:00",3,2,0],["2025-04-04T00:00:00+00:00",3,2,0],["2025-07-08T00:00:00+00:00",3,2,0],["2025-09-22T00:00:00+00:00",3,2,0]]},"geometry":{"type":"Point","coordinates":[34.458214,31.541479]}},{"type":"Feature","properties":{"site_id":26,"event_code":"CE20231007PSE","latest_date":"2025-09-22T00:00:00+00:00","latest_class":1,"pass_count":13,"h":[["2023-11-07T00:00:00+00:00",4,3,3],["2023-11-26T00:00:00+00:00",4,3,0],["2024-01-06T00:00:00+00:00",1,1,1],["2024-02-29T00:00:00+00:00",1,1,0],["2024-04-01T00:00:00+00:00",1,1,0],["2024-05-03T00:00:00+00:00",1,1,0],["2024-07-06T00:00:00+00:00",1,1,0],["2024-09-06T00:00:00+00:00",1,1,0],["2024-12-01T00:00:00+00:00",1,1,0],["2025-02-25T00:00:00+00:00",1,1,0],["2025-04-04T00:00:00+00:00",1,1,0],["2025-07-08T00:00:00+00:00",1,1,0],["2025-09-22T00:00:00+00:00",1,1,0]]},"geometry":{"type":"Point","coordinates":[34.45401,31.541565]}},{"type":"Feature","properties":{"site_id":26,"event_code":"CE20231007PSE","latest_date":"2025-09-22T00:00:00+00:00","latest_class":1,"pass_count":1,"h":[["2025-09-22T00:00:00+00:00",1,1,3]]},"geometry":{"type":"Point","coordinates":[34.458701,31.541123]}},{"type":"Feature","properties":{"site_id":26,"event_code":"CE20231007PSE","latest_date":"2025-09-22T00:00:00+00:00","latest_class":1,"pass_count":13,"h":[["2023-11-07T00:00:00+00:00",4,3,3],["2023-11-26T00:00:00+00:00",4,3,0],["2024-01-06T00:00:00+00:00",4,3,0],["2024-02-29T00:00:00+00:00",4,3,0],["2024-04-01T00:00:00+00:00",4,3,0],["2024-05-03T00:00:00+00:00",4,3,0],["2024-07-06T00:00:00+00:00",4,3,0],["2024-09-06T00:00:00+00:00",4,3,0],["2024-12-01T00:00:00+00:00",4,3,0],["2025-02-25T00:00:00+00:00",4,3,0],["2025-04-04T00:00:00+00:00",4,3,0],["2025-07-08T00:00:00+00:00",4,3,0],["2025-09-22T00:00:00+00:00",1,1,1]]},"geometry":{"type":"Point","coordinates":[34.459457,31.537673]}},{"type":"Feature","properties":{"site_id":26,"event_code":"CE20231007PSE","latest_date":"2025-09-22T00:00:00+00:00","latest_class":4,"pass_count":14,"h":[["2023-10-15T00:00:00+00:00",4,3,null],["2023-11-07T00:00:00+00:00",4,3,0],["2023-11-26T00:00:00+00:00",4,3,0],["2024-01-06T00:00:00+00:00",4,3,0],["2024-02-29T00:00:00+00:00",4,3,0],["2024-04-01T00:00:00+00:00",4,3,0],["2024-05-03T00:00:00+00:00",4,3,0],["2024-07-06T00:00:00+00:00",4,3,0],["2024-09-06T00:00:00+00:00",4,3,0],["2024-12-01T00:00:00+00:00",4,3,0],["2025-02-25T00:00:00+00:00",4,3,0],["2025-04-04T00:00:00+00:00",4,3,0],["2025-07-08T00:00:00+00:00",4,3,0],["2025-09-22T00:00:00+00:00",4,3,0]]},"geometry":{"type":"Point","coordinates":[34.457887,31.543184]}},{"type":"Feature","properties":{"site_id":26,"event_code":"CE20231007PSE","latest_date":"2025-09-22T00:00:00+00:00","latest_class":4,"pass_count":14,"h":[["2023-10-15T00:00:00+00:00",4,3,null],["2023-11-07T00:00:00+00:00",4,3,0],["2023-11-26T00:00:00+00:00",4,3,0],["2024-01-06T00:00:00+00:00",4,3,0],["2024-02-29T00:00:00+00:00",4,3,0],["2024-04-01T00:00:00+00:00",4,3,0],["2024-05-03T00:00:00+00:00",4,3,0],["2024-07-06T00:00:00+00:00",4,3,0],["2024-09-06T00:00:00+00:00",4,3,0],["2024-12-01T00:00:00+00:00",4,3,0],["2025-02-25T00:00:00+00:00",4,3,0],["2025-04-04T00:00:00+00:00",4,3,0],["2025-07-08T00:00:00+00:00",4,3,0],["2025-09-22T00:00:00+00:00",4,3,0]]},"geometry":{"type":"Point","coordinates":[34.456228,31.542674]}},{"type":"Feature","properties":{"site_id":26,"event_code":"CE20231007PSE","latest_date":"2025-09-22T00:00:00+00:00","latest_class":4,"pass_count":13,"h":[["2023-11-07T00:00:00+00:00",4,3,3],["2023-11-26T00:00:00+00:00",4,3,0],["2024-01-06T00:00:00+00:00",4,3,0],["2024-02-29T00:00:00+00:00",4,3,0],["2024-04-01T00:00:00+00:00",4,3,0],["2024-05-03T00:00:00+00:00",4,3,0],["2024-07-06T00:00:00+00:00",4,3,0],["2024-09-06T00:00:00+00:00",4,3,0],["2024-12-01T00:00:00+00:00",4,3,0],["2025-02-25T00:00:00+00:00",4,3,0],["2025-04-04T00:00:00+00:00",4,3,0],["2025-07-08T00:00:00+00:00",4,3,0],["2025-09-22T00:00:00+00:00",4,3,0]]},"geometry":{"type":"Point","coordinates":[34.457313,31.542212]}},{"type":"Feature","properties":{"site_id":26,"event_code":"CE20231007PSE","latest_date":"2025-09-22T00:00:00+00:00","latest_class":4,"pass_count":13,"h":[["2023-11-07T00:00:00+00:00",4,3,3],["2023-11-26T00:00:00+00:00",4,3,0],["2024-01-06T00:00:00+00:00",4,3,0],["2024-02-29T00:00:00+00:00",4,3,0],["2024-04-01T00:00:00+00:00",4,3,0],["2024-05-03T00:00:00+00:00",4,3,0],["2024-07-06T00:00:00+00:00",4,3,0],["2024-09-06T00:00:00+00:00",4,3,0],["2024-12-01T00:00:00+00:00",4,3,0],["2025-02-25T00:00:00+00:00",4,3,0],["2025-04-04T00:00:00+00:00",4,3,0],["2025-07-08T00:00:00+00:00",4,3,0],["2025-09-22T00:00:00+00:00",4,3,0]]},"geometry":{"type":"Point","coordinates":[34.45628,31.541918]}},{"type":"Feature","properties":{"site_id":26,"event_code":"CE20231007PSE","latest_date":"2025-09-22T00:00:00+00:00","latest_class":4,"pass_count":14,"h":[["2023-10-15T00:00:00+00:00",4,3,null],["2023-11-07T00:00:00+00:00",4,3,0],["2023-11-26T00:00:00+00:00",4,3,0],["2024-01-06T00:00:00+00:00",4,3,0],["2024-02-29T00:00:00+00:00",4,3,0],["2024-04-01T00:00:00+00:00",4,3,0],["2024-05-03T00:00:00+00:00",4,3,0],["2024-07-06T00:00:00+00:00",4,3,0],["2024-09-06T00:00:00+00:00",4,3,0],["2024-12-01T00:00:00+00:00",4,3,0],["2025-02-25T00:00:00+00:00",4,3,0],["2025-04-04T00:00:00+00:00",4,3,0],["2025-07-08T00:00:00+00:00",4,3,0],["2025-09-22T00:00:00+00:00",4,3,0]]},"geometry":{"type":"Point","coordinates":[34.4566,31.542696]}},{"type":"Feature","properties":{"site_id":26,"event_code":"CE20231007PSE","latest_date":"2025-09-22T00:00:00+00:00","latest_class":4,"pass_count":13,"h":[["2023-11-07T00:00:00+00:00",4,3,3],["2023-11-26T00:00:00+00:00",4,3,0],["2024-01-06T00:00:00+00:00",4,3,0],["2024-02-29T00:00:00+00:00",4,3,0],["2024-04-01T00:00:00+00:00",4,3,0],["2024-05-03T00:00:00+00:00",4,3,0],["2024-07-06T00:00:00+00:00",4,3,0],["2024-09-06T00:00:00+00:00",4,3,0],["2024-12-01T00:00:00+00:00",4,3,0],["2025-02-25T00:00:00+00:00",4,3,0],["2025-04-04T00:00:00+00:00",4,3,0],["2025-07-08T00:00:00+00:00",4,3,0],["2025-09-22T00:00:00+00:00",4,3,0]]},"geometry":{"type":"Point","coordinates":[34.458192,31.541252]}},{"type":"Feature","properties":{"site_id":26,"event_code":"CE20231007PSE","latest_date":"2025-09-22T00:00:00+00:00","latest_class":4,"pass_count":14,"h":[["2023-10-15T00:00:00+00:00",4,3,null],["2023-11-07T00:00:00+00:00",4,3,0],["2023-11-26T00:00:00+00:00",4,3,0],["2024-01-06T00:00:00+00:00",4,3,0],["2024-02-29T00:00:00+00:00",4,3,0],["2024-04-01T00:00:00+00:00",4,3,0],["2024-05-03T00:00:00+00:00",4,3,0],["2024-07-06T00:00:00+00:00",4,3,0],["2024-09-06T00:00:00+00:00",4,3,0],["2024-12-01T00:00:00+00:00",4,3,0],["2025-02-25T00:00:00+00:00",4,3,0],["2025-04-04T00:00:00+00:00",4,3,0],["2025-07-08T00:00:00+00:00",4,3,0],["2025-09-22T00:00:00+00:00",4,3,0]]},"geometry":{"type":"Point","coordinates":[34.458306,31.543703]}},{"type":"Feature","properties":{"site_id":26,"event_code":"CE20231007PSE","latest_date":"2025-09-22T00:00:00+00:00","latest_class":4,"pass_count":14,"h":[["2023-10-15T00:00:00+00:00",4,3,null],["2023-11-07T00:00:00+00:00",4,3,0],["2023-11-26T00:00:00+00:00",4,3,0],["2024-01-06T00:00:00+00:00",4,3,0],["2024-02-29T00:00:00+00:00",4,3,0],["2024-04-01T00:00:00+00:00",4,3,0],["2024-05-03T00:00:00+00:00",4,3,0],["2024-07-06T00:00:00+00:00",4,3,0],["2024-09-06T00:00:00+00:00",4,3,0],["2024-12-01T00:00:00+00:00",4,3,0],["2025-02-25T00:00:00+00:00",4,3,0],["2025-04-04T00:00:00+00:00",4,3,0],["2025-07-08T00:00:00+00:00",4,3,0],["2025-09-22T00:00:00+00:00",4,3,0]]},"geometry":{"type":"Point","coordinates":[34.458631,31.543097]}},{"type":"Feature","properties":{"site_id":26,"event_code":"CE20231007PSE","latest_date":"2025-09-22T00:00:00+00:00","latest_class":4,"pass_count":13,"h":[["2023-11-07T00:00:00+00:00",4,3,3],["2023-11-26T00:00:00+00:00",4,3,0],["2024-01-06T00:00:00+00:00",4,3,0],["2024-02-29T00:00:00+00:00",4,3,0],["2024-04-01T00:00:00+00:00",4,3,0],["2024-05-03T00:00:00+00:00",4,3,0],["2024-07-06T00:00:00+00:00",4,3,0],["2024-09-06T00:00:00+00:00",4,3,0],["2024-12-01T00:00:00+00:00",4,3,0],["2025-02-25T00:00:00+00:00",4,3,0],["2025-04-04T00:00:00+00:00",4,3,0],["2025-07-08T00:00:00+00:00",4,3,0],["2025-09-22T00:00:00+00:00",4,3,0]]},"geometry":{"type":"Point","coordinates":[34.462638,31.537655]}},{"type":"Feature","properties":{"site_id":26,"event_code":"CE20231007PSE","latest_date":"2025-09-22T00:00:00+00:00","latest_class":4,"pass_count":13,"h":[["2023-11-07T00:00:00+00:00",4,3,3],["2023-11-26T00:00:00+00:00",4,3,0],["2024-01-06T00:00:00+00:00",4,3,0],["2024-02-29T00:00:00+00:00",4,3,0],["2024-04-01T00:00:00+00:00",4,3,0],["2024-05-03T00:00:00+00:00",4,3,0],["2024-07-06T00:00:00+00:00",4,3,0],["2024-09-06T00:00:00+00:00",4,3,0],["2024-12-01T00:00:00+00:00",4,3,0],["2025-02-25T00:00:00+00:00",4,3,0],["2025-04-04T00:00:00+00:00",4,3,0],["2025-07-08T00:00:00+00:00",4,3,0],["2025-09-22T00:00:00+00:00",4,3,0]]},"geometry":{"type":"Point","coordinates":[34.456054,31.541988]}},{"type":"Feature","properties":{"site_id":26,"event_code":"CE20231007PSE","latest_date":"2025-09-22T00:00:00+00:00","latest_class":4,"pass_count":13,"h":[["2023-11-07T00:00:00+00:00",4,3,3],["2023-11-26T00:00:00+00:00",4,3,0],["2024-01-06T00:00:00+00:00",4,3,0],["2024-02-29T00:00:00+00:00",4,3,0],["2024-04-01T00:00:00+00:00",4,3,0],["2024-05-03T00:00:00+00:00",4,3,0],["2024-07-06T00:00:00+00:00",4,3,0],["2024-09-06T00:00:00+00:00",4,3,0],["2024-12-01T00:00:00+00:00",4,3,0],["2025-02-25T00:00:00+00:00",4,3,0],["2025-04-04T00:00:00+00:00",4,3,0],["2025-07-08T00:00:00+00:00",4,3,0],["2025-09-22T00:00:00+00:00",4,3,0]]},"geometry":{"type":"Point","coordinates":[34.459255,31.537926]}},{"type":"Feature","properties":{"site_id":26,"event_code":"CE20231007PSE","latest_date":"2025-09-22T00:00:00+00:00","latest_class":4,"pass_count":12,"h":[["2023-11-26T00:00:00+00:00",4,3,3],["2024-01-06T00:00:00+00:00",4,3,0],["2024-02-29T00:00:00+00:00",4,3,0],["2024-04-01T00:00:00+00:00",4,3,0],["2024-05-03T00:00:00+00:00",4,3,0],["2024-07-06T00:00:00+00:00",4,3,0],["2024-09-06T00:00:00+00:00",4,3,0],["2024-12-01T00:00:00+00:00",4,3,0],["2025-02-25T00:00:00+00:00",4,3,0],["2025-04-04T00:00:00+00:00",4,3,0],["2025-07-08T00:00:00+00:00",4,3,0],["2025-09-22T00:00:00+00:00",4,3,0]]},"geometry":{"type":"Point","coordinates":[34.456753,31.540353]}},{"type":"Feature","properties":{"site_id":26,"event_code":"CE20231007PSE","latest_date":"2025-09-22T00:00:00+00:00","latest_class":4,"pass_count":14,"h":[["2023-10-15T00:00:00+00:00",4,3,null],["2023-11-07T00:00:00+00:00",4,3,0],["2023-11-26T00:00:00+00:00",4,3,0],["2024-01-06T00:00:00+00:00",4,3,0],["2024-02-29T00:00:00+00:00",4,3,0],["2024-04-01T00:00:00+00:00",4,3,0],["2024-05-03T00:00:00+00:00",4,3,0],["2024-07-06T00:00:00+00:00",4,3,0],["2024-09-06T00:00:00+00:00",4,3,0],["2024-12-01T00:00:00+00:00",4,3,0],["2025-02-25T00:00:00+00:00",4,3,0],["2025-04-04T00:00:00+00:00",4,3,0],["2025-07-08T00:00:00+00:00",4,3,0],["2025-09-22T00:00:00+00:00",4,3,0]]},"geometry":{"type":"Point","coordinates":[34.457799,31.543027]}},{"type":"Feature","properties":{"site_id":26,"event_code":"CE20231007PSE","latest_date":"2025-09-22T00:00:00+00:00","latest_class":4,"pass_count":14,"h":[["2023-10-15T00:00:00+00:00",4,3,null],["2023-11-07T00:00:00+00:00",4,3,0],["2023-11-26T00:00:00+00:00",4,3,0],["2024-01-06T00:00:00+00:00",4,3,0],["2024-02-29T00:00:00+00:00",4,3,0],["2024-04-01T00:00:00+00:00",4,3,0],["2024-05-03T00:00:00+00:00",4,3,0],["2024-07-06T00:00:00+00:00",4,3,0],["2024-09-06T00:00:00+00:00",4,3,0],["2024-12-01T00:00:00+00:00",4,3,0],["2025-02-25T00:00:00+00:00",4,3,0],["2025-04-04T00:00:00+00:00",4,3,0],["2025-07-08T00:00:00+00:00",4,3,0],["2025-09-22T00:00:00+00:00",4,3,0]]},"geometry":{"type":"Point","coordinates":[34.458129,31.542971]}},{"type":"Feature","properties":{"site_id":26,"event_code":"CE20231007PSE","latest_date":"2025-09-22T00:00:00+00:00","latest_class":4,"pass_count":14,"h":[["2023-10-15T00:00:00+00:00",4,3,null],["2023-11-07T00:00:00+00:00",4,3,0],["2023-11-26T00:00:00+00:00",4,3,0],["2024-01-06T00:00:00+00:00",4,3,0],["2024-02-29T00:00:00+00:00",4,3,0],["2024-04-01T00:00:00+00:00",4,3,0],["2024-05-03T00:00:00+00:00",4,3,0],["2024-07-06T00:00:00+00:00",4,3,0],["2024-09-06T00:00:00+00:00",4,3,0],["2024-12-01T00:00:00+00:00",4,3,0],["2025-02-25T00:00:00+00:00",4,3,0],["2025-04-04T00:00:00+00:00",4,3,0],["2025-07-08T00:00:00+00:00",4,3,0],["2025-09-22T00:00:00+00:00",4,3,0]]},"geometry":{"type":"Point","coordinates":[34.457459,31.542983]}},{"type":"Feature","properties":{"site_id":26,"event_code":"CE20231007PSE","latest_date":"2025-09-22T00:00:00+00:00","latest_class":4,"pass_count":14,"h":[["2023-10-15T00:00:00+00:00",4,3,null],["2023-11-07T00:00:00+00:00",4,3,0],["2023-11-26T00:00:00+00:00",4,3,0],["2024-01-06T00:00:00+00:00",4,3,0],["2024-02-29T00:00:00+00:00",4,3,0],["2024-04-01T00:00:00+00:00",4,3,0],["2024-05-03T00:00:00+00:00",4,3,0],["2024-07-06T00:00:00+00:00",4,3,0],["2024-09-06T00:00:00+00:00",4,3,0],["2024-12-01T00:00:00+00:00",4,3,0],["2025-02-25T00:00:00+00:00",4,3,0],["2025-04-04T00:00:00+00:00",4,3,0],["2025-07-08T00:00:00+00:00",4,3,0],["2025-09-22T00:00:00+00:00",4,3,0]]},"geometry":{"type":"Point","coordinates":[34.457813,31.540934]}},{"type":"Feature","properties":{"site_id":26,"event_code":"CE20231007PSE","latest_date":"2025-09-22T00:00:00+00:00","latest_class":4,"pass_count":14,"h":[["2023-10-15T00:00:00+00:00",4,3,null],["2023-11-07T00:00:00+00:00",4,3,0],["2023-11-26T00:00:00+00:00",4,3,0],["2024-01-06T00:00:00+00:00",4,3,0],["2024-02-29T00:00:00+00:00",4,3,0],["2024-04-01T00:00:00+00:00",4,3,0],["2024-05-03T00:00:00+00:00",4,3,0],["2024-07-06T00:00:00+00:00",4,3,0],["2024-09-06T00:00:00+00:00",4,3,0],["2024-12-01T00:00:00+00:00",4,3,0],["2025-02-25T00:00:00+00:00",4,3,0],["2025-04-04T00:00:00+00:00",4,3,0],["2025-07-08T00:00:00+00:00",4,3,0],["2025-09-22T00:00:00+00:00",4,3,0]]},"geometry":{"type":"Point","coordinates":[34.458946,31.541009]}},{"type":"Feature","properties":{"site_id":26,"event_code":"CE20231007PSE","latest_date":"2025-09-22T00:00:00+00:00","latest_class":4,"pass_count":14,"h":[["2023-10-15T00:00:00+00:00",4,3,null],["2023-11-07T00:00:00+00:00",4,3,0],["2023-11-26T00:00:00+00:00",4,3,0],["2024-01-06T00:00:00+00:00",4,3,0],["2024-02-29T00:00:00+00:00",4,3,0],["2024-04-01T00:00:00+00:00",4,3,0],["2024-05-03T00:00:00+00:00",4,3,0],["2024-07-06T00:00:00+00:00",4,3,0],["2024-09-06T00:00:00+00:00",4,3,0],["2024-12-01T00:00:00+00:00",4,3,0],["2025-02-25T00:00:00+00:00",4,3,0],["2025-04-04T00:00:00+00:00",4,3,0],["2025-07-08T00:00:00+00:00",4,3,0],["2025-09-22T00:00:00+00:00",4,3,0]]},"geometry":{"type":"Point","coordinates":[34.458453,31.542115]}},{"type":"Feature","properties":{"site_id":26,"event_code":"CE20231007PSE","latest_date":"2025-09-22T00:00:00+00:00","latest_class":4,"pass_count":14,"h":[["2023-10-15T00:00:00+00:00",4,3,null],["2023-11-07T00:00:00+00:00",4,3,0],["2023-11-26T00:00:00+00:00",4,3,0],["2024-01-06T00:00:00+00:00",4,3,0],["2024-02-29T00:00:00+00:00",4,3,0],["2024-04-01T00:00:00+00:00",4,3,0],["2024-05-03T00:00:00+00:00",4,3,0],["2024-07-06T00:00:00+00:00",4,3,0],["2024-09-06T00:00:00+00:00",4,3,0],["2024-12-01T00:00:00+00:00",4,3,0],["2025-02-25T00:00:00+00:00",4,3,0],["2025-04-04T00:00:00+00:00",4,3,0],["2025-07-08T00:00:00+00:00",4,3,0],["2025-09-22T00:00:00+00:00",4,3,0]]},"geometry":{"type":"Point","coordinates":[34.459302,31.542955]}},{"type":"Feature","properties":{"site_id":26,"event_code":"CE20231007PSE","latest_date":"2025-09-22T00:00:00+00:00","latest_class":4,"pass_count":13,"h":[["2023-11-07T00:00:00+00:00",4,3,3],["2023-11-26T00:00:00+00:00",4,3,0],["2024-01-06T00:00:00+00:00",4,3,0],["2024-02-29T00:00:00+00:00",4,3,0],["2024-04-01T00:00:00+00:00",4,3,0],["2024-05-03T00:00:00+00:00",4,3,0],["2024-07-06T00:00:00+00:00",4,3,0],["2024-09-06T00:00:00+00:00",4,3,0],["2024-12-01T00:00:00+00:00",4,3,0],["2025-02-25T00:00:00+00:00",4,3,0],["2025-04-04T00:00:00+00:00",4,3,0],["2025-07-08T00:00:00+00:00",4,3,0],["2025-09-22T00:00:00+00:00",4,3,0]]},"geometry":{"type":"Point","coordinates":[34.46117,31.536362]}},{"type":"Feature","properties":{"site_id":26,"event_code":"CE20231007PSE","latest_date":"2025-09-22T00:00:00+00:00","latest_class":4,"pass_count":13,"h":[["2023-11-07T00:00:00+00:00",4,3,3],["2023-11-26T00:00:00+00:00",4,3,0],["2024-01-06T00:00:00+00:00",4,3,0],["2024-02-29T00:00:00+00:00",4,3,0],["2024-04-01T00:00:00+00:00",4,3,0],["2024-05-03T00:00:00+00:00",4,3,0],["2024-07-06T00:00:00+00:00",4,3,0],["2024-09-06T00:00:00+00:00",4,3,0],["2024-12-01T00:00:00+00:00",4,3,0],["2025-02-25T00:00:00+00:00",4,3,0],["2025-04-04T00:00:00+00:00",4,3,0],["2025-07-08T00:00:00+00:00",4,3,0],["2025-09-22T00:00:00+00:00",4,3,0]]},"geometry":{"type":"Point","coordinates":[34.460692,31.536573]}},{"type":"Feature","properties":{"site_id":26,"event_code":"CE20231007PSE","latest_date":"2025-09-22T00:00:00+00:00","latest_class":4,"pass_count":14,"h":[["2023-10-15T00:00:00+00:00",4,3,null],["2023-11-07T00:00:00+00:00",4,3,0],["2023-11-26T00:00:00+00:00",4,3,0],["2024-01-06T00:00:00+00:00",4,3,0],["2024-02-29T00:00:00+00:00",4,3,0],["2024-04-01T00:00:00+00:00",4,3,0],["2024-05-03T00:00:00+00:00",4,3,0],["2024-07-06T00:00:00+00:00",4,3,0],["2024-09-06T00:00:00+00:00",4,3,0],["2024-12-01T00:00:00+00:00",4,3,0],["2025-02-25T00:00:00+00:00",4,3,0],["2025-04-04T00:00:00+00:00",4,3,0],["2025-07-08T00:00:00+00:00",4,3,0],["2025-09-22T00:00:00+00:00",4,3,0]]},"geometry":{"type":"Point","coordinates":[34.454444,31.540824]}},{"type":"Feature","properties":{"site_id":26,"event_code":"CE20231007PSE","latest_date":"2025-09-22T00:00:00+00:00","latest_class":4,"pass_count":13,"h":[["2023-11-07T00:00:00+00:00",4,3,3],["2023-11-26T00:00:00+00:00",4,3,0],["2024-01-06T00:00:00+00:00",4,3,0],["2024-02-29T00:00:00+00:00",4,3,0],["2024-04-01T00:00:00+00:00",4,3,0],["2024-05-03T00:00:00+00:00",4,3,0],["2024-07-06T00:00:00+00:00",4,3,0],["2024-09-06T00:00:00+00:00",4,3,0],["2024-12-01T00:00:00+00:00",4,3,0],["2025-02-25T00:00:00+00:00",4,3,0],["2025-04-04T00:00:00+00:00",4,3,0],["2025-07-08T00:00:00+00:00",4,3,0],["2025-09-22T00:00:00+00:00",4,3,0]]},"geometry":{"type":"Point","coordinates":[34.454001,31.539448]}},{"type":"Feature","properties":{"site_id":26,"event_code":"CE20231007PSE","latest_date":"2025-09-22T00:00:00+00:00","latest_class":4,"pass_count":14,"h":[["2023-10-15T00:00:00+00:00",4,3,null],["2023-11-07T00:00:00+00:00",4,3,0],["2023-11-26T00:00:00+00:00",4,3,0],["2024-01-06T00:00:00+00:00",4,3,0],["2024-02-29T00:00:00+00:00",4,3,0],["2024-04-01T00:00:00+00:00",4,3,0],["2024-05-03T00:00:00+00:00",4,3,0],["2024-07-06T00:00:00+00:00",4,3,0],["2024-09-06T00:00:00+00:00",4,3,0],["2024-12-01T00:00:00+00:00",4,3,0],["2025-02-25T00:00:00+00:00",4,3,0],["2025-04-04T00:00:00+00:00",4,3,0],["2025-07-08T00:00:00+00:00",4,3,0],["2025-09-22T00:00:00+00:00",4,3,0]]},"geometry":{"type":"Point","coordinates":[34.458709,31.543048]}},{"type":"Feature","properties":{"site_id":26,"event_code":"CE20231007PSE","latest_date":"2025-09-22T00:00:00+00:00","latest_class":4,"pass_count":14,"h":[["2023-10-15T00:00:00+00:00",4,3,null],["2023-11-07T00:00:00+00:00",4,3,0],["2023-11-26T00:00:00+00:00",4,3,0],["2024-01-06T00:00:00+00:00",4,3,0],["2024-02-29T00:00:00+00:00",4,3,0],["2024-04-01T00:00:00+00:00",4,3,0],["2024-05-03T00:00:00+00:00",4,3,0],["2024-07-06T00:00:00+00:00",4,3,0],["2024-09-06T00:00:00+00:00",4,3,0],["2024-12-01T00:00:00+00:00",4,3,0],["2025-02-25T00:00:00+00:00",4,3,0],["2025-04-04T00:00:00+00:00",4,3,0],["2025-07-08T00:00:00+00:00",4,3,0],["2025-09-22T00:00:00+00:00",4,3,0]]},"geometry":{"type":"Point","coordinates":[34.45828,31.54388]}},{"type":"Feature","properties":{"site_id":26,"event_code":"CE20231007PSE","latest_date":"2025-09-22T00:00:00+00:00","latest_class":4,"pass_count":13,"h":[["2023-11-07T00:00:00+00:00",4,3,3],["2023-11-26T00:00:00+00:00",4,3,0],["2024-01-06T00:00:00+00:00",4,3,0],["2024-02-29T00:00:00+00:00",4,3,0],["2024-04-01T00:00:00+00:00",4,3,0],["2024-05-03T00:00:00+00:00",4,3,0],["2024-07-06T00:00:00+00:00",4,3,0],["2024-09-06T00:00:00+00:00",4,3,0],["2024-12-01T00:00:00+00:00",4,3,0],["2025-02-25T00:00:00+00:00",4,3,0],["2025-04-04T00:00:00+00:00",4,3,0],["2025-07-08T00:00:00+00:00",4,3,0],["2025-09-22T00:00:00+00:00",4,3,0]]},"geometry":{"type":"Point","coordinates":[34.460333,31.537113]}},{"type":"Feature","properties":{"site_id":26,"event_code":"CE20231007PSE","latest_date":"2025-09-22T00:00:00+00:00","latest_class":4,"pass_count":14,"h":[["2023-10-15T00:00:00+00:00",4,3,null],["2023-11-07T00:00:00+00:00",4,3,0],["2023-11-26T00:00:00+00:00",4,3,0],["2024-01-06T00:00:00+00:00",4,3,0],["2024-02-29T00:00:00+00:00",4,3,0],["2024-04-01T00:00:00+00:00",4,3,0],["2024-05-03T00:00:00+00:00",4,3,0],["2024-07-06T00:00:00+00:00",4,3,0],["2024-09-06T00:00:00+00:00",4,3,0],["2024-12-01T00:00:00+00:00",4,3,0],["2025-02-25T00:00:00+00:00",4,3,0],["2025-04-04T00:00:00+00:00",4,3,0],["2025-07-08T00:00:00+00:00",4,3,0],["2025-09-22T00:00:00+00:00",4,3,0]]},"geometry":{"type":"Point","coordinates":[34.454197,31.539588]}},{"type":"Feature","properties":{"site_id":26,"event_code":"CE20231007PSE","latest_date":"2025-09-22T00:00:00+00:00","latest_class":4,"pass_count":14,"h":[["2023-10-15T00:00:00+00:00",4,3,null],["2023-11-07T00:00:00+00:00",4,3,0],["2023-11-26T00:00:00+00:00",4,3,0],["2024-01-06T00:00:00+00:00",4,3,0],["2024-02-29T00:00:00+00:00",4,3,0],["2024-04-01T00:00:00+00:00",4,3,0],["2024-05-03T00:00:00+00:00",4,3,0],["2024-07-06T00:00:00+00:00",4,3,0],["2024-09-06T00:00:00+00:00",4,3,0],["2024-12-01T00:00:00+00:00",4,3,0],["2025-02-25T00:00:00+00:00",4,3,0],["2025-04-04T00:00:00+00:00",4,3,0],["2025-07-08T00:00:00+00:00",4,3,0],["2025-09-22T00:00:00+00:00",4,3,0]]},"geometry":{"type":"Point","coordinates":[34.459033,31.541089]}},{"type":"Feature","properties":{"site_id":26,"event_code":"CE20231007PSE","latest_date":"2025-09-22T00:00:00+00:00","latest_class":4,"pass_count":13,"h":[["2023-11-07T00:00:00+00:00",4,3,3],["2023-11-26T00:00:00+00:00",4,3,0],["2024-01-06T00:00:00+00:00",4,3,0],["2024-02-29T00:00:00+00:00",4,3,0],["2024-04-01T00:00:00+00:00",4,3,0],["2024-05-03T00:00:00+00:00",4,3,0],["2024-07-06T00:00:00+00:00",4,3,0],["2024-09-06T00:00:00+00:00",4,3,0],["2024-12-01T00:00:00+00:00",4,3,0],["2025-02-25T00:00:00+00:00",4,3,0],["2025-04-04T00:00:00+00:00",4,3,0],["2025-07-08T00:00:00+00:00",4,3,0],["2025-09-22T00:00:00+00:00",4,3,0]]},"geometry":{"type":"Point","coordinates":[34.460171,31.537489]}},{"type":"Feature","properties":{"site_id":26,"event_code":"CE20231007PSE","latest_date":"2025-09-22T00:00:00+00:00","latest_class":4,"pass_count":12,"h":[["2023-11-26T00:00:00+00:00",4,3,3],["2024-01-06T00:00:00+00:00",4,3,0],["2024-02-29T00:00:00+00:00",4,3,0],["2024-04-01T00:00:00+00:00",4,3,0],["2024-05-03T00:00:00+00:00",4,3,0],["2024-07-06T00:00:00+00:00",4,3,0],["2024-09-06T00:00:00+00:00",4,3,0],["2024-12-01T00:00:00+00:00",4,3,0],["2025-02-25T00:00:00+00:00",4,3,0],["2025-04-04T00:00:00+00:00",4,3,0],["2025-07-08T00:00:00+00:00",4,3,0],["2025-09-22T00:00:00+00:00",4,3,0]]},"geometry":{"type":"Point","coordinates":[34.456586,31.540236]}},{"type":"Feature","properties":{"site_id":26,"event_code":"CE20231007PSE","latest_date":"2025-09-22T00:00:00+00:00","latest_class":4,"pass_count":14,"h":[["2023-10-15T00:00:00+00:00",4,3,null],["2023-11-07T00:00:00+00:00",4,3,0],["2023-11-26T00:00:00+00:00",4,3,0],["2024-01-06T00:00:00+00:00",4,3,0],["2024-02-29T00:00:00+00:00",4,3,0],["2024-04-01T00:00:00+00:00",4,3,0],["2024-05-03T00:00:00+00:00",4,3,0],["2024-07-06T00:00:00+00:00",4,3,0],["2024-09-06T00:00:00+00:00",4,3,0],["2024-12-01T00:00:00+00:00",4,3,0],["2025-02-25T00:00:00+00:00",4,3,0],["2025-04-04T00:00:00+00:00",4,3,0],["2025-07-08T00:00:00+00:00",4,3,0],["2025-09-22T00:00:00+00:00",4,3,0]]},"geometry":{"type":"Point","coordinates":[34.45164,31.540346]}},{"type":"Feature","properties":{"site_id":26,"event_code":"CE20231007PSE","latest_date":"2025-09-22T00:00:00+00:00","latest_class":4,"pass_count":14,"h":[["2023-10-15T00:00:00+00:00",4,3,null],["2023-11-07T00:00:00+00:00",4,3,0],["2023-11-26T00:00:00+00:00",4,3,0],["2024-01-06T00:00:00+00:00",4,3,0],["2024-02-29T00:00:00+00:00",4,3,0],["2024-04-01T00:00:00+00:00",4,3,0],["2024-05-03T00:00:00+00:00",4,3,0],["2024-07-06T00:00:00+00:00",4,3,0],["2024-09-06T00:00:00+00:00",4,3,0],["2024-12-01T00:00:00+00:00",4,3,0],["2025-02-25T00:00:00+00:00",4,3,0],["2025-04-04T00:00:00+00:00",4,3,0],["2025-07-08T00:00:00+00:00",4,3,0],["2025-09-22T00:00:00+00:00",4,3,0]]},"geometry":{"type":"Point","coordinates":[34.458315,31.543379]}},{"type":"Feature","properties":{"site_id":26,"event_code":"CE20231007PSE","latest_date":"2025-09-22T00:00:00+00:00","latest_class":4,"pass_count":14,"h":[["2023-10-15T00:00:00+00:00",4,3,null],["2023-11-07T00:00:00+00:00",4,3,0],["2023-11-26T00:00:00+00:00",4,3,0],["2024-01-06T00:00:00+00:00",4,3,0],["2024-02-29T00:00:00+00:00",4,3,0],["2024-04-01T00:00:00+00:00",4,3,0],["2024-05-03T00:00:00+00:00",4,3,0],["2024-07-06T00:00:00+00:00",4,3,0],["2024-09-06T00:00:00+00:00",4,3,0],["2024-12-01T00:00:00+00:00",4,3,0],["2025-02-25T00:00:00+00:00",4,3,0],["2025-04-04T00:00:00+00:00",4,3,0],["2025-07-08T00:00:00+00:00",4,3,0],["2025-09-22T00:00:00+00:00",4,3,0]]},"geometry":{"type":"Point","coordinates":[34.458624,31.542944]}},{"type":"Feature","properties":{"site_id":26,"event_code":"CE20231007PSE","latest_date":"2025-09-22T00:00:00+00:00","latest_class":4,"pass_count":14,"h":[["2023-10-15T00:00:00+00:00",4,3,null],["2023-11-07T00:00:00+00:00",4,3,0],["2023-11-26T00:00:00+00:00",4,3,0],["2024-01-06T00:00:00+00:00",4,3,0],["2024-02-29T00:00:00+00:00",4,3,0],["2024-04-01T00:00:00+00:00",4,3,0],["2024-05-03T00:00:00+00:00",4,3,0],["2024-07-06T00:00:00+00:00",4,3,0],["2024-09-06T00:00:00+00:00",4,3,0],["2024-12-01T00:00:00+00:00",4,3,0],["2025-02-25T00:00:00+00:00",4,3,0],["2025-04-04T00:00:00+00:00",4,3,0],["2025-07-08T00:00:00+00:00",4,3,0],["2025-09-22T00:00:00+00:00",4,3,0]]},"geometry":{"type":"Point","coordinates":[34.458488,31.542851]}},{"type":"Feature","properties":{"site_id":26,"event_code":"CE20231007PSE","latest_date":"2025-09-22T00:00:00+00:00","latest_class":4,"pass_count":14,"h":[["2023-10-15T00:00:00+00:00",4,3,null],["2023-11-07T00:00:00+00:00",4,3,0],["2023-11-26T00:00:00+00:00",4,3,0],["2024-01-06T00:00:00+00:00",4,3,0],["2024-02-29T00:00:00+00:00",4,3,0],["2024-04-01T00:00:00+00:00",4,3,0],["2024-05-03T00:00:00+00:00",4,3,0],["2024-07-06T00:00:00+00:00",4,3,0],["2024-09-06T00:00:00+00:00",4,3,0],["2024-12-01T00:00:00+00:00",4,3,0],["2025-02-25T00:00:00+00:00",4,3,0],["2025-04-04T00:00:00+00:00",4,3,0],["2025-07-08T00:00:00+00:00",4,3,0],["2025-09-22T00:00:00+00:00",4,3,0]]},"geometry":{"type":"Point","coordinates":[34.451956,31.54089]}},{"type":"Feature","properties":{"site_id":26,"event_code":"CE20231007PSE","latest_date":"2025-09-22T00:00:00+00:00","latest_class":4,"pass_count":13,"h":[["2023-11-07T00:00:00+00:00",4,3,3],["2023-11-26T00:00:00+00:00",4,3,0],["2024-01-06T00:00:00+00:00",4,3,0],["2024-02-29T00:00:00+00:00",4,3,0],["2024-04-01T00:00:00+00:00",4,3,0],["2024-05-03T00:00:00+00:00",4,3,0],["2024-07-06T00:00:00+00:00",4,3,0],["2024-09-06T00:00:00+00:00",4,3,0],["2024-12-01T00:00:00+00:00",4,3,0],["2025-02-25T00:00:00+00:00",4,3,0],["2025-04-04T00:00:00+00:00",4,3,0],["2025-07-08T00:00:00+00:00",4,3,0],["2025-09-22T00:00:00+00:00",4,3,0]]},"geometry":{"type":"Point","coordinates":[34.461241,31.542369]}},{"type":"Feature","properties":{"site_id":26,"event_code":"CE20231007PSE","latest_date":"2025-09-22T00:00:00+00:00","latest_class":4,"pass_count":13,"h":[["2023-11-07T00:00:00+00:00",4,3,3],["2023-11-26T00:00:00+00:00",4,3,0],["2024-01-06T00:00:00+00:00",4,3,0],["2024-02-29T00:00:00+00:00",4,3,0],["2024-04-01T00:00:00+00:00",4,3,0],["2024-05-03T00:00:00+00:00",4,3,0],["2024-07-06T00:00:00+00:00",4,3,0],["2024-09-06T00:00:00+00:00",4,3,0],["2024-12-01T00:00:00+00:00",4,3,0],["2025-02-25T00:00:00+00:00",4,3,0],["2025-04-04T00:00:00+00:00",4,3,0],["2025-07-08T00:00:00+00:00",4,3,0],["2025-09-22T00:00:00+00:00",4,3,0]]},"geometry":{"type":"Point","coordinates":[34.458438,31.541171]}},{"type":"Feature","properties":{"site_id":26,"event_code":"CE20231007PSE","latest_date":"2025-09-22T00:00:00+00:00","latest_class":4,"pass_count":14,"h":[["2023-10-15T00:00:00+00:00",4,3,null],["2023-11-07T00:00:00+00:00",4,3,0],["2023-11-26T00:00:00+00:00",4,3,0],["2024-01-06T00:00:00+00:00",4,3,0],["2024-02-29T00:00:00+00:00",4,3,0],["2024-04-01T00:00:00+00:00",4,3,0],["2024-05-03T00:00:00+00:00",4,3,0],["2024-07-06T00:00:00+00:00",4,3,0],["2024-09-06T00:00:00+00:00",4,3,0],["2024-12-01T00:00:00+00:00",4,3,0],["2025-02-25T00:00:00+00:00",4,3,0],["2025-04-04T00:00:00+00:00",4,3,0],["2025-07-08T00:00:00+00:00",4,3,0],["2025-09-22T00:00:00+00:00",4,3,0]]},"geometry":{"type":"Point","coordinates":[34.459496,31.54318]}},{"type":"Feature","properties":{"site_id":26,"event_code":"CE20231007PSE","latest_date":"2025-09-22T00:00:00+00:00","latest_class":4,"pass_count":14,"h":[["2023-10-15T00:00:00+00:00",4,3,null],["2023-11-07T00:00:00+00:00",4,3,0],["2023-11-26T00:00:00+00:00",4,3,0],["2024-01-06T00:00:00+00:00",4,3,0],["2024-02-29T00:00:00+00:00",4,3,0],["2024-04-01T00:00:00+00:00",4,3,0],["2024-05-03T00:00:00+00:00",4,3,0],["2024-07-06T00:00:00+00:00",4,3,0],["2024-09-06T00:00:00+00:00",4,3,0],["2024-12-01T00:00:00+00:00",4,3,0],["2025-02-25T00:00:00+00:00",4,3,0],["2025-04-04T00:00:00+00:00",4,3,0],["2025-07-08T00:00:00+00:00",4,3,0],["2025-09-22T00:00:00+00:00",4,3,0]]},"geometry":{"type":"Point","coordinates":[34.458309,31.54065]}},{"type":"Feature","properties":{"site_id":26,"event_code":"CE20231007PSE","latest_date":"2025-09-22T00:00:00+00:00","latest_class":4,"pass_count":13,"h":[["2023-11-07T00:00:00+00:00",4,3,3],["2023-11-26T00:00:00+00:00",4,3,0],["2024-01-06T00:00:00+00:00",4,3,0],["2024-02-29T00:00:00+00:00",4,3,0],["2024-04-01T00:00:00+00:00",4,3,0],["2024-05-03T00:00:00+00:00",4,3,0],["2024-07-06T00:00:00+00:00",4,3,0],["2024-09-06T00:00:00+00:00",4,3,0],["2024-12-01T00:00:00+00:00",4,3,0],["2025-02-25T00:00:00+00:00",4,3,0],["2025-04-04T00:00:00+00:00",4,3,0],["2025-07-08T00:00:00+00:00",4,3,0],["2025-09-22T00:00:00+00:00",4,3,0]]},"geometry":{"type":"Point","coordinates":[34.458507,31.541104]}},{"type":"Feature","properties":{"site_id":26,"event_code":"CE20231007PSE","latest_date":"2025-09-22T00:00:00+00:00","latest_class":4,"pass_count":13,"h":[["2023-11-07T00:00:00+00:00",4,3,3],["2023-11-26T00:00:00+00:00",4,3,0],["2024-01-06T00:00:00+00:00",4,3,0],["2024-02-29T00:00:00+00:00",4,3,0],["2024-04-01T00:00:00+00:00",4,3,0],["2024-05-03T00:00:00+00:00",4,3,0],["2024-07-06T00:00:00+00:00",4,3,0],["2024-09-06T00:00:00+00:00",4,3,0],["2024-12-01T00:00:00+00:00",4,3,0],["2025-02-25T00:00:00+00:00",4,3,0],["2025-04-04T00:00:00+00:00",4,3,0],["2025-07-08T00:00:00+00:00",4,3,0],["2025-09-22T00:00:00+00:00",4,3,0]]},"geometry":{"type":"Point","coordinates":[34.457461,31.542243]}},{"type":"Feature","properties":{"site_id":26,"event_code":"CE20231007PSE","latest_date":"2025-09-22T00:00:00+00:00","latest_class":4,"pass_count":11,"h":[["2024-01-06T00:00:00+00:00",4,3,3],["2024-02-29T00:00:00+00:00",4,3,0],["2024-04-01T00:00:00+00:00",4,3,0],["2024-05-03T00:00:00+00:00",4,3,0],["2024-07-06T00:00:00+00:00",4,3,0],["2024-09-06T00:00:00+00:00",4,3,0],["2024-12-01T00:00:00+00:00",4,3,0],["2025-02-25T00:00:00+00:00",4,3,0],["2025-04-04T00:00:00+00:00",4,3,0],["2025-07-08T00:00:00+00:00",4,3,0],["2025-09-22T00:00:00+00:00",4,3,0]]},"geometry":{"type":"Point","coordinates":[34.45763,31.540997]}},{"type":"Feature","properties":{"site_id":26,"event_code":"CE20231007PSE","latest_date":"2025-09-22T00:00:00+00:00","latest_class":4,"pass_count":12,"h":[["2023-11-26T00:00:00+00:00",4,3,3],["2024-01-06T00:00:00+00:00",4,3,0],["2024-02-29T00:00:00+00:00",4,3,0],["2024-04-01T00:00:00+00:00",4,3,0],["2024-05-03T00:00:00+00:00",4,3,0],["2024-07-06T00:00:00+00:00",4,3,0],["2024-09-06T00:00:00+00:00",4,3,0],["2024-12-01T00:00:00+00:00",4,3,0],["2025-02-25T00:00:00+00:00",4,3,0],["2025-04-04T00:00:00+00:00",4,3,0],["2025-07-08T00:00:00+00:00",4,3,0],["2025-09-22T00:00:00+00:00",4,3,0]]},"geometry":{"type":"Point","coordinates":[34.461225,31.542158]}},{"type":"Feature","properties":{"site_id":26,"event_code":"CE20231007PSE","latest_date":"2025-09-22T00:00:00+00:00","latest_class":4,"pass_count":14,"h":[["2023-10-15T00:00:00+00:00",4,3,null],["2023-11-07T00:00:00+00:00",4,3,0],["2023-11-26T00:00:00+00:00",4,3,0],["2024-01-06T00:00:00+00:00",4,3,0],["2024-02-29T00:00:00+00:00",4,3,0],["2024-04-01T00:00:00+00:00",4,3,0],["2024-05-03T00:00:00+00:00",4,3,0],["2024-07-06T00:00:00+00:00",4,3,0],["2024-09-06T00:00:00+00:00",4,3,0],["2024-12-01T00:00:00+00:00",4,3,0],["2025-02-25T00:00:00+00:00",4,3,0],["2025-04-04T00:00:00+00:00",4,3,0],["2025-07-08T00:00:00+00:00",4,3,0],["2025-09-22T00:00:00+00:00",4,3,0]]},"geometry":{"type":"Point","coordinates":[34.458811,31.542804]}},{"type":"Feature","properties":{"site_id":26,"event_code":"CE20231007PSE","latest_date":"2025-09-22T00:00:00+00:00","latest_class":4,"pass_count":14,"h":[["2023-10-15T00:00:00+00:00",4,3,null],["2023-11-07T00:00:00+00:00",4,3,0],["2023-11-26T00:00:00+00:00",4,3,0],["2024-01-06T00:00:00+00:00",4,3,0],["2024-02-29T00:00:00+00:00",4,3,0],["2024-04-01T00:00:00+00:00",4,3,0],["2024-05-03T00:00:00+00:00",4,3,0],["2024-07-06T00:00:00+00:00",4,3,0],["2024-09-06T00:00:00+00:00",4,3,0],["2024-12-01T00:00:00+00:00",4,3,0],["2025-02-25T00:00:00+00:00",4,3,0],["2025-04-04T00:00:00+00:00",4,3,0],["2025-07-08T00:00:00+00:00",4,3,0],["2025-09-22T00:00:00+00:00",4,3,0]]},"geometry":{"type":"Point","coordinates":[34.458234,31.542702]}},{"type":"Feature","properties":{"site_id":26,"event_code":"CE20231007PSE","latest_date":"2025-09-22T00:00:00+00:00","latest_class":4,"pass_count":13,"h":[["2023-11-07T00:00:00+00:00",4,3,3],["2023-11-26T00:00:00+00:00",4,3,0],["2024-01-06T00:00:00+00:00",4,3,0],["2024-02-29T00:00:00+00:00",4,3,0],["2024-04-01T00:00:00+00:00",4,3,0],["2024-05-03T00:00:00+00:00",4,3,0],["2024-07-06T00:00:00+00:00",4,3,0],["2024-09-06T00:00:00+00:00",4,3,0],["2024-12-01T00:00:00+00:00",4,3,0],["2025-02-25T00:00:00+00:00",4,3,0],["2025-04-04T00:00:00+00:00",4,3,0],["2025-07-08T00:00:00+00:00",4,3,0],["2025-09-22T00:00:00+00:00",4,3,0]]},"geometry":{"type":"Point","coordinates":[34.461601,31.540777]}},{"type":"Feature","properties":{"site_id":26,"event_code":"CE20231007PSE","latest_date":"2025-09-22T00:00:00+00:00","latest_class":4,"pass_count":14,"h":[["2023-10-15T00:00:00+00:00",4,3,null],["2023-11-07T00:00:00+00:00",4,3,0],["2023-11-26T00:00:00+00:00",4,3,0],["2024-01-06T00:00:00+00:00",4,3,0],["2024-02-29T00:00:00+00:00",4,3,0],["2024-04-01T00:00:00+00:00",4,3,0],["2024-05-03T00:00:00+00:00",4,3,0],["2024-07-06T00:00:00+00:00",4,3,0],["2024-09-06T00:00:00+00:00",4,3,0],["2024-12-01T00:00:00+00:00",4,3,0],["2025-02-25T00:00:00+00:00",4,3,0],["2025-04-04T00:00:00+00:00",4,3,0],["2025-07-08T00:00:00+00:00",4,3,0],["2025-09-22T00:00:00+00:00",4,3,0]]},"geometry":{"type":"Point","coordinates":[34.457932,31.542563]}},{"type":"Feature","properties":{"site_id":26,"event_code":"CE20231007PSE","latest_date":"2025-09-22T00:00:00+00:00","latest_class":4,"pass_count":14,"h":[["2023-10-15T00:00:00+00:00",4,3,null],["2023-11-07T00:00:00+00:00",4,3,0],["2023-11-26T00:00:00+00:00",4,3,0],["2024-01-06T00:00:00+00:00",4,3,0],["2024-02-29T00:00:00+00:00",4,3,0],["2024-04-01T00:00:00+00:00",4,3,0],["2024-05-03T00:00:00+00:00",4,3,0],["2024-07-06T00:00:00+00:00",4,3,0],["2024-09-06T00:00:00+00:00",4,3,0],["2024-12-01T00:00:00+00:00",4,3,0],["2025-02-25T00:00:00+00:00",4,3,0],["2025-04-04T00:00:00+00:00",4,3,0],["2025-07-08T00:00:00+00:00",4,3,0],["2025-09-22T00:00:00+00:00",4,3,0]]},"geometry":{"type":"Point","coordinates":[34.456976,31.543311]}},{"type":"Feature","properties":{"site_id":26,"event_code":"CE20231007PSE","latest_date":"2025-09-22T00:00:00+00:00","latest_class":4,"pass_count":14,"h":[["2023-10-15T00:00:00+00:00",4,3,null],["2023-11-07T00:00:00+00:00",4,3,0],["2023-11-26T00:00:00+00:00",4,3,0],["2024-01-06T00:00:00+00:00",4,3,0],["2024-02-29T00:00:00+00:00",4,3,0],["2024-04-01T00:00:00+00:00",4,3,0],["2024-05-03T00:00:00+00:00",4,3,0],["2024-07-06T00:00:00+00:00",4,3,0],["2024-09-06T00:00:00+00:00",4,3,0],["2024-12-01T00:00:00+00:00",4,3,0],["2025-02-25T00:00:00+00:00",4,3,0],["2025-04-04T00:00:00+00:00",4,3,0],["2025-07-08T00:00:00+00:00",4,3,0],["2025-09-22T00:00:00+00:00",4,3,0]]},"geometry":{"type":"Point","coordinates":[34.451463,31.540511]}},{"type":"Feature","properties":{"site_id":26,"event_code":"CE20231007PSE","latest_date":"2025-09-22T00:00:00+00:00","latest_class":4,"pass_count":12,"h":[["2023-11-26T00:00:00+00:00",4,3,3],["2024-01-06T00:00:00+00:00",4,3,0],["2024-02-29T00:00:00+00:00",4,3,0],["2024-04-01T00:00:00+00:00",4,3,0],["2024-05-03T00:00:00+00:00",4,3,0],["2024-07-06T00:00:00+00:00",4,3,0],["2024-09-06T00:00:00+00:00",4,3,0],["2024-12-01T00:00:00+00:00",4,3,0],["2025-02-25T00:00:00+00:00",4,3,0],["2025-04-04T00:00:00+00:00",4,3,0],["2025-07-08T00:00:00+00:00",4,3,0],["2025-09-22T00:00:00+00:00",4,3,0]]},"geometry":{"type":"Point","coordinates":[34.452847,31.544218]}},{"type":"Feature","properties":{"site_id":26,"event_code":"CE20231007PSE","latest_date":"2025-09-22T00:00:00+00:00","latest_class":4,"pass_count":12,"h":[["2023-11-26T00:00:00+00:00",4,3,3],["2024-01-06T00:00:00+00:00",4,3,0],["2024-02-29T00:00:00+00:00",4,3,0],["2024-04-01T00:00:00+00:00",4,3,0],["2024-05-03T00:00:00+00:00",4,3,0],["2024-07-06T00:00:00+00:00",4,3,0],["2024-09-06T00:00:00+00:00",4,3,0],["2024-12-01T00:00:00+00:00",4,3,0],["2025-02-25T00:00:00+00:00",4,3,0],["2025-04-04T00:00:00+00:00",4,3,0],["2025-07-08T00:00:00+00:00",4,3,0],["2025-09-22T00:00:00+00:00",4,3,0]]},"geometry":{"type":"Point","coordinates":[34.460249,31.542607]}},{"type":"Feature","properties":{"site_id":26,"event_code":"CE20231007PSE","latest_date":"2025-09-22T00:00:00+00:00","latest_class":4,"pass_count":11,"h":[["2024-01-06T00:00:00+00:00",4,3,3],["2024-02-29T00:00:00+00:00",4,3,0],["2024-04-01T00:00:00+00:00",4,3,0],["2024-05-03T00:00:00+00:00",4,3,0],["2024-07-06T00:00:00+00:00",4,3,0],["2024-09-06T00:00:00+00:00",4,3,0],["2024-12-01T00:00:00+00:00",4,3,0],["2025-02-25T00:00:00+00:00",4,3,0],["2025-04-04T00:00:00+00:00",4,3,0],["2025-07-08T00:00:00+00:00",4,3,0],["2025-09-22T00:00:00+00:00",4,3,0]]},"geometry":{"type":"Point","coordinates":[34.460203,31.542467]}},{"type":"Feature","properties":{"site_id":26,"event_code":"CE20231007PSE","latest_date":"2025-09-22T00:00:00+00:00","latest_class":4,"pass_count":13,"h":[["2023-11-07T00:00:00+00:00",4,3,3],["2023-11-26T00:00:00+00:00",4,3,0],["2024-01-06T00:00:00+00:00",4,3,0],["2024-02-29T00:00:00+00:00",4,3,0],["2024-04-01T00:00:00+00:00",4,3,0],["2024-05-03T00:00:00+00:00",4,3,0],["2024-07-06T00:00:00+00:00",4,3,0],["2024-09-06T00:00:00+00:00",4,3,0],["2024-12-01T00:00:00+00:00",4,3,0],["2025-02-25T00:00:00+00:00",4,3,0],["2025-04-04T00:00:00+00:00",4,3,0],["2025-07-08T00:00:00+00:00",4,3,0],["2025-09-22T00:00:00+00:00",4,3,0]]},"geometry":{"type":"Point","coordinates":[34.454793,31.54214]}},{"type":"Feature","properties":{"site_id":26,"event_code":"CE20231007PSE","latest_date":"2025-09-22T00:00:00+00:00","latest_class":4,"pass_count":13,"h":[["2023-11-07T00:00:00+00:00",4,3,3],["2023-11-26T00:00:00+00:00",4,3,0],["2024-01-06T00:00:00+00:00",4,3,0],["2024-02-29T00:00:00+00:00",4,3,0],["2024-04-01T00:00:00+00:00",4,3,0],["2024-05-03T00:00:00+00:00",4,3,0],["2024-07-06T00:00:00+00:00",4,3,0],["2024-09-06T00:00:00+00:00",4,3,0],["2024-12-01T00:00:00+00:00",4,3,0],["2025-02-25T00:00:00+00:00",4,3,0],["2025-04-04T00:00:00+00:00",4,3,0],["2025-07-08T00:00:00+00:00",4,3,0],["2025-09-22T00:00:00+00:00",4,3,0]]},"geometry":{"type":"Point","coordinates":[34.454749,31.542094]}},{"type":"Feature","properties":{"site_id":26,"event_code":"CE20231007PSE","latest_date":"2025-09-22T00:00:00+00:00","latest_class":4,"pass_count":13,"h":[["2023-11-07T00:00:00+00:00",4,3,3],["2023-11-26T00:00:00+00:00",4,3,0],["2024-01-06T00:00:00+00:00",4,3,0],["2024-02-29T00:00:00+00:00",4,3,0],["2024-04-01T00:00:00+00:00",4,3,0],["2024-05-03T00:00:00+00:00",4,3,0],["2024-07-06T00:00:00+00:00",4,3,0],["2024-09-06T00:00:00+00:00",4,3,0],["2024-12-01T00:00:00+00:00",4,3,0],["2025-02-25T00:00:00+00:00",4,3,0],["2025-04-04T00:00:00+00:00",4,3,0],["2025-07-08T00:00:00+00:00",4,3,0],["2025-09-22T00:00:00+00:00",4,3,0]]},"geometry":{"type":"Point","coordinates":[34.454941,31.542217]}},{"type":"Feature","properties":{"site_id":26,"event_code":"CE20231007PSE","latest_date":"2025-09-22T00:00:00+00:00","latest_class":4,"pass_count":13,"h":[["2023-11-07T00:00:00+00:00",4,3,3],["2023-11-26T00:00:00+00:00",4,3,0],["2024-01-06T00:00:00+00:00",4,3,0],["2024-02-29T00:00:00+00:00",4,3,0],["2024-04-01T00:00:00+00:00",4,3,0],["2024-05-03T00:00:00+00:00",4,3,0],["2024-07-06T00:00:00+00:00",4,3,0],["2024-09-06T00:00:00+00:00",4,3,0],["2024-12-01T00:00:00+00:00",4,3,0],["2025-02-25T00:00:00+00:00",4,3,0],["2025-04-04T00:00:00+00:00",4,3,0],["2025-07-08T00:00:00+00:00",4,3,0],["2025-09-22T00:00:00+00:00",4,3,0]]},"geometry":{"type":"Point","coordinates":[34.454838,31.542179]}},{"type":"Feature","properties":{"site_id":26,"event_code":"CE20231007PSE","latest_date":"2025-09-22T00:00:00+00:00","latest_class":4,"pass_count":13,"h":[["2023-11-07T00:00:00+00:00",4,3,3],["2023-11-26T00:00:00+00:00",4,3,0],["2024-01-06T00:00:00+00:00",4,3,0],["2024-02-29T00:00:00+00:00",4,3,0],["2024-04-01T00:00:00+00:00",4,3,0],["2024-05-03T00:00:00+00:00",4,3,0],["2024-07-06T00:00:00+00:00",4,3,0],["2024-09-06T00:00:00+00:00",4,3,0],["2024-12-01T00:00:00+00:00",4,3,0],["2025-02-25T00:00:00+00:00",4,3,0],["2025-04-04T00:00:00+00:00",4,3,0],["2025-07-08T00:00:00+00:00",4,3,0],["2025-09-22T00:00:00+00:00",4,3,0]]},"geometry":{"type":"Point","coordinates":[34.454311,31.541578]}},{"type":"Feature","properties":{"site_id":26,"event_code":"CE20231007PSE","latest_date":"2025-09-22T00:00:00+00:00","latest_class":4,"pass_count":13,"h":[["2023-11-07T00:00:00+00:00",4,3,3],["2023-11-26T00:00:00+00:00",4,3,0],["2024-01-06T00:00:00+00:00",4,3,0],["2024-02-29T00:00:00+00:00",4,3,0],["2024-04-01T00:00:00+00:00",4,3,0],["2024-05-03T00:00:00+00:00",4,3,0],["2024-07-06T00:00:00+00:00",4,3,0],["2024-09-06T00:00:00+00:00",4,3,0],["2024-12-01T00:00:00+00:00",4,3,0],["2025-02-25T00:00:00+00:00",4,3,0],["2025-04-04T00:00:00+00:00",4,3,0],["2025-07-08T00:00:00+00:00",4,3,0],["2025-09-22T00:00:00+00:00",4,3,0]]},"geometry":{"type":"Point","coordinates":[34.460412,31.539625]}},{"type":"Feature","properties":{"site_id":26,"event_code":"CE20231007PSE","latest_date":"2025-09-22T00:00:00+00:00","latest_class":4,"pass_count":11,"h":[["2024-01-06T00:00:00+00:00",4,3,3],["2024-02-29T00:00:00+00:00",4,3,0],["2024-04-01T00:00:00+00:00",4,3,0],["2024-05-03T00:00:00+00:00",4,3,0],["2024-07-06T00:00:00+00:00",4,3,0],["2024-09-06T00:00:00+00:00",4,3,0],["2024-12-01T00:00:00+00:00",4,3,0],["2025-02-25T00:00:00+00:00",4,3,0],["2025-04-04T00:00:00+00:00",4,3,0],["2025-07-08T00:00:00+00:00",4,3,0],["2025-09-22T00:00:00+00:00",4,3,0]]},"geometry":{"type":"Point","coordinates":[34.453469,31.539289]}},{"type":"Feature","properties":{"site_id":26,"event_code":"CE20231007PSE","latest_date":"2025-09-22T00:00:00+00:00","latest_class":4,"pass_count":14,"h":[["2023-10-15T00:00:00+00:00",4,3,null],["2023-11-07T00:00:00+00:00",4,3,0],["2023-11-26T00:00:00+00:00",4,3,0],["2024-01-06T00:00:00+00:00",4,3,0],["2024-02-29T00:00:00+00:00",4,3,0],["2024-04-01T00:00:00+00:00",4,3,0],["2024-05-03T00:00:00+00:00",4,3,0],["2024-07-06T00:00:00+00:00",4,3,0],["2024-09-06T00:00:00+00:00",4,3,0],["2024-12-01T00:00:00+00:00",4,3,0],["2025-02-25T00:00:00+00:00",4,3,0],["2025-04-04T00:00:00+00:00",4,3,0],["2025-07-08T00:00:00+00:00",4,3,0],["2025-09-22T00:00:00+00:00",4,3,0]]},"geometry":{"type":"Point","coordinates":[34.460328,31.538639]}},{"type":"Feature","properties":{"site_id":26,"event_code":"CE20231007PSE","latest_date":"2025-09-22T00:00:00+00:00","latest_class":4,"pass_count":13,"h":[["2023-11-07T00:00:00+00:00",4,3,3],["2023-11-26T00:00:00+00:00",4,3,0],["2024-01-06T00:00:00+00:00",4,3,0],["2024-02-29T00:00:00+00:00",4,3,0],["2024-04-01T00:00:00+00:00",4,3,0],["2024-05-03T00:00:00+00:00",4,3,0],["2024-07-06T00:00:00+00:00",4,3,0],["2024-09-06T00:00:00+00:00",4,3,0],["2024-12-01T00:00:00+00:00",4,3,0],["2025-02-25T00:00:00+00:00",4,3,0],["2025-04-04T00:00:00+00:00",4,3,0],["2025-07-08T00:00:00+00:00",4,3,0],["2025-09-22T00:00:00+00:00",4,3,0]]},"geometry":{"type":"Point","coordinates":[34.454022,31.545943]}},{"type":"Feature","properties":{"site_id":26,"event_code":"CE20231007PSE","latest_date":"2025-09-22T00:00:00+00:00","latest_class":4,"pass_count":12,"h":[["2023-11-26T00:00:00+00:00",4,3,3],["2024-01-06T00:00:00+00:00",4,3,0],["2024-02-29T00:00:00+00:00",4,3,0],["2024-04-01T00:00:00+00:00",4,3,0],["2024-05-03T00:00:00+00:00",4,3,0],["2024-07-06T00:00:00+00:00",4,3,0],["2024-09-06T00:00:00+00:00",4,3,0],["2024-12-01T00:00:00+00:00",4,3,0],["2025-02-25T00:00:00+00:00",4,3,0],["2025-04-04T00:00:00+00:00",4,3,0],["2025-07-08T00:00:00+00:00",4,3,0],["2025-09-22T00:00:00+00:00",4,3,0]]},"geometry":{"type":"Point","coordinates":[34.46118,31.537347]}},{"type":"Feature","properties":{"site_id":26,"event_code":"CE20231007PSE","latest_date":"2025-09-22T00:00:00+00:00","latest_class":4,"pass_count":13,"h":[["2023-11-07T00:00:00+00:00",4,3,3],["2023-11-26T00:00:00+00:00",4,3,0],["2024-01-06T00:00:00+00:00",4,3,0],["2024-02-29T00:00:00+00:00",4,3,0],["2024-04-01T00:00:00+00:00",4,3,0],["2024-05-03T00:00:00+00:00",4,3,0],["2024-07-06T00:00:00+00:00",4,3,0],["2024-09-06T00:00:00+00:00",4,3,0],["2024-12-01T00:00:00+00:00",4,3,0],["2025-02-25T00:00:00+00:00",4,3,0],["2025-04-04T00:00:00+00:00",4,3,0],["2025-07-08T00:00:00+00:00",4,3,0],["2025-09-22T00:00:00+00:00",4,3,0]]},"geometry":{"type":"Point","coordinates":[34.4605,31.542474]}},{"type":"Feature","properties":{"site_id":26,"event_code":"CE20231007PSE","latest_date":"2025-09-22T00:00:00+00:00","latest_class":4,"pass_count":12,"h":[["2023-11-26T00:00:00+00:00",4,3,3],["2024-01-06T00:00:00+00:00",4,3,0],["2024-02-29T00:00:00+00:00",4,3,0],["2024-04-01T00:00:00+00:00",4,3,0],["2024-05-03T00:00:00+00:00",4,3,0],["2024-07-06T00:00:00+00:00",4,3,0],["2024-09-06T00:00:00+00:00",4,3,0],["2024-12-01T00:00:00+00:00",4,3,0],["2025-02-25T00:00:00+00:00",4,3,0],["2025-04-04T00:00:00+00:00",4,3,0],["2025-07-08T00:00:00+00:00",4,3,0],["2025-09-22T00:00:00+00:00",4,3,0]]},"geometry":{"type":"Point","coordinates":[34.461498,31.541304]}},{"type":"Feature","properties":{"site_id":26,"event_code":"CE20231007PSE","latest_date":"2025-09-22T00:00:00+00:00","latest_class":4,"pass_count":12,"h":[["2023-11-26T00:00:00+00:00",4,3,3],["2024-01-06T00:00:00+00:00",4,3,0],["2024-02-29T00:00:00+00:00",4,3,0],["2024-04-01T00:00:00+00:00",4,3,0],["2024-05-03T00:00:00+00:00",4,3,0],["2024-07-06T00:00:00+00:00",4,3,0],["2024-09-06T00:00:00+00:00",4,3,0],["2024-12-01T00:00:00+00:00",4,3,0],["2025-02-25T00:00:00+00:00",4,3,0],["2025-04-04T00:00:00+00:00",4,3,0],["2025-07-08T00:00:00+00:00",4,3,0],["2025-09-22T00:00:00+00:00",4,3,0]]},"geometry":{"type":"Point","coordinates":[34.456494,31.540869]}},{"type":"Feature","properties":{"site_id":26,"event_code":"CE20231007PSE","latest_date":"2025-09-22T00:00:00+00:00","latest_class":4,"pass_count":14,"h":[["2023-10-15T00:00:00+00:00",4,3,null],["2023-11-07T00:00:00+00:00",4,3,0],["2023-11-26T00:00:00+00:00",4,3,0],["2024-01-06T00:00:00+00:00",4,3,0],["2024-02-29T00:00:00+00:00",4,3,0],["2024-04-01T00:00:00+00:00",4,3,0],["2024-05-03T00:00:00+00:00",4,3,0],["2024-07-06T00:00:00+00:00",4,3,0],["2024-09-06T00:00:00+00:00",4,3,0],["2024-12-01T00:00:00+00:00",4,3,0],["2025-02-25T00:00:00+00:00",4,3,0],["2025-04-04T00:00:00+00:00",4,3,0],["2025-07-08T00:00:00+00:00",4,3,0],["2025-09-22T00:00:00+00:00",4,3,0]]},"geometry":{"type":"Point","coordinates":[34.459473,31.538792]}},{"type":"Feature","properties":{"site_id":26,"event_code":"CE20231007PSE","latest_date":"2025-09-22T00:00:00+00:00","latest_class":4,"pass_count":13,"h":[["2023-11-07T00:00:00+00:00",4,3,3],["2023-11-26T00:00:00+00:00",4,3,0],["2024-01-06T00:00:00+00:00",4,3,0],["2024-02-29T00:00:00+00:00",4,3,0],["2024-04-01T00:00:00+00:00",4,3,0],["2024-05-03T00:00:00+00:00",4,3,0],["2024-07-06T00:00:00+00:00",4,3,0],["2024-09-06T00:00:00+00:00",4,3,0],["2024-12-01T00:00:00+00:00",4,3,0],["2025-02-25T00:00:00+00:00",4,3,0],["2025-04-04T00:00:00+00:00",4,3,0],["2025-07-08T00:00:00+00:00",4,3,0],["2025-09-22T00:00:00+00:00",4,3,0]]},"geometry":{"type":"Point","coordinates":[34.458889,31.53996]}},{"type":"Feature","properties":{"site_id":26,"event_code":"CE20231007PSE","latest_date":"2025-09-22T00:00:00+00:00","latest_class":4,"pass_count":13,"h":[["2023-11-07T00:00:00+00:00",4,3,3],["2023-11-26T00:00:00+00:00",4,3,0],["2024-01-06T00:00:00+00:00",4,3,0],["2024-02-29T00:00:00+00:00",4,3,0],["2024-04-01T00:00:00+00:00",4,3,0],["2024-05-03T00:00:00+00:00",4,3,0],["2024-07-06T00:00:00+00:00",4,3,0],["2024-09-06T00:00:00+00:00",4,3,0],["2024-12-01T00:00:00+00:00",4,3,0],["2025-02-25T00:00:00+00:00",4,3,0],["2025-04-04T00:00:00+00:00",4,3,0],["2025-07-08T00:00:00+00:00",4,3,0],["2025-09-22T00:00:00+00:00",4,3,0]]},"geometry":{"type":"Point","coordinates":[34.453056,31.543466]}},{"type":"Feature","properties":{"site_id":26,"event_code":"CE20231007PSE","latest_date":"2025-09-22T00:00:00+00:00","latest_class":4,"pass_count":14,"h":[["2023-10-15T00:00:00+00:00",4,3,null],["2023-11-07T00:00:00+00:00",4,3,0],["2023-11-26T00:00:00+00:00",4,3,0],["2024-01-06T00:00:00+00:00",4,3,0],["2024-02-29T00:00:00+00:00",4,3,0],["2024-04-01T00:00:00+00:00",4,3,0],["2024-05-03T00:00:00+00:00",4,3,0],["2024-07-06T00:00:00+00:00",4,3,0],["2024-09-06T00:00:00+00:00",4,3,0],["2024-12-01T00:00:00+00:00",4,3,0],["2025-02-25T00:00:00+00:00",4,3,0],["2025-04-04T00:00:00+00:00",4,3,0],["2025-07-08T00:00:00+00:00",4,3,0],["2025-09-22T00:00:00+00:00",4,3,0]]},"geometry":{"type":"Point","coordinates":[34.458515,31.542603]}},{"type":"Feature","properties":{"site_id":26,"event_code":"CE20231007PSE","latest_date":"2025-09-22T00:00:00+00:00","latest_class":11,"pass_count":8,"h":[["2024-05-03T00:00:00+00:00",11,3,3],["2024-07-06T00:00:00+00:00",11,3,0],["2024-09-06T00:00:00+00:00",11,3,0],["2024-12-01T00:00:00+00:00",11,3,0],["2025-02-25T00:00:00+00:00",11,3,0],["2025-04-04T00:00:00+00:00",11,3,0],["2025-07-08T00:00:00+00:00",11,3,0],["2025-09-22T00:00:00+00:00",11,3,0]]},"geometry":{"type":"Point","coordinates":[34.451592,31.541191]}},{"type":"Feature","properties":{"site_id":5,"event_code":"CE20231007PSE","latest_date":"2025-09-22T00:00:00+00:00","latest_class":11,"pass_count":8,"h":[["2024-05-03T00:00:00+00:00",11,3,3],["2024-07-06T00:00:00+00:00",11,3,0],["2024-09-06T00:00:00+00:00",11,3,0],["2024-12-01T00:00:00+00:00",11,3,0],["2025-02-25T00:00:00+00:00",11,3,0],["2025-04-04T00:00:00+00:00",11,3,0],["2025-07-08T00:00:00+00:00",11,3,0],["2025-09-22T00:00:00+00:00",11,3,0]]},"geometry":{"type":"Point","coordinates":[34.461702,31.541579]}}]}