{"type":"FeatureCollection","metadata":{"source":"UNOSAT/OCHA, Gaza City Comprehensive Damage Assessment, 22-23 September 2025 release","geometry_status":"point_only","confidence":"high","notes":"Points are UNOSAT-assessed damage sites, not building footprints. h = [date, damage_class_code, confidence_id, status_code] per satellite pass, oldest first. See extract_unosat_gaza_city.py docstring for legend provenance.","territory":"Gaza Strip","governorate":"Gaza","municipality":"Gaza City","neighborhood":"As Sabra"},"legend":{"damage_class":{"1":"Destroyed","2":"Severe Damage","3":"Moderate Damage","4":"Possible Damage"},"status":{"0":"No change since previous pass (inferred)","1":"Change since previous pass (inferred)"}},"features":[{"type":"Feature","properties":{"site_id":26,"event_code":"CE20231007PSE","latest_date":"2025-09-22T00:00:00+00:00","latest_class":2,"pass_count":14,"h":[["2023-10-15T00:00:00+00:00",2,1,null],["2023-11-07T00:00:00+00:00",2,1,0],["2023-11-26T00:00:00+00:00",2,1,0],["2024-01-06T00:00:00+00:00",2,1,0],["2024-02-29T00:00:00+00:00",2,1,0],["2024-04-01T00:00:00+00:00",2,1,0],["2024-05-03T00:00:00+00:00",2,1,0],["2024-07-06T00:00:00+00:00",2,1,0],["2024-09-06T00:00:00+00:00",2,1,0],["2024-12-01T00:00:00+00:00",2,1,0],["2025-02-25T00:00:00+00:00",2,1,0],["2025-04-04T00:00:00+00:00",2,1,0],["2025-07-08T00:00:00+00:00",2,1,0],["2025-09-22T00:00:00+00:00",2,1,0]]},"geometry":{"type":"Point","coordinates":[34.452633,31.50361]}},{"type":"Feature","properties":{"site_id":26,"event_code":"CE20231007PSE","latest_date":"2025-09-22T00:00:00+00:00","latest_class":2,"pass_count":14,"h":[["2023-10-15T00:00:00+00:00",3,2,null],["2023-11-07T00:00:00+00:00",3,2,0],["2023-11-26T00:00:00+00:00",2,1,1],["2024-01-06T00:00:00+00:00",2,1,0],["2024-02-29T00:00:00+00:00",2,1,0],["2024-04-01T00:00:00+00:00",2,1,0],["2024-05-03T00:00:00+00:00",2,1,0],["2024-07-06T00:00:00+00:00",2,1,0],["2024-09-06T00:00:00+00:00",2,1,0],["2024-12-01T00:00:00+00:00",2,1,0],["2025-02-25T00:00:00+00:00",2,1,0],["2025-04-04T00:00:00+00:00",2,1,0],["2025-07-08T00:00:00+00:00",2,1,0],["2025-09-22T00:00:00+00:00",2,1,0]]},"geometry":{"type":"Point","coordinates":[34.452474,31.503682]}},{"type":"Feature","properties":{"site_id":26,"event_code":"CE20231007PSE","latest_date":"2025-09-22T00:00:00+00:00","latest_class":3,"pass_count":14,"h":[["2023-10-15T00:00:00+00:00",3,2,null],["2023-11-07T00:00:00+00:00",3,2,0],["2023-11-26T00:00:00+00:00",3,2,0],["2024-01-06T00:00:00+00:00",3,2,0],["2024-02-29T00:00:00+00:00",3,2,0],["2024-04-01T00:00:00+00:00",3,2,0],["2024-05-03T00:00:00+00:00",3,2,0],["2024-07-06T00:00:00+00:00",3,2,0],["2024-09-06T00:00:00+00:00",3,2,0],["2024-12-01T00:00:00+00:00",3,2,0],["2025-02-25T00:00:00+00:00",3,2,0],["2025-04-04T00:00:00+00:00",3,2,0],["2025-07-08T00:00:00+00:00",3,2,0],["2025-09-22T00:00:00+00:00",3,2,0]]},"geometry":{"type":"Point","coordinates":[34.452806,31.50355]}},{"type":"Feature","properties":{"site_id":26,"event_code":"CE20231007PSE","latest_date":"2025-09-22T00:00:00+00:00","latest_class":3,"pass_count":14,"h":[["2023-10-15T00:00:00+00:00",3,2,null],["2023-11-07T00:00:00+00:00",3,2,0],["2023-11-26T00:00:00+00:00",3,2,0],["2024-01-06T00:00:00+00:00",3,2,0],["2024-02-29T00:00:00+00:00",3,2,0],["2024-04-01T00:00:00+00:00",3,2,0],["2024-05-03T00:00:00+00:00",3,2,0],["2024-07-06T00:00:00+00:00",3,2,0],["2024-09-06T00:00:00+00:00",3,2,0],["2024-12-01T00:00:00+00:00",3,2,0],["2025-02-25T00:00:00+00:00",3,2,0],["2025-04-04T00:00:00+00:00",3,2,0],["2025-07-08T00:00:00+00:00",3,2,0],["2025-09-22T00:00:00+00:00",3,2,0]]},"geometry":{"type":"Point","coordinates":[34.452701,31.503435]}},{"type":"Feature","properties":{"site_id":26,"event_code":"CE20231007PSE","latest_date":"2025-09-22T00:00:00+00:00","latest_class":1,"pass_count":14,"h":[["2023-10-15T00:00:00+00:00",3,2,null],["2023-11-07T00:00:00+00:00",3,2,0],["2023-11-26T00:00:00+00:00",1,1,1],["2024-01-06T00:00:00+00:00",1,1,0],["2024-02-29T00:00:00+00:00",1,1,0],["2024-04-01T00:00:00+00:00",1,1,0],["2024-05-03T00:00:00+00:00",1,1,0],["2024-07-06T00:00:00+00:00",1,1,0],["2024-09-06T00:00:00+00:00",1,1,0],["2024-12-01T00:00:00+00:00",1,1,0],["2025-02-25T00:00:00+00:00",1,1,0],["2025-04-04T00:00:00+00:00",1,1,0],["2025-07-08T00:00:00+00:00",1,1,0],["2025-09-22T00:00:00+00:00",1,1,0]]},"geometry":{"type":"Point","coordinates":[34.452969,31.503725]}},{"type":"Feature","properties":{"site_id":26,"event_code":"CE20231007PSE","latest_date":"2025-09-22T00:00:00+00:00","latest_class":3,"pass_count":14,"h":[["2023-10-15T00:00:00+00:00",3,2,null],["2023-11-07T00:00:00+00:00",3,2,0],["2023-11-26T00:00:00+00:00",3,2,0],["2024-01-06T00:00:00+00:00",3,2,0],["2024-02-29T00:00:00+00:00",3,2,0],["2024-04-01T00:00:00+00:00",3,2,0],["2024-05-03T00:00:00+00:00",3,2,0],["2024-07-06T00:00:00+00:00",3,2,0],["2024-09-06T00:00:00+00:00",3,2,0],["2024-12-01T00:00:00+00:00",3,2,0],["2025-02-25T00:00:00+00:00",3,2,0],["2025-04-04T00:00:00+00:00",3,2,0],["2025-07-08T00:00:00+00:00",3,2,0],["2025-09-22T00:00:00+00:00",3,2,0]]},"geometry":{"type":"Point","coordinates":[34.452649,31.503966]}},{"type":"Feature","properties":{"site_id":26,"event_code":"CE20231007PSE","latest_date":"2025-09-22T00:00:00+00:00","latest_class":3,"pass_count":14,"h":[["2023-10-15T00:00:00+00:00",3,2,null],["2023-11-07T00:00:00+00:00",3,2,0],["2023-11-26T00:00:00+00:00",3,2,0],["2024-01-06T00:00:00+00:00",3,2,0],["2024-02-29T00:00:00+00:00",3,2,0],["2024-04-01T00:00:00+00:00",3,2,0],["2024-05-03T00:00:00+00:00",3,2,0],["2024-07-06T00:00:00+00:00",3,2,0],["2024-09-06T00:00:00+00:00",3,2,0],["2024-12-01T00:00:00+00:00",3,2,0],["2025-02-25T00:00:00+00:00",3,2,0],["2025-04-04T00:00:00+00:00",3,2,0],["2025-07-08T00:00:00+00:00",3,2,0],["2025-09-22T00:00:00+00:00",3,2,0]]},"geometry":{"type":"Point","coordinates":[34.452463,31.503456]}},{"type":"Feature","properties":{"site_id":26,"event_code":"CE20231007PSE","latest_date":"2025-09-22T00:00:00+00:00","latest_class":1,"pass_count":13,"h":[["2023-11-07T00:00:00+00:00",2,1,3],["2023-11-26T00:00:00+00:00",2,1,0],["2024-01-06T00:00:00+00:00",2,1,0],["2024-02-29T00:00:00+00:00",2,1,0],["2024-04-01T00:00:00+00:00",2,1,0],["2024-05-03T00:00:00+00:00",2,1,0],["2024-07-06T00:00:00+00:00",2,1,0],["2024-09-06T00:00:00+00:00",2,1,0],["2024-12-01T00:00:00+00:00",2,1,0],["2025-02-25T00:00:00+00:00",2,1,0],["2025-04-04T00:00:00+00:00",2,1,0],["2025-07-08T00:00:00+00:00",2,1,0],["2025-09-22T00:00:00+00:00",1,1,1]]},"geometry":{"type":"Point","coordinates":[34.453298,31.503807]}},{"type":"Feature","properties":{"site_id":26,"event_code":"CE20231007PSE","latest_date":"2025-09-22T00:00:00+00:00","latest_class":1,"pass_count":13,"h":[["2023-11-07T00:00:00+00:00",3,2,3],["2023-11-26T00:00:00+00:00",3,2,0],["2024-01-06T00:00:00+00:00",3,2,0],["2024-02-29T00:00:00+00:00",1,1,1],["2024-04-01T00:00:00+00:00",1,1,0],["2024-05-03T00:00:00+00:00",1,1,0],["2024-07-06T00:00:00+00:00",1,1,0],["2024-09-06T00:00:00+00:00",1,1,0],["2024-12-01T00:00:00+00:00",1,1,0],["2025-02-25T00:00:00+00:00",1,1,0],["2025-04-04T00:00:00+00:00",1,1,0],["2025-07-08T00:00:00+00:00",1,1,0],["2025-09-22T00:00:00+00:00",1,1,0]]},"geometry":{"type":"Point","coordinates":[34.456263,31.50328]}},{"type":"Feature","properties":{"site_id":26,"event_code":"CE20231007PSE","latest_date":"2025-09-22T00:00:00+00:00","latest_class":3,"pass_count":13,"h":[["2023-11-07T00:00:00+00:00",3,2,3],["2023-11-26T00:00:00+00:00",3,2,0],["2024-01-06T00:00:00+00:00",3,2,0],["2024-02-29T00:00:00+00:00",3,2,0],["2024-04-01T00:00:00+00:00",3,2,0],["2024-05-03T00:00:00+00:00",3,2,0],["2024-07-06T00:00:00+00:00",3,2,0],["2024-09-06T00:00:00+00:00",3,2,0],["2024-12-01T00:00:00+00:00",3,2,0],["2025-02-25T00:00:00+00:00",3,2,0],["2025-04-04T00:00:00+00:00",3,2,0],["2025-07-08T00:00:00+00:00",3,2,0],["2025-09-22T00:00:00+00:00",3,2,0]]},"geometry":{"type":"Point","coordinates":[34.456161,31.50347]}},{"type":"Feature","properties":{"site_id":26,"event_code":"CE20231007PSE","latest_date":"2025-09-22T00:00:00+00:00","latest_class":1,"pass_count":13,"h":[["2023-11-07T00:00:00+00:00",1,1,3],["2023-11-26T00:00:00+00:00",1,1,0],["2024-01-06T00:00:00+00:00",1,1,0],["2024-02-29T00:00:00+00:00",1,1,0],["2024-04-01T00:00:00+00:00",1,1,0],["2024-05-03T00:00:00+00:00",1,1,0],["2024-07-06T00:00:00+00:00",1,1,0],["2024-09-06T00:00:00+00:00",1,1,0],["2024-12-01T00:00:00+00:00",1,1,0],["2025-02-25T00:00:00+00:00",1,1,0],["2025-04-04T00:00:00+00:00",1,1,0],["2025-07-08T00:00:00+00:00",1,1,0],["2025-09-22T00:00:00+00:00",1,1,0]]},"geometry":{"type":"Point","coordinates":[34.453244,31.503973]}},{"type":"Feature","properties":{"site_id":26,"event_code":"CE20231007PSE","latest_date":"2025-09-22T00:00:00+00:00","latest_class":3,"pass_count":14,"h":[["2023-10-15T00:00:00+00:00",4,3,null],["2023-11-07T00:00:00+00:00",3,2,1],["2023-11-26T00:00:00+00:00",3,2,0],["2024-01-06T00:00:00+00:00",3,2,0],["2024-02-29T00:00:00+00:00",3,2,0],["2024-04-01T00:00:00+00:00",3,2,0],["2024-05-03T00:00:00+00:00",3,2,0],["2024-07-06T00:00:00+00:00",3,2,0],["2024-09-06T00:00:00+00:00",3,2,0],["2024-12-01T00:00:00+00:00",3,2,0],["2025-02-25T00:00:00+00:00",3,2,0],["2025-04-04T00:00:00+00:00",3,2,0],["2025-07-08T00:00:00+00:00",3,2,0],["2025-09-22T00:00:00+00:00",3,2,0]]},"geometry":{"type":"Point","coordinates":[34.45297,31.50401]}},{"type":"Feature","properties":{"site_id":26,"event_code":"CE20231007PSE","latest_date":"2025-09-22T00:00:00+00:00","latest_class":2,"pass_count":13,"h":[["2023-11-07T00:00:00+00:00",3,2,3],["2023-11-26T00:00:00+00:00",2,1,1],["2024-01-06T00:00:00+00:00",2,1,0],["2024-02-29T00:00:00+00:00",2,1,0],["2024-04-01T00:00:00+00:00",2,1,0],["2024-05-03T00:00:00+00:00",2,1,0],["2024-07-06T00:00:00+00:00",2,1,0],["2024-09-06T00:00:00+00:00",2,1,0],["2024-12-01T00:00:00+00:00",2,1,0],["2025-02-25T00:00:00+00:00",2,1,0],["2025-04-04T00:00:00+00:00",2,1,0],["2025-07-08T00:00:00+00:00",2,1,0],["2025-09-22T00:00:00+00:00",2,1,0]]},"geometry":{"type":"Point","coordinates":[34.453067,31.504117]}},{"type":"Feature","properties":{"site_id":26,"event_code":"CE20231007PSE","latest_date":"2025-09-22T00:00:00+00:00","latest_class":2,"pass_count":13,"h":[["2023-11-07T00:00:00+00:00",3,2,3],["2023-11-26T00:00:00+00:00",2,1,1],["2024-01-06T00:00:00+00:00",2,1,0],["2024-02-29T00:00:00+00:00",2,1,0],["2024-04-01T00:00:00+00:00",2,1,0],["2024-05-03T00:00:00+00:00",2,1,0],["2024-07-06T00:00:00+00:00",2,1,0],["2024-09-06T00:00:00+00:00",2,1,0],["2024-12-01T00:00:00+00:00",2,1,0],["2025-02-25T00:00:00+00:00",2,1,0],["2025-04-04T00:00:00+00:00",2,1,0],["2025-07-08T00:00:00+00:00",2,1,0],["2025-09-22T00:00:00+00:00",2,1,0]]},"geometry":{"type":"Point","coordinates":[34.453483,31.504175]}},{"type":"Feature","properties":{"site_id":26,"event_code":"CE20231007PSE","latest_date":"2025-09-22T00:00:00+00:00","latest_class":3,"pass_count":13,"h":[["2023-11-07T00:00:00+00:00",3,2,3],["2023-11-26T00:00:00+00:00",3,2,0],["2024-01-06T00:00:00+00:00",3,2,0],["2024-02-29T00:00:00+00:00",3,2,0],["2024-04-01T00:00:00+00:00",3,2,0],["2024-05-03T00:00:00+00:00",3,2,0],["2024-07-06T00:00:00+00:00",3,2,0],["2024-09-06T00:00:00+00:00",3,2,0],["2024-12-01T00:00:00+00:00",3,2,0],["2025-02-25T00:00:00+00:00",3,2,0],["2025-04-04T00:00:00+00:00",3,2,0],["2025-07-08T00:00:00+00:00",3,2,0],["2025-09-22T00:00:00+00:00",3,2,0]]},"geometry":{"type":"Point","coordinates":[34.452006,31.504101]}},{"type":"Feature","properties":{"site_id":26,"event_code":"CE20231007PSE","latest_date":"2025-09-22T00:00:00+00:00","latest_class":1,"pass_count":12,"h":[["2023-11-26T00:00:00+00:00",1,1,3],["2024-01-06T00:00:00+00:00",1,1,0],["2024-02-29T00:00:00+00:00",1,1,0],["2024-04-01T00:00:00+00:00",1,1,0],["2024-05-03T00:00:00+00:00",1,1,0],["2024-07-06T00:00:00+00:00",1,1,0],["2024-09-06T00:00:00+00:00",1,1,0],["2024-12-01T00:00:00+00:00",1,1,0],["2025-02-25T00:00:00+00:00",1,1,0],["2025-04-04T00:00:00+00:00",1,1,0],["2025-07-08T00:00:00+00:00",1,1,0],["2025-09-22T00:00:00+00:00",1,1,0]]},"geometry":{"type":"Point","coordinates":[34.450577,31.504396]}},{"type":"Feature","properties":{"site_id":26,"event_code":"CE20231007PSE","latest_date":"2025-09-22T00:00:00+00:00","latest_class":3,"pass_count":12,"h":[["2023-11-26T00:00:00+00:00",3,2,3],["2024-01-06T00:00:00+00:00",3,2,0],["2024-02-29T00:00:00+00:00",3,2,0],["2024-04-01T00:00:00+00:00",3,2,0],["2024-05-03T00:00:00+00:00",3,2,0],["2024-07-06T00:00:00+00:00",3,2,0],["2024-09-06T00:00:00+00:00",3,2,0],["2024-12-01T00:00:00+00:00",3,2,0],["2025-02-25T00:00:00+00:00",3,2,0],["2025-04-04T00:00:00+00:00",3,2,0],["2025-07-08T00:00:00+00:00",3,2,0],["2025-09-22T00:00:00+00:00",3,2,0]]},"geometry":{"type":"Point","coordinates":[34.450692,31.504331]}},{"type":"Feature","properties":{"site_id":26,"event_code":"CE20231007PSE","latest_date":"2025-09-22T00:00:00+00:00","latest_class":3,"pass_count":12,"h":[["2023-11-26T00:00:00+00:00",3,2,3],["2024-01-06T00:00:00+00:00",3,2,0],["2024-02-29T00:00:00+00:00",3,2,0],["2024-04-01T00:00:00+00:00",3,2,0],["2024-05-03T00:00:00+00:00",3,2,0],["2024-07-06T00:00:00+00:00",3,2,0],["2024-09-06T00:00:00+00:00",3,2,0],["2024-12-01T00:00:00+00:00",3,2,0],["2025-02-25T00:00:00+00:00",3,2,0],["2025-04-04T00:00:00+00:00",3,2,0],["2025-07-08T00:00:00+00:00",3,2,0],["2025-09-22T00:00:00+00:00",3,2,0]]},"geometry":{"type":"Point","coordinates":[34.450757,31.504429]}},{"type":"Feature","properties":{"site_id":26,"event_code":"CE20231007PSE","latest_date":"2025-09-22T00:00:00+00:00","latest_class":2,"pass_count":12,"h":[["2023-11-26T00:00:00+00:00",3,2,3],["2024-01-06T00:00:00+00:00",3,2,0],["2024-02-29T00:00:00+00:00",3,2,0],["2024-04-01T00:00:00+00:00",3,2,0],["2024-05-03T00:00:00+00:00",3,2,0],["2024-07-06T00:00:00+00:00",2,1,1],["2024-09-06T00:00:00+00:00",2,1,0],["2024-12-01T00:00:00+00:00",2,1,0],["2025-02-25T00:00:00+00:00",2,1,0],["2025-04-04T00:00:00+00:00",2,1,0],["2025-07-08T00:00:00+00:00",2,1,0],["2025-09-22T00:00:00+00:00",2,1,0]]},"geometry":{"type":"Point","coordinates":[34.450673,31.504504]}},{"type":"Feature","properties":{"site_id":26,"event_code":"CE20231007PSE","latest_date":"2025-09-22T00:00:00+00:00","latest_class":3,"pass_count":12,"h":[["2023-11-26T00:00:00+00:00",3,2,3],["2024-01-06T00:00:00+00:00",3,2,0],["2024-02-29T00:00:00+00:00",3,2,0],["2024-04-01T00:00:00+00:00",3,2,0],["2024-05-03T00:00:00+00:00",3,2,0],["2024-07-06T00:00:00+00:00",3,2,0],["2024-09-06T00:00:00+00:00",3,2,0],["2024-12-01T00:00:00+00:00",3,2,0],["2025-02-25T00:00:00+00:00",3,2,0],["2025-04-04T00:00:00+00:00",3,2,0],["2025-07-08T00:00:00+00:00",3,2,0],["2025-09-22T00:00:00+00:00",3,2,0]]},"geometry":{"type":"Point","coordinates":[34.45081,31.504274]}},{"type":"Feature","properties":{"site_id":26,"event_code":"CE20231007PSE","latest_date":"2025-09-22T00:00:00+00:00","latest_class":3,"pass_count":12,"h":[["2023-11-26T00:00:00+00:00",3,2,3],["2024-01-06T00:00:00+00:00",3,2,0],["2024-02-29T00:00:00+00:00",3,2,0],["2024-04-01T00:00:00+00:00",3,2,0],["2024-05-03T00:00:00+00:00",3,2,0],["2024-07-06T00:00:00+00:00",3,2,0],["2024-09-06T00:00:00+00:00",3,2,0],["2024-12-01T00:00:00+00:00",3,2,0],["2025-02-25T00:00:00+00:00",3,2,0],["2025-04-04T00:00:00+00:00",3,2,0],["2025-07-08T00:00:00+00:00",3,2,0],["2025-09-22T00:00:00+00:00",3,2,0]]},"geometry":{"type":"Point","coordinates":[34.450982,31.504188]}},{"type":"Feature","properties":{"site_id":26,"event_code":"CE20231007PSE","latest_date":"2025-09-22T00:00:00+00:00","latest_class":1,"pass_count":14,"h":[["2023-10-15T00:00:00+00:00",4,3,null],["2023-11-07T00:00:00+00:00",4,3,0],["2023-11-26T00:00:00+00:00",1,1,1],["2024-01-06T00:00:00+00:00",1,1,0],["2024-02-29T00:00:00+00:00",1,1,0],["2024-04-01T00:00:00+00:00",1,1,0],["2024-05-03T00:00:00+00:00",1,1,0],["2024-07-06T00:00:00+00:00",1,1,0],["2024-09-06T00:00:00+00:00",1,1,0],["2024-12-01T00:00:00+00:00",1,1,0],["2025-02-25T00:00:00+00:00",1,1,0],["2025-04-04T00:00:00+00:00",1,1,0],["2025-07-08T00:00:00+00:00",1,1,0],["2025-09-22T00:00:00+00:00",1,1,0]]},"geometry":{"type":"Point","coordinates":[34.452964,31.50344]}},{"type":"Feature","properties":{"site_id":26,"event_code":"CE20231007PSE","latest_date":"2025-09-22T00:00:00+00:00","latest_class":1,"pass_count":12,"h":[["2023-11-26T00:00:00+00:00",3,2,3],["2024-01-06T00:00:00+00:00",3,2,0],["2024-02-29T00:00:00+00:00",3,2,0],["2024-04-01T00:00:00+00:00",3,2,0],["2024-05-03T00:00:00+00:00",3,2,0],["2024-07-06T00:00:00+00:00",3,2,0],["2024-09-06T00:00:00+00:00",3,2,0],["2024-12-01T00:00:00+00:00",3,2,0],["2025-02-25T00:00:00+00:00",3,2,0],["2025-04-04T00:00:00+00:00",3,2,0],["2025-07-08T00:00:00+00:00",3,2,0],["2025-09-22T00:00:00+00:00",1,1,1]]},"geometry":{"type":"Point","coordinates":[34.453204,31.503559]}},{"type":"Feature","properties":{"site_id":26,"event_code":"CE20231007PSE","latest_date":"2025-09-22T00:00:00+00:00","latest_class":2,"pass_count":14,"h":[["2023-10-15T00:00:00+00:00",4,3,null],["2023-11-07T00:00:00+00:00",4,3,0],["2023-11-26T00:00:00+00:00",3,2,1],["2024-01-06T00:00:00+00:00",3,2,0],["2024-02-29T00:00:00+00:00",3,2,0],["2024-04-01T00:00:00+00:00",3,2,0],["2024-05-03T00:00:00+00:00",3,2,0],["2024-07-06T00:00:00+00:00",3,2,0],["2024-09-06T00:00:00+00:00",3,2,0],["2024-12-01T00:00:00+00:00",3,2,0],["2025-02-25T00:00:00+00:00",3,2,0],["2025-04-04T00:00:00+00:00",3,2,0],["2025-07-08T00:00:00+00:00",3,2,0],["2025-09-22T00:00:00+00:00",2,1,1]]},"geometry":{"type":"Point","coordinates":[34.452891,31.503322]}},{"type":"Feature","properties":{"site_id":26,"event_code":"CE20231007PSE","latest_date":"2025-09-22T00:00:00+00:00","latest_class":2,"pass_count":13,"h":[["2023-11-07T00:00:00+00:00",4,3,3],["2023-11-26T00:00:00+00:00",3,2,1],["2024-01-06T00:00:00+00:00",3,2,0],["2024-02-29T00:00:00+00:00",3,2,0],["2024-04-01T00:00:00+00:00",3,2,0],["2024-05-03T00:00:00+00:00",3,2,0],["2024-07-06T00:00:00+00:00",3,2,0],["2024-09-06T00:00:00+00:00",3,2,0],["2024-12-01T00:00:00+00:00",3,2,0],["2025-02-25T00:00:00+00:00",3,2,0],["2025-04-04T00:00:00+00:00",3,2,0],["2025-07-08T00:00:00+00:00",3,2,0],["2025-09-22T00:00:00+00:00",2,1,1]]},"geometry":{"type":"Point","coordinates":[34.453442,31.503739]}},{"type":"Feature","properties":{"site_id":26,"event_code":"CE20231007PSE","latest_date":"2025-09-22T00:00:00+00:00","latest_class":2,"pass_count":13,"h":[["2023-11-07T00:00:00+00:00",4,3,3],["2023-11-26T00:00:00+00:00",3,2,1],["2024-01-06T00:00:00+00:00",3,2,0],["2024-02-29T00:00:00+00:00",3,2,0],["2024-04-01T00:00:00+00:00",3,2,0],["2024-05-03T00:00:00+00:00",3,2,0],["2024-07-06T00:00:00+00:00",3,2,0],["2024-09-06T00:00:00+00:00",3,2,0],["2024-12-01T00:00:00+00:00",3,2,0],["2025-02-25T00:00:00+00:00",3,2,0],["2025-04-04T00:00:00+00:00",3,2,0],["2025-07-08T00:00:00+00:00",3,2,0],["2025-09-22T00:00:00+00:00",2,1,1]]},"geometry":{"type":"Point","coordinates":[34.453556,31.50367]}},{"type":"Feature","properties":{"site_id":26,"event_code":"CE20231007PSE","latest_date":"2025-09-22T00:00:00+00:00","latest_class":3,"pass_count":12,"h":[["2023-11-26T00:00:00+00:00",3,2,3],["2024-01-06T00:00:00+00:00",3,2,0],["2024-02-29T00:00:00+00:00",3,2,0],["2024-04-01T00:00:00+00:00",3,2,0],["2024-05-03T00:00:00+00:00",3,2,0],["2024-07-06T00:00:00+00:00",3,2,0],["2024-09-06T00:00:00+00:00",3,2,0],["2024-12-01T00:00:00+00:00",3,2,0],["2025-02-25T00:00:00+00:00",3,2,0],["2025-04-04T00:00:00+00:00",3,2,0],["2025-07-08T00:00:00+00:00",3,2,0],["2025-09-22T00:00:00+00:00",3,2,0]]},"geometry":{"type":"Point","coordinates":[34.453604,31.50414]}},{"type":"Feature","properties":{"site_id":26,"event_code":"CE20231007PSE","latest_date":"2025-09-22T00:00:00+00:00","latest_class":3,"pass_count":12,"h":[["2023-11-26T00:00:00+00:00",3,2,3],["2024-01-06T00:00:00+00:00",3,2,0],["2024-02-29T00:00:00+00:00",3,2,0],["2024-04-01T00:00:00+00:00",3,2,0],["2024-05-03T00:00:00+00:00",3,2,0],["2024-07-06T00:00:00+00:00",3,2,0],["2024-09-06T00:00:00+00:00",3,2,0],["2024-12-01T00:00:00+00:00",3,2,0],["2025-02-25T00:00:00+00:00",3,2,0],["2025-04-04T00:00:00+00:00",3,2,0],["2025-07-08T00:00:00+00:00",3,2,0],["2025-09-22T00:00:00+00:00",3,2,0]]},"geometry":{"type":"Point","coordinates":[34.453735,31.50408]}},{"type":"Feature","properties":{"site_id":26,"event_code":"CE20231007PSE","latest_date":"2025-09-22T00:00:00+00:00","latest_class":3,"pass_count":12,"h":[["2023-11-26T00:00:00+00:00",3,2,3],["2024-01-06T00:00:00+00:00",3,2,0],["2024-02-29T00:00:00+00:00",3,2,0],["2024-04-01T00:00:00+00:00",3,2,0],["2024-05-03T00:00:00+00:00",3,2,0],["2024-07-06T00:00:00+00:00",3,2,0],["2024-09-06T00:00:00+00:00",3,2,0],["2024-12-01T00:00:00+00:00",3,2,0],["2025-02-25T00:00:00+00:00",3,2,0],["2025-04-04T00:00:00+00:00",3,2,0],["2025-07-08T00:00:00+00:00",3,2,0],["2025-09-22T00:00:00+00:00",3,2,0]]},"geometry":{"type":"Point","coordinates":[34.453268,31.504296]}},{"type":"Feature","properties":{"site_id":26,"event_code":"CE20231007PSE","latest_date":"2025-09-22T00:00:00+00:00","latest_class":3,"pass_count":12,"h":[["2023-11-26T00:00:00+00:00",3,2,3],["2024-01-06T00:00:00+00:00",3,2,0],["2024-02-29T00:00:00+00:00",3,2,0],["2024-04-01T00:00:00+00:00",3,2,0],["2024-05-03T00:00:00+00:00",3,2,0],["2024-07-06T00:00:00+00:00",3,2,0],["2024-09-06T00:00:00+00:00",3,2,0],["2024-12-01T00:00:00+00:00",3,2,0],["2025-02-25T00:00:00+00:00",3,2,0],["2025-04-04T00:00:00+00:00",3,2,0],["2025-07-08T00:00:00+00:00",3,2,0],["2025-09-22T00:00:00+00:00",3,2,0]]},"geometry":{"type":"Point","coordinates":[34.453371,31.504387]}},{"type":"Feature","properties":{"site_id":26,"event_code":"CE20231007PSE","latest_date":"2025-09-22T00:00:00+00:00","latest_class":2,"pass_count":12,"h":[["2023-11-26T00:00:00+00:00",2,1,3],["2024-01-06T00:00:00+00:00",2,1,0],["2024-02-29T00:00:00+00:00",2,1,0],["2024-04-01T00:00:00+00:00",2,1,0],["2024-05-03T00:00:00+00:00",2,1,0],["2024-07-06T00:00:00+00:00",2,1,0],["2024-09-06T00:00:00+00:00",2,1,0],["2024-12-01T00:00:00+00:00",2,1,0],["2025-02-25T00:00:00+00:00",2,1,0],["2025-04-04T00:00:00+00:00",2,1,0],["2025-07-08T00:00:00+00:00",2,1,0],["2025-09-22T00:00:00+00:00",2,1,0]]},"geometry":{"type":"Point","coordinates":[34.451256,31.504573]}},{"type":"Feature","properties":{"site_id":26,"event_code":"CE20231007PSE","latest_date":"2025-09-22T00:00:00+00:00","latest_class":3,"pass_count":12,"h":[["2023-11-26T00:00:00+00:00",3,2,3],["2024-01-06T00:00:00+00:00",3,2,0],["2024-02-29T00:00:00+00:00",3,2,0],["2024-04-01T00:00:00+00:00",3,2,0],["2024-05-03T00:00:00+00:00",3,2,0],["2024-07-06T00:00:00+00:00",3,2,0],["2024-09-06T00:00:00+00:00",3,2,0],["2024-12-01T00:00:00+00:00",3,2,0],["2025-02-25T00:00:00+00:00",3,2,0],["2025-04-04T00:00:00+00:00",3,2,0],["2025-07-08T00:00:00+00:00",3,2,0],["2025-09-22T00:00:00+00:00",3,2,0]]},"geometry":{"type":"Point","coordinates":[34.451367,31.504524]}},{"type":"Feature","properties":{"site_id":26,"event_code":"CE20231007PSE","latest_date":"2025-09-22T00:00:00+00:00","latest_class":3,"pass_count":13,"h":[["2023-11-07T00:00:00+00:00",4,3,3],["2023-11-26T00:00:00+00:00",3,2,1],["2024-01-06T00:00:00+00:00",3,2,0],["2024-02-29T00:00:00+00:00",3,2,0],["2024-04-01T00:00:00+00:00",3,2,0],["2024-05-03T00:00:00+00:00",3,2,0],["2024-07-06T00:00:00+00:00",3,2,0],["2024-09-06T00:00:00+00:00",3,2,0],["2024-12-01T00:00:00+00:00",3,2,0],["2025-02-25T00:00:00+00:00",3,2,0],["2025-04-04T00:00:00+00:00",3,2,0],["2025-07-08T00:00:00+00:00",3,2,0],["2025-09-22T00:00:00+00:00",3,2,0]]},"geometry":{"type":"Point","coordinates":[34.452131,31.504535]}},{"type":"Feature","properties":{"site_id":26,"event_code":"CE20231007PSE","latest_date":"2025-09-22T00:00:00+00:00","latest_class":1,"pass_count":12,"h":[["2023-11-26T00:00:00+00:00",3,2,3],["2024-01-06T00:00:00+00:00",3,2,0],["2024-02-29T00:00:00+00:00",3,2,0],["2024-04-01T00:00:00+00:00",3,2,0],["2024-05-03T00:00:00+00:00",1,1,1],["2024-07-06T00:00:00+00:00",1,1,0],["2024-09-06T00:00:00+00:00",1,1,0],["2024-12-01T00:00:00+00:00",1,1,0],["2025-02-25T00:00:00+00:00",1,1,0],["2025-04-04T00:00:00+00:00",1,1,0],["2025-07-08T00:00:00+00:00",1,1,0],["2025-09-22T00:00:00+00:00",1,1,0]]},"geometry":{"type":"Point","coordinates":[34.451988,31.50443]}},{"type":"Feature","properties":{"site_id":26,"event_code":"CE20231007PSE","latest_date":"2025-09-22T00:00:00+00:00","latest_class":2,"pass_count":13,"h":[["2023-11-07T00:00:00+00:00",4,3,3],["2023-11-26T00:00:00+00:00",2,1,1],["2024-01-06T00:00:00+00:00",2,1,0],["2024-02-29T00:00:00+00:00",2,1,0],["2024-04-01T00:00:00+00:00",2,1,0],["2024-05-03T00:00:00+00:00",2,1,0],["2024-07-06T00:00:00+00:00",2,1,0],["2024-09-06T00:00:00+00:00",2,1,0],["2024-12-01T00:00:00+00:00",2,1,0],["2025-02-25T00:00:00+00:00",2,1,0],["2025-04-04T00:00:00+00:00",2,1,0],["2025-07-08T00:00:00+00:00",2,1,0],["2025-09-22T00:00:00+00:00",2,1,0]]},"geometry":{"type":"Point","coordinates":[34.455922,31.503808]}},{"type":"Feature","properties":{"site_id":26,"event_code":"CE20231007PSE","latest_date":"2025-09-22T00:00:00+00:00","latest_class":2,"pass_count":12,"h":[["2023-11-26T00:00:00+00:00",2,1,3],["2024-01-06T00:00:00+00:00",2,1,0],["2024-02-29T00:00:00+00:00",2,1,0],["2024-04-01T00:00:00+00:00",2,1,0],["2024-05-03T00:00:00+00:00",2,1,0],["2024-07-06T00:00:00+00:00",2,1,0],["2024-09-06T00:00:00+00:00",2,1,0],["2024-12-01T00:00:00+00:00",2,1,0],["2025-02-25T00:00:00+00:00",2,1,0],["2025-04-04T00:00:00+00:00",2,1,0],["2025-07-08T00:00:00+00:00",2,1,0],["2025-09-22T00:00:00+00:00",2,1,0]]},"geometry":{"type":"Point","coordinates":[34.456236,31.504226]}},{"type":"Feature","properties":{"site_id":26,"event_code":"CE20231007PSE","latest_date":"2025-09-22T00:00:00+00:00","latest_class":1,"pass_count":13,"h":[["2023-11-07T00:00:00+00:00",4,3,3],["2023-11-26T00:00:00+00:00",1,1,1],["2024-01-06T00:00:00+00:00",1,1,0],["2024-02-29T00:00:00+00:00",1,1,0],["2024-04-01T00:00:00+00:00",1,1,0],["2024-05-03T00:00:00+00:00",1,1,0],["2024-07-06T00:00:00+00:00",1,1,0],["2024-09-06T00:00:00+00:00",1,1,0],["2024-12-01T00:00:00+00:00",1,1,0],["2025-02-25T00:00:00+00:00",1,1,0],["2025-04-04T00:00:00+00:00",1,1,0],["2025-07-08T00:00:00+00:00",1,1,0],["2025-09-22T00:00:00+00:00",1,1,0]]},"geometry":{"type":"Point","coordinates":[34.456017,31.50405]}},{"type":"Feature","properties":{"site_id":26,"event_code":"CE20231007PSE","latest_date":"2025-09-22T00:00:00+00:00","latest_class":2,"pass_count":12,"h":[["2023-11-26T00:00:00+00:00",2,1,3],["2024-01-06T00:00:00+00:00",2,1,0],["2024-02-29T00:00:00+00:00",2,1,0],["2024-04-01T00:00:00+00:00",2,1,0],["2024-05-03T00:00:00+00:00",2,1,0],["2024-07-06T00:00:00+00:00",2,1,0],["2024-09-06T00:00:00+00:00",2,1,0],["2024-12-01T00:00:00+00:00",2,1,0],["2025-02-25T00:00:00+00:00",2,1,0],["2025-04-04T00:00:00+00:00",2,1,0],["2025-07-08T00:00:00+00:00",2,1,0],["2025-09-22T00:00:00+00:00",2,1,0]]},"geometry":{"type":"Point","coordinates":[34.456285,31.503834]}},{"type":"Feature","properties":{"site_id":26,"event_code":"CE20231007PSE","latest_date":"2025-09-22T00:00:00+00:00","latest_class":3,"pass_count":12,"h":[["2023-11-26T00:00:00+00:00",3,2,3],["2024-01-06T00:00:00+00:00",3,2,0],["2024-02-29T00:00:00+00:00",3,2,0],["2024-04-01T00:00:00+00:00",3,2,0],["2024-05-03T00:00:00+00:00",3,2,0],["2024-07-06T00:00:00+00:00",3,2,0],["2024-09-06T00:00:00+00:00",3,2,0],["2024-12-01T00:00:00+00:00",3,2,0],["2025-02-25T00:00:00+00:00",3,2,0],["2025-04-04T00:00:00+00:00",3,2,0],["2025-07-08T00:00:00+00:00",3,2,0],["2025-09-22T00:00:00+00:00",3,2,0]]},"geometry":{"type":"Point","coordinates":[34.455894,31.504265]}},{"type":"Feature","properties":{"site_id":26,"event_code":"CE20231007PSE","latest_date":"2025-09-22T00:00:00+00:00","latest_class":3,"pass_count":12,"h":[["2023-11-26T00:00:00+00:00",3,2,3],["2024-01-06T00:00:00+00:00",3,2,0],["2024-02-29T00:00:00+00:00",3,2,0],["2024-04-01T00:00:00+00:00",3,2,0],["2024-05-03T00:00:00+00:00",3,2,0],["2024-07-06T00:00:00+00:00",3,2,0],["2024-09-06T00:00:00+00:00",3,2,0],["2024-12-01T00:00:00+00:00",3,2,0],["2025-02-25T00:00:00+00:00",3,2,0],["2025-04-04T00:00:00+00:00",3,2,0],["2025-07-08T00:00:00+00:00",3,2,0],["2025-09-22T00:00:00+00:00",3,2,0]]},"geometry":{"type":"Point","coordinates":[34.455596,31.504077]}},{"type":"Feature","properties":{"site_id":26,"event_code":"CE20231007PSE","latest_date":"2025-09-22T00:00:00+00:00","latest_class":1,"pass_count":12,"h":[["2023-11-26T00:00:00+00:00",1,1,3],["2024-01-06T00:00:00+00:00",1,1,0],["2024-02-29T00:00:00+00:00",1,1,0],["2024-04-01T00:00:00+00:00",1,1,0],["2024-05-03T00:00:00+00:00",1,1,0],["2024-07-06T00:00:00+00:00",1,1,0],["2024-09-06T00:00:00+00:00",1,1,0],["2024-12-01T00:00:00+00:00",1,1,0],["2025-02-25T00:00:00+00:00",1,1,0],["2025-04-04T00:00:00+00:00",1,1,0],["2025-07-08T00:00:00+00:00",1,1,0],["2025-09-22T00:00:00+00:00",1,1,0]]},"geometry":{"type":"Point","coordinates":[34.455234,31.504118]}},{"type":"Feature","properties":{"site_id":26,"event_code":"CE20231007PSE","latest_date":"2025-09-22T00:00:00+00:00","latest_class":2,"pass_count":12,"h":[["2023-11-26T00:00:00+00:00",2,1,3],["2024-01-06T00:00:00+00:00",2,1,0],["2024-02-29T00:00:00+00:00",2,1,0],["2024-04-01T00:00:00+00:00",2,1,0],["2024-05-03T00:00:00+00:00",2,1,0],["2024-07-06T00:00:00+00:00",2,1,0],["2024-09-06T00:00:00+00:00",2,1,0],["2024-12-01T00:00:00+00:00",2,1,0],["2025-02-25T00:00:00+00:00",2,1,0],["2025-04-04T00:00:00+00:00",2,1,0],["2025-07-08T00:00:00+00:00",2,1,0],["2025-09-22T00:00:00+00:00",2,1,0]]},"geometry":{"type":"Point","coordinates":[34.455487,31.503935]}},{"type":"Feature","properties":{"site_id":26,"event_code":"CE20231007PSE","latest_date":"2025-09-22T00:00:00+00:00","latest_class":1,"pass_count":12,"h":[["2023-11-26T00:00:00+00:00",3,2,3],["2024-01-06T00:00:00+00:00",3,2,0],["2024-02-29T00:00:00+00:00",3,2,0],["2024-04-01T00:00:00+00:00",3,2,0],["2024-05-03T00:00:00+00:00",3,2,0],["2024-07-06T00:00:00+00:00",3,2,0],["2024-09-06T00:00:00+00:00",3,2,0],["2024-12-01T00:00:00+00:00",3,2,0],["2025-02-25T00:00:00+00:00",3,2,0],["2025-04-04T00:00:00+00:00",3,2,0],["2025-07-08T00:00:00+00:00",3,2,0],["2025-09-22T00:00:00+00:00",1,2,1]]},"geometry":{"type":"Point","coordinates":[34.455357,31.50423]}},{"type":"Feature","properties":{"site_id":26,"event_code":"CE20231007PSE","latest_date":"2025-09-22T00:00:00+00:00","latest_class":3,"pass_count":12,"h":[["2023-11-26T00:00:00+00:00",3,2,3],["2024-01-06T00:00:00+00:00",3,2,0],["2024-02-29T00:00:00+00:00",3,2,0],["2024-04-01T00:00:00+00:00",3,2,0],["2024-05-03T00:00:00+00:00",3,2,0],["2024-07-06T00:00:00+00:00",3,2,0],["2024-09-06T00:00:00+00:00",3,2,0],["2024-12-01T00:00:00+00:00",3,2,0],["2025-02-25T00:00:00+00:00",3,2,0],["2025-04-04T00:00:00+00:00",3,2,0],["2025-07-08T00:00:00+00:00",3,2,0],["2025-09-22T00:00:00+00:00",3,2,0]]},"geometry":{"type":"Point","coordinates":[34.455318,31.503689]}},{"type":"Feature","properties":{"site_id":26,"event_code":"CE20231007PSE","latest_date":"2025-09-22T00:00:00+00:00","latest_class":3,"pass_count":12,"h":[["2023-11-26T00:00:00+00:00",3,2,3],["2024-01-06T00:00:00+00:00",3,2,0],["2024-02-29T00:00:00+00:00",3,2,0],["2024-04-01T00:00:00+00:00",3,2,0],["2024-05-03T00:00:00+00:00",3,2,0],["2024-07-06T00:00:00+00:00",3,2,0],["2024-09-06T00:00:00+00:00",3,2,0],["2024-12-01T00:00:00+00:00",3,2,0],["2025-02-25T00:00:00+00:00",3,2,0],["2025-04-04T00:00:00+00:00",3,2,0],["2025-07-08T00:00:00+00:00",3,2,0],["2025-09-22T00:00:00+00:00",3,2,0]]},"geometry":{"type":"Point","coordinates":[34.454985,31.503928]}},{"type":"Feature","properties":{"site_id":26,"event_code":"CE20231007PSE","latest_date":"2025-09-22T00:00:00+00:00","latest_class":3,"pass_count":13,"h":[["2023-11-07T00:00:00+00:00",4,3,3],["2023-11-26T00:00:00+00:00",3,2,1],["2024-01-06T00:00:00+00:00",3,2,0],["2024-02-29T00:00:00+00:00",3,2,0],["2024-04-01T00:00:00+00:00",3,2,0],["2024-05-03T00:00:00+00:00",3,2,0],["2024-07-06T00:00:00+00:00",3,2,0],["2024-09-06T00:00:00+00:00",3,2,0],["2024-12-01T00:00:00+00:00",3,2,0],["2025-02-25T00:00:00+00:00",3,2,0],["2025-04-04T00:00:00+00:00",3,2,0],["2025-07-08T00:00:00+00:00",3,2,0],["2025-09-22T00:00:00+00:00",3,2,0]]},"geometry":{"type":"Point","coordinates":[34.456232,31.50316]}},{"type":"Feature","properties":{"site_id":26,"event_code":"CE20231007PSE","latest_date":"2025-09-22T00:00:00+00:00","latest_class":3,"pass_count":13,"h":[["2023-11-07T00:00:00+00:00",4,3,3],["2023-11-26T00:00:00+00:00",3,2,1],["2024-01-06T00:00:00+00:00",3,2,0],["2024-02-29T00:00:00+00:00",3,2,0],["2024-04-01T00:00:00+00:00",3,2,0],["2024-05-03T00:00:00+00:00",3,2,0],["2024-07-06T00:00:00+00:00",3,2,0],["2024-09-06T00:00:00+00:00",3,2,0],["2024-12-01T00:00:00+00:00",3,2,0],["2025-02-25T00:00:00+00:00",3,2,0],["2025-04-04T00:00:00+00:00",3,2,0],["2025-07-08T00:00:00+00:00",3,2,0],["2025-09-22T00:00:00+00:00",3,2,0]]},"geometry":{"type":"Point","coordinates":[34.456107,31.503201]}},{"type":"Feature","properties":{"site_id":26,"event_code":"CE20231007PSE","latest_date":"2025-09-22T00:00:00+00:00","latest_class":3,"pass_count":13,"h":[["2023-11-07T00:00:00+00:00",4,3,3],["2023-11-26T00:00:00+00:00",3,2,1],["2024-01-06T00:00:00+00:00",3,2,0],["2024-02-29T00:00:00+00:00",3,2,0],["2024-04-01T00:00:00+00:00",3,2,0],["2024-05-03T00:00:00+00:00",3,2,0],["2024-07-06T00:00:00+00:00",3,2,0],["2024-09-06T00:00:00+00:00",3,2,0],["2024-12-01T00:00:00+00:00",3,2,0],["2025-02-25T00:00:00+00:00",3,2,0],["2025-04-04T00:00:00+00:00",3,2,0],["2025-07-08T00:00:00+00:00",3,2,0],["2025-09-22T00:00:00+00:00",3,2,0]]},"geometry":{"type":"Point","coordinates":[34.456006,31.503267]}},{"type":"Feature","properties":{"site_id":26,"event_code":"CE20231007PSE","latest_date":"2025-09-22T00:00:00+00:00","latest_class":1,"pass_count":12,"h":[["2023-11-26T00:00:00+00:00",4,3,3],["2024-01-06T00:00:00+00:00",1,1,1],["2024-02-29T00:00:00+00:00",1,1,0],["2024-04-01T00:00:00+00:00",1,1,0],["2024-05-03T00:00:00+00:00",1,1,0],["2024-07-06T00:00:00+00:00",1,1,0],["2024-09-06T00:00:00+00:00",1,1,0],["2024-12-01T00:00:00+00:00",1,1,0],["2025-02-25T00:00:00+00:00",1,1,0],["2025-04-04T00:00:00+00:00",1,1,0],["2025-07-08T00:00:00+00:00",1,1,0],["2025-09-22T00:00:00+00:00",1,1,0]]},"geometry":{"type":"Point","coordinates":[34.451579,31.504374]}},{"type":"Feature","properties":{"site_id":26,"event_code":"CE20231007PSE","latest_date":"2025-09-22T00:00:00+00:00","latest_class":1,"pass_count":12,"h":[["2023-11-26T00:00:00+00:00",4,3,3],["2024-01-06T00:00:00+00:00",1,1,1],["2024-02-29T00:00:00+00:00",1,1,0],["2024-04-01T00:00:00+00:00",1,1,0],["2024-05-03T00:00:00+00:00",1,1,0],["2024-07-06T00:00:00+00:00",1,1,0],["2024-09-06T00:00:00+00:00",1,1,0],["2024-12-01T00:00:00+00:00",1,1,0],["2025-02-25T00:00:00+00:00",1,1,0],["2025-04-04T00:00:00+00:00",1,1,0],["2025-07-08T00:00:00+00:00",1,1,0],["2025-09-22T00:00:00+00:00",1,1,0]]},"geometry":{"type":"Point","coordinates":[34.45149,31.50446]}},{"type":"Feature","properties":{"site_id":26,"event_code":"CE20231007PSE","latest_date":"2025-09-22T00:00:00+00:00","latest_class":3,"pass_count":12,"h":[["2023-11-26T00:00:00+00:00",4,3,3],["2024-01-06T00:00:00+00:00",3,2,1],["2024-02-29T00:00:00+00:00",3,2,0],["2024-04-01T00:00:00+00:00",3,2,0],["2024-05-03T00:00:00+00:00",3,2,0],["2024-07-06T00:00:00+00:00",3,2,0],["2024-09-06T00:00:00+00:00",3,2,0],["2024-12-01T00:00:00+00:00",3,2,0],["2025-02-25T00:00:00+00:00",3,2,0],["2025-04-04T00:00:00+00:00",3,2,0],["2025-07-08T00:00:00+00:00",3,2,0],["2025-09-22T00:00:00+00:00",3,2,0]]},"geometry":{"type":"Point","coordinates":[34.451374,31.504328]}},{"type":"Feature","properties":{"site_id":26,"event_code":"CE20231007PSE","latest_date":"2025-09-22T00:00:00+00:00","latest_class":1,"pass_count":11,"h":[["2024-01-06T00:00:00+00:00",1,1,3],["2024-02-29T00:00:00+00:00",1,1,0],["2024-04-01T00:00:00+00:00",1,1,0],["2024-05-03T00:00:00+00:00",1,1,0],["2024-07-06T00:00:00+00:00",1,1,0],["2024-09-06T00:00:00+00:00",1,1,0],["2024-12-01T00:00:00+00:00",1,1,0],["2025-02-25T00:00:00+00:00",1,1,0],["2025-04-04T00:00:00+00:00",1,1,0],["2025-07-08T00:00:00+00:00",1,1,0],["2025-09-22T00:00:00+00:00",1,1,0]]},"geometry":{"type":"Point","coordinates":[34.454644,31.504016]}},{"type":"Feature","properties":{"site_id":26,"event_code":"CE20231007PSE","latest_date":"2025-09-22T00:00:00+00:00","latest_class":1,"pass_count":11,"h":[["2024-01-06T00:00:00+00:00",1,1,3],["2024-02-29T00:00:00+00:00",1,1,0],["2024-04-01T00:00:00+00:00",1,1,0],["2024-05-03T00:00:00+00:00",1,1,0],["2024-07-06T00:00:00+00:00",1,1,0],["2024-09-06T00:00:00+00:00",1,1,0],["2024-12-01T00:00:00+00:00",1,1,0],["2025-02-25T00:00:00+00:00",1,1,0],["2025-04-04T00:00:00+00:00",1,1,0],["2025-07-08T00:00:00+00:00",1,1,0],["2025-09-22T00:00:00+00:00",1,1,0]]},"geometry":{"type":"Point","coordinates":[34.454749,31.504133]}},{"type":"Feature","properties":{"site_id":26,"event_code":"CE20231007PSE","latest_date":"2025-09-22T00:00:00+00:00","latest_class":2,"pass_count":13,"h":[["2023-11-07T00:00:00+00:00",4,3,3],["2023-11-26T00:00:00+00:00",4,3,0],["2024-01-06T00:00:00+00:00",2,1,1],["2024-02-29T00:00:00+00:00",2,1,0],["2024-04-01T00:00:00+00:00",2,1,0],["2024-05-03T00:00:00+00:00",2,1,0],["2024-07-06T00:00:00+00:00",2,1,0],["2024-09-06T00:00:00+00:00",2,1,0],["2024-12-01T00:00:00+00:00",2,1,0],["2025-02-25T00:00:00+00:00",2,1,0],["2025-04-04T00:00:00+00:00",2,1,0],["2025-07-08T00:00:00+00:00",2,1,0],["2025-09-22T00:00:00+00:00",2,1,0]]},"geometry":{"type":"Point","coordinates":[34.455821,31.503491]}},{"type":"Feature","properties":{"site_id":26,"event_code":"CE20231007PSE","latest_date":"2025-09-22T00:00:00+00:00","latest_class":3,"pass_count":11,"h":[["2024-01-06T00:00:00+00:00",3,2,3],["2024-02-29T00:00:00+00:00",3,2,0],["2024-04-01T00:00:00+00:00",3,2,0],["2024-05-03T00:00:00+00:00",3,2,0],["2024-07-06T00:00:00+00:00",3,2,0],["2024-09-06T00:00:00+00:00",3,2,0],["2024-12-01T00:00:00+00:00",3,2,0],["2025-02-25T00:00:00+00:00",3,2,0],["2025-04-04T00:00:00+00:00",3,2,0],["2025-07-08T00:00:00+00:00",3,2,0],["2025-09-22T00:00:00+00:00",3,2,0]]},"geometry":{"type":"Point","coordinates":[34.455659,31.503626]}},{"type":"Feature","properties":{"site_id":26,"event_code":"CE20231007PSE","latest_date":"2025-09-22T00:00:00+00:00","latest_class":1,"pass_count":12,"h":[["2023-11-26T00:00:00+00:00",4,3,3],["2024-01-06T00:00:00+00:00",1,1,1],["2024-02-29T00:00:00+00:00",1,1,0],["2024-04-01T00:00:00+00:00",1,1,0],["2024-05-03T00:00:00+00:00",1,1,0],["2024-07-06T00:00:00+00:00",1,1,0],["2024-09-06T00:00:00+00:00",1,1,0],["2024-12-01T00:00:00+00:00",1,1,0],["2025-02-25T00:00:00+00:00",1,1,0],["2025-04-04T00:00:00+00:00",1,1,0],["2025-07-08T00:00:00+00:00",1,1,0],["2025-09-22T00:00:00+00:00",1,1,0]]},"geometry":{"type":"Point","coordinates":[34.455164,31.503821]}},{"type":"Feature","properties":{"site_id":26,"event_code":"CE20231007PSE","latest_date":"2025-09-22T00:00:00+00:00","latest_class":1,"pass_count":12,"h":[["2023-11-26T00:00:00+00:00",4,3,3],["2024-01-06T00:00:00+00:00",1,1,1],["2024-02-29T00:00:00+00:00",1,1,0],["2024-04-01T00:00:00+00:00",1,1,0],["2024-05-03T00:00:00+00:00",1,1,0],["2024-07-06T00:00:00+00:00",1,1,0],["2024-09-06T00:00:00+00:00",1,1,0],["2024-12-01T00:00:00+00:00",1,1,0],["2025-02-25T00:00:00+00:00",1,1,0],["2025-04-04T00:00:00+00:00",1,1,0],["2025-07-08T00:00:00+00:00",1,1,0],["2025-09-22T00:00:00+00:00",1,1,0]]},"geometry":{"type":"Point","coordinates":[34.455274,31.503927]}},{"type":"Feature","properties":{"site_id":26,"event_code":"CE20231007PSE","latest_date":"2025-09-22T00:00:00+00:00","latest_class":2,"pass_count":12,"h":[["2023-11-26T00:00:00+00:00",4,3,3],["2024-01-06T00:00:00+00:00",2,1,1],["2024-02-29T00:00:00+00:00",2,1,0],["2024-04-01T00:00:00+00:00",2,1,0],["2024-05-03T00:00:00+00:00",2,1,0],["2024-07-06T00:00:00+00:00",2,1,0],["2024-09-06T00:00:00+00:00",2,1,0],["2024-12-01T00:00:00+00:00",2,1,0],["2025-02-25T00:00:00+00:00",2,1,0],["2025-04-04T00:00:00+00:00",2,1,0],["2025-07-08T00:00:00+00:00",2,1,0],["2025-09-22T00:00:00+00:00",2,1,0]]},"geometry":{"type":"Point","coordinates":[34.455094,31.504029]}},{"type":"Feature","properties":{"site_id":26,"event_code":"CE20231007PSE","latest_date":"2025-09-22T00:00:00+00:00","latest_class":3,"pass_count":11,"h":[["2024-01-06T00:00:00+00:00",3,2,3],["2024-02-29T00:00:00+00:00",3,2,0],["2024-04-01T00:00:00+00:00",3,2,0],["2024-05-03T00:00:00+00:00",3,2,0],["2024-07-06T00:00:00+00:00",3,2,0],["2024-09-06T00:00:00+00:00",3,2,0],["2024-12-01T00:00:00+00:00",3,2,0],["2025-02-25T00:00:00+00:00",3,2,0],["2025-04-04T00:00:00+00:00",3,2,0],["2025-07-08T00:00:00+00:00",3,2,0],["2025-09-22T00:00:00+00:00",3,2,0]]},"geometry":{"type":"Point","coordinates":[34.454532,31.504614]}},{"type":"Feature","properties":{"site_id":26,"event_code":"CE20231007PSE","latest_date":"2025-09-22T00:00:00+00:00","latest_class":3,"pass_count":11,"h":[["2024-01-06T00:00:00+00:00",3,2,3],["2024-02-29T00:00:00+00:00",3,2,0],["2024-04-01T00:00:00+00:00",3,2,0],["2024-05-03T00:00:00+00:00",3,2,0],["2024-07-06T00:00:00+00:00",3,2,0],["2024-09-06T00:00:00+00:00",3,2,0],["2024-12-01T00:00:00+00:00",3,2,0],["2025-02-25T00:00:00+00:00",3,2,0],["2025-04-04T00:00:00+00:00",3,2,0],["2025-07-08T00:00:00+00:00",3,2,0],["2025-09-22T00:00:00+00:00",3,2,0]]},"geometry":{"type":"Point","coordinates":[34.454478,31.504236]}},{"type":"Feature","properties":{"site_id":26,"event_code":"CE20231007PSE","latest_date":"2025-09-22T00:00:00+00:00","latest_class":3,"pass_count":11,"h":[["2024-01-06T00:00:00+00:00",3,2,3],["2024-02-29T00:00:00+00:00",3,2,0],["2024-04-01T00:00:00+00:00",3,2,0],["2024-05-03T00:00:00+00:00",3,2,0],["2024-07-06T00:00:00+00:00",3,2,0],["2024-09-06T00:00:00+00:00",3,2,0],["2024-12-01T00:00:00+00:00",3,2,0],["2025-02-25T00:00:00+00:00",3,2,0],["2025-04-04T00:00:00+00:00",3,2,0],["2025-07-08T00:00:00+00:00",3,2,0],["2025-09-22T00:00:00+00:00",3,2,0]]},"geometry":{"type":"Point","coordinates":[34.454442,31.504129]}},{"type":"Feature","properties":{"site_id":26,"event_code":"CE20231007PSE","latest_date":"2025-09-22T00:00:00+00:00","latest_class":3,"pass_count":11,"h":[["2024-01-06T00:00:00+00:00",3,2,3],["2024-02-29T00:00:00+00:00",3,2,0],["2024-04-01T00:00:00+00:00",3,2,0],["2024-05-03T00:00:00+00:00",3,2,0],["2024-07-06T00:00:00+00:00",3,2,0],["2024-09-06T00:00:00+00:00",3,2,0],["2024-12-01T00:00:00+00:00",3,2,0],["2025-02-25T00:00:00+00:00",3,2,0],["2025-04-04T00:00:00+00:00",3,2,0],["2025-07-08T00:00:00+00:00",3,2,0],["2025-09-22T00:00:00+00:00",3,2,0]]},"geometry":{"type":"Point","coordinates":[34.454613,31.504294]}},{"type":"Feature","properties":{"site_id":26,"event_code":"CE20231007PSE","latest_date":"2025-09-22T00:00:00+00:00","latest_class":3,"pass_count":11,"h":[["2024-01-06T00:00:00+00:00",3,2,3],["2024-02-29T00:00:00+00:00",3,2,0],["2024-04-01T00:00:00+00:00",3,2,0],["2024-05-03T00:00:00+00:00",3,2,0],["2024-07-06T00:00:00+00:00",3,2,0],["2024-09-06T00:00:00+00:00",3,2,0],["2024-12-01T00:00:00+00:00",3,2,0],["2025-02-25T00:00:00+00:00",3,2,0],["2025-04-04T00:00:00+00:00",3,2,0],["2025-07-08T00:00:00+00:00",3,2,0],["2025-09-22T00:00:00+00:00",3,2,0]]},"geometry":{"type":"Point","coordinates":[34.454855,31.504262]}},{"type":"Feature","properties":{"site_id":26,"event_code":"CE20231007PSE","latest_date":"2025-09-22T00:00:00+00:00","latest_class":3,"pass_count":10,"h":[["2024-02-29T00:00:00+00:00",3,2,3],["2024-04-01T00:00:00+00:00",3,2,0],["2024-05-03T00:00:00+00:00",3,2,0],["2024-07-06T00:00:00+00:00",3,2,0],["2024-09-06T00:00:00+00:00",3,2,0],["2024-12-01T00:00:00+00:00",3,2,0],["2025-02-25T00:00:00+00:00",3,2,0],["2025-04-04T00:00:00+00:00",3,2,0],["2025-07-08T00:00:00+00:00",3,2,0],["2025-09-22T00:00:00+00:00",3,2,0]]},"geometry":{"type":"Point","coordinates":[34.451775,31.504569]}},{"type":"Feature","properties":{"site_id":26,"event_code":"CE20231007PSE","latest_date":"2025-09-22T00:00:00+00:00","latest_class":3,"pass_count":14,"h":[["2023-10-15T00:00:00+00:00",4,3,null],["2023-11-07T00:00:00+00:00",4,3,0],["2023-11-26T00:00:00+00:00",4,3,0],["2024-01-06T00:00:00+00:00",3,2,1],["2024-02-29T00:00:00+00:00",3,2,0],["2024-04-01T00:00:00+00:00",3,2,0],["2024-05-03T00:00:00+00:00",3,2,0],["2024-07-06T00:00:00+00:00",3,2,0],["2024-09-06T00:00:00+00:00",3,2,0],["2024-12-01T00:00:00+00:00",3,2,0],["2025-02-25T00:00:00+00:00",3,2,0],["2025-04-04T00:00:00+00:00",3,2,0],["2025-07-08T00:00:00+00:00",3,2,0],["2025-09-22T00:00:00+00:00",3,2,0]]},"geometry":{"type":"Point","coordinates":[34.452465,31.504051]}},{"type":"Feature","properties":{"site_id":26,"event_code":"CE20231007PSE","latest_date":"2025-09-22T00:00:00+00:00","latest_class":3,"pass_count":12,"h":[["2023-11-26T00:00:00+00:00",4,3,3],["2024-01-06T00:00:00+00:00",3,2,1],["2024-02-29T00:00:00+00:00",3,2,0],["2024-04-01T00:00:00+00:00",3,2,0],["2024-05-03T00:00:00+00:00",3,2,0],["2024-07-06T00:00:00+00:00",3,2,0],["2024-09-06T00:00:00+00:00",3,2,0],["2024-12-01T00:00:00+00:00",3,2,0],["2025-02-25T00:00:00+00:00",3,2,0],["2025-04-04T00:00:00+00:00",3,2,0],["2025-07-08T00:00:00+00:00",3,2,0],["2025-09-22T00:00:00+00:00",3,2,0]]},"geometry":{"type":"Point","coordinates":[34.455414,31.503774]}},{"type":"Feature","properties":{"site_id":26,"event_code":"CE20231007PSE","latest_date":"2025-09-22T00:00:00+00:00","latest_class":3,"pass_count":11,"h":[["2024-01-06T00:00:00+00:00",3,2,3],["2024-02-29T00:00:00+00:00",3,2,0],["2024-04-01T00:00:00+00:00",3,2,0],["2024-05-03T00:00:00+00:00",3,2,0],["2024-07-06T00:00:00+00:00",3,2,0],["2024-09-06T00:00:00+00:00",3,2,0],["2024-12-01T00:00:00+00:00",3,2,0],["2025-02-25T00:00:00+00:00",3,2,0],["2025-04-04T00:00:00+00:00",3,2,0],["2025-07-08T00:00:00+00:00",3,2,0],["2025-09-22T00:00:00+00:00",3,2,0]]},"geometry":{"type":"Point","coordinates":[34.456144,31.504494]}},{"type":"Feature","properties":{"site_id":26,"event_code":"CE20231007PSE","latest_date":"2025-09-22T00:00:00+00:00","latest_class":3,"pass_count":11,"h":[["2024-01-06T00:00:00+00:00",3,2,3],["2024-02-29T00:00:00+00:00",3,2,0],["2024-04-01T00:00:00+00:00",3,2,0],["2024-05-03T00:00:00+00:00",3,2,0],["2024-07-06T00:00:00+00:00",3,2,0],["2024-09-06T00:00:00+00:00",3,2,0],["2024-12-01T00:00:00+00:00",3,2,0],["2025-02-25T00:00:00+00:00",3,2,0],["2025-04-04T00:00:00+00:00",3,2,0],["2025-07-08T00:00:00+00:00",3,2,0],["2025-09-22T00:00:00+00:00",3,2,0]]},"geometry":{"type":"Point","coordinates":[34.456213,31.504662]}},{"type":"Feature","properties":{"site_id":26,"event_code":"CE20231007PSE","latest_date":"2025-09-22T00:00:00+00:00","latest_class":3,"pass_count":12,"h":[["2023-11-26T00:00:00+00:00",3,2,3],["2024-01-06T00:00:00+00:00",3,2,0],["2024-02-29T00:00:00+00:00",3,2,0],["2024-04-01T00:00:00+00:00",3,2,0],["2024-05-03T00:00:00+00:00",3,2,0],["2024-07-06T00:00:00+00:00",3,2,0],["2024-09-06T00:00:00+00:00",3,2,0],["2024-12-01T00:00:00+00:00",3,2,0],["2025-02-25T00:00:00+00:00",3,2,0],["2025-04-04T00:00:00+00:00",3,2,0],["2025-07-08T00:00:00+00:00",3,2,0],["2025-09-22T00:00:00+00:00",3,2,0]]},"geometry":{"type":"Point","coordinates":[34.453022,31.502782]}},{"type":"Feature","properties":{"site_id":26,"event_code":"CE20231007PSE","latest_date":"2025-09-22T00:00:00+00:00","latest_class":1,"pass_count":13,"h":[["2023-11-07T00:00:00+00:00",4,3,3],["2023-11-26T00:00:00+00:00",4,3,0],["2024-01-06T00:00:00+00:00",1,1,1],["2024-02-29T00:00:00+00:00",1,1,0],["2024-04-01T00:00:00+00:00",1,1,0],["2024-05-03T00:00:00+00:00",1,1,0],["2024-07-06T00:00:00+00:00",1,1,0],["2024-09-06T00:00:00+00:00",1,1,0],["2024-12-01T00:00:00+00:00",1,1,0],["2025-02-25T00:00:00+00:00",1,1,0],["2025-04-04T00:00:00+00:00",1,1,0],["2025-07-08T00:00:00+00:00",1,1,0],["2025-09-22T00:00:00+00:00",1,1,0]]},"geometry":{"type":"Point","coordinates":[34.456038,31.503384]}},{"type":"Feature","properties":{"site_id":26,"event_code":"CE20231007PSE","latest_date":"2025-09-22T00:00:00+00:00","latest_class":1,"pass_count":13,"h":[["2023-11-07T00:00:00+00:00",1,1,3],["2023-11-26T00:00:00+00:00",1,1,0],["2024-01-06T00:00:00+00:00",1,1,0],["2024-02-29T00:00:00+00:00",1,1,0],["2024-04-01T00:00:00+00:00",1,1,0],["2024-05-03T00:00:00+00:00",1,1,0],["2024-07-06T00:00:00+00:00",1,1,0],["2024-09-06T00:00:00+00:00",1,1,0],["2024-12-01T00:00:00+00:00",1,1,0],["2025-02-25T00:00:00+00:00",1,1,0],["2025-04-04T00:00:00+00:00",1,1,0],["2025-07-08T00:00:00+00:00",1,1,0],["2025-09-22T00:00:00+00:00",1,1,0]]},"geometry":{"type":"Point","coordinates":[34.456359,31.503377]}},{"type":"Feature","properties":{"site_id":26,"event_code":"CE20231007PSE","latest_date":"2025-09-22T00:00:00+00:00","latest_class":3,"pass_count":13,"h":[["2023-11-07T00:00:00+00:00",3,2,3],["2023-11-26T00:00:00+00:00",3,2,0],["2024-01-06T00:00:00+00:00",3,2,0],["2024-02-29T00:00:00+00:00",3,2,0],["2024-04-01T00:00:00+00:00",3,2,0],["2024-05-03T00:00:00+00:00",3,2,0],["2024-07-06T00:00:00+00:00",3,2,0],["2024-09-06T00:00:00+00:00",3,2,0],["2024-12-01T00:00:00+00:00",3,2,0],["2025-02-25T00:00:00+00:00",3,2,0],["2025-04-04T00:00:00+00:00",3,2,0],["2025-07-08T00:00:00+00:00",3,2,0],["2025-09-22T00:00:00+00:00",3,2,0]]},"geometry":{"type":"Point","coordinates":[34.456536,31.503315]}},{"type":"Feature","properties":{"site_id":26,"event_code":"CE20231007PSE","latest_date":"2025-09-22T00:00:00+00:00","latest_class":3,"pass_count":13,"h":[["2023-11-07T00:00:00+00:00",3,2,3],["2023-11-26T00:00:00+00:00",3,2,0],["2024-01-06T00:00:00+00:00",3,2,0],["2024-02-29T00:00:00+00:00",3,2,0],["2024-04-01T00:00:00+00:00",3,2,0],["2024-05-03T00:00:00+00:00",3,2,0],["2024-07-06T00:00:00+00:00",3,2,0],["2024-09-06T00:00:00+00:00",3,2,0],["2024-12-01T00:00:00+00:00",3,2,0],["2025-02-25T00:00:00+00:00",3,2,0],["2025-04-04T00:00:00+00:00",3,2,0],["2025-07-08T00:00:00+00:00",3,2,0],["2025-09-22T00:00:00+00:00",3,2,0]]},"geometry":{"type":"Point","coordinates":[34.456608,31.503429]}},{"type":"Feature","properties":{"site_id":26,"event_code":"CE20231007PSE","latest_date":"2025-09-22T00:00:00+00:00","latest_class":3,"pass_count":13,"h":[["2023-11-07T00:00:00+00:00",3,2,3],["2023-11-26T00:00:00+00:00",3,2,0],["2024-01-06T00:00:00+00:00",3,2,0],["2024-02-29T00:00:00+00:00",3,2,0],["2024-04-01T00:00:00+00:00",3,2,0],["2024-05-03T00:00:00+00:00",3,2,0],["2024-07-06T00:00:00+00:00",3,2,0],["2024-09-06T00:00:00+00:00",3,2,0],["2024-12-01T00:00:00+00:00",3,2,0],["2025-02-25T00:00:00+00:00",3,2,0],["2025-04-04T00:00:00+00:00",3,2,0],["2025-07-08T00:00:00+00:00",3,2,0],["2025-09-22T00:00:00+00:00",3,2,0]]},"geometry":{"type":"Point","coordinates":[34.456383,31.503133]}},{"type":"Feature","properties":{"site_id":26,"event_code":"CE20231007PSE","latest_date":"2025-09-22T00:00:00+00:00","latest_class":3,"pass_count":12,"h":[["2023-11-26T00:00:00+00:00",3,2,3],["2024-01-06T00:00:00+00:00",3,2,0],["2024-02-29T00:00:00+00:00",3,2,0],["2024-04-01T00:00:00+00:00",3,2,0],["2024-05-03T00:00:00+00:00",3,2,0],["2024-07-06T00:00:00+00:00",3,2,0],["2024-09-06T00:00:00+00:00",3,2,0],["2024-12-01T00:00:00+00:00",3,2,0],["2025-02-25T00:00:00+00:00",3,2,0],["2025-04-04T00:00:00+00:00",3,2,0],["2025-07-08T00:00:00+00:00",3,2,0],["2025-09-22T00:00:00+00:00",3,2,0]]},"geometry":{"type":"Point","coordinates":[34.456294,31.504157]}},{"type":"Feature","properties":{"site_id":26,"event_code":"CE20231007PSE","latest_date":"2025-09-22T00:00:00+00:00","latest_class":3,"pass_count":12,"h":[["2023-11-26T00:00:00+00:00",3,2,3],["2024-01-06T00:00:00+00:00",3,2,0],["2024-02-29T00:00:00+00:00",3,2,0],["2024-04-01T00:00:00+00:00",3,2,0],["2024-05-03T00:00:00+00:00",3,2,0],["2024-07-06T00:00:00+00:00",3,2,0],["2024-09-06T00:00:00+00:00",3,2,0],["2024-12-01T00:00:00+00:00",3,2,0],["2025-02-25T00:00:00+00:00",3,2,0],["2025-04-04T00:00:00+00:00",3,2,0],["2025-07-08T00:00:00+00:00",3,2,0],["2025-09-22T00:00:00+00:00",3,2,0]]},"geometry":{"type":"Point","coordinates":[34.456411,31.504075]}},{"type":"Feature","properties":{"site_id":26,"event_code":"CE20231007PSE","latest_date":"2025-09-22T00:00:00+00:00","latest_class":3,"pass_count":13,"h":[["2023-11-07T00:00:00+00:00",4,3,3],["2023-11-26T00:00:00+00:00",4,3,0],["2024-01-06T00:00:00+00:00",3,2,1],["2024-02-29T00:00:00+00:00",3,2,0],["2024-04-01T00:00:00+00:00",3,2,0],["2024-05-03T00:00:00+00:00",3,2,0],["2024-07-06T00:00:00+00:00",3,2,0],["2024-09-06T00:00:00+00:00",3,2,0],["2024-12-01T00:00:00+00:00",3,2,0],["2025-02-25T00:00:00+00:00",3,2,0],["2025-04-04T00:00:00+00:00",3,2,0],["2025-07-08T00:00:00+00:00",3,2,0],["2025-09-22T00:00:00+00:00",3,2,0]]},"geometry":{"type":"Point","coordinates":[34.456557,31.503687]}},{"type":"Feature","properties":{"site_id":26,"event_code":"CE20231007PSE","latest_date":"2025-09-22T00:00:00+00:00","latest_class":3,"pass_count":11,"h":[["2024-01-06T00:00:00+00:00",3,2,3],["2024-02-29T00:00:00+00:00",3,2,0],["2024-04-01T00:00:00+00:00",3,2,0],["2024-05-03T00:00:00+00:00",3,2,0],["2024-07-06T00:00:00+00:00",3,2,0],["2024-09-06T00:00:00+00:00",3,2,0],["2024-12-01T00:00:00+00:00",3,2,0],["2025-02-25T00:00:00+00:00",3,2,0],["2025-04-04T00:00:00+00:00",3,2,0],["2025-07-08T00:00:00+00:00",3,2,0],["2025-09-22T00:00:00+00:00",3,2,0]]},"geometry":{"type":"Point","coordinates":[34.456431,31.504341]}},{"type":"Feature","properties":{"site_id":26,"event_code":"CE20231007PSE","latest_date":"2025-09-22T00:00:00+00:00","latest_class":1,"pass_count":13,"h":[["2023-11-07T00:00:00+00:00",4,3,3],["2023-11-26T00:00:00+00:00",3,2,1],["2024-01-06T00:00:00+00:00",3,2,0],["2024-02-29T00:00:00+00:00",3,2,0],["2024-04-01T00:00:00+00:00",3,2,0],["2024-05-03T00:00:00+00:00",3,2,0],["2024-07-06T00:00:00+00:00",3,2,0],["2024-09-06T00:00:00+00:00",3,2,0],["2024-12-01T00:00:00+00:00",3,2,0],["2025-02-25T00:00:00+00:00",3,2,0],["2025-04-04T00:00:00+00:00",3,2,0],["2025-07-08T00:00:00+00:00",1,1,1],["2025-09-22T00:00:00+00:00",1,1,0]]},"geometry":{"type":"Point","coordinates":[34.4568,31.503489]}},{"type":"Feature","properties":{"site_id":26,"event_code":"CE20231007PSE","latest_date":"2025-09-22T00:00:00+00:00","latest_class":3,"pass_count":13,"h":[["2023-11-07T00:00:00+00:00",4,3,3],["2023-11-26T00:00:00+00:00",3,2,1],["2024-01-06T00:00:00+00:00",3,2,0],["2024-02-29T00:00:00+00:00",3,2,0],["2024-04-01T00:00:00+00:00",3,2,0],["2024-05-03T00:00:00+00:00",3,2,0],["2024-07-06T00:00:00+00:00",3,2,0],["2024-09-06T00:00:00+00:00",3,2,0],["2024-12-01T00:00:00+00:00",3,2,0],["2025-02-25T00:00:00+00:00",3,2,0],["2025-04-04T00:00:00+00:00",3,2,0],["2025-07-08T00:00:00+00:00",3,2,0],["2025-09-22T00:00:00+00:00",3,2,0]]},"geometry":{"type":"Point","coordinates":[34.4567,31.503578]}},{"type":"Feature","properties":{"site_id":26,"event_code":"CE20231007PSE","latest_date":"2025-09-22T00:00:00+00:00","latest_class":1,"pass_count":13,"h":[["2023-11-07T00:00:00+00:00",1,1,3],["2023-11-26T00:00:00+00:00",1,1,0],["2024-01-06T00:00:00+00:00",1,1,0],["2024-02-29T00:00:00+00:00",1,1,0],["2024-04-01T00:00:00+00:00",1,1,0],["2024-05-03T00:00:00+00:00",1,1,0],["2024-07-06T00:00:00+00:00",1,1,0],["2024-09-06T00:00:00+00:00",1,1,0],["2024-12-01T00:00:00+00:00",1,1,0],["2025-02-25T00:00:00+00:00",1,1,0],["2025-04-04T00:00:00+00:00",1,1,0],["2025-07-08T00:00:00+00:00",1,1,0],["2025-09-22T00:00:00+00:00",1,1,0]]},"geometry":{"type":"Point","coordinates":[34.457126,31.502298]}},{"type":"Feature","properties":{"site_id":26,"event_code":"CE20231007PSE","latest_date":"2025-09-22T00:00:00+00:00","latest_class":2,"pass_count":13,"h":[["2023-11-07T00:00:00+00:00",2,1,3],["2023-11-26T00:00:00+00:00",2,1,0],["2024-01-06T00:00:00+00:00",2,1,0],["2024-02-29T00:00:00+00:00",2,1,0],["2024-04-01T00:00:00+00:00",2,1,0],["2024-05-03T00:00:00+00:00",2,1,0],["2024-07-06T00:00:00+00:00",2,1,0],["2024-09-06T00:00:00+00:00",2,1,0],["2024-12-01T00:00:00+00:00",2,1,0],["2025-02-25T00:00:00+00:00",2,1,0],["2025-04-04T00:00:00+00:00",2,1,0],["2025-07-08T00:00:00+00:00",2,1,0],["2025-09-22T00:00:00+00:00",2,1,0]]},"geometry":{"type":"Point","coordinates":[34.457056,31.502185]}},{"type":"Feature","properties":{"site_id":26,"event_code":"CE20231007PSE","latest_date":"2025-09-22T00:00:00+00:00","latest_class":3,"pass_count":13,"h":[["2023-11-07T00:00:00+00:00",3,2,3],["2023-11-26T00:00:00+00:00",3,2,0],["2024-01-06T00:00:00+00:00",3,2,0],["2024-02-29T00:00:00+00:00",3,2,0],["2024-04-01T00:00:00+00:00",3,2,0],["2024-05-03T00:00:00+00:00",3,2,0],["2024-07-06T00:00:00+00:00",3,2,0],["2024-09-06T00:00:00+00:00",3,2,0],["2024-12-01T00:00:00+00:00",3,2,0],["2025-02-25T00:00:00+00:00",3,2,0],["2025-04-04T00:00:00+00:00",3,2,0],["2025-07-08T00:00:00+00:00",3,2,0],["2025-09-22T00:00:00+00:00",3,2,0]]},"geometry":{"type":"Point","coordinates":[34.457049,31.502475]}},{"type":"Feature","properties":{"site_id":26,"event_code":"CE20231007PSE","latest_date":"2025-09-22T00:00:00+00:00","latest_class":3,"pass_count":13,"h":[["2023-11-07T00:00:00+00:00",3,2,3],["2023-11-26T00:00:00+00:00",3,2,0],["2024-01-06T00:00:00+00:00",3,2,0],["2024-02-29T00:00:00+00:00",3,2,0],["2024-04-01T00:00:00+00:00",3,2,0],["2024-05-03T00:00:00+00:00",3,2,0],["2024-07-06T00:00:00+00:00",3,2,0],["2024-09-06T00:00:00+00:00",3,2,0],["2024-12-01T00:00:00+00:00",3,2,0],["2025-02-25T00:00:00+00:00",3,2,0],["2025-04-04T00:00:00+00:00",3,2,0],["2025-07-08T00:00:00+00:00",3,2,0],["2025-09-22T00:00:00+00:00",3,2,0]]},"geometry":{"type":"Point","coordinates":[34.457008,31.502309]}},{"type":"Feature","properties":{"site_id":26,"event_code":"CE20231007PSE","latest_date":"2025-09-22T00:00:00+00:00","latest_class":2,"pass_count":12,"h":[["2023-11-26T00:00:00+00:00",2,1,3],["2024-01-06T00:00:00+00:00",2,1,0],["2024-02-29T00:00:00+00:00",2,1,0],["2024-04-01T00:00:00+00:00",2,1,0],["2024-05-03T00:00:00+00:00",2,1,0],["2024-07-06T00:00:00+00:00",2,1,0],["2024-09-06T00:00:00+00:00",2,1,0],["2024-12-01T00:00:00+00:00",2,1,0],["2025-02-25T00:00:00+00:00",2,1,0],["2025-04-04T00:00:00+00:00",2,1,0],["2025-07-08T00:00:00+00:00",2,1,0],["2025-09-22T00:00:00+00:00",2,1,0]]},"geometry":{"type":"Point","coordinates":[34.457261,31.503599]}},{"type":"Feature","properties":{"site_id":26,"event_code":"CE20231007PSE","latest_date":"2025-09-22T00:00:00+00:00","latest_class":3,"pass_count":12,"h":[["2023-11-26T00:00:00+00:00",3,2,3],["2024-01-06T00:00:00+00:00",3,2,0],["2024-02-29T00:00:00+00:00",3,2,0],["2024-04-01T00:00:00+00:00",3,2,0],["2024-05-03T00:00:00+00:00",3,2,0],["2024-07-06T00:00:00+00:00",3,2,0],["2024-09-06T00:00:00+00:00",3,2,0],["2024-12-01T00:00:00+00:00",3,2,0],["2025-02-25T00:00:00+00:00",3,2,0],["2025-04-04T00:00:00+00:00",3,2,0],["2025-07-08T00:00:00+00:00",3,2,0],["2025-09-22T00:00:00+00:00",3,2,0]]},"geometry":{"type":"Point","coordinates":[34.457412,31.503727]}},{"type":"Feature","properties":{"site_id":26,"event_code":"CE20231007PSE","latest_date":"2025-09-22T00:00:00+00:00","latest_class":3,"pass_count":12,"h":[["2023-11-26T00:00:00+00:00",3,2,3],["2024-01-06T00:00:00+00:00",3,2,0],["2024-02-29T00:00:00+00:00",3,2,0],["2024-04-01T00:00:00+00:00",3,2,0],["2024-05-03T00:00:00+00:00",3,2,0],["2024-07-06T00:00:00+00:00",3,2,0],["2024-09-06T00:00:00+00:00",3,2,0],["2024-12-01T00:00:00+00:00",3,2,0],["2025-02-25T00:00:00+00:00",3,2,0],["2025-04-04T00:00:00+00:00",3,2,0],["2025-07-08T00:00:00+00:00",3,2,0],["2025-09-22T00:00:00+00:00",3,2,0]]},"geometry":{"type":"Point","coordinates":[34.457265,31.503776]}},{"type":"Feature","properties":{"site_id":26,"event_code":"CE20231007PSE","latest_date":"2025-09-22T00:00:00+00:00","latest_class":3,"pass_count":12,"h":[["2023-11-26T00:00:00+00:00",3,2,3],["2024-01-06T00:00:00+00:00",3,2,0],["2024-02-29T00:00:00+00:00",3,2,0],["2024-04-01T00:00:00+00:00",3,2,0],["2024-05-03T00:00:00+00:00",3,2,0],["2024-07-06T00:00:00+00:00",3,2,0],["2024-09-06T00:00:00+00:00",3,2,0],["2024-12-01T00:00:00+00:00",3,2,0],["2025-02-25T00:00:00+00:00",3,2,0],["2025-04-04T00:00:00+00:00",3,2,0],["2025-07-08T00:00:00+00:00",3,2,0],["2025-09-22T00:00:00+00:00",3,2,0]]},"geometry":{"type":"Point","coordinates":[34.457013,31.503736]}},{"type":"Feature","properties":{"site_id":26,"event_code":"CE20231007PSE","latest_date":"2025-09-22T00:00:00+00:00","latest_class":3,"pass_count":12,"h":[["2023-11-26T00:00:00+00:00",3,2,3],["2024-01-06T00:00:00+00:00",3,2,0],["2024-02-29T00:00:00+00:00",3,2,0],["2024-04-01T00:00:00+00:00",3,2,0],["2024-05-03T00:00:00+00:00",3,2,0],["2024-07-06T00:00:00+00:00",3,2,0],["2024-09-06T00:00:00+00:00",3,2,0],["2024-12-01T00:00:00+00:00",3,2,0],["2025-02-25T00:00:00+00:00",3,2,0],["2025-04-04T00:00:00+00:00",3,2,0],["2025-07-08T00:00:00+00:00",3,2,0],["2025-09-22T00:00:00+00:00",3,2,0]]},"geometry":{"type":"Point","coordinates":[34.457141,31.503408]}},{"type":"Feature","properties":{"site_id":28,"event_code":"CE20231007PSE","latest_date":"2025-09-22T00:00:00+00:00","latest_class":1,"pass_count":12,"h":[["2023-11-26T00:00:00+00:00",3,2,3],["2024-01-06T00:00:00+00:00",3,2,0],["2024-02-29T00:00:00+00:00",3,2,0],["2024-04-01T00:00:00+00:00",3,2,0],["2024-05-03T00:00:00+00:00",3,2,0],["2024-07-06T00:00:00+00:00",3,2,0],["2024-09-06T00:00:00+00:00",3,2,0],["2024-12-01T00:00:00+00:00",3,2,0],["2025-02-25T00:00:00+00:00",3,2,0],["2025-04-04T00:00:00+00:00",3,2,0],["2025-07-08T00:00:00+00:00",1,1,1],["2025-09-22T00:00:00+00:00",1,1,0]]},"geometry":{"type":"Point","coordinates":[34.456991,31.50343]}},{"type":"Feature","properties":{"site_id":26,"event_code":"CE20231007PSE","latest_date":"2025-09-22T00:00:00+00:00","latest_class":2,"pass_count":11,"h":[["2024-01-06T00:00:00+00:00",2,1,3],["2024-02-29T00:00:00+00:00",2,1,0],["2024-04-01T00:00:00+00:00",2,1,0],["2024-05-03T00:00:00+00:00",2,1,0],["2024-07-06T00:00:00+00:00",2,1,0],["2024-09-06T00:00:00+00:00",2,1,0],["2024-12-01T00:00:00+00:00",2,1,0],["2025-02-25T00:00:00+00:00",2,1,0],["2025-04-04T00:00:00+00:00",2,1,0],["2025-07-08T00:00:00+00:00",2,1,0],["2025-09-22T00:00:00+00:00",2,1,0]]},"geometry":{"type":"Point","coordinates":[34.456815,31.50429]}},{"type":"Feature","properties":{"site_id":26,"event_code":"CE20231007PSE","latest_date":"2025-09-22T00:00:00+00:00","latest_class":2,"pass_count":13,"h":[["2023-11-07T00:00:00+00:00",2,1,3],["2023-11-26T00:00:00+00:00",2,1,0],["2024-01-06T00:00:00+00:00",2,1,0],["2024-02-29T00:00:00+00:00",2,1,0],["2024-04-01T00:00:00+00:00",2,1,0],["2024-05-03T00:00:00+00:00",2,1,0],["2024-07-06T00:00:00+00:00",2,1,0],["2024-09-06T00:00:00+00:00",2,1,0],["2024-12-01T00:00:00+00:00",2,1,0],["2025-02-25T00:00:00+00:00",2,1,0],["2025-04-04T00:00:00+00:00",2,1,0],["2025-07-08T00:00:00+00:00",2,1,0],["2025-09-22T00:00:00+00:00",2,1,0]]},"geometry":{"type":"Point","coordinates":[34.457204,31.502415]}},{"type":"Feature","properties":{"site_id":26,"event_code":"CE20231007PSE","latest_date":"2025-09-22T00:00:00+00:00","latest_class":3,"pass_count":13,"h":[["2023-11-07T00:00:00+00:00",4,3,3],["2023-11-26T00:00:00+00:00",3,2,1],["2024-01-06T00:00:00+00:00",3,2,0],["2024-02-29T00:00:00+00:00",3,2,0],["2024-04-01T00:00:00+00:00",3,2,0],["2024-05-03T00:00:00+00:00",3,2,0],["2024-07-06T00:00:00+00:00",3,2,0],["2024-09-06T00:00:00+00:00",3,2,0],["2024-12-01T00:00:00+00:00",3,2,0],["2025-02-25T00:00:00+00:00",3,2,0],["2025-04-04T00:00:00+00:00",3,2,0],["2025-07-08T00:00:00+00:00",3,2,0],["2025-09-22T00:00:00+00:00",3,2,0]]},"geometry":{"type":"Point","coordinates":[34.457416,31.502069]}},{"type":"Feature","properties":{"site_id":26,"event_code":"CE20231007PSE","latest_date":"2025-09-22T00:00:00+00:00","latest_class":3,"pass_count":13,"h":[["2023-11-07T00:00:00+00:00",4,3,3],["2023-11-26T00:00:00+00:00",3,2,1],["2024-01-06T00:00:00+00:00",3,2,0],["2024-02-29T00:00:00+00:00",3,2,0],["2024-04-01T00:00:00+00:00",3,2,0],["2024-05-03T00:00:00+00:00",3,2,0],["2024-07-06T00:00:00+00:00",3,2,0],["2024-09-06T00:00:00+00:00",3,2,0],["2024-12-01T00:00:00+00:00",3,2,0],["2025-02-25T00:00:00+00:00",3,2,0],["2025-04-04T00:00:00+00:00",3,2,0],["2025-07-08T00:00:00+00:00",3,2,0],["2025-09-22T00:00:00+00:00",3,2,0]]},"geometry":{"type":"Point","coordinates":[34.457279,31.502124]}},{"type":"Feature","properties":{"site_id":26,"event_code":"CE20231007PSE","latest_date":"2025-09-22T00:00:00+00:00","latest_class":3,"pass_count":12,"h":[["2023-11-26T00:00:00+00:00",3,2,3],["2024-01-06T00:00:00+00:00",3,2,0],["2024-02-29T00:00:00+00:00",3,2,0],["2024-04-01T00:00:00+00:00",3,2,0],["2024-05-03T00:00:00+00:00",3,2,0],["2024-07-06T00:00:00+00:00",3,2,0],["2024-09-06T00:00:00+00:00",3,2,0],["2024-12-01T00:00:00+00:00",3,2,0],["2025-02-25T00:00:00+00:00",3,2,0],["2025-04-04T00:00:00+00:00",3,2,0],["2025-07-08T00:00:00+00:00",3,2,0],["2025-09-22T00:00:00+00:00",3,2,0]]},"geometry":{"type":"Point","coordinates":[34.457689,31.502431]}},{"type":"Feature","properties":{"site_id":26,"event_code":"CE20231007PSE","latest_date":"2025-09-22T00:00:00+00:00","latest_class":3,"pass_count":12,"h":[["2023-11-26T00:00:00+00:00",3,2,3],["2024-01-06T00:00:00+00:00",3,2,0],["2024-02-29T00:00:00+00:00",3,2,0],["2024-04-01T00:00:00+00:00",3,2,0],["2024-05-03T00:00:00+00:00",3,2,0],["2024-07-06T00:00:00+00:00",3,2,0],["2024-09-06T00:00:00+00:00",3,2,0],["2024-12-01T00:00:00+00:00",3,2,0],["2025-02-25T00:00:00+00:00",3,2,0],["2025-04-04T00:00:00+00:00",3,2,0],["2025-07-08T00:00:00+00:00",3,2,0],["2025-09-22T00:00:00+00:00",3,2,0]]},"geometry":{"type":"Point","coordinates":[34.457562,31.502507]}},{"type":"Feature","properties":{"site_id":26,"event_code":"CE20231007PSE","latest_date":"2025-09-22T00:00:00+00:00","latest_class":3,"pass_count":12,"h":[["2023-11-26T00:00:00+00:00",3,2,3],["2024-01-06T00:00:00+00:00",3,2,0],["2024-02-29T00:00:00+00:00",3,2,0],["2024-04-01T00:00:00+00:00",3,2,0],["2024-05-03T00:00:00+00:00",3,2,0],["2024-07-06T00:00:00+00:00",3,2,0],["2024-09-06T00:00:00+00:00",3,2,0],["2024-12-01T00:00:00+00:00",3,2,0],["2025-02-25T00:00:00+00:00",3,2,0],["2025-04-04T00:00:00+00:00",3,2,0],["2025-07-08T00:00:00+00:00",3,2,0],["2025-09-22T00:00:00+00:00",3,2,0]]},"geometry":{"type":"Point","coordinates":[34.457375,31.502601]}},{"type":"Feature","properties":{"site_id":26,"event_code":"CE20231007PSE","latest_date":"2025-09-22T00:00:00+00:00","latest_class":3,"pass_count":12,"h":[["2023-11-26T00:00:00+00:00",3,2,3],["2024-01-06T00:00:00+00:00",3,2,0],["2024-02-29T00:00:00+00:00",3,2,0],["2024-04-01T00:00:00+00:00",3,2,0],["2024-05-03T00:00:00+00:00",3,2,0],["2024-07-06T00:00:00+00:00",3,2,0],["2024-09-06T00:00:00+00:00",3,2,0],["2024-12-01T00:00:00+00:00",3,2,0],["2025-02-25T00:00:00+00:00",3,2,0],["2025-04-04T00:00:00+00:00",3,2,0],["2025-07-08T00:00:00+00:00",3,2,0],["2025-09-22T00:00:00+00:00",3,2,0]]},"geometry":{"type":"Point","coordinates":[34.457708,31.502633]}},{"type":"Feature","properties":{"site_id":26,"event_code":"CE20231007PSE","latest_date":"2025-09-22T00:00:00+00:00","latest_class":1,"pass_count":12,"h":[["2023-11-26T00:00:00+00:00",1,1,3],["2024-01-06T00:00:00+00:00",1,1,0],["2024-02-29T00:00:00+00:00",1,1,0],["2024-04-01T00:00:00+00:00",1,1,0],["2024-05-03T00:00:00+00:00",1,1,0],["2024-07-06T00:00:00+00:00",1,1,0],["2024-09-06T00:00:00+00:00",1,1,0],["2024-12-01T00:00:00+00:00",1,1,0],["2025-02-25T00:00:00+00:00",1,1,0],["2025-04-04T00:00:00+00:00",1,1,0],["2025-07-08T00:00:00+00:00",1,1,0],["2025-09-22T00:00:00+00:00",1,1,0]]},"geometry":{"type":"Point","coordinates":[34.457588,31.503403]}},{"type":"Feature","properties":{"site_id":26,"event_code":"CE20231007PSE","latest_date":"2025-09-22T00:00:00+00:00","latest_class":3,"pass_count":12,"h":[["2023-11-26T00:00:00+00:00",3,2,3],["2024-01-06T00:00:00+00:00",3,2,0],["2024-02-29T00:00:00+00:00",3,2,0],["2024-04-01T00:00:00+00:00",3,2,0],["2024-05-03T00:00:00+00:00",3,2,0],["2024-07-06T00:00:00+00:00",3,2,0],["2024-09-06T00:00:00+00:00",3,2,0],["2024-12-01T00:00:00+00:00",3,2,0],["2025-02-25T00:00:00+00:00",3,2,0],["2025-04-04T00:00:00+00:00",3,2,0],["2025-07-08T00:00:00+00:00",3,2,0],["2025-09-22T00:00:00+00:00",3,2,0]]},"geometry":{"type":"Point","coordinates":[34.457741,31.503261]}},{"type":"Feature","properties":{"site_id":26,"event_code":"CE20231007PSE","latest_date":"2025-09-22T00:00:00+00:00","latest_class":3,"pass_count":12,"h":[["2023-11-26T00:00:00+00:00",3,2,3],["2024-01-06T00:00:00+00:00",3,2,0],["2024-02-29T00:00:00+00:00",3,2,0],["2024-04-01T00:00:00+00:00",3,2,0],["2024-05-03T00:00:00+00:00",3,2,0],["2024-07-06T00:00:00+00:00",3,2,0],["2024-09-06T00:00:00+00:00",3,2,0],["2024-12-01T00:00:00+00:00",3,2,0],["2025-02-25T00:00:00+00:00",3,2,0],["2025-04-04T00:00:00+00:00",3,2,0],["2025-07-08T00:00:00+00:00",3,2,0],["2025-09-22T00:00:00+00:00",3,2,0]]},"geometry":{"type":"Point","coordinates":[34.457823,31.503675]}},{"type":"Feature","properties":{"site_id":26,"event_code":"CE20231007PSE","latest_date":"2025-09-22T00:00:00+00:00","latest_class":1,"pass_count":12,"h":[["2023-11-26T00:00:00+00:00",1,1,3],["2024-01-06T00:00:00+00:00",1,1,0],["2024-02-29T00:00:00+00:00",1,1,0],["2024-04-01T00:00:00+00:00",1,1,0],["2024-05-03T00:00:00+00:00",1,1,0],["2024-07-06T00:00:00+00:00",1,1,0],["2024-09-06T00:00:00+00:00",1,1,0],["2024-12-01T00:00:00+00:00",1,1,0],["2025-02-25T00:00:00+00:00",1,1,0],["2025-04-04T00:00:00+00:00",1,1,0],["2025-07-08T00:00:00+00:00",1,1,0],["2025-09-22T00:00:00+00:00",1,1,0]]},"geometry":{"type":"Point","coordinates":[34.457751,31.503544]}},{"type":"Feature","properties":{"site_id":26,"event_code":"CE20231007PSE","latest_date":"2025-09-22T00:00:00+00:00","latest_class":3,"pass_count":12,"h":[["2023-11-26T00:00:00+00:00",3,2,3],["2024-01-06T00:00:00+00:00",3,2,0],["2024-02-29T00:00:00+00:00",3,2,0],["2024-04-01T00:00:00+00:00",3,2,0],["2024-05-03T00:00:00+00:00",3,2,0],["2024-07-06T00:00:00+00:00",3,2,0],["2024-09-06T00:00:00+00:00",3,2,0],["2024-12-01T00:00:00+00:00",3,2,0],["2025-02-25T00:00:00+00:00",3,2,0],["2025-04-04T00:00:00+00:00",3,2,0],["2025-07-08T00:00:00+00:00",3,2,0],["2025-09-22T00:00:00+00:00",3,2,0]]},"geometry":{"type":"Point","coordinates":[34.458105,31.503263]}},{"type":"Feature","properties":{"site_id":26,"event_code":"CE20231007PSE","latest_date":"2025-09-22T00:00:00+00:00","latest_class":3,"pass_count":12,"h":[["2023-11-26T00:00:00+00:00",3,2,3],["2024-01-06T00:00:00+00:00",3,2,0],["2024-02-29T00:00:00+00:00",3,2,0],["2024-04-01T00:00:00+00:00",3,2,0],["2024-05-03T00:00:00+00:00",3,2,0],["2024-07-06T00:00:00+00:00",3,2,0],["2024-09-06T00:00:00+00:00",3,2,0],["2024-12-01T00:00:00+00:00",3,2,0],["2025-02-25T00:00:00+00:00",3,2,0],["2025-04-04T00:00:00+00:00",3,2,0],["2025-07-08T00:00:00+00:00",3,2,0],["2025-09-22T00:00:00+00:00",3,2,0]]},"geometry":{"type":"Point","coordinates":[34.458043,31.503094]}},{"type":"Feature","properties":{"site_id":26,"event_code":"CE20231007PSE","latest_date":"2025-09-22T00:00:00+00:00","latest_class":3,"pass_count":12,"h":[["2023-11-26T00:00:00+00:00",4,3,3],["2024-01-06T00:00:00+00:00",3,2,1],["2024-02-29T00:00:00+00:00",3,2,0],["2024-04-01T00:00:00+00:00",3,2,0],["2024-05-03T00:00:00+00:00",3,2,0],["2024-07-06T00:00:00+00:00",3,2,0],["2024-09-06T00:00:00+00:00",3,2,0],["2024-12-01T00:00:00+00:00",3,2,0],["2025-02-25T00:00:00+00:00",3,2,0],["2025-04-04T00:00:00+00:00",3,2,0],["2025-07-08T00:00:00+00:00",3,2,0],["2025-09-22T00:00:00+00:00",3,2,0]]},"geometry":{"type":"Point","coordinates":[34.457833,31.502893]}},{"type":"Feature","properties":{"site_id":26,"event_code":"CE20231007PSE","latest_date":"2025-09-22T00:00:00+00:00","latest_class":2,"pass_count":10,"h":[["2024-02-29T00:00:00+00:00",2,1,3],["2024-04-01T00:00:00+00:00",2,1,0],["2024-05-03T00:00:00+00:00",2,1,0],["2024-07-06T00:00:00+00:00",2,1,0],["2024-09-06T00:00:00+00:00",2,1,0],["2024-12-01T00:00:00+00:00",2,1,0],["2025-02-25T00:00:00+00:00",2,1,0],["2025-04-04T00:00:00+00:00",2,1,0],["2025-07-08T00:00:00+00:00",2,1,0],["2025-09-22T00:00:00+00:00",2,1,0]]},"geometry":{"type":"Point","coordinates":[34.458221,31.504236]}},{"type":"Feature","properties":{"site_id":26,"event_code":"CE20231007PSE","latest_date":"2025-09-22T00:00:00+00:00","latest_class":2,"pass_count":12,"h":[["2023-11-26T00:00:00+00:00",2,1,3],["2024-01-06T00:00:00+00:00",2,1,0],["2024-02-29T00:00:00+00:00",2,1,0],["2024-04-01T00:00:00+00:00",2,1,0],["2024-05-03T00:00:00+00:00",2,1,0],["2024-07-06T00:00:00+00:00",2,1,0],["2024-09-06T00:00:00+00:00",2,1,0],["2024-12-01T00:00:00+00:00",2,1,0],["2025-02-25T00:00:00+00:00",2,1,0],["2025-04-04T00:00:00+00:00",2,1,0],["2025-07-08T00:00:00+00:00",2,1,0],["2025-09-22T00:00:00+00:00",2,1,0]]},"geometry":{"type":"Point","coordinates":[34.438716,31.505879]}},{"type":"Feature","properties":{"site_id":26,"event_code":"CE20231007PSE","latest_date":"2025-09-22T00:00:00+00:00","latest_class":3,"pass_count":12,"h":[["2023-11-26T00:00:00+00:00",3,2,3],["2024-01-06T00:00:00+00:00",3,2,0],["2024-02-29T00:00:00+00:00",3,2,0],["2024-04-01T00:00:00+00:00",3,2,0],["2024-05-03T00:00:00+00:00",3,2,0],["2024-07-06T00:00:00+00:00",3,2,0],["2024-09-06T00:00:00+00:00",3,2,0],["2024-12-01T00:00:00+00:00",3,2,0],["2025-02-25T00:00:00+00:00",3,2,0],["2025-04-04T00:00:00+00:00",3,2,0],["2025-07-08T00:00:00+00:00",3,2,0],["2025-09-22T00:00:00+00:00",3,2,0]]},"geometry":{"type":"Point","coordinates":[34.438575,31.505989]}},{"type":"Feature","properties":{"site_id":26,"event_code":"CE20231007PSE","latest_date":"2025-09-22T00:00:00+00:00","latest_class":3,"pass_count":12,"h":[["2023-11-26T00:00:00+00:00",3,2,3],["2024-01-06T00:00:00+00:00",3,2,0],["2024-02-29T00:00:00+00:00",3,2,0],["2024-04-01T00:00:00+00:00",3,2,0],["2024-05-03T00:00:00+00:00",3,2,0],["2024-07-06T00:00:00+00:00",3,2,0],["2024-09-06T00:00:00+00:00",3,2,0],["2024-12-01T00:00:00+00:00",3,2,0],["2025-02-25T00:00:00+00:00",3,2,0],["2025-04-04T00:00:00+00:00",3,2,0],["2025-07-08T00:00:00+00:00",3,2,0],["2025-09-22T00:00:00+00:00",3,2,0]]},"geometry":{"type":"Point","coordinates":[34.437725,31.506342]}},{"type":"Feature","properties":{"site_id":26,"event_code":"CE20231007PSE","latest_date":"2025-09-22T00:00:00+00:00","latest_class":3,"pass_count":12,"h":[["2023-11-26T00:00:00+00:00",3,2,3],["2024-01-06T00:00:00+00:00",3,2,0],["2024-02-29T00:00:00+00:00",3,2,0],["2024-04-01T00:00:00+00:00",3,2,0],["2024-05-03T00:00:00+00:00",3,2,0],["2024-07-06T00:00:00+00:00",3,2,0],["2024-09-06T00:00:00+00:00",3,2,0],["2024-12-01T00:00:00+00:00",3,2,0],["2025-02-25T00:00:00+00:00",3,2,0],["2025-04-04T00:00:00+00:00",3,2,0],["2025-07-08T00:00:00+00:00",3,2,0],["2025-09-22T00:00:00+00:00",3,2,0]]},"geometry":{"type":"Point","coordinates":[34.437591,31.506437]}},{"type":"Feature","properties":{"site_id":26,"event_code":"CE20231007PSE","latest_date":"2025-09-22T00:00:00+00:00","latest_class":3,"pass_count":12,"h":[["2023-11-26T00:00:00+00:00",3,2,3],["2024-01-06T00:00:00+00:00",3,2,0],["2024-02-29T00:00:00+00:00",3,2,0],["2024-04-01T00:00:00+00:00",3,2,0],["2024-05-03T00:00:00+00:00",3,2,0],["2024-07-06T00:00:00+00:00",3,2,0],["2024-09-06T00:00:00+00:00",3,2,0],["2024-12-01T00:00:00+00:00",3,2,0],["2025-02-25T00:00:00+00:00",3,2,0],["2025-04-04T00:00:00+00:00",3,2,0],["2025-07-08T00:00:00+00:00",3,2,0],["2025-09-22T00:00:00+00:00",3,2,0]]},"geometry":{"type":"Point","coordinates":[34.438062,31.50631]}},{"type":"Feature","properties":{"site_id":26,"event_code":"CE20231007PSE","latest_date":"2025-09-22T00:00:00+00:00","latest_class":3,"pass_count":10,"h":[["2024-02-29T00:00:00+00:00",3,2,3],["2024-04-01T00:00:00+00:00",3,2,0],["2024-05-03T00:00:00+00:00",3,2,0],["2024-07-06T00:00:00+00:00",3,2,0],["2024-09-06T00:00:00+00:00",3,2,0],["2024-12-01T00:00:00+00:00",3,2,0],["2025-02-25T00:00:00+00:00",3,2,0],["2025-04-04T00:00:00+00:00",3,2,0],["2025-07-08T00:00:00+00:00",3,2,0],["2025-09-22T00:00:00+00:00",3,2,0]]},"geometry":{"type":"Point","coordinates":[34.43863,31.507995]}},{"type":"Feature","properties":{"site_id":26,"event_code":"CE20231007PSE","latest_date":"2025-09-22T00:00:00+00:00","latest_class":2,"pass_count":10,"h":[["2024-02-29T00:00:00+00:00",2,1,3],["2024-04-01T00:00:00+00:00",2,1,0],["2024-05-03T00:00:00+00:00",2,1,0],["2024-07-06T00:00:00+00:00",2,1,0],["2024-09-06T00:00:00+00:00",2,1,0],["2024-12-01T00:00:00+00:00",2,1,0],["2025-02-25T00:00:00+00:00",2,1,0],["2025-04-04T00:00:00+00:00",2,1,0],["2025-07-08T00:00:00+00:00",2,1,0],["2025-09-22T00:00:00+00:00",2,1,0]]},"geometry":{"type":"Point","coordinates":[34.438718,31.50789]}},{"type":"Feature","properties":{"site_id":26,"event_code":"CE20231007PSE","latest_date":"2025-09-22T00:00:00+00:00","latest_class":3,"pass_count":10,"h":[["2024-02-29T00:00:00+00:00",3,2,3],["2024-04-01T00:00:00+00:00",3,2,0],["2024-05-03T00:00:00+00:00",3,2,0],["2024-07-06T00:00:00+00:00",3,2,0],["2024-09-06T00:00:00+00:00",3,2,0],["2024-12-01T00:00:00+00:00",3,2,0],["2025-02-25T00:00:00+00:00",3,2,0],["2025-04-04T00:00:00+00:00",3,2,0],["2025-07-08T00:00:00+00:00",3,2,0],["2025-09-22T00:00:00+00:00",3,2,0]]},"geometry":{"type":"Point","coordinates":[34.438843,31.507817]}},{"type":"Feature","properties":{"site_id":26,"event_code":"CE20231007PSE","latest_date":"2025-09-22T00:00:00+00:00","latest_class":3,"pass_count":14,"h":[["2023-10-15T00:00:00+00:00",3,2,null],["2023-11-07T00:00:00+00:00",3,2,0],["2023-11-26T00:00:00+00:00",3,2,0],["2024-01-06T00:00:00+00:00",3,2,0],["2024-02-29T00:00:00+00:00",3,2,0],["2024-04-01T00:00:00+00:00",3,2,0],["2024-05-03T00:00:00+00:00",3,2,0],["2024-07-06T00:00:00+00:00",3,2,0],["2024-09-06T00:00:00+00:00",3,2,0],["2024-12-01T00:00:00+00:00",3,2,0],["2025-02-25T00:00:00+00:00",3,2,0],["2025-04-04T00:00:00+00:00",3,2,0],["2025-07-08T00:00:00+00:00",3,2,0],["2025-09-22T00:00:00+00:00",3,2,0]]},"geometry":{"type":"Point","coordinates":[34.439209,31.505756]}},{"type":"Feature","properties":{"site_id":26,"event_code":"CE20231007PSE","latest_date":"2025-09-22T00:00:00+00:00","latest_class":1,"pass_count":14,"h":[["2023-10-15T00:00:00+00:00",1,1,null],["2023-11-07T00:00:00+00:00",1,1,0],["2023-11-26T00:00:00+00:00",1,1,0],["2024-01-06T00:00:00+00:00",1,1,0],["2024-02-29T00:00:00+00:00",1,1,0],["2024-04-01T00:00:00+00:00",1,1,0],["2024-05-03T00:00:00+00:00",1,1,0],["2024-07-06T00:00:00+00:00",1,1,0],["2024-09-06T00:00:00+00:00",1,1,0],["2024-12-01T00:00:00+00:00",1,1,0],["2025-02-25T00:00:00+00:00",1,1,0],["2025-04-04T00:00:00+00:00",1,1,0],["2025-07-08T00:00:00+00:00",1,1,0],["2025-09-22T00:00:00+00:00",1,1,0]]},"geometry":{"type":"Point","coordinates":[34.439566,31.505877]}},{"type":"Feature","properties":{"site_id":26,"event_code":"CE20231007PSE","latest_date":"2025-09-22T00:00:00+00:00","latest_class":3,"pass_count":14,"h":[["2023-10-15T00:00:00+00:00",3,2,null],["2023-11-07T00:00:00+00:00",3,2,0],["2023-11-26T00:00:00+00:00",3,2,0],["2024-01-06T00:00:00+00:00",3,2,0],["2024-02-29T00:00:00+00:00",3,2,0],["2024-04-01T00:00:00+00:00",3,2,0],["2024-05-03T00:00:00+00:00",3,2,0],["2024-07-06T00:00:00+00:00",3,2,0],["2024-09-06T00:00:00+00:00",3,2,0],["2024-12-01T00:00:00+00:00",3,2,0],["2025-02-25T00:00:00+00:00",3,2,0],["2025-04-04T00:00:00+00:00",3,2,0],["2025-07-08T00:00:00+00:00",3,2,0],["2025-09-22T00:00:00+00:00",3,2,0]]},"geometry":{"type":"Point","coordinates":[34.439367,31.505906]}},{"type":"Feature","properties":{"site_id":26,"event_code":"CE20231007PSE","latest_date":"2025-09-22T00:00:00+00:00","latest_class":3,"pass_count":14,"h":[["2023-10-15T00:00:00+00:00",3,2,null],["2023-11-07T00:00:00+00:00",3,2,0],["2023-11-26T00:00:00+00:00",3,2,0],["2024-01-06T00:00:00+00:00",3,2,0],["2024-02-29T00:00:00+00:00",3,2,0],["2024-04-01T00:00:00+00:00",3,2,0],["2024-05-03T00:00:00+00:00",3,2,0],["2024-07-06T00:00:00+00:00",3,2,0],["2024-09-06T00:00:00+00:00",3,2,0],["2024-12-01T00:00:00+00:00",3,2,0],["2025-02-25T00:00:00+00:00",3,2,0],["2025-04-04T00:00:00+00:00",3,2,0],["2025-07-08T00:00:00+00:00",3,2,0],["2025-09-22T00:00:00+00:00",3,2,0]]},"geometry":{"type":"Point","coordinates":[34.439505,31.505591]}},{"type":"Feature","properties":{"site_id":26,"event_code":"CE20231007PSE","latest_date":"2025-09-22T00:00:00+00:00","latest_class":1,"pass_count":14,"h":[["2023-10-15T00:00:00+00:00",1,1,null],["2023-11-07T00:00:00+00:00",1,1,0],["2023-11-26T00:00:00+00:00",1,1,0],["2024-01-06T00:00:00+00:00",1,1,0],["2024-02-29T00:00:00+00:00",1,1,0],["2024-04-01T00:00:00+00:00",1,1,0],["2024-05-03T00:00:00+00:00",1,1,0],["2024-07-06T00:00:00+00:00",1,1,0],["2024-09-06T00:00:00+00:00",1,1,0],["2024-12-01T00:00:00+00:00",1,1,0],["2025-02-25T00:00:00+00:00",1,1,0],["2025-04-04T00:00:00+00:00",1,1,0],["2025-07-08T00:00:00+00:00",1,1,0],["2025-09-22T00:00:00+00:00",1,1,0]]},"geometry":{"type":"Point","coordinates":[34.441635,31.509635]}},{"type":"Feature","properties":{"site_id":26,"event_code":"CE20231007PSE","latest_date":"2025-09-22T00:00:00+00:00","latest_class":3,"pass_count":14,"h":[["2023-10-15T00:00:00+00:00",3,2,null],["2023-11-07T00:00:00+00:00",3,2,0],["2023-11-26T00:00:00+00:00",3,2,0],["2024-01-06T00:00:00+00:00",3,2,0],["2024-02-29T00:00:00+00:00",3,2,0],["2024-04-01T00:00:00+00:00",3,2,0],["2024-05-03T00:00:00+00:00",3,2,0],["2024-07-06T00:00:00+00:00",3,2,0],["2024-09-06T00:00:00+00:00",3,2,0],["2024-12-01T00:00:00+00:00",3,2,0],["2025-02-25T00:00:00+00:00",3,2,0],["2025-04-04T00:00:00+00:00",3,2,0],["2025-07-08T00:00:00+00:00",3,2,0],["2025-09-22T00:00:00+00:00",3,2,0]]},"geometry":{"type":"Point","coordinates":[34.441715,31.509311]}},{"type":"Feature","properties":{"site_id":26,"event_code":"CE20231007PSE","latest_date":"2025-09-22T00:00:00+00:00","latest_class":3,"pass_count":14,"h":[["2023-10-15T00:00:00+00:00",3,2,null],["2023-11-07T00:00:00+00:00",3,2,0],["2023-11-26T00:00:00+00:00",3,2,0],["2024-01-06T00:00:00+00:00",3,2,0],["2024-02-29T00:00:00+00:00",3,2,0],["2024-04-01T00:00:00+00:00",3,2,0],["2024-05-03T00:00:00+00:00",3,2,0],["2024-07-06T00:00:00+00:00",3,2,0],["2024-09-06T00:00:00+00:00",3,2,0],["2024-12-01T00:00:00+00:00",3,2,0],["2025-02-25T00:00:00+00:00",3,2,0],["2025-04-04T00:00:00+00:00",3,2,0],["2025-07-08T00:00:00+00:00",3,2,0],["2025-09-22T00:00:00+00:00",3,2,0]]},"geometry":{"type":"Point","coordinates":[34.44182,31.509422]}},{"type":"Feature","properties":{"site_id":26,"event_code":"CE20231007PSE","latest_date":"2025-09-22T00:00:00+00:00","latest_class":3,"pass_count":14,"h":[["2023-10-15T00:00:00+00:00",3,2,null],["2023-11-07T00:00:00+00:00",3,2,0],["2023-11-26T00:00:00+00:00",3,2,0],["2024-01-06T00:00:00+00:00",3,2,0],["2024-02-29T00:00:00+00:00",3,2,0],["2024-04-01T00:00:00+00:00",3,2,0],["2024-05-03T00:00:00+00:00",3,2,0],["2024-07-06T00:00:00+00:00",3,2,0],["2024-09-06T00:00:00+00:00",3,2,0],["2024-12-01T00:00:00+00:00",3,2,0],["2025-02-25T00:00:00+00:00",3,2,0],["2025-04-04T00:00:00+00:00",3,2,0],["2025-07-08T00:00:00+00:00",3,2,0],["2025-09-22T00:00:00+00:00",3,2,0]]},"geometry":{"type":"Point","coordinates":[34.44155,31.509178]}},{"type":"Feature","properties":{"site_id":26,"event_code":"CE20231007PSE","latest_date":"2025-09-22T00:00:00+00:00","latest_class":2,"pass_count":14,"h":[["2023-10-15T00:00:00+00:00",2,1,null],["2023-11-07T00:00:00+00:00",2,1,0],["2023-11-26T00:00:00+00:00",2,1,0],["2024-01-06T00:00:00+00:00",2,1,0],["2024-02-29T00:00:00+00:00",2,1,0],["2024-04-01T00:00:00+00:00",2,1,0],["2024-05-03T00:00:00+00:00",2,1,0],["2024-07-06T00:00:00+00:00",2,1,0],["2024-09-06T00:00:00+00:00",2,1,0],["2024-12-01T00:00:00+00:00",2,1,0],["2025-02-25T00:00:00+00:00",2,1,0],["2025-04-04T00:00:00+00:00",2,1,0],["2025-07-08T00:00:00+00:00",2,1,0],["2025-09-22T00:00:00+00:00",2,1,0]]},"geometry":{"type":"Point","coordinates":[34.441931,31.50965]}},{"type":"Feature","properties":{"site_id":26,"event_code":"CE20231007PSE","latest_date":"2025-09-22T00:00:00+00:00","latest_class":2,"pass_count":14,"h":[["2023-10-15T00:00:00+00:00",2,1,null],["2023-11-07T00:00:00+00:00",2,1,0],["2023-11-26T00:00:00+00:00",2,1,0],["2024-01-06T00:00:00+00:00",2,1,0],["2024-02-29T00:00:00+00:00",2,1,0],["2024-04-01T00:00:00+00:00",2,1,0],["2024-05-03T00:00:00+00:00",2,1,0],["2024-07-06T00:00:00+00:00",2,1,0],["2024-09-06T00:00:00+00:00",2,1,0],["2024-12-01T00:00:00+00:00",2,1,0],["2025-02-25T00:00:00+00:00",2,1,0],["2025-04-04T00:00:00+00:00",2,1,0],["2025-07-08T00:00:00+00:00",2,1,0],["2025-09-22T00:00:00+00:00",2,1,0]]},"geometry":{"type":"Point","coordinates":[34.446238,31.508964]}},{"type":"Feature","properties":{"site_id":26,"event_code":"CE20231007PSE","latest_date":"2025-09-22T00:00:00+00:00","latest_class":3,"pass_count":14,"h":[["2023-10-15T00:00:00+00:00",3,2,null],["2023-11-07T00:00:00+00:00",3,2,0],["2023-11-26T00:00:00+00:00",3,2,0],["2024-01-06T00:00:00+00:00",3,2,0],["2024-02-29T00:00:00+00:00",3,2,0],["2024-04-01T00:00:00+00:00",3,2,0],["2024-05-03T00:00:00+00:00",3,2,0],["2024-07-06T00:00:00+00:00",3,2,0],["2024-09-06T00:00:00+00:00",3,2,0],["2024-12-01T00:00:00+00:00",3,2,0],["2025-02-25T00:00:00+00:00",3,2,0],["2025-04-04T00:00:00+00:00",3,2,0],["2025-07-08T00:00:00+00:00",3,2,0],["2025-09-22T00:00:00+00:00",3,2,0]]},"geometry":{"type":"Point","coordinates":[34.446207,31.509278]}},{"type":"Feature","properties":{"site_id":26,"event_code":"CE20231007PSE","latest_date":"2025-09-22T00:00:00+00:00","latest_class":3,"pass_count":14,"h":[["2023-10-15T00:00:00+00:00",3,2,null],["2023-11-07T00:00:00+00:00",3,2,0],["2023-11-26T00:00:00+00:00",3,2,0],["2024-01-06T00:00:00+00:00",3,2,0],["2024-02-29T00:00:00+00:00",3,2,0],["2024-04-01T00:00:00+00:00",3,2,0],["2024-05-03T00:00:00+00:00",3,2,0],["2024-07-06T00:00:00+00:00",3,2,0],["2024-09-06T00:00:00+00:00",3,2,0],["2024-12-01T00:00:00+00:00",3,2,0],["2025-02-25T00:00:00+00:00",3,2,0],["2025-04-04T00:00:00+00:00",3,2,0],["2025-07-08T00:00:00+00:00",3,2,0],["2025-09-22T00:00:00+00:00",3,2,0]]},"geometry":{"type":"Point","coordinates":[34.446403,31.509063]}},{"type":"Feature","properties":{"site_id":26,"event_code":"CE20231007PSE","latest_date":"2025-09-22T00:00:00+00:00","latest_class":3,"pass_count":14,"h":[["2023-10-15T00:00:00+00:00",3,2,null],["2023-11-07T00:00:00+00:00",3,2,0],["2023-11-26T00:00:00+00:00",3,2,0],["2024-01-06T00:00:00+00:00",3,2,0],["2024-02-29T00:00:00+00:00",3,2,0],["2024-04-01T00:00:00+00:00",3,2,0],["2024-05-03T00:00:00+00:00",3,2,0],["2024-07-06T00:00:00+00:00",3,2,0],["2024-09-06T00:00:00+00:00",3,2,0],["2024-12-01T00:00:00+00:00",3,2,0],["2025-02-25T00:00:00+00:00",3,2,0],["2025-04-04T00:00:00+00:00",3,2,0],["2025-07-08T00:00:00+00:00",3,2,0],["2025-09-22T00:00:00+00:00",3,2,0]]},"geometry":{"type":"Point","coordinates":[34.445848,31.509096]}},{"type":"Feature","properties":{"site_id":26,"event_code":"CE20231007PSE","latest_date":"2025-09-22T00:00:00+00:00","latest_class":3,"pass_count":14,"h":[["2023-10-15T00:00:00+00:00",3,2,null],["2023-11-07T00:00:00+00:00",3,2,0],["2023-11-26T00:00:00+00:00",3,2,0],["2024-01-06T00:00:00+00:00",3,2,0],["2024-02-29T00:00:00+00:00",3,2,0],["2024-04-01T00:00:00+00:00",3,2,0],["2024-05-03T00:00:00+00:00",3,2,0],["2024-07-06T00:00:00+00:00",3,2,0],["2024-09-06T00:00:00+00:00",3,2,0],["2024-12-01T00:00:00+00:00",3,2,0],["2025-02-25T00:00:00+00:00",3,2,0],["2025-04-04T00:00:00+00:00",3,2,0],["2025-07-08T00:00:00+00:00",3,2,0],["2025-09-22T00:00:00+00:00",3,2,0]]},"geometry":{"type":"Point","coordinates":[34.445999,31.508942]}},{"type":"Feature","properties":{"site_id":26,"event_code":"CE20231007PSE","latest_date":"2025-09-22T00:00:00+00:00","latest_class":3,"pass_count":14,"h":[["2023-10-15T00:00:00+00:00",3,2,null],["2023-11-07T00:00:00+00:00",3,2,0],["2023-11-26T00:00:00+00:00",3,2,0],["2024-01-06T00:00:00+00:00",3,2,0],["2024-02-29T00:00:00+00:00",3,2,0],["2024-04-01T00:00:00+00:00",3,2,0],["2024-05-03T00:00:00+00:00",3,2,0],["2024-07-06T00:00:00+00:00",3,2,0],["2024-09-06T00:00:00+00:00",3,2,0],["2024-12-01T00:00:00+00:00",3,2,0],["2025-02-25T00:00:00+00:00",3,2,0],["2025-04-04T00:00:00+00:00",3,2,0],["2025-07-08T00:00:00+00:00",3,2,0],["2025-09-22T00:00:00+00:00",3,2,0]]},"geometry":{"type":"Point","coordinates":[34.445996,31.509445]}},{"type":"Feature","properties":{"site_id":26,"event_code":"CE20231007PSE","latest_date":"2025-09-22T00:00:00+00:00","latest_class":3,"pass_count":14,"h":[["2023-10-15T00:00:00+00:00",3,2,null],["2023-11-07T00:00:00+00:00",3,2,0],["2023-11-26T00:00:00+00:00",3,2,0],["2024-01-06T00:00:00+00:00",3,2,0],["2024-02-29T00:00:00+00:00",3,2,0],["2024-04-01T00:00:00+00:00",3,2,0],["2024-05-03T00:00:00+00:00",3,2,0],["2024-07-06T00:00:00+00:00",3,2,0],["2024-09-06T00:00:00+00:00",3,2,0],["2024-12-01T00:00:00+00:00",3,2,0],["2025-02-25T00:00:00+00:00",3,2,0],["2025-04-04T00:00:00+00:00",3,2,0],["2025-07-08T00:00:00+00:00",3,2,0],["2025-09-22T00:00:00+00:00",3,2,0]]},"geometry":{"type":"Point","coordinates":[34.447517,31.509385]}},{"type":"Feature","properties":{"site_id":26,"event_code":"CE20231007PSE","latest_date":"2025-09-22T00:00:00+00:00","latest_class":2,"pass_count":13,"h":[["2023-11-07T00:00:00+00:00",3,2,3],["2023-11-26T00:00:00+00:00",3,2,0],["2024-01-06T00:00:00+00:00",3,2,0],["2024-02-29T00:00:00+00:00",3,2,0],["2024-04-01T00:00:00+00:00",3,2,0],["2024-05-03T00:00:00+00:00",3,2,0],["2024-07-06T00:00:00+00:00",3,2,0],["2024-09-06T00:00:00+00:00",3,2,0],["2024-12-01T00:00:00+00:00",3,2,0],["2025-02-25T00:00:00+00:00",3,2,0],["2025-04-04T00:00:00+00:00",3,2,0],["2025-07-08T00:00:00+00:00",3,2,0],["2025-09-22T00:00:00+00:00",2,1,1]]},"geometry":{"type":"Point","coordinates":[34.444696,31.510959]}},{"type":"Feature","properties":{"site_id":26,"event_code":"CE20231007PSE","latest_date":"2025-09-22T00:00:00+00:00","latest_class":2,"pass_count":13,"h":[["2023-11-07T00:00:00+00:00",2,1,3],["2023-11-26T00:00:00+00:00",2,1,0],["2024-01-06T00:00:00+00:00",2,1,0],["2024-02-29T00:00:00+00:00",2,1,0],["2024-04-01T00:00:00+00:00",2,1,0],["2024-05-03T00:00:00+00:00",2,1,0],["2024-07-06T00:00:00+00:00",2,1,0],["2024-09-06T00:00:00+00:00",2,1,0],["2024-12-01T00:00:00+00:00",2,1,0],["2025-02-25T00:00:00+00:00",2,1,0],["2025-04-04T00:00:00+00:00",2,1,0],["2025-07-08T00:00:00+00:00",2,1,0],["2025-09-22T00:00:00+00:00",2,1,0]]},"geometry":{"type":"Point","coordinates":[34.446091,31.509869]}},{"type":"Feature","properties":{"site_id":26,"event_code":"CE20231007PSE","latest_date":"2025-09-22T00:00:00+00:00","latest_class":1,"pass_count":13,"h":[["2023-11-07T00:00:00+00:00",1,1,3],["2023-11-26T00:00:00+00:00",1,1,0],["2024-01-06T00:00:00+00:00",1,1,0],["2024-02-29T00:00:00+00:00",1,1,0],["2024-04-01T00:00:00+00:00",1,1,0],["2024-05-03T00:00:00+00:00",1,1,0],["2024-07-06T00:00:00+00:00",1,1,0],["2024-09-06T00:00:00+00:00",1,1,0],["2024-12-01T00:00:00+00:00",1,1,0],["2025-02-25T00:00:00+00:00",1,1,0],["2025-04-04T00:00:00+00:00",1,1,0],["2025-07-08T00:00:00+00:00",1,1,0],["2025-09-22T00:00:00+00:00",1,1,0]]},"geometry":{"type":"Point","coordinates":[34.446249,31.510072]}},{"type":"Feature","properties":{"site_id":26,"event_code":"CE20231007PSE","latest_date":"2025-09-22T00:00:00+00:00","latest_class":3,"pass_count":13,"h":[["2023-11-07T00:00:00+00:00",3,2,3],["2023-11-26T00:00:00+00:00",3,2,0],["2024-01-06T00:00:00+00:00",3,2,0],["2024-02-29T00:00:00+00:00",3,2,0],["2024-04-01T00:00:00+00:00",3,2,0],["2024-05-03T00:00:00+00:00",3,2,0],["2024-07-06T00:00:00+00:00",3,2,0],["2024-09-06T00:00:00+00:00",3,2,0],["2024-12-01T00:00:00+00:00",3,2,0],["2025-02-25T00:00:00+00:00",3,2,0],["2025-04-04T00:00:00+00:00",3,2,0],["2025-07-08T00:00:00+00:00",3,2,0],["2025-09-22T00:00:00+00:00",3,2,0]]},"geometry":{"type":"Point","coordinates":[34.445905,31.510016]}},{"type":"Feature","properties":{"site_id":26,"event_code":"CE20231007PSE","latest_date":"2025-09-22T00:00:00+00:00","latest_class":3,"pass_count":13,"h":[["2023-11-07T00:00:00+00:00",3,2,3],["2023-11-26T00:00:00+00:00",3,2,0],["2024-01-06T00:00:00+00:00",3,2,0],["2024-02-29T00:00:00+00:00",3,2,0],["2024-04-01T00:00:00+00:00",3,2,0],["2024-05-03T00:00:00+00:00",3,2,0],["2024-07-06T00:00:00+00:00",3,2,0],["2024-09-06T00:00:00+00:00",3,2,0],["2024-12-01T00:00:00+00:00",3,2,0],["2025-02-25T00:00:00+00:00",3,2,0],["2025-04-04T00:00:00+00:00",3,2,0],["2025-07-08T00:00:00+00:00",3,2,0],["2025-09-22T00:00:00+00:00",3,2,0]]},"geometry":{"type":"Point","coordinates":[34.44633,31.509623]}},{"type":"Feature","properties":{"site_id":26,"event_code":"CE20231007PSE","latest_date":"2025-09-22T00:00:00+00:00","latest_class":1,"pass_count":13,"h":[["2023-11-07T00:00:00+00:00",3,2,3],["2023-11-26T00:00:00+00:00",3,2,0],["2024-01-06T00:00:00+00:00",3,2,0],["2024-02-29T00:00:00+00:00",3,2,0],["2024-04-01T00:00:00+00:00",3,2,0],["2024-05-03T00:00:00+00:00",3,2,0],["2024-07-06T00:00:00+00:00",3,2,0],["2024-09-06T00:00:00+00:00",3,2,0],["2024-12-01T00:00:00+00:00",3,2,0],["2025-02-25T00:00:00+00:00",3,2,0],["2025-04-04T00:00:00+00:00",1,1,1],["2025-07-08T00:00:00+00:00",1,1,0],["2025-09-22T00:00:00+00:00",1,1,0]]},"geometry":{"type":"Point","coordinates":[34.446877,31.510373]}},{"type":"Feature","properties":{"site_id":2,"event_code":"CE20231007PSE","latest_date":"2025-09-22T00:00:00+00:00","latest_class":2,"pass_count":13,"h":[["2023-11-07T00:00:00+00:00",2,1,3],["2023-11-26T00:00:00+00:00",2,1,0],["2024-01-06T00:00:00+00:00",2,1,0],["2024-02-29T00:00:00+00:00",2,1,0],["2024-04-01T00:00:00+00:00",2,1,0],["2024-05-03T00:00:00+00:00",2,1,0],["2024-07-06T00:00:00+00:00",2,1,0],["2024-09-06T00:00:00+00:00",2,1,0],["2024-12-01T00:00:00+00:00",2,1,0],["2025-02-25T00:00:00+00:00",2,1,0],["2025-04-04T00:00:00+00:00",2,1,0],["2025-07-08T00:00:00+00:00",2,1,0],["2025-09-22T00:00:00+00:00",2,1,0]]},"geometry":{"type":"Point","coordinates":[34.447488,31.50857]}},{"type":"Feature","properties":{"site_id":26,"event_code":"CE20231007PSE","latest_date":"2025-09-22T00:00:00+00:00","latest_class":1,"pass_count":13,"h":[["2023-11-07T00:00:00+00:00",1,1,3],["2023-11-26T00:00:00+00:00",1,1,0],["2024-01-06T00:00:00+00:00",1,1,0],["2024-02-29T00:00:00+00:00",1,1,0],["2024-04-01T00:00:00+00:00",1,1,0],["2024-05-03T00:00:00+00:00",1,1,0],["2024-07-06T00:00:00+00:00",1,1,0],["2024-09-06T00:00:00+00:00",1,1,0],["2024-12-01T00:00:00+00:00",1,1,0],["2025-02-25T00:00:00+00:00",1,1,0],["2025-04-04T00:00:00+00:00",1,1,0],["2025-07-08T00:00:00+00:00",1,1,0],["2025-09-22T00:00:00+00:00",1,1,0]]},"geometry":{"type":"Point","coordinates":[34.446912,31.508625]}},{"type":"Feature","properties":{"site_id":26,"event_code":"CE20231007PSE","latest_date":"2025-09-22T00:00:00+00:00","latest_class":1,"pass_count":13,"h":[["2023-11-07T00:00:00+00:00",1,1,3],["2023-11-26T00:00:00+00:00",1,1,0],["2024-01-06T00:00:00+00:00",1,1,0],["2024-02-29T00:00:00+00:00",1,1,0],["2024-04-01T00:00:00+00:00",1,1,0],["2024-05-03T00:00:00+00:00",1,1,0],["2024-07-06T00:00:00+00:00",1,1,0],["2024-09-06T00:00:00+00:00",1,1,0],["2024-12-01T00:00:00+00:00",1,1,0],["2025-02-25T00:00:00+00:00",1,1,0],["2025-04-04T00:00:00+00:00",1,1,0],["2025-07-08T00:00:00+00:00",1,1,0],["2025-09-22T00:00:00+00:00",1,1,0]]},"geometry":{"type":"Point","coordinates":[34.446779,31.508722]}},{"type":"Feature","properties":{"site_id":26,"event_code":"CE20231007PSE","latest_date":"2025-09-22T00:00:00+00:00","latest_class":1,"pass_count":13,"h":[["2023-11-07T00:00:00+00:00",1,1,3],["2023-11-26T00:00:00+00:00",1,1,0],["2024-01-06T00:00:00+00:00",1,1,0],["2024-02-29T00:00:00+00:00",1,1,0],["2024-04-01T00:00:00+00:00",1,1,0],["2024-05-03T00:00:00+00:00",1,1,0],["2024-07-06T00:00:00+00:00",1,1,0],["2024-09-06T00:00:00+00:00",1,1,0],["2024-12-01T00:00:00+00:00",1,1,0],["2025-02-25T00:00:00+00:00",1,1,0],["2025-04-04T00:00:00+00:00",1,1,0],["2025-07-08T00:00:00+00:00",1,1,0],["2025-09-22T00:00:00+00:00",1,1,0]]},"geometry":{"type":"Point","coordinates":[34.445391,31.508452]}},{"type":"Feature","properties":{"site_id":26,"event_code":"CE20231007PSE","latest_date":"2025-09-22T00:00:00+00:00","latest_class":3,"pass_count":13,"h":[["2023-11-07T00:00:00+00:00",3,2,3],["2023-11-26T00:00:00+00:00",3,2,0],["2024-01-06T00:00:00+00:00",3,2,0],["2024-02-29T00:00:00+00:00",3,2,0],["2024-04-01T00:00:00+00:00",3,2,0],["2024-05-03T00:00:00+00:00",3,2,0],["2024-07-06T00:00:00+00:00",3,2,0],["2024-09-06T00:00:00+00:00",3,2,0],["2024-12-01T00:00:00+00:00",3,2,0],["2025-02-25T00:00:00+00:00",3,2,0],["2025-04-04T00:00:00+00:00",3,2,0],["2025-07-08T00:00:00+00:00",3,2,0],["2025-09-22T00:00:00+00:00",3,2,0]]},"geometry":{"type":"Point","coordinates":[34.44591,31.508153]}},{"type":"Feature","properties":{"site_id":26,"event_code":"CE20231007PSE","latest_date":"2025-09-22T00:00:00+00:00","latest_class":1,"pass_count":13,"h":[["2023-11-07T00:00:00+00:00",1,1,3],["2023-11-26T00:00:00+00:00",1,1,0],["2024-01-06T00:00:00+00:00",1,1,0],["2024-02-29T00:00:00+00:00",1,1,0],["2024-04-01T00:00:00+00:00",1,1,0],["2024-05-03T00:00:00+00:00",1,1,0],["2024-07-06T00:00:00+00:00",1,1,0],["2024-09-06T00:00:00+00:00",1,1,0],["2024-12-01T00:00:00+00:00",1,1,0],["2025-02-25T00:00:00+00:00",1,1,0],["2025-04-04T00:00:00+00:00",1,1,0],["2025-07-08T00:00:00+00:00",1,1,0],["2025-09-22T00:00:00+00:00",1,1,0]]},"geometry":{"type":"Point","coordinates":[34.445553,31.508616]}},{"type":"Feature","properties":{"site_id":26,"event_code":"CE20231007PSE","latest_date":"2025-09-22T00:00:00+00:00","latest_class":3,"pass_count":13,"h":[["2023-11-07T00:00:00+00:00",3,2,3],["2023-11-26T00:00:00+00:00",3,2,0],["2024-01-06T00:00:00+00:00",3,2,0],["2024-02-29T00:00:00+00:00",3,2,0],["2024-04-01T00:00:00+00:00",3,2,0],["2024-05-03T00:00:00+00:00",3,2,0],["2024-07-06T00:00:00+00:00",3,2,0],["2024-09-06T00:00:00+00:00",3,2,0],["2024-12-01T00:00:00+00:00",3,2,0],["2025-02-25T00:00:00+00:00",3,2,0],["2025-04-04T00:00:00+00:00",3,2,0],["2025-07-08T00:00:00+00:00",3,2,0],["2025-09-22T00:00:00+00:00",3,2,0]]},"geometry":{"type":"Point","coordinates":[34.445711,31.508642]}},{"type":"Feature","properties":{"site_id":26,"event_code":"CE20231007PSE","latest_date":"2025-09-22T00:00:00+00:00","latest_class":1,"pass_count":13,"h":[["2023-11-07T00:00:00+00:00",1,1,3],["2023-11-26T00:00:00+00:00",1,1,0],["2024-01-06T00:00:00+00:00",1,1,0],["2024-02-29T00:00:00+00:00",1,1,0],["2024-04-01T00:00:00+00:00",1,1,0],["2024-05-03T00:00:00+00:00",1,1,0],["2024-07-06T00:00:00+00:00",1,1,0],["2024-09-06T00:00:00+00:00",1,1,0],["2024-12-01T00:00:00+00:00",1,1,0],["2025-02-25T00:00:00+00:00",1,1,0],["2025-04-04T00:00:00+00:00",1,1,0],["2025-07-08T00:00:00+00:00",1,1,0],["2025-09-22T00:00:00+00:00",1,1,0]]},"geometry":{"type":"Point","coordinates":[34.445799,31.508041]}},{"type":"Feature","properties":{"site_id":26,"event_code":"CE20231007PSE","latest_date":"2025-09-22T00:00:00+00:00","latest_class":1,"pass_count":13,"h":[["2023-11-07T00:00:00+00:00",1,1,3],["2023-11-26T00:00:00+00:00",1,1,0],["2024-01-06T00:00:00+00:00",1,1,0],["2024-02-29T00:00:00+00:00",1,1,0],["2024-04-01T00:00:00+00:00",1,1,0],["2024-05-03T00:00:00+00:00",1,1,0],["2024-07-06T00:00:00+00:00",1,1,0],["2024-09-06T00:00:00+00:00",1,1,0],["2024-12-01T00:00:00+00:00",1,1,0],["2025-02-25T00:00:00+00:00",1,1,0],["2025-04-04T00:00:00+00:00",1,1,0],["2025-07-08T00:00:00+00:00",1,1,0],["2025-09-22T00:00:00+00:00",1,1,0]]},"geometry":{"type":"Point","coordinates":[34.444742,31.510052]}},{"type":"Feature","properties":{"site_id":26,"event_code":"CE20231007PSE","latest_date":"2025-09-22T00:00:00+00:00","latest_class":1,"pass_count":13,"h":[["2023-11-07T00:00:00+00:00",1,1,3],["2023-11-26T00:00:00+00:00",1,1,0],["2024-01-06T00:00:00+00:00",1,1,0],["2024-02-29T00:00:00+00:00",1,1,0],["2024-04-01T00:00:00+00:00",1,1,0],["2024-05-03T00:00:00+00:00",1,1,0],["2024-07-06T00:00:00+00:00",1,1,0],["2024-09-06T00:00:00+00:00",1,1,0],["2024-12-01T00:00:00+00:00",1,1,0],["2025-02-25T00:00:00+00:00",1,1,0],["2025-04-04T00:00:00+00:00",1,1,0],["2025-07-08T00:00:00+00:00",1,1,0],["2025-09-22T00:00:00+00:00",1,1,0]]},"geometry":{"type":"Point","coordinates":[34.444948,31.509876]}},{"type":"Feature","properties":{"site_id":26,"event_code":"CE20231007PSE","latest_date":"2025-09-22T00:00:00+00:00","latest_class":1,"pass_count":13,"h":[["2023-11-07T00:00:00+00:00",1,1,3],["2023-11-26T00:00:00+00:00",1,1,0],["2024-01-06T00:00:00+00:00",1,1,0],["2024-02-29T00:00:00+00:00",1,1,0],["2024-04-01T00:00:00+00:00",1,1,0],["2024-05-03T00:00:00+00:00",1,1,0],["2024-07-06T00:00:00+00:00",1,1,0],["2024-09-06T00:00:00+00:00",1,1,0],["2024-12-01T00:00:00+00:00",1,1,0],["2025-02-25T00:00:00+00:00",1,1,0],["2025-04-04T00:00:00+00:00",1,1,0],["2025-07-08T00:00:00+00:00",1,1,0],["2025-09-22T00:00:00+00:00",1,1,0]]},"geometry":{"type":"Point","coordinates":[34.44477,31.509738]}},{"type":"Feature","properties":{"site_id":26,"event_code":"CE20231007PSE","latest_date":"2025-09-22T00:00:00+00:00","latest_class":3,"pass_count":13,"h":[["2023-11-07T00:00:00+00:00",3,2,3],["2023-11-26T00:00:00+00:00",3,2,0],["2024-01-06T00:00:00+00:00",3,2,0],["2024-02-29T00:00:00+00:00",3,2,0],["2024-04-01T00:00:00+00:00",3,2,0],["2024-05-03T00:00:00+00:00",3,2,0],["2024-07-06T00:00:00+00:00",3,2,0],["2024-09-06T00:00:00+00:00",3,2,0],["2024-12-01T00:00:00+00:00",3,2,0],["2025-02-25T00:00:00+00:00",3,2,0],["2025-04-04T00:00:00+00:00",3,2,0],["2025-07-08T00:00:00+00:00",3,2,0],["2025-09-22T00:00:00+00:00",3,2,0]]},"geometry":{"type":"Point","coordinates":[34.44534,31.509838]}},{"type":"Feature","properties":{"site_id":26,"event_code":"CE20231007PSE","latest_date":"2025-09-22T00:00:00+00:00","latest_class":3,"pass_count":13,"h":[["2023-11-07T00:00:00+00:00",3,2,3],["2023-11-26T00:00:00+00:00",3,2,0],["2024-01-06T00:00:00+00:00",3,2,0],["2024-02-29T00:00:00+00:00",3,2,0],["2024-04-01T00:00:00+00:00",3,2,0],["2024-05-03T00:00:00+00:00",3,2,0],["2024-07-06T00:00:00+00:00",3,2,0],["2024-09-06T00:00:00+00:00",3,2,0],["2024-12-01T00:00:00+00:00",3,2,0],["2025-02-25T00:00:00+00:00",3,2,0],["2025-04-04T00:00:00+00:00",3,2,0],["2025-07-08T00:00:00+00:00",3,2,0],["2025-09-22T00:00:00+00:00",3,2,0]]},"geometry":{"type":"Point","coordinates":[34.444699,31.509923]}},{"type":"Feature","properties":{"site_id":26,"event_code":"CE20231007PSE","latest_date":"2025-09-22T00:00:00+00:00","latest_class":3,"pass_count":13,"h":[["2023-11-07T00:00:00+00:00",3,2,3],["2023-11-26T00:00:00+00:00",3,2,0],["2024-01-06T00:00:00+00:00",3,2,0],["2024-02-29T00:00:00+00:00",3,2,0],["2024-04-01T00:00:00+00:00",3,2,0],["2024-05-03T00:00:00+00:00",3,2,0],["2024-07-06T00:00:00+00:00",3,2,0],["2024-09-06T00:00:00+00:00",3,2,0],["2024-12-01T00:00:00+00:00",3,2,0],["2025-02-25T00:00:00+00:00",3,2,0],["2025-04-04T00:00:00+00:00",3,2,0],["2025-07-08T00:00:00+00:00",3,2,0],["2025-09-22T00:00:00+00:00",3,2,0]]},"geometry":{"type":"Point","coordinates":[34.444568,31.50987]}},{"type":"Feature","properties":{"site_id":26,"event_code":"CE20231007PSE","latest_date":"2025-09-22T00:00:00+00:00","latest_class":3,"pass_count":13,"h":[["2023-11-07T00:00:00+00:00",3,2,3],["2023-11-26T00:00:00+00:00",3,2,0],["2024-01-06T00:00:00+00:00",3,2,0],["2024-02-29T00:00:00+00:00",3,2,0],["2024-04-01T00:00:00+00:00",3,2,0],["2024-05-03T00:00:00+00:00",3,2,0],["2024-07-06T00:00:00+00:00",3,2,0],["2024-09-06T00:00:00+00:00",3,2,0],["2024-12-01T00:00:00+00:00",3,2,0],["2025-02-25T00:00:00+00:00",3,2,0],["2025-04-04T00:00:00+00:00",3,2,0],["2025-07-08T00:00:00+00:00",3,2,0],["2025-09-22T00:00:00+00:00",3,2,0]]},"geometry":{"type":"Point","coordinates":[34.444441,31.509783]}},{"type":"Feature","properties":{"site_id":26,"event_code":"CE20231007PSE","latest_date":"2025-09-22T00:00:00+00:00","latest_class":1,"pass_count":13,"h":[["2023-11-07T00:00:00+00:00",1,1,3],["2023-11-26T00:00:00+00:00",1,1,0],["2024-01-06T00:00:00+00:00",1,1,0],["2024-02-29T00:00:00+00:00",1,1,0],["2024-04-01T00:00:00+00:00",1,1,0],["2024-05-03T00:00:00+00:00",1,1,0],["2024-07-06T00:00:00+00:00",1,1,0],["2024-09-06T00:00:00+00:00",1,1,0],["2024-12-01T00:00:00+00:00",1,1,0],["2025-02-25T00:00:00+00:00",1,1,0],["2025-04-04T00:00:00+00:00",1,1,0],["2025-07-08T00:00:00+00:00",1,1,0],["2025-09-22T00:00:00+00:00",1,1,0]]},"geometry":{"type":"Point","coordinates":[34.444611,31.509671]}},{"type":"Feature","properties":{"site_id":26,"event_code":"CE20231007PSE","latest_date":"2025-09-22T00:00:00+00:00","latest_class":1,"pass_count":13,"h":[["2023-11-07T00:00:00+00:00",1,1,3],["2023-11-26T00:00:00+00:00",1,1,0],["2024-01-06T00:00:00+00:00",1,1,0],["2024-02-29T00:00:00+00:00",1,1,0],["2024-04-01T00:00:00+00:00",1,1,0],["2024-05-03T00:00:00+00:00",1,1,0],["2024-07-06T00:00:00+00:00",1,1,0],["2024-09-06T00:00:00+00:00",1,1,0],["2024-12-01T00:00:00+00:00",1,1,0],["2025-02-25T00:00:00+00:00",1,1,0],["2025-04-04T00:00:00+00:00",1,1,0],["2025-07-08T00:00:00+00:00",1,1,0],["2025-09-22T00:00:00+00:00",1,1,0]]},"geometry":{"type":"Point","coordinates":[34.443465,31.509665]}},{"type":"Feature","properties":{"site_id":26,"event_code":"CE20231007PSE","latest_date":"2025-09-22T00:00:00+00:00","latest_class":2,"pass_count":13,"h":[["2023-11-07T00:00:00+00:00",2,1,3],["2023-11-26T00:00:00+00:00",2,1,0],["2024-01-06T00:00:00+00:00",2,1,0],["2024-02-29T00:00:00+00:00",2,1,0],["2024-04-01T00:00:00+00:00",2,1,0],["2024-05-03T00:00:00+00:00",2,1,0],["2024-07-06T00:00:00+00:00",2,1,0],["2024-09-06T00:00:00+00:00",2,1,0],["2024-12-01T00:00:00+00:00",2,1,0],["2025-02-25T00:00:00+00:00",2,1,0],["2025-04-04T00:00:00+00:00",2,1,0],["2025-07-08T00:00:00+00:00",2,1,0],["2025-09-22T00:00:00+00:00",2,1,0]]},"geometry":{"type":"Point","coordinates":[34.442791,31.509452]}},{"type":"Feature","properties":{"site_id":26,"event_code":"CE20231007PSE","latest_date":"2025-09-22T00:00:00+00:00","latest_class":2,"pass_count":13,"h":[["2023-11-07T00:00:00+00:00",2,1,3],["2023-11-26T00:00:00+00:00",2,1,0],["2024-01-06T00:00:00+00:00",2,1,0],["2024-02-29T00:00:00+00:00",2,1,0],["2024-04-01T00:00:00+00:00",2,1,0],["2024-05-03T00:00:00+00:00",2,1,0],["2024-07-06T00:00:00+00:00",2,1,0],["2024-09-06T00:00:00+00:00",2,1,0],["2024-12-01T00:00:00+00:00",2,1,0],["2025-02-25T00:00:00+00:00",2,1,0],["2025-04-04T00:00:00+00:00",2,1,0],["2025-07-08T00:00:00+00:00",2,1,0],["2025-09-22T00:00:00+00:00",2,1,0]]},"geometry":{"type":"Point","coordinates":[34.442945,31.509576]}},{"type":"Feature","properties":{"site_id":26,"event_code":"CE20231007PSE","latest_date":"2025-09-22T00:00:00+00:00","latest_class":2,"pass_count":13,"h":[["2023-11-07T00:00:00+00:00",2,1,3],["2023-11-26T00:00:00+00:00",2,1,0],["2024-01-06T00:00:00+00:00",2,1,0],["2024-02-29T00:00:00+00:00",2,1,0],["2024-04-01T00:00:00+00:00",2,1,0],["2024-05-03T00:00:00+00:00",2,1,0],["2024-07-06T00:00:00+00:00",2,1,0],["2024-09-06T00:00:00+00:00",2,1,0],["2024-12-01T00:00:00+00:00",2,1,0],["2025-02-25T00:00:00+00:00",2,1,0],["2025-04-04T00:00:00+00:00",2,1,0],["2025-07-08T00:00:00+00:00",2,1,0],["2025-09-22T00:00:00+00:00",2,1,0]]},"geometry":{"type":"Point","coordinates":[34.443242,31.509792]}},{"type":"Feature","properties":{"site_id":26,"event_code":"CE20231007PSE","latest_date":"2025-09-22T00:00:00+00:00","latest_class":1,"pass_count":13,"h":[["2023-11-07T00:00:00+00:00",1,1,3],["2023-11-26T00:00:00+00:00",1,1,0],["2024-01-06T00:00:00+00:00",1,1,0],["2024-02-29T00:00:00+00:00",1,1,0],["2024-04-01T00:00:00+00:00",1,1,0],["2024-05-03T00:00:00+00:00",1,1,0],["2024-07-06T00:00:00+00:00",1,1,0],["2024-09-06T00:00:00+00:00",1,1,0],["2024-12-01T00:00:00+00:00",1,1,0],["2025-02-25T00:00:00+00:00",1,1,0],["2025-04-04T00:00:00+00:00",1,1,0],["2025-07-08T00:00:00+00:00",1,1,0],["2025-09-22T00:00:00+00:00",1,1,0]]},"geometry":{"type":"Point","coordinates":[34.44311,31.509704]}},{"type":"Feature","properties":{"site_id":26,"event_code":"CE20231007PSE","latest_date":"2025-09-22T00:00:00+00:00","latest_class":3,"pass_count":13,"h":[["2023-11-07T00:00:00+00:00",3,2,3],["2023-11-26T00:00:00+00:00",3,2,0],["2024-01-06T00:00:00+00:00",3,2,0],["2024-02-29T00:00:00+00:00",3,2,0],["2024-04-01T00:00:00+00:00",3,2,0],["2024-05-03T00:00:00+00:00",3,2,0],["2024-07-06T00:00:00+00:00",3,2,0],["2024-09-06T00:00:00+00:00",3,2,0],["2024-12-01T00:00:00+00:00",3,2,0],["2025-02-25T00:00:00+00:00",3,2,0],["2025-04-04T00:00:00+00:00",3,2,0],["2025-07-08T00:00:00+00:00",3,2,0],["2025-09-22T00:00:00+00:00",3,2,0]]},"geometry":{"type":"Point","coordinates":[34.443117,31.509879]}},{"type":"Feature","properties":{"site_id":26,"event_code":"CE20231007PSE","latest_date":"2025-09-22T00:00:00+00:00","latest_class":3,"pass_count":13,"h":[["2023-11-07T00:00:00+00:00",3,2,3],["2023-11-26T00:00:00+00:00",3,2,0],["2024-01-06T00:00:00+00:00",3,2,0],["2024-02-29T00:00:00+00:00",3,2,0],["2024-04-01T00:00:00+00:00",3,2,0],["2024-05-03T00:00:00+00:00",3,2,0],["2024-07-06T00:00:00+00:00",3,2,0],["2024-09-06T00:00:00+00:00",3,2,0],["2024-12-01T00:00:00+00:00",3,2,0],["2025-02-25T00:00:00+00:00",3,2,0],["2025-04-04T00:00:00+00:00",3,2,0],["2025-07-08T00:00:00+00:00",3,2,0],["2025-09-22T00:00:00+00:00",3,2,0]]},"geometry":{"type":"Point","coordinates":[34.442705,31.509678]}},{"type":"Feature","properties":{"site_id":26,"event_code":"CE20231007PSE","latest_date":"2025-09-22T00:00:00+00:00","latest_class":3,"pass_count":13,"h":[["2023-11-07T00:00:00+00:00",3,2,3],["2023-11-26T00:00:00+00:00",3,2,0],["2024-01-06T00:00:00+00:00",3,2,0],["2024-02-29T00:00:00+00:00",3,2,0],["2024-04-01T00:00:00+00:00",3,2,0],["2024-05-03T00:00:00+00:00",3,2,0],["2024-07-06T00:00:00+00:00",3,2,0],["2024-09-06T00:00:00+00:00",3,2,0],["2024-12-01T00:00:00+00:00",3,2,0],["2025-02-25T00:00:00+00:00",3,2,0],["2025-04-04T00:00:00+00:00",3,2,0],["2025-07-08T00:00:00+00:00",3,2,0],["2025-09-22T00:00:00+00:00",3,2,0]]},"geometry":{"type":"Point","coordinates":[34.443681,31.509849]}},{"type":"Feature","properties":{"site_id":26,"event_code":"CE20231007PSE","latest_date":"2025-09-22T00:00:00+00:00","latest_class":3,"pass_count":13,"h":[["2023-11-07T00:00:00+00:00",3,2,3],["2023-11-26T00:00:00+00:00",3,2,0],["2024-01-06T00:00:00+00:00",3,2,0],["2024-02-29T00:00:00+00:00",3,2,0],["2024-04-01T00:00:00+00:00",3,2,0],["2024-05-03T00:00:00+00:00",3,2,0],["2024-07-06T00:00:00+00:00",3,2,0],["2024-09-06T00:00:00+00:00",3,2,0],["2024-12-01T00:00:00+00:00",3,2,0],["2025-02-25T00:00:00+00:00",3,2,0],["2025-04-04T00:00:00+00:00",3,2,0],["2025-07-08T00:00:00+00:00",3,2,0],["2025-09-22T00:00:00+00:00",3,2,0]]},"geometry":{"type":"Point","coordinates":[34.443774,31.509788]}},{"type":"Feature","properties":{"site_id":26,"event_code":"CE20231007PSE","latest_date":"2025-09-22T00:00:00+00:00","latest_class":1,"pass_count":13,"h":[["2023-11-07T00:00:00+00:00",1,1,3],["2023-11-26T00:00:00+00:00",1,1,0],["2024-01-06T00:00:00+00:00",1,1,0],["2024-02-29T00:00:00+00:00",1,1,0],["2024-04-01T00:00:00+00:00",1,1,0],["2024-05-03T00:00:00+00:00",1,1,0],["2024-07-06T00:00:00+00:00",1,1,0],["2024-09-06T00:00:00+00:00",1,1,0],["2024-12-01T00:00:00+00:00",1,1,0],["2025-02-25T00:00:00+00:00",1,1,0],["2025-04-04T00:00:00+00:00",1,1,0],["2025-07-08T00:00:00+00:00",1,1,0],["2025-09-22T00:00:00+00:00",1,1,0]]},"geometry":{"type":"Point","coordinates":[34.442227,31.51034]}},{"type":"Feature","properties":{"site_id":26,"event_code":"CE20231007PSE","latest_date":"2025-09-22T00:00:00+00:00","latest_class":3,"pass_count":13,"h":[["2023-11-07T00:00:00+00:00",3,2,3],["2023-11-26T00:00:00+00:00",3,2,0],["2024-01-06T00:00:00+00:00",3,2,0],["2024-02-29T00:00:00+00:00",3,2,0],["2024-04-01T00:00:00+00:00",3,2,0],["2024-05-03T00:00:00+00:00",3,2,0],["2024-07-06T00:00:00+00:00",3,2,0],["2024-09-06T00:00:00+00:00",3,2,0],["2024-12-01T00:00:00+00:00",3,2,0],["2025-02-25T00:00:00+00:00",3,2,0],["2025-04-04T00:00:00+00:00",3,2,0],["2025-07-08T00:00:00+00:00",3,2,0],["2025-09-22T00:00:00+00:00",3,2,0]]},"geometry":{"type":"Point","coordinates":[34.441906,31.510344]}},{"type":"Feature","properties":{"site_id":26,"event_code":"CE20231007PSE","latest_date":"2025-09-22T00:00:00+00:00","latest_class":3,"pass_count":13,"h":[["2023-11-07T00:00:00+00:00",3,2,3],["2023-11-26T00:00:00+00:00",3,2,0],["2024-01-06T00:00:00+00:00",3,2,0],["2024-02-29T00:00:00+00:00",3,2,0],["2024-04-01T00:00:00+00:00",3,2,0],["2024-05-03T00:00:00+00:00",3,2,0],["2024-07-06T00:00:00+00:00",3,2,0],["2024-09-06T00:00:00+00:00",3,2,0],["2024-12-01T00:00:00+00:00",3,2,0],["2025-02-25T00:00:00+00:00",3,2,0],["2025-04-04T00:00:00+00:00",3,2,0],["2025-07-08T00:00:00+00:00",3,2,0],["2025-09-22T00:00:00+00:00",3,2,0]]},"geometry":{"type":"Point","coordinates":[34.441663,31.510183]}},{"type":"Feature","properties":{"site_id":26,"event_code":"CE20231007PSE","latest_date":"2025-09-22T00:00:00+00:00","latest_class":3,"pass_count":13,"h":[["2023-11-07T00:00:00+00:00",3,2,3],["2023-11-26T00:00:00+00:00",3,2,0],["2024-01-06T00:00:00+00:00",3,2,0],["2024-02-29T00:00:00+00:00",3,2,0],["2024-04-01T00:00:00+00:00",3,2,0],["2024-05-03T00:00:00+00:00",3,2,0],["2024-07-06T00:00:00+00:00",3,2,0],["2024-09-06T00:00:00+00:00",3,2,0],["2024-12-01T00:00:00+00:00",3,2,0],["2025-02-25T00:00:00+00:00",3,2,0],["2025-04-04T00:00:00+00:00",3,2,0],["2025-07-08T00:00:00+00:00",3,2,0],["2025-09-22T00:00:00+00:00",3,2,0]]},"geometry":{"type":"Point","coordinates":[34.442086,31.510064]}},{"type":"Feature","properties":{"site_id":26,"event_code":"CE20231007PSE","latest_date":"2025-09-22T00:00:00+00:00","latest_class":3,"pass_count":13,"h":[["2023-11-07T00:00:00+00:00",3,2,3],["2023-11-26T00:00:00+00:00",3,2,0],["2024-01-06T00:00:00+00:00",3,2,0],["2024-02-29T00:00:00+00:00",3,2,0],["2024-04-01T00:00:00+00:00",3,2,0],["2024-05-03T00:00:00+00:00",3,2,0],["2024-07-06T00:00:00+00:00",3,2,0],["2024-09-06T00:00:00+00:00",3,2,0],["2024-12-01T00:00:00+00:00",3,2,0],["2025-02-25T00:00:00+00:00",3,2,0],["2025-04-04T00:00:00+00:00",3,2,0],["2025-07-08T00:00:00+00:00",3,2,0],["2025-09-22T00:00:00+00:00",3,2,0]]},"geometry":{"type":"Point","coordinates":[34.442451,31.510258]}},{"type":"Feature","properties":{"site_id":26,"event_code":"CE20231007PSE","latest_date":"2025-09-22T00:00:00+00:00","latest_class":1,"pass_count":13,"h":[["2023-11-07T00:00:00+00:00",1,1,3],["2023-11-26T00:00:00+00:00",1,1,0],["2024-01-06T00:00:00+00:00",1,1,0],["2024-02-29T00:00:00+00:00",1,1,0],["2024-04-01T00:00:00+00:00",1,1,0],["2024-05-03T00:00:00+00:00",1,1,0],["2024-07-06T00:00:00+00:00",1,1,0],["2024-09-06T00:00:00+00:00",1,1,0],["2024-12-01T00:00:00+00:00",1,1,0],["2025-02-25T00:00:00+00:00",1,1,0],["2025-04-04T00:00:00+00:00",1,1,0],["2025-07-08T00:00:00+00:00",1,1,0],["2025-09-22T00:00:00+00:00",1,1,0]]},"geometry":{"type":"Point","coordinates":[34.441285,31.508998]}},{"type":"Feature","properties":{"site_id":26,"event_code":"CE20231007PSE","latest_date":"2025-09-22T00:00:00+00:00","latest_class":1,"pass_count":13,"h":[["2023-11-07T00:00:00+00:00",1,1,3],["2023-11-26T00:00:00+00:00",1,1,0],["2024-01-06T00:00:00+00:00",1,1,0],["2024-02-29T00:00:00+00:00",1,1,0],["2024-04-01T00:00:00+00:00",1,1,0],["2024-05-03T00:00:00+00:00",1,1,0],["2024-07-06T00:00:00+00:00",1,1,0],["2024-09-06T00:00:00+00:00",1,1,0],["2024-12-01T00:00:00+00:00",1,1,0],["2025-02-25T00:00:00+00:00",1,1,0],["2025-04-04T00:00:00+00:00",1,1,0],["2025-07-08T00:00:00+00:00",1,1,0],["2025-09-22T00:00:00+00:00",1,1,0]]},"geometry":{"type":"Point","coordinates":[34.441749,31.509054]}},{"type":"Feature","properties":{"site_id":26,"event_code":"CE20231007PSE","latest_date":"2025-09-22T00:00:00+00:00","latest_class":3,"pass_count":13,"h":[["2023-11-07T00:00:00+00:00",3,2,3],["2023-11-26T00:00:00+00:00",3,2,0],["2024-01-06T00:00:00+00:00",3,2,0],["2024-02-29T00:00:00+00:00",3,2,0],["2024-04-01T00:00:00+00:00",3,2,0],["2024-05-03T00:00:00+00:00",3,2,0],["2024-07-06T00:00:00+00:00",3,2,0],["2024-09-06T00:00:00+00:00",3,2,0],["2024-12-01T00:00:00+00:00",3,2,0],["2025-02-25T00:00:00+00:00",3,2,0],["2025-04-04T00:00:00+00:00",3,2,0],["2025-07-08T00:00:00+00:00",3,2,0],["2025-09-22T00:00:00+00:00",3,2,0]]},"geometry":{"type":"Point","coordinates":[34.440857,31.508778]}},{"type":"Feature","properties":{"site_id":26,"event_code":"CE20231007PSE","latest_date":"2025-09-22T00:00:00+00:00","latest_class":3,"pass_count":13,"h":[["2023-11-07T00:00:00+00:00",3,2,3],["2023-11-26T00:00:00+00:00",3,2,0],["2024-01-06T00:00:00+00:00",3,2,0],["2024-02-29T00:00:00+00:00",3,2,0],["2024-04-01T00:00:00+00:00",3,2,0],["2024-05-03T00:00:00+00:00",3,2,0],["2024-07-06T00:00:00+00:00",3,2,0],["2024-09-06T00:00:00+00:00",3,2,0],["2024-12-01T00:00:00+00:00",3,2,0],["2025-02-25T00:00:00+00:00",3,2,0],["2025-04-04T00:00:00+00:00",3,2,0],["2025-07-08T00:00:00+00:00",3,2,0],["2025-09-22T00:00:00+00:00",3,2,0]]},"geometry":{"type":"Point","coordinates":[34.441029,31.508693]}},{"type":"Feature","properties":{"site_id":26,"event_code":"CE20231007PSE","latest_date":"2025-09-22T00:00:00+00:00","latest_class":3,"pass_count":13,"h":[["2023-11-07T00:00:00+00:00",3,2,3],["2023-11-26T00:00:00+00:00",3,2,0],["2024-01-06T00:00:00+00:00",3,2,0],["2024-02-29T00:00:00+00:00",3,2,0],["2024-04-01T00:00:00+00:00",3,2,0],["2024-05-03T00:00:00+00:00",3,2,0],["2024-07-06T00:00:00+00:00",3,2,0],["2024-09-06T00:00:00+00:00",3,2,0],["2024-12-01T00:00:00+00:00",3,2,0],["2025-02-25T00:00:00+00:00",3,2,0],["2025-04-04T00:00:00+00:00",3,2,0],["2025-07-08T00:00:00+00:00",3,2,0],["2025-09-22T00:00:00+00:00",3,2,0]]},"geometry":{"type":"Point","coordinates":[34.441132,31.508796]}},{"type":"Feature","properties":{"site_id":26,"event_code":"CE20231007PSE","latest_date":"2025-09-22T00:00:00+00:00","latest_class":3,"pass_count":13,"h":[["2023-11-07T00:00:00+00:00",3,2,3],["2023-11-26T00:00:00+00:00",3,2,0],["2024-01-06T00:00:00+00:00",3,2,0],["2024-02-29T00:00:00+00:00",3,2,0],["2024-04-01T00:00:00+00:00",3,2,0],["2024-05-03T00:00:00+00:00",3,2,0],["2024-07-06T00:00:00+00:00",3,2,0],["2024-09-06T00:00:00+00:00",3,2,0],["2024-12-01T00:00:00+00:00",3,2,0],["2025-02-25T00:00:00+00:00",3,2,0],["2025-04-04T00:00:00+00:00",3,2,0],["2025-07-08T00:00:00+00:00",3,2,0],["2025-09-22T00:00:00+00:00",3,2,0]]},"geometry":{"type":"Point","coordinates":[34.44099,31.508887]}},{"type":"Feature","properties":{"site_id":26,"event_code":"CE20231007PSE","latest_date":"2025-09-22T00:00:00+00:00","latest_class":3,"pass_count":13,"h":[["2023-11-07T00:00:00+00:00",3,2,3],["2023-11-26T00:00:00+00:00",3,2,0],["2024-01-06T00:00:00+00:00",3,2,0],["2024-02-29T00:00:00+00:00",3,2,0],["2024-04-01T00:00:00+00:00",3,2,0],["2024-05-03T00:00:00+00:00",3,2,0],["2024-07-06T00:00:00+00:00",3,2,0],["2024-09-06T00:00:00+00:00",3,2,0],["2024-12-01T00:00:00+00:00",3,2,0],["2025-02-25T00:00:00+00:00",3,2,0],["2025-04-04T00:00:00+00:00",3,2,0],["2025-07-08T00:00:00+00:00",3,2,0],["2025-09-22T00:00:00+00:00",3,2,0]]},"geometry":{"type":"Point","coordinates":[34.44142,31.5086]}},{"type":"Feature","properties":{"site_id":26,"event_code":"CE20231007PSE","latest_date":"2025-09-22T00:00:00+00:00","latest_class":3,"pass_count":13,"h":[["2023-11-07T00:00:00+00:00",3,2,3],["2023-11-26T00:00:00+00:00",3,2,0],["2024-01-06T00:00:00+00:00",3,2,0],["2024-02-29T00:00:00+00:00",3,2,0],["2024-04-01T00:00:00+00:00",3,2,0],["2024-05-03T00:00:00+00:00",3,2,0],["2024-07-06T00:00:00+00:00",3,2,0],["2024-09-06T00:00:00+00:00",3,2,0],["2024-12-01T00:00:00+00:00",3,2,0],["2025-02-25T00:00:00+00:00",3,2,0],["2025-04-04T00:00:00+00:00",3,2,0],["2025-07-08T00:00:00+00:00",3,2,0],["2025-09-22T00:00:00+00:00",3,2,0]]},"geometry":{"type":"Point","coordinates":[34.441532,31.508821]}},{"type":"Feature","properties":{"site_id":26,"event_code":"CE20231007PSE","latest_date":"2025-09-22T00:00:00+00:00","latest_class":3,"pass_count":13,"h":[["2023-11-07T00:00:00+00:00",3,2,3],["2023-11-26T00:00:00+00:00",3,2,0],["2024-01-06T00:00:00+00:00",3,2,0],["2024-02-29T00:00:00+00:00",3,2,0],["2024-04-01T00:00:00+00:00",3,2,0],["2024-05-03T00:00:00+00:00",3,2,0],["2024-07-06T00:00:00+00:00",3,2,0],["2024-09-06T00:00:00+00:00",3,2,0],["2024-12-01T00:00:00+00:00",3,2,0],["2025-02-25T00:00:00+00:00",3,2,0],["2025-04-04T00:00:00+00:00",3,2,0],["2025-07-08T00:00:00+00:00",3,2,0],["2025-09-22T00:00:00+00:00",3,2,0]]},"geometry":{"type":"Point","coordinates":[34.441102,31.509065]}},{"type":"Feature","properties":{"site_id":26,"event_code":"CE20231007PSE","latest_date":"2025-09-22T00:00:00+00:00","latest_class":3,"pass_count":13,"h":[["2023-11-07T00:00:00+00:00",3,2,3],["2023-11-26T00:00:00+00:00",3,2,0],["2024-01-06T00:00:00+00:00",3,2,0],["2024-02-29T00:00:00+00:00",3,2,0],["2024-04-01T00:00:00+00:00",3,2,0],["2024-05-03T00:00:00+00:00",3,2,0],["2024-07-06T00:00:00+00:00",3,2,0],["2024-09-06T00:00:00+00:00",3,2,0],["2024-12-01T00:00:00+00:00",3,2,0],["2025-02-25T00:00:00+00:00",3,2,0],["2025-04-04T00:00:00+00:00",3,2,0],["2025-07-08T00:00:00+00:00",3,2,0],["2025-09-22T00:00:00+00:00",3,2,0]]},"geometry":{"type":"Point","coordinates":[34.441298,31.509283]}},{"type":"Feature","properties":{"site_id":26,"event_code":"CE20231007PSE","latest_date":"2025-09-22T00:00:00+00:00","latest_class":3,"pass_count":13,"h":[["2023-11-07T00:00:00+00:00",3,2,3],["2023-11-26T00:00:00+00:00",3,2,0],["2024-01-06T00:00:00+00:00",3,2,0],["2024-02-29T00:00:00+00:00",3,2,0],["2024-04-01T00:00:00+00:00",3,2,0],["2024-05-03T00:00:00+00:00",3,2,0],["2024-07-06T00:00:00+00:00",3,2,0],["2024-09-06T00:00:00+00:00",3,2,0],["2024-12-01T00:00:00+00:00",3,2,0],["2025-02-25T00:00:00+00:00",3,2,0],["2025-04-04T00:00:00+00:00",3,2,0],["2025-07-08T00:00:00+00:00",3,2,0],["2025-09-22T00:00:00+00:00",3,2,0]]},"geometry":{"type":"Point","coordinates":[34.442013,31.508923]}},{"type":"Feature","properties":{"site_id":1,"event_code":"CE20231007PSE","latest_date":"2025-09-22T00:00:00+00:00","latest_class":1,"pass_count":13,"h":[["2023-11-07T00:00:00+00:00",2,1,3],["2023-11-26T00:00:00+00:00",1,1,1],["2024-01-06T00:00:00+00:00",1,1,0],["2024-02-29T00:00:00+00:00",1,1,0],["2024-04-01T00:00:00+00:00",1,1,0],["2024-05-03T00:00:00+00:00",1,1,0],["2024-07-06T00:00:00+00:00",1,1,0],["2024-09-06T00:00:00+00:00",1,1,0],["2024-12-01T00:00:00+00:00",1,1,0],["2025-02-25T00:00:00+00:00",1,1,0],["2025-04-04T00:00:00+00:00",1,1,0],["2025-07-08T00:00:00+00:00",1,1,0],["2025-09-22T00:00:00+00:00",1,1,0]]},"geometry":{"type":"Point","coordinates":[34.440798,31.508487]}},{"type":"Feature","properties":{"site_id":26,"event_code":"CE20231007PSE","latest_date":"2025-09-22T00:00:00+00:00","latest_class":3,"pass_count":13,"h":[["2023-11-07T00:00:00+00:00",3,2,3],["2023-11-26T00:00:00+00:00",3,2,0],["2024-01-06T00:00:00+00:00",3,2,0],["2024-02-29T00:00:00+00:00",3,2,0],["2024-04-01T00:00:00+00:00",3,2,0],["2024-05-03T00:00:00+00:00",3,2,0],["2024-07-06T00:00:00+00:00",3,2,0],["2024-09-06T00:00:00+00:00",3,2,0],["2024-12-01T00:00:00+00:00",3,2,0],["2025-02-25T00:00:00+00:00",3,2,0],["2025-04-04T00:00:00+00:00",3,2,0],["2025-07-08T00:00:00+00:00",3,2,0],["2025-09-22T00:00:00+00:00",3,2,0]]},"geometry":{"type":"Point","coordinates":[34.440614,31.508611]}},{"type":"Feature","properties":{"site_id":26,"event_code":"CE20231007PSE","latest_date":"2025-09-22T00:00:00+00:00","latest_class":3,"pass_count":13,"h":[["2023-11-07T00:00:00+00:00",3,2,3],["2023-11-26T00:00:00+00:00",3,2,0],["2024-01-06T00:00:00+00:00",3,2,0],["2024-02-29T00:00:00+00:00",3,2,0],["2024-04-01T00:00:00+00:00",3,2,0],["2024-05-03T00:00:00+00:00",3,2,0],["2024-07-06T00:00:00+00:00",3,2,0],["2024-09-06T00:00:00+00:00",3,2,0],["2024-12-01T00:00:00+00:00",3,2,0],["2025-02-25T00:00:00+00:00",3,2,0],["2025-04-04T00:00:00+00:00",3,2,0],["2025-07-08T00:00:00+00:00",3,2,0],["2025-09-22T00:00:00+00:00",3,2,0]]},"geometry":{"type":"Point","coordinates":[34.444144,31.506973]}},{"type":"Feature","properties":{"site_id":26,"event_code":"CE20231007PSE","latest_date":"2025-09-22T00:00:00+00:00","latest_class":3,"pass_count":13,"h":[["2023-11-07T00:00:00+00:00",3,2,3],["2023-11-26T00:00:00+00:00",3,2,0],["2024-01-06T00:00:00+00:00",3,2,0],["2024-02-29T00:00:00+00:00",3,2,0],["2024-04-01T00:00:00+00:00",3,2,0],["2024-05-03T00:00:00+00:00",3,2,0],["2024-07-06T00:00:00+00:00",3,2,0],["2024-09-06T00:00:00+00:00",3,2,0],["2024-12-01T00:00:00+00:00",3,2,0],["2025-02-25T00:00:00+00:00",3,2,0],["2025-04-04T00:00:00+00:00",3,2,0],["2025-07-08T00:00:00+00:00",3,2,0],["2025-09-22T00:00:00+00:00",3,2,0]]},"geometry":{"type":"Point","coordinates":[34.444259,31.506895]}},{"type":"Feature","properties":{"site_id":26,"event_code":"CE20231007PSE","latest_date":"2025-09-22T00:00:00+00:00","latest_class":1,"pass_count":13,"h":[["2023-11-07T00:00:00+00:00",1,1,3],["2023-11-26T00:00:00+00:00",1,1,0],["2024-01-06T00:00:00+00:00",1,1,0],["2024-02-29T00:00:00+00:00",1,1,0],["2024-04-01T00:00:00+00:00",1,1,0],["2024-05-03T00:00:00+00:00",1,1,0],["2024-07-06T00:00:00+00:00",1,1,0],["2024-09-06T00:00:00+00:00",1,1,0],["2024-12-01T00:00:00+00:00",1,1,0],["2025-02-25T00:00:00+00:00",1,1,0],["2025-04-04T00:00:00+00:00",1,1,0],["2025-07-08T00:00:00+00:00",1,1,0],["2025-09-22T00:00:00+00:00",1,1,0]]},"geometry":{"type":"Point","coordinates":[34.444067,31.507034]}},{"type":"Feature","properties":{"site_id":26,"event_code":"CE20231007PSE","latest_date":"2025-09-22T00:00:00+00:00","latest_class":3,"pass_count":13,"h":[["2023-11-07T00:00:00+00:00",3,2,3],["2023-11-26T00:00:00+00:00",3,2,0],["2024-01-06T00:00:00+00:00",3,2,0],["2024-02-29T00:00:00+00:00",3,2,0],["2024-04-01T00:00:00+00:00",3,2,0],["2024-05-03T00:00:00+00:00",3,2,0],["2024-07-06T00:00:00+00:00",3,2,0],["2024-09-06T00:00:00+00:00",3,2,0],["2024-12-01T00:00:00+00:00",3,2,0],["2025-02-25T00:00:00+00:00",3,2,0],["2025-04-04T00:00:00+00:00",3,2,0],["2025-07-08T00:00:00+00:00",3,2,0],["2025-09-22T00:00:00+00:00",3,2,0]]},"geometry":{"type":"Point","coordinates":[34.444378,31.507213]}},{"type":"Feature","properties":{"site_id":26,"event_code":"CE20231007PSE","latest_date":"2025-09-22T00:00:00+00:00","latest_class":3,"pass_count":13,"h":[["2023-11-07T00:00:00+00:00",3,2,3],["2023-11-26T00:00:00+00:00",3,2,0],["2024-01-06T00:00:00+00:00",3,2,0],["2024-02-29T00:00:00+00:00",3,2,0],["2024-04-01T00:00:00+00:00",3,2,0],["2024-05-03T00:00:00+00:00",3,2,0],["2024-07-06T00:00:00+00:00",3,2,0],["2024-09-06T00:00:00+00:00",3,2,0],["2024-12-01T00:00:00+00:00",3,2,0],["2025-02-25T00:00:00+00:00",3,2,0],["2025-04-04T00:00:00+00:00",3,2,0],["2025-07-08T00:00:00+00:00",3,2,0],["2025-09-22T00:00:00+00:00",3,2,0]]},"geometry":{"type":"Point","coordinates":[34.444733,31.506973]}},{"type":"Feature","properties":{"site_id":26,"event_code":"CE20231007PSE","latest_date":"2025-09-22T00:00:00+00:00","latest_class":3,"pass_count":13,"h":[["2023-11-07T00:00:00+00:00",3,2,3],["2023-11-26T00:00:00+00:00",3,2,0],["2024-01-06T00:00:00+00:00",3,2,0],["2024-02-29T00:00:00+00:00",3,2,0],["2024-04-01T00:00:00+00:00",3,2,0],["2024-05-03T00:00:00+00:00",3,2,0],["2024-07-06T00:00:00+00:00",3,2,0],["2024-09-06T00:00:00+00:00",3,2,0],["2024-12-01T00:00:00+00:00",3,2,0],["2025-02-25T00:00:00+00:00",3,2,0],["2025-04-04T00:00:00+00:00",3,2,0],["2025-07-08T00:00:00+00:00",3,2,0],["2025-09-22T00:00:00+00:00",3,2,0]]},"geometry":{"type":"Point","coordinates":[34.443959,31.507098]}},{"type":"Feature","properties":{"site_id":26,"event_code":"CE20231007PSE","latest_date":"2025-09-22T00:00:00+00:00","latest_class":3,"pass_count":13,"h":[["2023-11-07T00:00:00+00:00",3,2,3],["2023-11-26T00:00:00+00:00",3,2,0],["2024-01-06T00:00:00+00:00",3,2,0],["2024-02-29T00:00:00+00:00",3,2,0],["2024-04-01T00:00:00+00:00",3,2,0],["2024-05-03T00:00:00+00:00",3,2,0],["2024-07-06T00:00:00+00:00",3,2,0],["2024-09-06T00:00:00+00:00",3,2,0],["2024-12-01T00:00:00+00:00",3,2,0],["2025-02-25T00:00:00+00:00",3,2,0],["2025-04-04T00:00:00+00:00",3,2,0],["2025-07-08T00:00:00+00:00",3,2,0],["2025-09-22T00:00:00+00:00",3,2,0]]},"geometry":{"type":"Point","coordinates":[34.443861,31.507194]}},{"type":"Feature","properties":{"site_id":26,"event_code":"CE20231007PSE","latest_date":"2025-09-22T00:00:00+00:00","latest_class":2,"pass_count":13,"h":[["2023-11-07T00:00:00+00:00",3,2,3],["2023-11-26T00:00:00+00:00",3,2,0],["2024-01-06T00:00:00+00:00",3,2,0],["2024-02-29T00:00:00+00:00",3,2,0],["2024-04-01T00:00:00+00:00",3,2,0],["2024-05-03T00:00:00+00:00",3,2,0],["2024-07-06T00:00:00+00:00",3,2,0],["2024-09-06T00:00:00+00:00",3,2,0],["2024-12-01T00:00:00+00:00",3,2,0],["2025-02-25T00:00:00+00:00",2,1,1],["2025-04-04T00:00:00+00:00",2,1,0],["2025-07-08T00:00:00+00:00",2,1,0],["2025-09-22T00:00:00+00:00",2,1,0]]},"geometry":{"type":"Point","coordinates":[34.443817,31.506945]}},{"type":"Feature","properties":{"site_id":26,"event_code":"CE20231007PSE","latest_date":"2025-09-22T00:00:00+00:00","latest_class":1,"pass_count":13,"h":[["2023-11-07T00:00:00+00:00",1,1,3],["2023-11-26T00:00:00+00:00",1,1,0],["2024-01-06T00:00:00+00:00",1,1,0],["2024-02-29T00:00:00+00:00",1,1,0],["2024-04-01T00:00:00+00:00",1,1,0],["2024-05-03T00:00:00+00:00",1,1,0],["2024-07-06T00:00:00+00:00",1,1,0],["2024-09-06T00:00:00+00:00",1,1,0],["2024-12-01T00:00:00+00:00",1,1,0],["2025-02-25T00:00:00+00:00",1,1,0],["2025-04-04T00:00:00+00:00",1,1,0],["2025-07-08T00:00:00+00:00",1,1,0],["2025-09-22T00:00:00+00:00",1,1,0]]},"geometry":{"type":"Point","coordinates":[34.443476,31.506502]}},{"type":"Feature","properties":{"site_id":26,"event_code":"CE20231007PSE","latest_date":"2025-09-22T00:00:00+00:00","latest_class":1,"pass_count":13,"h":[["2023-11-07T00:00:00+00:00",3,2,3],["2023-11-26T00:00:00+00:00",3,2,0],["2024-01-06T00:00:00+00:00",3,2,0],["2024-02-29T00:00:00+00:00",3,2,0],["2024-04-01T00:00:00+00:00",3,2,0],["2024-05-03T00:00:00+00:00",3,2,0],["2024-07-06T00:00:00+00:00",1,1,1],["2024-09-06T00:00:00+00:00",1,1,0],["2024-12-01T00:00:00+00:00",1,1,0],["2025-02-25T00:00:00+00:00",1,1,0],["2025-04-04T00:00:00+00:00",1,1,0],["2025-07-08T00:00:00+00:00",1,1,0],["2025-09-22T00:00:00+00:00",1,1,0]]},"geometry":{"type":"Point","coordinates":[34.442813,31.506326]}},{"type":"Feature","properties":{"site_id":26,"event_code":"CE20231007PSE","latest_date":"2025-09-22T00:00:00+00:00","latest_class":2,"pass_count":13,"h":[["2023-11-07T00:00:00+00:00",3,2,3],["2023-11-26T00:00:00+00:00",2,1,1],["2024-01-06T00:00:00+00:00",2,1,0],["2024-02-29T00:00:00+00:00",2,1,0],["2024-04-01T00:00:00+00:00",2,1,0],["2024-05-03T00:00:00+00:00",2,1,0],["2024-07-06T00:00:00+00:00",2,1,0],["2024-09-06T00:00:00+00:00",2,1,0],["2024-12-01T00:00:00+00:00",2,1,0],["2025-02-25T00:00:00+00:00",2,1,0],["2025-04-04T00:00:00+00:00",2,1,0],["2025-07-08T00:00:00+00:00",2,1,0],["2025-09-22T00:00:00+00:00",2,1,0]]},"geometry":{"type":"Point","coordinates":[34.443148,31.506345]}},{"type":"Feature","properties":{"site_id":26,"event_code":"CE20231007PSE","latest_date":"2025-09-22T00:00:00+00:00","latest_class":3,"pass_count":13,"h":[["2023-11-07T00:00:00+00:00",3,2,3],["2023-11-26T00:00:00+00:00",3,2,0],["2024-01-06T00:00:00+00:00",3,2,0],["2024-02-29T00:00:00+00:00",3,2,0],["2024-04-01T00:00:00+00:00",3,2,0],["2024-05-03T00:00:00+00:00",3,2,0],["2024-07-06T00:00:00+00:00",3,2,0],["2024-09-06T00:00:00+00:00",3,2,0],["2024-12-01T00:00:00+00:00",3,2,0],["2025-02-25T00:00:00+00:00",3,2,0],["2025-04-04T00:00:00+00:00",3,2,0],["2025-07-08T00:00:00+00:00",3,2,0],["2025-09-22T00:00:00+00:00",3,2,0]]},"geometry":{"type":"Point","coordinates":[34.443614,31.50667]}},{"type":"Feature","properties":{"site_id":26,"event_code":"CE20231007PSE","latest_date":"2025-09-22T00:00:00+00:00","latest_class":3,"pass_count":13,"h":[["2023-11-07T00:00:00+00:00",3,2,3],["2023-11-26T00:00:00+00:00",3,2,0],["2024-01-06T00:00:00+00:00",3,2,0],["2024-02-29T00:00:00+00:00",3,2,0],["2024-04-01T00:00:00+00:00",3,2,0],["2024-05-03T00:00:00+00:00",3,2,0],["2024-07-06T00:00:00+00:00",3,2,0],["2024-09-06T00:00:00+00:00",3,2,0],["2024-12-01T00:00:00+00:00",3,2,0],["2025-02-25T00:00:00+00:00",3,2,0],["2025-04-04T00:00:00+00:00",3,2,0],["2025-07-08T00:00:00+00:00",3,2,0],["2025-09-22T00:00:00+00:00",3,2,0]]},"geometry":{"type":"Point","coordinates":[34.443438,31.506784]}},{"type":"Feature","properties":{"site_id":26,"event_code":"CE20231007PSE","latest_date":"2025-09-22T00:00:00+00:00","latest_class":3,"pass_count":13,"h":[["2023-11-07T00:00:00+00:00",3,2,3],["2023-11-26T00:00:00+00:00",3,2,0],["2024-01-06T00:00:00+00:00",3,2,0],["2024-02-29T00:00:00+00:00",3,2,0],["2024-04-01T00:00:00+00:00",3,2,0],["2024-05-03T00:00:00+00:00",3,2,0],["2024-07-06T00:00:00+00:00",3,2,0],["2024-09-06T00:00:00+00:00",3,2,0],["2024-12-01T00:00:00+00:00",3,2,0],["2025-02-25T00:00:00+00:00",3,2,0],["2025-04-04T00:00:00+00:00",3,2,0],["2025-07-08T00:00:00+00:00",3,2,0],["2025-09-22T00:00:00+00:00",3,2,0]]},"geometry":{"type":"Point","coordinates":[34.443998,31.505783]}},{"type":"Feature","properties":{"site_id":26,"event_code":"CE20231007PSE","latest_date":"2025-09-22T00:00:00+00:00","latest_class":2,"pass_count":12,"h":[["2023-11-26T00:00:00+00:00",2,1,3],["2024-01-06T00:00:00+00:00",2,1,0],["2024-02-29T00:00:00+00:00",2,1,0],["2024-04-01T00:00:00+00:00",2,1,0],["2024-05-03T00:00:00+00:00",2,1,0],["2024-07-06T00:00:00+00:00",2,1,0],["2024-09-06T00:00:00+00:00",2,1,0],["2024-12-01T00:00:00+00:00",2,1,0],["2025-02-25T00:00:00+00:00",2,1,0],["2025-04-04T00:00:00+00:00",2,1,0],["2025-07-08T00:00:00+00:00",2,1,0],["2025-09-22T00:00:00+00:00",2,1,0]]},"geometry":{"type":"Point","coordinates":[34.440211,31.508771]}},{"type":"Feature","properties":{"site_id":26,"event_code":"CE20231007PSE","latest_date":"2025-09-22T00:00:00+00:00","latest_class":3,"pass_count":12,"h":[["2023-11-26T00:00:00+00:00",3,2,3],["2024-01-06T00:00:00+00:00",3,2,0],["2024-02-29T00:00:00+00:00",3,2,0],["2024-04-01T00:00:00+00:00",3,2,0],["2024-05-03T00:00:00+00:00",3,2,0],["2024-07-06T00:00:00+00:00",3,2,0],["2024-09-06T00:00:00+00:00",3,2,0],["2024-12-01T00:00:00+00:00",3,2,0],["2025-02-25T00:00:00+00:00",3,2,0],["2025-04-04T00:00:00+00:00",3,2,0],["2025-07-08T00:00:00+00:00",3,2,0],["2025-09-22T00:00:00+00:00",3,2,0]]},"geometry":{"type":"Point","coordinates":[34.440405,31.508648]}},{"type":"Feature","properties":{"site_id":26,"event_code":"CE20231007PSE","latest_date":"2025-09-22T00:00:00+00:00","latest_class":2,"pass_count":12,"h":[["2023-11-26T00:00:00+00:00",2,1,3],["2024-01-06T00:00:00+00:00",2,1,0],["2024-02-29T00:00:00+00:00",2,1,0],["2024-04-01T00:00:00+00:00",2,1,0],["2024-05-03T00:00:00+00:00",2,1,0],["2024-07-06T00:00:00+00:00",2,1,0],["2024-09-06T00:00:00+00:00",2,1,0],["2024-12-01T00:00:00+00:00",2,1,0],["2025-02-25T00:00:00+00:00",2,1,0],["2025-04-04T00:00:00+00:00",2,1,0],["2025-07-08T00:00:00+00:00",2,1,0],["2025-09-22T00:00:00+00:00",2,1,0]]},"geometry":{"type":"Point","coordinates":[34.442102,31.505162]}},{"type":"Feature","properties":{"site_id":26,"event_code":"CE20231007PSE","latest_date":"2025-09-22T00:00:00+00:00","latest_class":1,"pass_count":12,"h":[["2023-11-26T00:00:00+00:00",1,1,3],["2024-01-06T00:00:00+00:00",1,1,0],["2024-02-29T00:00:00+00:00",1,1,0],["2024-04-01T00:00:00+00:00",1,1,0],["2024-05-03T00:00:00+00:00",1,1,0],["2024-07-06T00:00:00+00:00",1,1,0],["2024-09-06T00:00:00+00:00",1,1,0],["2024-12-01T00:00:00+00:00",1,1,0],["2025-02-25T00:00:00+00:00",1,1,0],["2025-04-04T00:00:00+00:00",1,1,0],["2025-07-08T00:00:00+00:00",1,1,0],["2025-09-22T00:00:00+00:00",1,1,0]]},"geometry":{"type":"Point","coordinates":[34.442026,31.505377]}},{"type":"Feature","properties":{"site_id":26,"event_code":"CE20231007PSE","latest_date":"2025-09-22T00:00:00+00:00","latest_class":3,"pass_count":12,"h":[["2023-11-26T00:00:00+00:00",3,2,3],["2024-01-06T00:00:00+00:00",3,2,0],["2024-02-29T00:00:00+00:00",3,2,0],["2024-04-01T00:00:00+00:00",3,2,0],["2024-05-03T00:00:00+00:00",3,2,0],["2024-07-06T00:00:00+00:00",3,2,0],["2024-09-06T00:00:00+00:00",3,2,0],["2024-12-01T00:00:00+00:00",3,2,0],["2025-02-25T00:00:00+00:00",3,2,0],["2025-04-04T00:00:00+00:00",3,2,0],["2025-07-08T00:00:00+00:00",3,2,0],["2025-09-22T00:00:00+00:00",3,2,0]]},"geometry":{"type":"Point","coordinates":[34.442238,31.5055]}},{"type":"Feature","properties":{"site_id":26,"event_code":"CE20231007PSE","latest_date":"2025-09-22T00:00:00+00:00","latest_class":3,"pass_count":12,"h":[["2023-11-26T00:00:00+00:00",3,2,3],["2024-01-06T00:00:00+00:00",3,2,0],["2024-02-29T00:00:00+00:00",3,2,0],["2024-04-01T00:00:00+00:00",3,2,0],["2024-05-03T00:00:00+00:00",3,2,0],["2024-07-06T00:00:00+00:00",3,2,0],["2024-09-06T00:00:00+00:00",3,2,0],["2024-12-01T00:00:00+00:00",3,2,0],["2025-02-25T00:00:00+00:00",3,2,0],["2025-04-04T00:00:00+00:00",3,2,0],["2025-07-08T00:00:00+00:00",3,2,0],["2025-09-22T00:00:00+00:00",3,2,0]]},"geometry":{"type":"Point","coordinates":[34.442301,31.505205]}},{"type":"Feature","properties":{"site_id":26,"event_code":"CE20231007PSE","latest_date":"2025-09-22T00:00:00+00:00","latest_class":3,"pass_count":12,"h":[["2023-11-26T00:00:00+00:00",3,2,3],["2024-01-06T00:00:00+00:00",3,2,0],["2024-02-29T00:00:00+00:00",3,2,0],["2024-04-01T00:00:00+00:00",3,2,0],["2024-05-03T00:00:00+00:00",3,2,0],["2024-07-06T00:00:00+00:00",3,2,0],["2024-09-06T00:00:00+00:00",3,2,0],["2024-12-01T00:00:00+00:00",3,2,0],["2025-02-25T00:00:00+00:00",3,2,0],["2025-04-04T00:00:00+00:00",3,2,0],["2025-07-08T00:00:00+00:00",3,2,0],["2025-09-22T00:00:00+00:00",3,2,0]]},"geometry":{"type":"Point","coordinates":[34.443353,31.506069]}},{"type":"Feature","properties":{"site_id":26,"event_code":"CE20231007PSE","latest_date":"2025-09-22T00:00:00+00:00","latest_class":1,"pass_count":12,"h":[["2023-11-26T00:00:00+00:00",1,1,3],["2024-01-06T00:00:00+00:00",1,1,0],["2024-02-29T00:00:00+00:00",1,1,0],["2024-04-01T00:00:00+00:00",1,1,0],["2024-05-03T00:00:00+00:00",1,1,0],["2024-07-06T00:00:00+00:00",1,1,0],["2024-09-06T00:00:00+00:00",1,1,0],["2024-12-01T00:00:00+00:00",1,1,0],["2025-02-25T00:00:00+00:00",1,1,0],["2025-04-04T00:00:00+00:00",1,1,0],["2025-07-08T00:00:00+00:00",1,1,0],["2025-09-22T00:00:00+00:00",1,1,0]]},"geometry":{"type":"Point","coordinates":[34.441376,31.505917]}},{"type":"Feature","properties":{"site_id":26,"event_code":"CE20231007PSE","latest_date":"2025-09-22T00:00:00+00:00","latest_class":3,"pass_count":12,"h":[["2023-11-26T00:00:00+00:00",3,2,3],["2024-01-06T00:00:00+00:00",3,2,0],["2024-02-29T00:00:00+00:00",3,2,0],["2024-04-01T00:00:00+00:00",3,2,0],["2024-05-03T00:00:00+00:00",3,2,0],["2024-07-06T00:00:00+00:00",3,2,0],["2024-09-06T00:00:00+00:00",3,2,0],["2024-12-01T00:00:00+00:00",3,2,0],["2025-02-25T00:00:00+00:00",3,2,0],["2025-04-04T00:00:00+00:00",3,2,0],["2025-07-08T00:00:00+00:00",3,2,0],["2025-09-22T00:00:00+00:00",3,2,0]]},"geometry":{"type":"Point","coordinates":[34.441339,31.505967]}},{"type":"Feature","properties":{"site_id":26,"event_code":"CE20231007PSE","latest_date":"2025-09-22T00:00:00+00:00","latest_class":1,"pass_count":14,"h":[["2023-10-15T00:00:00+00:00",4,3,null],["2023-11-07T00:00:00+00:00",4,3,0],["2023-11-26T00:00:00+00:00",1,1,1],["2024-01-06T00:00:00+00:00",1,1,0],["2024-02-29T00:00:00+00:00",1,1,0],["2024-04-01T00:00:00+00:00",1,1,0],["2024-05-03T00:00:00+00:00",1,1,0],["2024-07-06T00:00:00+00:00",1,1,0],["2024-09-06T00:00:00+00:00",1,1,0],["2024-12-01T00:00:00+00:00",1,1,0],["2025-02-25T00:00:00+00:00",1,1,0],["2025-04-04T00:00:00+00:00",1,1,0],["2025-07-08T00:00:00+00:00",1,1,0],["2025-09-22T00:00:00+00:00",1,1,0]]},"geometry":{"type":"Point","coordinates":[34.442088,31.509352]}},{"type":"Feature","properties":{"site_id":26,"event_code":"CE20231007PSE","latest_date":"2025-09-22T00:00:00+00:00","latest_class":3,"pass_count":13,"h":[["2023-11-07T00:00:00+00:00",4,3,3],["2023-11-26T00:00:00+00:00",3,2,1],["2024-01-06T00:00:00+00:00",3,2,0],["2024-02-29T00:00:00+00:00",3,2,0],["2024-04-01T00:00:00+00:00",3,2,0],["2024-05-03T00:00:00+00:00",3,2,0],["2024-07-06T00:00:00+00:00",3,2,0],["2024-09-06T00:00:00+00:00",3,2,0],["2024-12-01T00:00:00+00:00",3,2,0],["2025-02-25T00:00:00+00:00",3,2,0],["2025-04-04T00:00:00+00:00",3,2,0],["2025-07-08T00:00:00+00:00",3,2,0],["2025-09-22T00:00:00+00:00",3,2,0]]},"geometry":{"type":"Point","coordinates":[34.441458,31.509394]}},{"type":"Feature","properties":{"site_id":26,"event_code":"CE20231007PSE","latest_date":"2025-09-22T00:00:00+00:00","latest_class":3,"pass_count":12,"h":[["2023-11-26T00:00:00+00:00",3,2,3],["2024-01-06T00:00:00+00:00",3,2,0],["2024-02-29T00:00:00+00:00",3,2,0],["2024-04-01T00:00:00+00:00",3,2,0],["2024-05-03T00:00:00+00:00",3,2,0],["2024-07-06T00:00:00+00:00",3,2,0],["2024-09-06T00:00:00+00:00",3,2,0],["2024-12-01T00:00:00+00:00",3,2,0],["2025-02-25T00:00:00+00:00",3,2,0],["2025-04-04T00:00:00+00:00",3,2,0],["2025-07-08T00:00:00+00:00",3,2,0],["2025-09-22T00:00:00+00:00",3,2,0]]},"geometry":{"type":"Point","coordinates":[34.441294,31.509535]}},{"type":"Feature","properties":{"site_id":26,"event_code":"CE20231007PSE","latest_date":"2025-09-22T00:00:00+00:00","latest_class":3,"pass_count":14,"h":[["2023-10-15T00:00:00+00:00",4,3,null],["2023-11-07T00:00:00+00:00",4,3,0],["2023-11-26T00:00:00+00:00",3,2,1],["2024-01-06T00:00:00+00:00",3,2,0],["2024-02-29T00:00:00+00:00",3,2,0],["2024-04-01T00:00:00+00:00",3,2,0],["2024-05-03T00:00:00+00:00",3,2,0],["2024-07-06T00:00:00+00:00",3,2,0],["2024-09-06T00:00:00+00:00",3,2,0],["2024-12-01T00:00:00+00:00",3,2,0],["2025-02-25T00:00:00+00:00",3,2,0],["2025-04-04T00:00:00+00:00",3,2,0],["2025-07-08T00:00:00+00:00",3,2,0],["2025-09-22T00:00:00+00:00",3,2,0]]},"geometry":{"type":"Point","coordinates":[34.441458,31.50971]}},{"type":"Feature","properties":{"site_id":26,"event_code":"CE20231007PSE","latest_date":"2025-09-22T00:00:00+00:00","latest_class":3,"pass_count":12,"h":[["2023-11-26T00:00:00+00:00",3,2,3],["2024-01-06T00:00:00+00:00",3,2,0],["2024-02-29T00:00:00+00:00",3,2,0],["2024-04-01T00:00:00+00:00",3,2,0],["2024-05-03T00:00:00+00:00",3,2,0],["2024-07-06T00:00:00+00:00",3,2,0],["2024-09-06T00:00:00+00:00",3,2,0],["2024-12-01T00:00:00+00:00",3,2,0],["2025-02-25T00:00:00+00:00",3,2,0],["2025-04-04T00:00:00+00:00",3,2,0],["2025-07-08T00:00:00+00:00",3,2,0],["2025-09-22T00:00:00+00:00",3,2,0]]},"geometry":{"type":"Point","coordinates":[34.442371,31.509327]}},{"type":"Feature","properties":{"site_id":26,"event_code":"CE20231007PSE","latest_date":"2025-09-22T00:00:00+00:00","latest_class":3,"pass_count":13,"h":[["2023-11-07T00:00:00+00:00",4,3,3],["2023-11-26T00:00:00+00:00",3,2,1],["2024-01-06T00:00:00+00:00",3,2,0],["2024-02-29T00:00:00+00:00",3,2,0],["2024-04-01T00:00:00+00:00",3,2,0],["2024-05-03T00:00:00+00:00",3,2,0],["2024-07-06T00:00:00+00:00",3,2,0],["2024-09-06T00:00:00+00:00",3,2,0],["2024-12-01T00:00:00+00:00",3,2,0],["2025-02-25T00:00:00+00:00",3,2,0],["2025-04-04T00:00:00+00:00",3,2,0],["2025-07-08T00:00:00+00:00",3,2,0],["2025-09-22T00:00:00+00:00",3,2,0]]},"geometry":{"type":"Point","coordinates":[34.442477,31.510372]}},{"type":"Feature","properties":{"site_id":26,"event_code":"CE20231007PSE","latest_date":"2025-09-22T00:00:00+00:00","latest_class":3,"pass_count":13,"h":[["2023-11-07T00:00:00+00:00",4,3,3],["2023-11-26T00:00:00+00:00",3,2,1],["2024-01-06T00:00:00+00:00",3,2,0],["2024-02-29T00:00:00+00:00",3,2,0],["2024-04-01T00:00:00+00:00",3,2,0],["2024-05-03T00:00:00+00:00",3,2,0],["2024-07-06T00:00:00+00:00",3,2,0],["2024-09-06T00:00:00+00:00",3,2,0],["2024-12-01T00:00:00+00:00",3,2,0],["2025-02-25T00:00:00+00:00",3,2,0],["2025-04-04T00:00:00+00:00",3,2,0],["2025-07-08T00:00:00+00:00",3,2,0],["2025-09-22T00:00:00+00:00",3,2,0]]},"geometry":{"type":"Point","coordinates":[34.442069,31.510514]}},{"type":"Feature","properties":{"site_id":26,"event_code":"CE20231007PSE","latest_date":"2025-09-22T00:00:00+00:00","latest_class":3,"pass_count":12,"h":[["2023-11-26T00:00:00+00:00",3,2,3],["2024-01-06T00:00:00+00:00",3,2,0],["2024-02-29T00:00:00+00:00",3,2,0],["2024-04-01T00:00:00+00:00",3,2,0],["2024-05-03T00:00:00+00:00",3,2,0],["2024-07-06T00:00:00+00:00",3,2,0],["2024-09-06T00:00:00+00:00",3,2,0],["2024-12-01T00:00:00+00:00",3,2,0],["2025-02-25T00:00:00+00:00",3,2,0],["2025-04-04T00:00:00+00:00",3,2,0],["2025-07-08T00:00:00+00:00",3,2,0],["2025-09-22T00:00:00+00:00",3,2,0]]},"geometry":{"type":"Point","coordinates":[34.445418,31.510842]}},{"type":"Feature","properties":{"site_id":26,"event_code":"CE20231007PSE","latest_date":"2025-09-22T00:00:00+00:00","latest_class":3,"pass_count":12,"h":[["2023-11-26T00:00:00+00:00",3,2,3],["2024-01-06T00:00:00+00:00",3,2,0],["2024-02-29T00:00:00+00:00",3,2,0],["2024-04-01T00:00:00+00:00",3,2,0],["2024-05-03T00:00:00+00:00",3,2,0],["2024-07-06T00:00:00+00:00",3,2,0],["2024-09-06T00:00:00+00:00",3,2,0],["2024-12-01T00:00:00+00:00",3,2,0],["2025-02-25T00:00:00+00:00",3,2,0],["2025-04-04T00:00:00+00:00",3,2,0],["2025-07-08T00:00:00+00:00",3,2,0],["2025-09-22T00:00:00+00:00",3,2,0]]},"geometry":{"type":"Point","coordinates":[34.44531,31.510961]}},{"type":"Feature","properties":{"site_id":26,"event_code":"CE20231007PSE","latest_date":"2025-09-22T00:00:00+00:00","latest_class":3,"pass_count":12,"h":[["2023-11-26T00:00:00+00:00",3,2,3],["2024-01-06T00:00:00+00:00",3,2,0],["2024-02-29T00:00:00+00:00",3,2,0],["2024-04-01T00:00:00+00:00",3,2,0],["2024-05-03T00:00:00+00:00",3,2,0],["2024-07-06T00:00:00+00:00",3,2,0],["2024-09-06T00:00:00+00:00",3,2,0],["2024-12-01T00:00:00+00:00",3,2,0],["2025-02-25T00:00:00+00:00",3,2,0],["2025-04-04T00:00:00+00:00",3,2,0],["2025-07-08T00:00:00+00:00",3,2,0],["2025-09-22T00:00:00+00:00",3,2,0]]},"geometry":{"type":"Point","coordinates":[34.445054,31.511228]}},{"type":"Feature","properties":{"site_id":26,"event_code":"CE20231007PSE","latest_date":"2025-09-22T00:00:00+00:00","latest_class":2,"pass_count":12,"h":[["2023-11-26T00:00:00+00:00",2,1,3],["2024-01-06T00:00:00+00:00",2,1,0],["2024-02-29T00:00:00+00:00",2,1,0],["2024-04-01T00:00:00+00:00",2,1,0],["2024-05-03T00:00:00+00:00",2,1,0],["2024-07-06T00:00:00+00:00",2,1,0],["2024-09-06T00:00:00+00:00",2,1,0],["2024-12-01T00:00:00+00:00",2,1,0],["2025-02-25T00:00:00+00:00",2,1,0],["2025-04-04T00:00:00+00:00",2,1,0],["2025-07-08T00:00:00+00:00",2,1,0],["2025-09-22T00:00:00+00:00",2,1,0]]},"geometry":{"type":"Point","coordinates":[34.444854,31.508608]}},{"type":"Feature","properties":{"site_id":26,"event_code":"CE20231007PSE","latest_date":"2025-09-22T00:00:00+00:00","latest_class":3,"pass_count":12,"h":[["2023-11-26T00:00:00+00:00",3,2,3],["2024-01-06T00:00:00+00:00",3,2,0],["2024-02-29T00:00:00+00:00",3,2,0],["2024-04-01T00:00:00+00:00",3,2,0],["2024-05-03T00:00:00+00:00",3,2,0],["2024-07-06T00:00:00+00:00",3,2,0],["2024-09-06T00:00:00+00:00",3,2,0],["2024-12-01T00:00:00+00:00",3,2,0],["2025-02-25T00:00:00+00:00",3,2,0],["2025-04-04T00:00:00+00:00",3,2,0],["2025-07-08T00:00:00+00:00",3,2,0],["2025-09-22T00:00:00+00:00",3,2,0]]},"geometry":{"type":"Point","coordinates":[34.445073,31.508554]}},{"type":"Feature","properties":{"site_id":26,"event_code":"CE20231007PSE","latest_date":"2025-09-22T00:00:00+00:00","latest_class":3,"pass_count":12,"h":[["2023-11-26T00:00:00+00:00",3,2,3],["2024-01-06T00:00:00+00:00",3,2,0],["2024-02-29T00:00:00+00:00",3,2,0],["2024-04-01T00:00:00+00:00",3,2,0],["2024-05-03T00:00:00+00:00",3,2,0],["2024-07-06T00:00:00+00:00",3,2,0],["2024-09-06T00:00:00+00:00",3,2,0],["2024-12-01T00:00:00+00:00",3,2,0],["2025-02-25T00:00:00+00:00",3,2,0],["2025-04-04T00:00:00+00:00",3,2,0],["2025-07-08T00:00:00+00:00",3,2,0],["2025-09-22T00:00:00+00:00",3,2,0]]},"geometry":{"type":"Point","coordinates":[34.444696,31.508432]}},{"type":"Feature","properties":{"site_id":26,"event_code":"CE20231007PSE","latest_date":"2025-09-22T00:00:00+00:00","latest_class":3,"pass_count":12,"h":[["2023-11-26T00:00:00+00:00",3,2,3],["2024-01-06T00:00:00+00:00",3,2,0],["2024-02-29T00:00:00+00:00",3,2,0],["2024-04-01T00:00:00+00:00",3,2,0],["2024-05-03T00:00:00+00:00",3,2,0],["2024-07-06T00:00:00+00:00",3,2,0],["2024-09-06T00:00:00+00:00",3,2,0],["2024-12-01T00:00:00+00:00",3,2,0],["2025-02-25T00:00:00+00:00",3,2,0],["2025-04-04T00:00:00+00:00",3,2,0],["2025-07-08T00:00:00+00:00",3,2,0],["2025-09-22T00:00:00+00:00",3,2,0]]},"geometry":{"type":"Point","coordinates":[34.444489,31.508616]}},{"type":"Feature","properties":{"site_id":26,"event_code":"CE20231007PSE","latest_date":"2025-09-22T00:00:00+00:00","latest_class":3,"pass_count":12,"h":[["2023-11-26T00:00:00+00:00",3,2,3],["2024-01-06T00:00:00+00:00",3,2,0],["2024-02-29T00:00:00+00:00",3,2,0],["2024-04-01T00:00:00+00:00",3,2,0],["2024-05-03T00:00:00+00:00",3,2,0],["2024-07-06T00:00:00+00:00",3,2,0],["2024-09-06T00:00:00+00:00",3,2,0],["2024-12-01T00:00:00+00:00",3,2,0],["2025-02-25T00:00:00+00:00",3,2,0],["2025-04-04T00:00:00+00:00",3,2,0],["2025-07-08T00:00:00+00:00",3,2,0],["2025-09-22T00:00:00+00:00",3,2,0]]},"geometry":{"type":"Point","coordinates":[34.444567,31.508695]}},{"type":"Feature","properties":{"site_id":26,"event_code":"CE20231007PSE","latest_date":"2025-09-22T00:00:00+00:00","latest_class":3,"pass_count":12,"h":[["2023-11-26T00:00:00+00:00",3,2,3],["2024-01-06T00:00:00+00:00",3,2,0],["2024-02-29T00:00:00+00:00",3,2,0],["2024-04-01T00:00:00+00:00",3,2,0],["2024-05-03T00:00:00+00:00",3,2,0],["2024-07-06T00:00:00+00:00",3,2,0],["2024-09-06T00:00:00+00:00",3,2,0],["2024-12-01T00:00:00+00:00",3,2,0],["2025-02-25T00:00:00+00:00",3,2,0],["2025-04-04T00:00:00+00:00",3,2,0],["2025-07-08T00:00:00+00:00",3,2,0],["2025-09-22T00:00:00+00:00",3,2,0]]},"geometry":{"type":"Point","coordinates":[34.443769,31.508356]}},{"type":"Feature","properties":{"site_id":26,"event_code":"CE20231007PSE","latest_date":"2025-09-22T00:00:00+00:00","latest_class":3,"pass_count":12,"h":[["2023-11-26T00:00:00+00:00",3,2,3],["2024-01-06T00:00:00+00:00",3,2,0],["2024-02-29T00:00:00+00:00",3,2,0],["2024-04-01T00:00:00+00:00",3,2,0],["2024-05-03T00:00:00+00:00",3,2,0],["2024-07-06T00:00:00+00:00",3,2,0],["2024-09-06T00:00:00+00:00",3,2,0],["2024-12-01T00:00:00+00:00",3,2,0],["2025-02-25T00:00:00+00:00",3,2,0],["2025-04-04T00:00:00+00:00",3,2,0],["2025-07-08T00:00:00+00:00",3,2,0],["2025-09-22T00:00:00+00:00",3,2,0]]},"geometry":{"type":"Point","coordinates":[34.443414,31.508521]}},{"type":"Feature","properties":{"site_id":26,"event_code":"CE20231007PSE","latest_date":"2025-09-22T00:00:00+00:00","latest_class":3,"pass_count":12,"h":[["2023-11-26T00:00:00+00:00",3,2,3],["2024-01-06T00:00:00+00:00",3,2,0],["2024-02-29T00:00:00+00:00",3,2,0],["2024-04-01T00:00:00+00:00",3,2,0],["2024-05-03T00:00:00+00:00",3,2,0],["2024-07-06T00:00:00+00:00",3,2,0],["2024-09-06T00:00:00+00:00",3,2,0],["2024-12-01T00:00:00+00:00",3,2,0],["2025-02-25T00:00:00+00:00",3,2,0],["2025-04-04T00:00:00+00:00",3,2,0],["2025-07-08T00:00:00+00:00",3,2,0],["2025-09-22T00:00:00+00:00",3,2,0]]},"geometry":{"type":"Point","coordinates":[34.443504,31.508645]}},{"type":"Feature","properties":{"site_id":26,"event_code":"CE20231007PSE","latest_date":"2025-09-22T00:00:00+00:00","latest_class":2,"pass_count":12,"h":[["2023-11-26T00:00:00+00:00",2,1,3],["2024-01-06T00:00:00+00:00",2,1,0],["2024-02-29T00:00:00+00:00",2,1,0],["2024-04-01T00:00:00+00:00",2,1,0],["2024-05-03T00:00:00+00:00",2,1,0],["2024-07-06T00:00:00+00:00",2,1,0],["2024-09-06T00:00:00+00:00",2,1,0],["2024-12-01T00:00:00+00:00",2,1,0],["2025-02-25T00:00:00+00:00",2,1,0],["2025-04-04T00:00:00+00:00",2,1,0],["2025-07-08T00:00:00+00:00",2,1,0],["2025-09-22T00:00:00+00:00",2,1,0]]},"geometry":{"type":"Point","coordinates":[34.44619,31.507883]}},{"type":"Feature","properties":{"site_id":26,"event_code":"CE20231007PSE","latest_date":"2025-09-22T00:00:00+00:00","latest_class":3,"pass_count":12,"h":[["2023-11-26T00:00:00+00:00",3,2,3],["2024-01-06T00:00:00+00:00",3,2,0],["2024-02-29T00:00:00+00:00",3,2,0],["2024-04-01T00:00:00+00:00",3,2,0],["2024-05-03T00:00:00+00:00",3,2,0],["2024-07-06T00:00:00+00:00",3,2,0],["2024-09-06T00:00:00+00:00",3,2,0],["2024-12-01T00:00:00+00:00",3,2,0],["2025-02-25T00:00:00+00:00",3,2,0],["2025-04-04T00:00:00+00:00",3,2,0],["2025-07-08T00:00:00+00:00",3,2,0],["2025-09-22T00:00:00+00:00",3,2,0]]},"geometry":{"type":"Point","coordinates":[34.446135,31.50762]}},{"type":"Feature","properties":{"site_id":26,"event_code":"CE20231007PSE","latest_date":"2025-09-22T00:00:00+00:00","latest_class":2,"pass_count":12,"h":[["2023-11-26T00:00:00+00:00",2,1,3],["2024-01-06T00:00:00+00:00",2,1,0],["2024-02-29T00:00:00+00:00",2,1,0],["2024-04-01T00:00:00+00:00",2,1,0],["2024-05-03T00:00:00+00:00",2,1,0],["2024-07-06T00:00:00+00:00",2,1,0],["2024-09-06T00:00:00+00:00",2,1,0],["2024-12-01T00:00:00+00:00",2,1,0],["2025-02-25T00:00:00+00:00",2,1,0],["2025-04-04T00:00:00+00:00",2,1,0],["2025-07-08T00:00:00+00:00",2,1,0],["2025-09-22T00:00:00+00:00",2,1,0]]},"geometry":{"type":"Point","coordinates":[34.4475,31.505856]}},{"type":"Feature","properties":{"site_id":26,"event_code":"CE20231007PSE","latest_date":"2025-09-22T00:00:00+00:00","latest_class":3,"pass_count":12,"h":[["2023-11-26T00:00:00+00:00",3,2,3],["2024-01-06T00:00:00+00:00",3,2,0],["2024-02-29T00:00:00+00:00",3,2,0],["2024-04-01T00:00:00+00:00",3,2,0],["2024-05-03T00:00:00+00:00",3,2,0],["2024-07-06T00:00:00+00:00",3,2,0],["2024-09-06T00:00:00+00:00",3,2,0],["2024-12-01T00:00:00+00:00",3,2,0],["2025-02-25T00:00:00+00:00",3,2,0],["2025-04-04T00:00:00+00:00",3,2,0],["2025-07-08T00:00:00+00:00",3,2,0],["2025-09-22T00:00:00+00:00",3,2,0]]},"geometry":{"type":"Point","coordinates":[34.44722,31.506022]}},{"type":"Feature","properties":{"site_id":26,"event_code":"CE20231007PSE","latest_date":"2025-09-22T00:00:00+00:00","latest_class":3,"pass_count":12,"h":[["2023-11-26T00:00:00+00:00",3,2,3],["2024-01-06T00:00:00+00:00",3,2,0],["2024-02-29T00:00:00+00:00",3,2,0],["2024-04-01T00:00:00+00:00",3,2,0],["2024-05-03T00:00:00+00:00",3,2,0],["2024-07-06T00:00:00+00:00",3,2,0],["2024-09-06T00:00:00+00:00",3,2,0],["2024-12-01T00:00:00+00:00",3,2,0],["2025-02-25T00:00:00+00:00",3,2,0],["2025-04-04T00:00:00+00:00",3,2,0],["2025-07-08T00:00:00+00:00",3,2,0],["2025-09-22T00:00:00+00:00",3,2,0]]},"geometry":{"type":"Point","coordinates":[34.447489,31.506115]}},{"type":"Feature","properties":{"site_id":26,"event_code":"CE20231007PSE","latest_date":"2025-09-22T00:00:00+00:00","latest_class":3,"pass_count":12,"h":[["2023-11-26T00:00:00+00:00",3,2,3],["2024-01-06T00:00:00+00:00",3,2,0],["2024-02-29T00:00:00+00:00",3,2,0],["2024-04-01T00:00:00+00:00",3,2,0],["2024-05-03T00:00:00+00:00",3,2,0],["2024-07-06T00:00:00+00:00",3,2,0],["2024-09-06T00:00:00+00:00",3,2,0],["2024-12-01T00:00:00+00:00",3,2,0],["2025-02-25T00:00:00+00:00",3,2,0],["2025-04-04T00:00:00+00:00",3,2,0],["2025-07-08T00:00:00+00:00",3,2,0],["2025-09-22T00:00:00+00:00",3,2,0]]},"geometry":{"type":"Point","coordinates":[34.446775,31.506241]}},{"type":"Feature","properties":{"site_id":26,"event_code":"CE20231007PSE","latest_date":"2025-09-22T00:00:00+00:00","latest_class":3,"pass_count":12,"h":[["2023-11-26T00:00:00+00:00",3,2,3],["2024-01-06T00:00:00+00:00",3,2,0],["2024-02-29T00:00:00+00:00",3,2,0],["2024-04-01T00:00:00+00:00",3,2,0],["2024-05-03T00:00:00+00:00",3,2,0],["2024-07-06T00:00:00+00:00",3,2,0],["2024-09-06T00:00:00+00:00",3,2,0],["2024-12-01T00:00:00+00:00",3,2,0],["2025-02-25T00:00:00+00:00",3,2,0],["2025-04-04T00:00:00+00:00",3,2,0],["2025-07-08T00:00:00+00:00",3,2,0],["2025-09-22T00:00:00+00:00",3,2,0]]},"geometry":{"type":"Point","coordinates":[34.446635,31.506326]}},{"type":"Feature","properties":{"site_id":26,"event_code":"CE20231007PSE","latest_date":"2025-09-22T00:00:00+00:00","latest_class":1,"pass_count":12,"h":[["2023-11-26T00:00:00+00:00",1,1,3],["2024-01-06T00:00:00+00:00",1,1,0],["2024-02-29T00:00:00+00:00",1,1,0],["2024-04-01T00:00:00+00:00",1,1,0],["2024-05-03T00:00:00+00:00",1,1,0],["2024-07-06T00:00:00+00:00",1,1,0],["2024-09-06T00:00:00+00:00",1,1,0],["2024-12-01T00:00:00+00:00",1,1,0],["2025-02-25T00:00:00+00:00",1,1,0],["2025-04-04T00:00:00+00:00",1,1,0],["2025-07-08T00:00:00+00:00",1,1,0],["2025-09-22T00:00:00+00:00",1,1,0]]},"geometry":{"type":"Point","coordinates":[34.446929,31.5062]}},{"type":"Feature","properties":{"site_id":26,"event_code":"CE20231007PSE","latest_date":"2025-09-22T00:00:00+00:00","latest_class":3,"pass_count":12,"h":[["2023-11-26T00:00:00+00:00",3,2,3],["2024-01-06T00:00:00+00:00",3,2,0],["2024-02-29T00:00:00+00:00",3,2,0],["2024-04-01T00:00:00+00:00",3,2,0],["2024-05-03T00:00:00+00:00",3,2,0],["2024-07-06T00:00:00+00:00",3,2,0],["2024-09-06T00:00:00+00:00",3,2,0],["2024-12-01T00:00:00+00:00",3,2,0],["2025-02-25T00:00:00+00:00",3,2,0],["2025-04-04T00:00:00+00:00",3,2,0],["2025-07-08T00:00:00+00:00",3,2,0],["2025-09-22T00:00:00+00:00",3,2,0]]},"geometry":{"type":"Point","coordinates":[34.447058,31.506111]}},{"type":"Feature","properties":{"site_id":26,"event_code":"CE20231007PSE","latest_date":"2025-09-22T00:00:00+00:00","latest_class":3,"pass_count":12,"h":[["2023-11-26T00:00:00+00:00",3,2,3],["2024-01-06T00:00:00+00:00",3,2,0],["2024-02-29T00:00:00+00:00",3,2,0],["2024-04-01T00:00:00+00:00",3,2,0],["2024-05-03T00:00:00+00:00",3,2,0],["2024-07-06T00:00:00+00:00",3,2,0],["2024-09-06T00:00:00+00:00",3,2,0],["2024-12-01T00:00:00+00:00",3,2,0],["2025-02-25T00:00:00+00:00",3,2,0],["2025-04-04T00:00:00+00:00",3,2,0],["2025-07-08T00:00:00+00:00",3,2,0],["2025-09-22T00:00:00+00:00",3,2,0]]},"geometry":{"type":"Point","coordinates":[34.447042,31.50635]}},{"type":"Feature","properties":{"site_id":26,"event_code":"CE20231007PSE","latest_date":"2025-09-22T00:00:00+00:00","latest_class":3,"pass_count":12,"h":[["2023-11-26T00:00:00+00:00",3,2,3],["2024-01-06T00:00:00+00:00",3,2,0],["2024-02-29T00:00:00+00:00",3,2,0],["2024-04-01T00:00:00+00:00",3,2,0],["2024-05-03T00:00:00+00:00",3,2,0],["2024-07-06T00:00:00+00:00",3,2,0],["2024-09-06T00:00:00+00:00",3,2,0],["2024-12-01T00:00:00+00:00",3,2,0],["2025-02-25T00:00:00+00:00",3,2,0],["2025-04-04T00:00:00+00:00",3,2,0],["2025-07-08T00:00:00+00:00",3,2,0],["2025-09-22T00:00:00+00:00",3,2,0]]},"geometry":{"type":"Point","coordinates":[34.446327,31.506821]}},{"type":"Feature","properties":{"site_id":26,"event_code":"CE20231007PSE","latest_date":"2025-09-22T00:00:00+00:00","latest_class":3,"pass_count":12,"h":[["2023-11-26T00:00:00+00:00",3,2,3],["2024-01-06T00:00:00+00:00",3,2,0],["2024-02-29T00:00:00+00:00",3,2,0],["2024-04-01T00:00:00+00:00",3,2,0],["2024-05-03T00:00:00+00:00",3,2,0],["2024-07-06T00:00:00+00:00",3,2,0],["2024-09-06T00:00:00+00:00",3,2,0],["2024-12-01T00:00:00+00:00",3,2,0],["2025-02-25T00:00:00+00:00",3,2,0],["2025-04-04T00:00:00+00:00",3,2,0],["2025-07-08T00:00:00+00:00",3,2,0],["2025-09-22T00:00:00+00:00",3,2,0]]},"geometry":{"type":"Point","coordinates":[34.446524,31.506978]}},{"type":"Feature","properties":{"site_id":26,"event_code":"CE20231007PSE","latest_date":"2025-09-22T00:00:00+00:00","latest_class":2,"pass_count":12,"h":[["2023-11-26T00:00:00+00:00",2,1,3],["2024-01-06T00:00:00+00:00",2,1,0],["2024-02-29T00:00:00+00:00",2,1,0],["2024-04-01T00:00:00+00:00",2,1,0],["2024-05-03T00:00:00+00:00",2,1,0],["2024-07-06T00:00:00+00:00",2,1,0],["2024-09-06T00:00:00+00:00",2,1,0],["2024-12-01T00:00:00+00:00",2,1,0],["2025-02-25T00:00:00+00:00",2,1,0],["2025-04-04T00:00:00+00:00",2,1,0],["2025-07-08T00:00:00+00:00",2,1,0],["2025-09-22T00:00:00+00:00",2,1,0]]},"geometry":{"type":"Point","coordinates":[34.446343,31.50719]}},{"type":"Feature","properties":{"site_id":26,"event_code":"CE20231007PSE","latest_date":"2025-09-22T00:00:00+00:00","latest_class":1,"pass_count":12,"h":[["2023-11-26T00:00:00+00:00",1,1,3],["2024-01-06T00:00:00+00:00",1,1,0],["2024-02-29T00:00:00+00:00",1,1,0],["2024-04-01T00:00:00+00:00",1,1,0],["2024-05-03T00:00:00+00:00",1,1,0],["2024-07-06T00:00:00+00:00",1,1,0],["2024-09-06T00:00:00+00:00",1,1,0],["2024-12-01T00:00:00+00:00",1,1,0],["2025-02-25T00:00:00+00:00",1,1,0],["2025-04-04T00:00:00+00:00",1,1,0],["2025-07-08T00:00:00+00:00",1,1,0],["2025-09-22T00:00:00+00:00",1,1,0]]},"geometry":{"type":"Point","coordinates":[34.446177,31.507014]}},{"type":"Feature","properties":{"site_id":26,"event_code":"CE20231007PSE","latest_date":"2025-09-22T00:00:00+00:00","latest_class":3,"pass_count":12,"h":[["2023-11-26T00:00:00+00:00",3,2,3],["2024-01-06T00:00:00+00:00",3,2,0],["2024-02-29T00:00:00+00:00",3,2,0],["2024-04-01T00:00:00+00:00",3,2,0],["2024-05-03T00:00:00+00:00",3,2,0],["2024-07-06T00:00:00+00:00",3,2,0],["2024-09-06T00:00:00+00:00",3,2,0],["2024-12-01T00:00:00+00:00",3,2,0],["2025-02-25T00:00:00+00:00",3,2,0],["2025-04-04T00:00:00+00:00",3,2,0],["2025-07-08T00:00:00+00:00",3,2,0],["2025-09-22T00:00:00+00:00",3,2,0]]},"geometry":{"type":"Point","coordinates":[34.446554,31.507146]}},{"type":"Feature","properties":{"site_id":26,"event_code":"CE20231007PSE","latest_date":"2025-09-22T00:00:00+00:00","latest_class":1,"pass_count":12,"h":[["2023-11-26T00:00:00+00:00",1,1,3],["2024-01-06T00:00:00+00:00",1,1,0],["2024-02-29T00:00:00+00:00",1,1,0],["2024-04-01T00:00:00+00:00",1,1,0],["2024-05-03T00:00:00+00:00",1,1,0],["2024-07-06T00:00:00+00:00",1,1,0],["2024-09-06T00:00:00+00:00",1,1,0],["2024-12-01T00:00:00+00:00",1,1,0],["2025-02-25T00:00:00+00:00",1,1,0],["2025-04-04T00:00:00+00:00",1,1,0],["2025-07-08T00:00:00+00:00",1,1,0],["2025-09-22T00:00:00+00:00",1,1,0]]},"geometry":{"type":"Point","coordinates":[34.446365,31.508156]}},{"type":"Feature","properties":{"site_id":26,"event_code":"CE20231007PSE","latest_date":"2025-09-22T00:00:00+00:00","latest_class":3,"pass_count":12,"h":[["2023-11-26T00:00:00+00:00",3,2,3],["2024-01-06T00:00:00+00:00",3,2,0],["2024-02-29T00:00:00+00:00",3,2,0],["2024-04-01T00:00:00+00:00",3,2,0],["2024-05-03T00:00:00+00:00",3,2,0],["2024-07-06T00:00:00+00:00",3,2,0],["2024-09-06T00:00:00+00:00",3,2,0],["2024-12-01T00:00:00+00:00",3,2,0],["2025-02-25T00:00:00+00:00",3,2,0],["2025-04-04T00:00:00+00:00",3,2,0],["2025-07-08T00:00:00+00:00",3,2,0],["2025-09-22T00:00:00+00:00",3,2,0]]},"geometry":{"type":"Point","coordinates":[34.446635,31.508016]}},{"type":"Feature","properties":{"site_id":26,"event_code":"CE20231007PSE","latest_date":"2025-09-22T00:00:00+00:00","latest_class":3,"pass_count":12,"h":[["2023-11-26T00:00:00+00:00",3,2,3],["2024-01-06T00:00:00+00:00",3,2,0],["2024-02-29T00:00:00+00:00",3,2,0],["2024-04-01T00:00:00+00:00",3,2,0],["2024-05-03T00:00:00+00:00",3,2,0],["2024-07-06T00:00:00+00:00",3,2,0],["2024-09-06T00:00:00+00:00",3,2,0],["2024-12-01T00:00:00+00:00",3,2,0],["2025-02-25T00:00:00+00:00",3,2,0],["2025-04-04T00:00:00+00:00",3,2,0],["2025-07-08T00:00:00+00:00",3,2,0],["2025-09-22T00:00:00+00:00",3,2,0]]},"geometry":{"type":"Point","coordinates":[34.446506,31.508367]}},{"type":"Feature","properties":{"site_id":26,"event_code":"CE20231007PSE","latest_date":"2025-09-22T00:00:00+00:00","latest_class":3,"pass_count":12,"h":[["2023-11-26T00:00:00+00:00",3,2,3],["2024-01-06T00:00:00+00:00",3,2,0],["2024-02-29T00:00:00+00:00",3,2,0],["2024-04-01T00:00:00+00:00",3,2,0],["2024-05-03T00:00:00+00:00",3,2,0],["2024-07-06T00:00:00+00:00",3,2,0],["2024-09-06T00:00:00+00:00",3,2,0],["2024-12-01T00:00:00+00:00",3,2,0],["2025-02-25T00:00:00+00:00",3,2,0],["2025-04-04T00:00:00+00:00",3,2,0],["2025-07-08T00:00:00+00:00",3,2,0],["2025-09-22T00:00:00+00:00",3,2,0]]},"geometry":{"type":"Point","coordinates":[34.446244,31.508385]}},{"type":"Feature","properties":{"site_id":26,"event_code":"CE20231007PSE","latest_date":"2025-09-22T00:00:00+00:00","latest_class":3,"pass_count":12,"h":[["2023-11-26T00:00:00+00:00",3,2,3],["2024-01-06T00:00:00+00:00",3,2,0],["2024-02-29T00:00:00+00:00",3,2,0],["2024-04-01T00:00:00+00:00",3,2,0],["2024-05-03T00:00:00+00:00",3,2,0],["2024-07-06T00:00:00+00:00",3,2,0],["2024-09-06T00:00:00+00:00",3,2,0],["2024-12-01T00:00:00+00:00",3,2,0],["2025-02-25T00:00:00+00:00",3,2,0],["2025-04-04T00:00:00+00:00",3,2,0],["2025-07-08T00:00:00+00:00",3,2,0],["2025-09-22T00:00:00+00:00",3,2,0]]},"geometry":{"type":"Point","coordinates":[34.44668,31.508498]}},{"type":"Feature","properties":{"site_id":26,"event_code":"CE20231007PSE","latest_date":"2025-09-22T00:00:00+00:00","latest_class":3,"pass_count":13,"h":[["2023-11-07T00:00:00+00:00",4,3,3],["2023-11-26T00:00:00+00:00",3,2,1],["2024-01-06T00:00:00+00:00",3,2,0],["2024-02-29T00:00:00+00:00",3,2,0],["2024-04-01T00:00:00+00:00",3,2,0],["2024-05-03T00:00:00+00:00",3,2,0],["2024-07-06T00:00:00+00:00",3,2,0],["2024-09-06T00:00:00+00:00",3,2,0],["2024-12-01T00:00:00+00:00",3,2,0],["2025-02-25T00:00:00+00:00",3,2,0],["2025-04-04T00:00:00+00:00",3,2,0],["2025-07-08T00:00:00+00:00",3,2,0],["2025-09-22T00:00:00+00:00",3,2,0]]},"geometry":{"type":"Point","coordinates":[34.446644,31.508751]}},{"type":"Feature","properties":{"site_id":26,"event_code":"CE20231007PSE","latest_date":"2025-09-22T00:00:00+00:00","latest_class":3,"pass_count":13,"h":[["2023-11-07T00:00:00+00:00",4,3,3],["2023-11-26T00:00:00+00:00",3,2,1],["2024-01-06T00:00:00+00:00",3,2,0],["2024-02-29T00:00:00+00:00",3,2,0],["2024-04-01T00:00:00+00:00",3,2,0],["2024-05-03T00:00:00+00:00",3,2,0],["2024-07-06T00:00:00+00:00",3,2,0],["2024-09-06T00:00:00+00:00",3,2,0],["2024-12-01T00:00:00+00:00",3,2,0],["2025-02-25T00:00:00+00:00",3,2,0],["2025-04-04T00:00:00+00:00",3,2,0],["2025-07-08T00:00:00+00:00",3,2,0],["2025-09-22T00:00:00+00:00",3,2,0]]},"geometry":{"type":"Point","coordinates":[34.446472,31.508586]}},{"type":"Feature","properties":{"site_id":26,"event_code":"CE20231007PSE","latest_date":"2025-09-22T00:00:00+00:00","latest_class":3,"pass_count":12,"h":[["2023-11-26T00:00:00+00:00",3,2,3],["2024-01-06T00:00:00+00:00",3,2,0],["2024-02-29T00:00:00+00:00",3,2,0],["2024-04-01T00:00:00+00:00",3,2,0],["2024-05-03T00:00:00+00:00",3,2,0],["2024-07-06T00:00:00+00:00",3,2,0],["2024-09-06T00:00:00+00:00",3,2,0],["2024-12-01T00:00:00+00:00",3,2,0],["2025-02-25T00:00:00+00:00",3,2,0],["2025-04-04T00:00:00+00:00",3,2,0],["2025-07-08T00:00:00+00:00",3,2,0],["2025-09-22T00:00:00+00:00",3,2,0]]},"geometry":{"type":"Point","coordinates":[34.446713,31.509947]}},{"type":"Feature","properties":{"site_id":26,"event_code":"CE20231007PSE","latest_date":"2025-09-22T00:00:00+00:00","latest_class":3,"pass_count":12,"h":[["2023-11-26T00:00:00+00:00",3,2,3],["2024-01-06T00:00:00+00:00",3,2,0],["2024-02-29T00:00:00+00:00",3,2,0],["2024-04-01T00:00:00+00:00",3,2,0],["2024-05-03T00:00:00+00:00",3,2,0],["2024-07-06T00:00:00+00:00",3,2,0],["2024-09-06T00:00:00+00:00",3,2,0],["2024-12-01T00:00:00+00:00",3,2,0],["2025-02-25T00:00:00+00:00",3,2,0],["2025-04-04T00:00:00+00:00",3,2,0],["2025-07-08T00:00:00+00:00",3,2,0],["2025-09-22T00:00:00+00:00",3,2,0]]},"geometry":{"type":"Point","coordinates":[34.446109,31.510212]}},{"type":"Feature","properties":{"site_id":26,"event_code":"CE20231007PSE","latest_date":"2025-09-22T00:00:00+00:00","latest_class":2,"pass_count":12,"h":[["2023-11-26T00:00:00+00:00",2,1,3],["2024-01-06T00:00:00+00:00",2,1,0],["2024-02-29T00:00:00+00:00",2,1,0],["2024-04-01T00:00:00+00:00",2,1,0],["2024-05-03T00:00:00+00:00",2,1,0],["2024-07-06T00:00:00+00:00",2,1,0],["2024-09-06T00:00:00+00:00",2,1,0],["2024-12-01T00:00:00+00:00",2,1,0],["2025-02-25T00:00:00+00:00",2,1,0],["2025-04-04T00:00:00+00:00",2,1,0],["2025-07-08T00:00:00+00:00",2,1,0],["2025-09-22T00:00:00+00:00",2,1,0]]},"geometry":{"type":"Point","coordinates":[34.446452,31.510286]}},{"type":"Feature","properties":{"site_id":26,"event_code":"CE20231007PSE","latest_date":"2025-09-22T00:00:00+00:00","latest_class":3,"pass_count":13,"h":[["2023-11-07T00:00:00+00:00",4,3,3],["2023-11-26T00:00:00+00:00",4,3,0],["2024-01-06T00:00:00+00:00",3,2,1],["2024-02-29T00:00:00+00:00",3,2,0],["2024-04-01T00:00:00+00:00",3,2,0],["2024-05-03T00:00:00+00:00",3,2,0],["2024-07-06T00:00:00+00:00",3,2,0],["2024-09-06T00:00:00+00:00",3,2,0],["2024-12-01T00:00:00+00:00",3,2,0],["2025-02-25T00:00:00+00:00",3,2,0],["2025-04-04T00:00:00+00:00",3,2,0],["2025-07-08T00:00:00+00:00",3,2,0],["2025-09-22T00:00:00+00:00",3,2,0]]},"geometry":{"type":"Point","coordinates":[34.442558,31.506313]}},{"type":"Feature","properties":{"site_id":26,"event_code":"CE20231007PSE","latest_date":"2025-09-22T00:00:00+00:00","latest_class":3,"pass_count":11,"h":[["2024-01-06T00:00:00+00:00",3,2,3],["2024-02-29T00:00:00+00:00",3,2,0],["2024-04-01T00:00:00+00:00",3,2,0],["2024-05-03T00:00:00+00:00",3,2,0],["2024-07-06T00:00:00+00:00",3,2,0],["2024-09-06T00:00:00+00:00",3,2,0],["2024-12-01T00:00:00+00:00",3,2,0],["2025-02-25T00:00:00+00:00",3,2,0],["2025-04-04T00:00:00+00:00",3,2,0],["2025-07-08T00:00:00+00:00",3,2,0],["2025-09-22T00:00:00+00:00",3,2,0]]},"geometry":{"type":"Point","coordinates":[34.442378,31.506458]}},{"type":"Feature","properties":{"site_id":26,"event_code":"CE20231007PSE","latest_date":"2025-09-22T00:00:00+00:00","latest_class":2,"pass_count":11,"h":[["2024-01-06T00:00:00+00:00",2,1,3],["2024-02-29T00:00:00+00:00",2,1,0],["2024-04-01T00:00:00+00:00",2,1,0],["2024-05-03T00:00:00+00:00",2,1,0],["2024-07-06T00:00:00+00:00",2,1,0],["2024-09-06T00:00:00+00:00",2,1,0],["2024-12-01T00:00:00+00:00",2,1,0],["2025-02-25T00:00:00+00:00",2,1,0],["2025-04-04T00:00:00+00:00",2,1,0],["2025-07-08T00:00:00+00:00",2,1,0],["2025-09-22T00:00:00+00:00",2,1,0]]},"geometry":{"type":"Point","coordinates":[34.441588,31.508252]}},{"type":"Feature","properties":{"site_id":26,"event_code":"CE20231007PSE","latest_date":"2025-09-22T00:00:00+00:00","latest_class":3,"pass_count":11,"h":[["2024-01-06T00:00:00+00:00",3,2,3],["2024-02-29T00:00:00+00:00",3,2,0],["2024-04-01T00:00:00+00:00",3,2,0],["2024-05-03T00:00:00+00:00",3,2,0],["2024-07-06T00:00:00+00:00",3,2,0],["2024-09-06T00:00:00+00:00",3,2,0],["2024-12-01T00:00:00+00:00",3,2,0],["2025-02-25T00:00:00+00:00",3,2,0],["2025-04-04T00:00:00+00:00",3,2,0],["2025-07-08T00:00:00+00:00",3,2,0],["2025-09-22T00:00:00+00:00",3,2,0]]},"geometry":{"type":"Point","coordinates":[34.441467,31.508072]}},{"type":"Feature","properties":{"site_id":26,"event_code":"CE20231007PSE","latest_date":"2025-09-22T00:00:00+00:00","latest_class":3,"pass_count":11,"h":[["2024-01-06T00:00:00+00:00",3,2,3],["2024-02-29T00:00:00+00:00",3,2,0],["2024-04-01T00:00:00+00:00",3,2,0],["2024-05-03T00:00:00+00:00",3,2,0],["2024-07-06T00:00:00+00:00",3,2,0],["2024-09-06T00:00:00+00:00",3,2,0],["2024-12-01T00:00:00+00:00",3,2,0],["2025-02-25T00:00:00+00:00",3,2,0],["2025-04-04T00:00:00+00:00",3,2,0],["2025-07-08T00:00:00+00:00",3,2,0],["2025-09-22T00:00:00+00:00",3,2,0]]},"geometry":{"type":"Point","coordinates":[34.444205,31.508053]}},{"type":"Feature","properties":{"site_id":26,"event_code":"CE20231007PSE","latest_date":"2025-09-22T00:00:00+00:00","latest_class":3,"pass_count":11,"h":[["2024-01-06T00:00:00+00:00",3,2,3],["2024-02-29T00:00:00+00:00",3,2,0],["2024-04-01T00:00:00+00:00",3,2,0],["2024-05-03T00:00:00+00:00",3,2,0],["2024-07-06T00:00:00+00:00",3,2,0],["2024-09-06T00:00:00+00:00",3,2,0],["2024-12-01T00:00:00+00:00",3,2,0],["2025-02-25T00:00:00+00:00",3,2,0],["2025-04-04T00:00:00+00:00",3,2,0],["2025-07-08T00:00:00+00:00",3,2,0],["2025-09-22T00:00:00+00:00",3,2,0]]},"geometry":{"type":"Point","coordinates":[34.442577,31.509186]}},{"type":"Feature","properties":{"site_id":26,"event_code":"CE20231007PSE","latest_date":"2025-09-22T00:00:00+00:00","latest_class":3,"pass_count":11,"h":[["2024-01-06T00:00:00+00:00",3,2,3],["2024-02-29T00:00:00+00:00",3,2,0],["2024-04-01T00:00:00+00:00",3,2,0],["2024-05-03T00:00:00+00:00",3,2,0],["2024-07-06T00:00:00+00:00",3,2,0],["2024-09-06T00:00:00+00:00",3,2,0],["2024-12-01T00:00:00+00:00",3,2,0],["2025-02-25T00:00:00+00:00",3,2,0],["2025-04-04T00:00:00+00:00",3,2,0],["2025-07-08T00:00:00+00:00",3,2,0],["2025-09-22T00:00:00+00:00",3,2,0]]},"geometry":{"type":"Point","coordinates":[34.445013,31.507462]}},{"type":"Feature","properties":{"site_id":26,"event_code":"CE20231007PSE","latest_date":"2025-09-22T00:00:00+00:00","latest_class":3,"pass_count":11,"h":[["2024-01-06T00:00:00+00:00",3,2,3],["2024-02-29T00:00:00+00:00",3,2,0],["2024-04-01T00:00:00+00:00",3,2,0],["2024-05-03T00:00:00+00:00",3,2,0],["2024-07-06T00:00:00+00:00",3,2,0],["2024-09-06T00:00:00+00:00",3,2,0],["2024-12-01T00:00:00+00:00",3,2,0],["2025-02-25T00:00:00+00:00",3,2,0],["2025-04-04T00:00:00+00:00",3,2,0],["2025-07-08T00:00:00+00:00",3,2,0],["2025-09-22T00:00:00+00:00",3,2,0]]},"geometry":{"type":"Point","coordinates":[34.44513,31.507377]}},{"type":"Feature","properties":{"site_id":26,"event_code":"CE20231007PSE","latest_date":"2025-09-22T00:00:00+00:00","latest_class":3,"pass_count":11,"h":[["2024-01-06T00:00:00+00:00",3,2,3],["2024-02-29T00:00:00+00:00",3,2,0],["2024-04-01T00:00:00+00:00",3,2,0],["2024-05-03T00:00:00+00:00",3,2,0],["2024-07-06T00:00:00+00:00",3,2,0],["2024-09-06T00:00:00+00:00",3,2,0],["2024-12-01T00:00:00+00:00",3,2,0],["2025-02-25T00:00:00+00:00",3,2,0],["2025-04-04T00:00:00+00:00",3,2,0],["2025-07-08T00:00:00+00:00",3,2,0],["2025-09-22T00:00:00+00:00",3,2,0]]},"geometry":{"type":"Point","coordinates":[34.444946,31.507298]}},{"type":"Feature","properties":{"site_id":26,"event_code":"CE20231007PSE","latest_date":"2025-09-22T00:00:00+00:00","latest_class":3,"pass_count":10,"h":[["2024-02-29T00:00:00+00:00",3,2,3],["2024-04-01T00:00:00+00:00",3,2,0],["2024-05-03T00:00:00+00:00",3,2,0],["2024-07-06T00:00:00+00:00",3,2,0],["2024-09-06T00:00:00+00:00",3,2,0],["2024-12-01T00:00:00+00:00",3,2,0],["2025-02-25T00:00:00+00:00",3,2,0],["2025-04-04T00:00:00+00:00",3,2,0],["2025-07-08T00:00:00+00:00",3,2,0],["2025-09-22T00:00:00+00:00",3,2,0]]},"geometry":{"type":"Point","coordinates":[34.44031,31.508054]}},{"type":"Feature","properties":{"site_id":26,"event_code":"CE20231007PSE","latest_date":"2025-09-22T00:00:00+00:00","latest_class":2,"pass_count":10,"h":[["2024-02-29T00:00:00+00:00",2,1,3],["2024-04-01T00:00:00+00:00",2,1,0],["2024-05-03T00:00:00+00:00",2,1,0],["2024-07-06T00:00:00+00:00",2,1,0],["2024-09-06T00:00:00+00:00",2,1,0],["2024-12-01T00:00:00+00:00",2,1,0],["2025-02-25T00:00:00+00:00",2,1,0],["2025-04-04T00:00:00+00:00",2,1,0],["2025-07-08T00:00:00+00:00",2,1,0],["2025-09-22T00:00:00+00:00",2,1,0]]},"geometry":{"type":"Point","coordinates":[34.439493,31.508271]}},{"type":"Feature","properties":{"site_id":26,"event_code":"CE20231007PSE","latest_date":"2025-09-22T00:00:00+00:00","latest_class":3,"pass_count":11,"h":[["2024-01-06T00:00:00+00:00",3,2,3],["2024-02-29T00:00:00+00:00",3,2,0],["2024-04-01T00:00:00+00:00",3,2,0],["2024-05-03T00:00:00+00:00",3,2,0],["2024-07-06T00:00:00+00:00",3,2,0],["2024-09-06T00:00:00+00:00",3,2,0],["2024-12-01T00:00:00+00:00",3,2,0],["2025-02-25T00:00:00+00:00",3,2,0],["2025-04-04T00:00:00+00:00",3,2,0],["2025-07-08T00:00:00+00:00",3,2,0],["2025-09-22T00:00:00+00:00",3,2,0]]},"geometry":{"type":"Point","coordinates":[34.442021,31.508488]}},{"type":"Feature","properties":{"site_id":26,"event_code":"CE20231007PSE","latest_date":"2025-09-22T00:00:00+00:00","latest_class":3,"pass_count":11,"h":[["2024-01-06T00:00:00+00:00",3,2,3],["2024-02-29T00:00:00+00:00",3,2,0],["2024-04-01T00:00:00+00:00",3,2,0],["2024-05-03T00:00:00+00:00",3,2,0],["2024-07-06T00:00:00+00:00",3,2,0],["2024-09-06T00:00:00+00:00",3,2,0],["2024-12-01T00:00:00+00:00",3,2,0],["2025-02-25T00:00:00+00:00",3,2,0],["2025-04-04T00:00:00+00:00",3,2,0],["2025-07-08T00:00:00+00:00",3,2,0],["2025-09-22T00:00:00+00:00",3,2,0]]},"geometry":{"type":"Point","coordinates":[34.441891,31.508548]}},{"type":"Feature","properties":{"site_id":26,"event_code":"CE20231007PSE","latest_date":"2025-09-22T00:00:00+00:00","latest_class":3,"pass_count":12,"h":[["2023-11-26T00:00:00+00:00",4,3,3],["2024-01-06T00:00:00+00:00",3,2,1],["2024-02-29T00:00:00+00:00",3,2,0],["2024-04-01T00:00:00+00:00",3,2,0],["2024-05-03T00:00:00+00:00",3,2,0],["2024-07-06T00:00:00+00:00",3,2,0],["2024-09-06T00:00:00+00:00",3,2,0],["2024-12-01T00:00:00+00:00",3,2,0],["2025-02-25T00:00:00+00:00",3,2,0],["2025-04-04T00:00:00+00:00",3,2,0],["2025-07-08T00:00:00+00:00",3,2,0],["2025-09-22T00:00:00+00:00",3,2,0]]},"geometry":{"type":"Point","coordinates":[34.447347,31.505948]}},{"type":"Feature","properties":{"site_id":26,"event_code":"CE20231007PSE","latest_date":"2025-09-22T00:00:00+00:00","latest_class":3,"pass_count":10,"h":[["2024-02-29T00:00:00+00:00",3,2,3],["2024-04-01T00:00:00+00:00",3,2,0],["2024-05-03T00:00:00+00:00",3,2,0],["2024-07-06T00:00:00+00:00",3,2,0],["2024-09-06T00:00:00+00:00",3,2,0],["2024-12-01T00:00:00+00:00",3,2,0],["2025-02-25T00:00:00+00:00",3,2,0],["2025-04-04T00:00:00+00:00",3,2,0],["2025-07-08T00:00:00+00:00",3,2,0],["2025-09-22T00:00:00+00:00",3,2,0]]},"geometry":{"type":"Point","coordinates":[34.445132,31.50665]}},{"type":"Feature","properties":{"site_id":26,"event_code":"CE20231007PSE","latest_date":"2025-09-22T00:00:00+00:00","latest_class":2,"pass_count":11,"h":[["2024-01-06T00:00:00+00:00",2,1,3],["2024-02-29T00:00:00+00:00",2,1,0],["2024-04-01T00:00:00+00:00",2,1,0],["2024-05-03T00:00:00+00:00",2,1,0],["2024-07-06T00:00:00+00:00",2,1,0],["2024-09-06T00:00:00+00:00",2,1,0],["2024-12-01T00:00:00+00:00",2,1,0],["2025-02-25T00:00:00+00:00",2,1,0],["2025-04-04T00:00:00+00:00",2,1,0],["2025-07-08T00:00:00+00:00",2,1,0],["2025-09-22T00:00:00+00:00",2,1,0]]},"geometry":{"type":"Point","coordinates":[34.445059,31.507808]}},{"type":"Feature","properties":{"site_id":26,"event_code":"CE20231007PSE","latest_date":"2025-09-22T00:00:00+00:00","latest_class":3,"pass_count":11,"h":[["2024-01-06T00:00:00+00:00",3,2,3],["2024-02-29T00:00:00+00:00",3,2,0],["2024-04-01T00:00:00+00:00",3,2,0],["2024-05-03T00:00:00+00:00",3,2,0],["2024-07-06T00:00:00+00:00",3,2,0],["2024-09-06T00:00:00+00:00",3,2,0],["2024-12-01T00:00:00+00:00",3,2,0],["2025-02-25T00:00:00+00:00",3,2,0],["2025-04-04T00:00:00+00:00",3,2,0],["2025-07-08T00:00:00+00:00",3,2,0],["2025-09-22T00:00:00+00:00",3,2,0]]},"geometry":{"type":"Point","coordinates":[34.444947,31.507853]}},{"type":"Feature","properties":{"site_id":26,"event_code":"CE20231007PSE","latest_date":"2025-09-22T00:00:00+00:00","latest_class":3,"pass_count":11,"h":[["2024-01-06T00:00:00+00:00",3,2,3],["2024-02-29T00:00:00+00:00",3,2,0],["2024-04-01T00:00:00+00:00",3,2,0],["2024-05-03T00:00:00+00:00",3,2,0],["2024-07-06T00:00:00+00:00",3,2,0],["2024-09-06T00:00:00+00:00",3,2,0],["2024-12-01T00:00:00+00:00",3,2,0],["2025-02-25T00:00:00+00:00",3,2,0],["2025-04-04T00:00:00+00:00",3,2,0],["2025-07-08T00:00:00+00:00",3,2,0],["2025-09-22T00:00:00+00:00",3,2,0]]},"geometry":{"type":"Point","coordinates":[34.444953,31.508912]}},{"type":"Feature","properties":{"site_id":26,"event_code":"CE20231007PSE","latest_date":"2025-09-22T00:00:00+00:00","latest_class":3,"pass_count":10,"h":[["2024-02-29T00:00:00+00:00",3,2,3],["2024-04-01T00:00:00+00:00",3,2,0],["2024-05-03T00:00:00+00:00",3,2,0],["2024-07-06T00:00:00+00:00",3,2,0],["2024-09-06T00:00:00+00:00",3,2,0],["2024-12-01T00:00:00+00:00",3,2,0],["2025-02-25T00:00:00+00:00",3,2,0],["2025-04-04T00:00:00+00:00",3,2,0],["2025-07-08T00:00:00+00:00",3,2,0],["2025-09-22T00:00:00+00:00",3,2,0]]},"geometry":{"type":"Point","coordinates":[34.445666,31.508817]}},{"type":"Feature","properties":{"site_id":26,"event_code":"CE20231007PSE","latest_date":"2025-09-22T00:00:00+00:00","latest_class":3,"pass_count":11,"h":[["2024-01-06T00:00:00+00:00",3,2,3],["2024-02-29T00:00:00+00:00",3,2,0],["2024-04-01T00:00:00+00:00",3,2,0],["2024-05-03T00:00:00+00:00",3,2,0],["2024-07-06T00:00:00+00:00",3,2,0],["2024-09-06T00:00:00+00:00",3,2,0],["2024-12-01T00:00:00+00:00",3,2,0],["2025-02-25T00:00:00+00:00",3,2,0],["2025-04-04T00:00:00+00:00",3,2,0],["2025-07-08T00:00:00+00:00",3,2,0],["2025-09-22T00:00:00+00:00",3,2,0]]},"geometry":{"type":"Point","coordinates":[34.444788,31.507974]}},{"type":"Feature","properties":{"site_id":26,"event_code":"CE20231007PSE","latest_date":"2025-09-22T00:00:00+00:00","latest_class":3,"pass_count":11,"h":[["2024-01-06T00:00:00+00:00",3,2,3],["2024-02-29T00:00:00+00:00",3,2,0],["2024-04-01T00:00:00+00:00",3,2,0],["2024-05-03T00:00:00+00:00",3,2,0],["2024-07-06T00:00:00+00:00",3,2,0],["2024-09-06T00:00:00+00:00",3,2,0],["2024-12-01T00:00:00+00:00",3,2,0],["2025-02-25T00:00:00+00:00",3,2,0],["2025-04-04T00:00:00+00:00",3,2,0],["2025-07-08T00:00:00+00:00",3,2,0],["2025-09-22T00:00:00+00:00",3,2,0]]},"geometry":{"type":"Point","coordinates":[34.444894,31.508049]}},{"type":"Feature","properties":{"site_id":26,"event_code":"CE20231007PSE","latest_date":"2025-09-22T00:00:00+00:00","latest_class":3,"pass_count":11,"h":[["2024-01-06T00:00:00+00:00",3,2,3],["2024-02-29T00:00:00+00:00",3,2,0],["2024-04-01T00:00:00+00:00",3,2,0],["2024-05-03T00:00:00+00:00",3,2,0],["2024-07-06T00:00:00+00:00",3,2,0],["2024-09-06T00:00:00+00:00",3,2,0],["2024-12-01T00:00:00+00:00",3,2,0],["2025-02-25T00:00:00+00:00",3,2,0],["2025-04-04T00:00:00+00:00",3,2,0],["2025-07-08T00:00:00+00:00",3,2,0],["2025-09-22T00:00:00+00:00",3,2,0]]},"geometry":{"type":"Point","coordinates":[34.445133,31.507868]}},{"type":"Feature","properties":{"site_id":26,"event_code":"CE20231007PSE","latest_date":"2025-09-22T00:00:00+00:00","latest_class":3,"pass_count":11,"h":[["2024-01-06T00:00:00+00:00",3,2,3],["2024-02-29T00:00:00+00:00",3,2,0],["2024-04-01T00:00:00+00:00",3,2,0],["2024-05-03T00:00:00+00:00",3,2,0],["2024-07-06T00:00:00+00:00",3,2,0],["2024-09-06T00:00:00+00:00",3,2,0],["2024-12-01T00:00:00+00:00",3,2,0],["2025-02-25T00:00:00+00:00",3,2,0],["2025-04-04T00:00:00+00:00",3,2,0],["2025-07-08T00:00:00+00:00",3,2,0],["2025-09-22T00:00:00+00:00",3,2,0]]},"geometry":{"type":"Point","coordinates":[34.445409,31.507996]}},{"type":"Feature","properties":{"site_id":26,"event_code":"CE20231007PSE","latest_date":"2025-09-22T00:00:00+00:00","latest_class":3,"pass_count":11,"h":[["2024-01-06T00:00:00+00:00",3,2,3],["2024-02-29T00:00:00+00:00",3,2,0],["2024-04-01T00:00:00+00:00",3,2,0],["2024-05-03T00:00:00+00:00",3,2,0],["2024-07-06T00:00:00+00:00",3,2,0],["2024-09-06T00:00:00+00:00",3,2,0],["2024-12-01T00:00:00+00:00",3,2,0],["2025-02-25T00:00:00+00:00",3,2,0],["2025-04-04T00:00:00+00:00",3,2,0],["2025-07-08T00:00:00+00:00",3,2,0],["2025-09-22T00:00:00+00:00",3,2,0]]},"geometry":{"type":"Point","coordinates":[34.44489,31.507537]}},{"type":"Feature","properties":{"site_id":26,"event_code":"CE20231007PSE","latest_date":"2025-09-22T00:00:00+00:00","latest_class":1,"pass_count":11,"h":[["2024-01-06T00:00:00+00:00",3,2,3],["2024-02-29T00:00:00+00:00",3,2,0],["2024-04-01T00:00:00+00:00",3,2,0],["2024-05-03T00:00:00+00:00",3,2,0],["2024-07-06T00:00:00+00:00",3,2,0],["2024-09-06T00:00:00+00:00",3,2,0],["2024-12-01T00:00:00+00:00",3,2,0],["2025-02-25T00:00:00+00:00",1,1,1],["2025-04-04T00:00:00+00:00",1,1,0],["2025-07-08T00:00:00+00:00",1,1,0],["2025-09-22T00:00:00+00:00",1,1,0]]},"geometry":{"type":"Point","coordinates":[34.444792,31.507601]}},{"type":"Feature","properties":{"site_id":26,"event_code":"CE20231007PSE","latest_date":"2025-09-22T00:00:00+00:00","latest_class":3,"pass_count":10,"h":[["2024-02-29T00:00:00+00:00",3,2,3],["2024-04-01T00:00:00+00:00",3,2,0],["2024-05-03T00:00:00+00:00",3,2,0],["2024-07-06T00:00:00+00:00",3,2,0],["2024-09-06T00:00:00+00:00",3,2,0],["2024-12-01T00:00:00+00:00",3,2,0],["2025-02-25T00:00:00+00:00",3,2,0],["2025-04-04T00:00:00+00:00",3,2,0],["2025-07-08T00:00:00+00:00",3,2,0],["2025-09-22T00:00:00+00:00",3,2,0]]},"geometry":{"type":"Point","coordinates":[34.446137,31.508725]}},{"type":"Feature","properties":{"site_id":26,"event_code":"CE20231007PSE","latest_date":"2025-09-22T00:00:00+00:00","latest_class":3,"pass_count":10,"h":[["2024-02-29T00:00:00+00:00",3,2,3],["2024-04-01T00:00:00+00:00",3,2,0],["2024-05-03T00:00:00+00:00",3,2,0],["2024-07-06T00:00:00+00:00",3,2,0],["2024-09-06T00:00:00+00:00",3,2,0],["2024-12-01T00:00:00+00:00",3,2,0],["2025-02-25T00:00:00+00:00",3,2,0],["2025-04-04T00:00:00+00:00",3,2,0],["2025-07-08T00:00:00+00:00",3,2,0],["2025-09-22T00:00:00+00:00",3,2,0]]},"geometry":{"type":"Point","coordinates":[34.446888,31.50825]}},{"type":"Feature","properties":{"site_id":26,"event_code":"CE20231007PSE","latest_date":"2025-09-22T00:00:00+00:00","latest_class":2,"pass_count":10,"h":[["2024-02-29T00:00:00+00:00",2,1,3],["2024-04-01T00:00:00+00:00",2,1,0],["2024-05-03T00:00:00+00:00",2,1,0],["2024-07-06T00:00:00+00:00",2,1,0],["2024-09-06T00:00:00+00:00",2,1,0],["2024-12-01T00:00:00+00:00",2,1,0],["2025-02-25T00:00:00+00:00",2,1,0],["2025-04-04T00:00:00+00:00",2,1,0],["2025-07-08T00:00:00+00:00",2,1,0],["2025-09-22T00:00:00+00:00",2,1,0]]},"geometry":{"type":"Point","coordinates":[34.447033,31.508367]}},{"type":"Feature","properties":{"site_id":26,"event_code":"CE20231007PSE","latest_date":"2025-09-22T00:00:00+00:00","latest_class":3,"pass_count":11,"h":[["2024-01-06T00:00:00+00:00",3,2,3],["2024-02-29T00:00:00+00:00",3,2,0],["2024-04-01T00:00:00+00:00",3,2,0],["2024-05-03T00:00:00+00:00",3,2,0],["2024-07-06T00:00:00+00:00",3,2,0],["2024-09-06T00:00:00+00:00",3,2,0],["2024-12-01T00:00:00+00:00",3,2,0],["2025-02-25T00:00:00+00:00",3,2,0],["2025-04-04T00:00:00+00:00",3,2,0],["2025-07-08T00:00:00+00:00",3,2,0],["2025-09-22T00:00:00+00:00",3,2,0]]},"geometry":{"type":"Point","coordinates":[34.445285,31.510518]}},{"type":"Feature","properties":{"site_id":26,"event_code":"CE20231007PSE","latest_date":"2025-09-22T00:00:00+00:00","latest_class":3,"pass_count":11,"h":[["2024-01-06T00:00:00+00:00",3,2,3],["2024-02-29T00:00:00+00:00",3,2,0],["2024-04-01T00:00:00+00:00",3,2,0],["2024-05-03T00:00:00+00:00",3,2,0],["2024-07-06T00:00:00+00:00",3,2,0],["2024-09-06T00:00:00+00:00",3,2,0],["2024-12-01T00:00:00+00:00",3,2,0],["2025-02-25T00:00:00+00:00",3,2,0],["2025-04-04T00:00:00+00:00",3,2,0],["2025-07-08T00:00:00+00:00",3,2,0],["2025-09-22T00:00:00+00:00",3,2,0]]},"geometry":{"type":"Point","coordinates":[34.444368,31.509378]}},{"type":"Feature","properties":{"site_id":26,"event_code":"CE20231007PSE","latest_date":"2025-09-22T00:00:00+00:00","latest_class":3,"pass_count":11,"h":[["2024-01-06T00:00:00+00:00",3,2,3],["2024-02-29T00:00:00+00:00",3,2,0],["2024-04-01T00:00:00+00:00",3,2,0],["2024-05-03T00:00:00+00:00",3,2,0],["2024-07-06T00:00:00+00:00",3,2,0],["2024-09-06T00:00:00+00:00",3,2,0],["2024-12-01T00:00:00+00:00",3,2,0],["2025-02-25T00:00:00+00:00",3,2,0],["2025-04-04T00:00:00+00:00",3,2,0],["2025-07-08T00:00:00+00:00",3,2,0],["2025-09-22T00:00:00+00:00",3,2,0]]},"geometry":{"type":"Point","coordinates":[34.444199,31.509528]}},{"type":"Feature","properties":{"site_id":26,"event_code":"CE20231007PSE","latest_date":"2025-09-22T00:00:00+00:00","latest_class":1,"pass_count":11,"h":[["2024-01-06T00:00:00+00:00",3,2,3],["2024-02-29T00:00:00+00:00",3,2,0],["2024-04-01T00:00:00+00:00",3,2,0],["2024-05-03T00:00:00+00:00",3,2,0],["2024-07-06T00:00:00+00:00",3,2,0],["2024-09-06T00:00:00+00:00",3,2,0],["2024-12-01T00:00:00+00:00",1,1,1],["2025-02-25T00:00:00+00:00",1,1,0],["2025-04-04T00:00:00+00:00",1,1,0],["2025-07-08T00:00:00+00:00",1,1,0],["2025-09-22T00:00:00+00:00",1,1,0]]},"geometry":{"type":"Point","coordinates":[34.444517,31.510665]}},{"type":"Feature","properties":{"site_id":26,"event_code":"CE20231007PSE","latest_date":"2025-09-22T00:00:00+00:00","latest_class":1,"pass_count":13,"h":[["2023-11-07T00:00:00+00:00",1,1,3],["2023-11-26T00:00:00+00:00",1,1,0],["2024-01-06T00:00:00+00:00",1,1,0],["2024-02-29T00:00:00+00:00",1,1,0],["2024-04-01T00:00:00+00:00",1,1,0],["2024-05-03T00:00:00+00:00",1,1,0],["2024-07-06T00:00:00+00:00",1,1,0],["2024-09-06T00:00:00+00:00",1,1,0],["2024-12-01T00:00:00+00:00",1,1,0],["2025-02-25T00:00:00+00:00",1,1,0],["2025-04-04T00:00:00+00:00",1,1,0],["2025-07-08T00:00:00+00:00",1,1,0],["2025-09-22T00:00:00+00:00",1,1,0]]},"geometry":{"type":"Point","coordinates":[34.44704,31.510307]}},{"type":"Feature","properties":{"site_id":26,"event_code":"CE20231007PSE","latest_date":"2025-09-22T00:00:00+00:00","latest_class":3,"pass_count":13,"h":[["2023-11-07T00:00:00+00:00",3,2,3],["2023-11-26T00:00:00+00:00",3,2,0],["2024-01-06T00:00:00+00:00",3,2,0],["2024-02-29T00:00:00+00:00",3,2,0],["2024-04-01T00:00:00+00:00",3,2,0],["2024-05-03T00:00:00+00:00",3,2,0],["2024-07-06T00:00:00+00:00",3,2,0],["2024-09-06T00:00:00+00:00",3,2,0],["2024-12-01T00:00:00+00:00",3,2,0],["2025-02-25T00:00:00+00:00",3,2,0],["2025-04-04T00:00:00+00:00",3,2,0],["2025-07-08T00:00:00+00:00",3,2,0],["2025-09-22T00:00:00+00:00",3,2,0]]},"geometry":{"type":"Point","coordinates":[34.447204,31.510164]}},{"type":"Feature","properties":{"site_id":26,"event_code":"CE20231007PSE","latest_date":"2025-09-22T00:00:00+00:00","latest_class":2,"pass_count":13,"h":[["2023-11-07T00:00:00+00:00",2,1,3],["2023-11-26T00:00:00+00:00",2,1,0],["2024-01-06T00:00:00+00:00",2,1,0],["2024-02-29T00:00:00+00:00",2,1,0],["2024-04-01T00:00:00+00:00",2,1,0],["2024-05-03T00:00:00+00:00",2,1,0],["2024-07-06T00:00:00+00:00",2,1,0],["2024-09-06T00:00:00+00:00",2,1,0],["2024-12-01T00:00:00+00:00",2,1,0],["2025-02-25T00:00:00+00:00",2,1,0],["2025-04-04T00:00:00+00:00",2,1,0],["2025-07-08T00:00:00+00:00",2,1,0],["2025-09-22T00:00:00+00:00",2,1,0]]},"geometry":{"type":"Point","coordinates":[34.447177,31.510484]}},{"type":"Feature","properties":{"site_id":26,"event_code":"CE20231007PSE","latest_date":"2025-09-22T00:00:00+00:00","latest_class":2,"pass_count":13,"h":[["2023-11-07T00:00:00+00:00",2,1,3],["2023-11-26T00:00:00+00:00",2,1,0],["2024-01-06T00:00:00+00:00",2,1,0],["2024-02-29T00:00:00+00:00",2,1,0],["2024-04-01T00:00:00+00:00",2,1,0],["2024-05-03T00:00:00+00:00",2,1,0],["2024-07-06T00:00:00+00:00",2,1,0],["2024-09-06T00:00:00+00:00",2,1,0],["2024-12-01T00:00:00+00:00",2,1,0],["2025-02-25T00:00:00+00:00",2,1,0],["2025-04-04T00:00:00+00:00",2,1,0],["2025-07-08T00:00:00+00:00",2,1,0],["2025-09-22T00:00:00+00:00",2,1,0]]},"geometry":{"type":"Point","coordinates":[34.447289,31.510574]}},{"type":"Feature","properties":{"site_id":26,"event_code":"CE20231007PSE","latest_date":"2025-09-22T00:00:00+00:00","latest_class":3,"pass_count":12,"h":[["2023-11-26T00:00:00+00:00",3,2,3],["2024-01-06T00:00:00+00:00",3,2,0],["2024-02-29T00:00:00+00:00",3,2,0],["2024-04-01T00:00:00+00:00",3,2,0],["2024-05-03T00:00:00+00:00",3,2,0],["2024-07-06T00:00:00+00:00",3,2,0],["2024-09-06T00:00:00+00:00",3,2,0],["2024-12-01T00:00:00+00:00",3,2,0],["2025-02-25T00:00:00+00:00",3,2,0],["2025-04-04T00:00:00+00:00",3,2,0],["2025-07-08T00:00:00+00:00",3,2,0],["2025-09-22T00:00:00+00:00",3,2,0]]},"geometry":{"type":"Point","coordinates":[34.447414,31.510286]}},{"type":"Feature","properties":{"site_id":26,"event_code":"CE20231007PSE","latest_date":"2025-09-22T00:00:00+00:00","latest_class":3,"pass_count":13,"h":[["2023-11-07T00:00:00+00:00",4,3,3],["2023-11-26T00:00:00+00:00",3,2,1],["2024-01-06T00:00:00+00:00",3,2,0],["2024-02-29T00:00:00+00:00",3,2,0],["2024-04-01T00:00:00+00:00",3,2,0],["2024-05-03T00:00:00+00:00",3,2,0],["2024-07-06T00:00:00+00:00",3,2,0],["2024-09-06T00:00:00+00:00",3,2,0],["2024-12-01T00:00:00+00:00",3,2,0],["2025-02-25T00:00:00+00:00",3,2,0],["2025-04-04T00:00:00+00:00",3,2,0],["2025-07-08T00:00:00+00:00",3,2,0],["2025-09-22T00:00:00+00:00",3,2,0]]},"geometry":{"type":"Point","coordinates":[34.447002,31.510529]}},{"type":"Feature","properties":{"site_id":26,"event_code":"CE20231007PSE","latest_date":"2025-09-22T00:00:00+00:00","latest_class":3,"pass_count":13,"h":[["2023-11-07T00:00:00+00:00",4,3,3],["2023-11-26T00:00:00+00:00",4,3,0],["2024-01-06T00:00:00+00:00",4,3,0],["2024-02-29T00:00:00+00:00",4,3,0],["2024-04-01T00:00:00+00:00",3,2,1],["2024-05-03T00:00:00+00:00",3,2,0],["2024-07-06T00:00:00+00:00",3,2,0],["2024-09-06T00:00:00+00:00",3,2,0],["2024-12-01T00:00:00+00:00",3,2,0],["2025-02-25T00:00:00+00:00",3,2,0],["2025-04-04T00:00:00+00:00",3,2,0],["2025-07-08T00:00:00+00:00",3,2,0],["2025-09-22T00:00:00+00:00",3,2,0]]},"geometry":{"type":"Point","coordinates":[34.443368,31.506843]}},{"type":"Feature","properties":{"site_id":26,"event_code":"CE20231007PSE","latest_date":"2025-09-22T00:00:00+00:00","latest_class":3,"pass_count":12,"h":[["2023-11-26T00:00:00+00:00",3,2,3],["2024-01-06T00:00:00+00:00",3,2,0],["2024-02-29T00:00:00+00:00",3,2,0],["2024-04-01T00:00:00+00:00",3,2,0],["2024-05-03T00:00:00+00:00",3,2,0],["2024-07-06T00:00:00+00:00",3,2,0],["2024-09-06T00:00:00+00:00",3,2,0],["2024-12-01T00:00:00+00:00",3,2,0],["2025-02-25T00:00:00+00:00",3,2,0],["2025-04-04T00:00:00+00:00",3,2,0],["2025-07-08T00:00:00+00:00",3,2,0],["2025-09-22T00:00:00+00:00",3,2,0]]},"geometry":{"type":"Point","coordinates":[34.446465,31.5065]}},{"type":"Feature","properties":{"site_id":26,"event_code":"CE20231007PSE","latest_date":"2025-09-22T00:00:00+00:00","latest_class":3,"pass_count":13,"h":[["2023-11-07T00:00:00+00:00",4,3,3],["2023-11-26T00:00:00+00:00",4,3,0],["2024-01-06T00:00:00+00:00",4,3,0],["2024-02-29T00:00:00+00:00",3,2,1],["2024-04-01T00:00:00+00:00",3,2,0],["2024-05-03T00:00:00+00:00",3,2,0],["2024-07-06T00:00:00+00:00",3,2,0],["2024-09-06T00:00:00+00:00",3,2,0],["2024-12-01T00:00:00+00:00",3,2,0],["2025-02-25T00:00:00+00:00",3,2,0],["2025-04-04T00:00:00+00:00",3,2,0],["2025-07-08T00:00:00+00:00",3,2,0],["2025-09-22T00:00:00+00:00",3,2,0]]},"geometry":{"type":"Point","coordinates":[34.451897,31.504695]}},{"type":"Feature","properties":{"site_id":26,"event_code":"CE20231007PSE","latest_date":"2025-09-22T00:00:00+00:00","latest_class":1,"pass_count":14,"h":[["2023-10-15T00:00:00+00:00",1,1,null],["2023-11-07T00:00:00+00:00",1,1,0],["2023-11-26T00:00:00+00:00",1,1,0],["2024-01-06T00:00:00+00:00",1,1,0],["2024-02-29T00:00:00+00:00",1,1,0],["2024-04-01T00:00:00+00:00",1,1,0],["2024-05-03T00:00:00+00:00",1,1,0],["2024-07-06T00:00:00+00:00",1,1,0],["2024-09-06T00:00:00+00:00",1,1,0],["2024-12-01T00:00:00+00:00",1,1,0],["2025-02-25T00:00:00+00:00",1,1,0],["2025-04-04T00:00:00+00:00",1,1,0],["2025-07-08T00:00:00+00:00",1,1,0],["2025-09-22T00:00:00+00:00",1,1,0]]},"geometry":{"type":"Point","coordinates":[34.447763,31.509198]}},{"type":"Feature","properties":{"site_id":26,"event_code":"CE20231007PSE","latest_date":"2025-09-22T00:00:00+00:00","latest_class":1,"pass_count":14,"h":[["2023-10-15T00:00:00+00:00",1,1,null],["2023-11-07T00:00:00+00:00",1,1,0],["2023-11-26T00:00:00+00:00",1,1,0],["2024-01-06T00:00:00+00:00",1,1,0],["2024-02-29T00:00:00+00:00",1,1,0],["2024-04-01T00:00:00+00:00",1,1,0],["2024-05-03T00:00:00+00:00",1,1,0],["2024-07-06T00:00:00+00:00",1,1,0],["2024-09-06T00:00:00+00:00",1,1,0],["2024-12-01T00:00:00+00:00",1,1,0],["2025-02-25T00:00:00+00:00",1,1,0],["2025-04-04T00:00:00+00:00",1,1,0],["2025-07-08T00:00:00+00:00",1,1,0],["2025-09-22T00:00:00+00:00",1,1,0]]},"geometry":{"type":"Point","coordinates":[34.447643,31.50927]}},{"type":"Feature","properties":{"site_id":26,"event_code":"CE20231007PSE","latest_date":"2025-09-22T00:00:00+00:00","latest_class":3,"pass_count":14,"h":[["2023-10-15T00:00:00+00:00",3,2,null],["2023-11-07T00:00:00+00:00",3,2,0],["2023-11-26T00:00:00+00:00",3,2,0],["2024-01-06T00:00:00+00:00",3,2,0],["2024-02-29T00:00:00+00:00",3,2,0],["2024-04-01T00:00:00+00:00",3,2,0],["2024-05-03T00:00:00+00:00",3,2,0],["2024-07-06T00:00:00+00:00",3,2,0],["2024-09-06T00:00:00+00:00",3,2,0],["2024-12-01T00:00:00+00:00",3,2,0],["2025-02-25T00:00:00+00:00",3,2,0],["2025-04-04T00:00:00+00:00",3,2,0],["2025-07-08T00:00:00+00:00",3,2,0],["2025-09-22T00:00:00+00:00",3,2,0]]},"geometry":{"type":"Point","coordinates":[34.447734,31.509511]}},{"type":"Feature","properties":{"site_id":26,"event_code":"CE20231007PSE","latest_date":"2025-09-22T00:00:00+00:00","latest_class":3,"pass_count":14,"h":[["2023-10-15T00:00:00+00:00",3,2,null],["2023-11-07T00:00:00+00:00",3,2,0],["2023-11-26T00:00:00+00:00",3,2,0],["2024-01-06T00:00:00+00:00",3,2,0],["2024-02-29T00:00:00+00:00",3,2,0],["2024-04-01T00:00:00+00:00",3,2,0],["2024-05-03T00:00:00+00:00",3,2,0],["2024-07-06T00:00:00+00:00",3,2,0],["2024-09-06T00:00:00+00:00",3,2,0],["2024-12-01T00:00:00+00:00",3,2,0],["2025-02-25T00:00:00+00:00",3,2,0],["2025-04-04T00:00:00+00:00",3,2,0],["2025-07-08T00:00:00+00:00",3,2,0],["2025-09-22T00:00:00+00:00",3,2,0]]},"geometry":{"type":"Point","coordinates":[34.447839,31.509421]}},{"type":"Feature","properties":{"site_id":26,"event_code":"CE20231007PSE","latest_date":"2025-09-22T00:00:00+00:00","latest_class":3,"pass_count":14,"h":[["2023-10-15T00:00:00+00:00",3,2,null],["2023-11-07T00:00:00+00:00",3,2,0],["2023-11-26T00:00:00+00:00",3,2,0],["2024-01-06T00:00:00+00:00",3,2,0],["2024-02-29T00:00:00+00:00",3,2,0],["2024-04-01T00:00:00+00:00",3,2,0],["2024-05-03T00:00:00+00:00",3,2,0],["2024-07-06T00:00:00+00:00",3,2,0],["2024-09-06T00:00:00+00:00",3,2,0],["2024-12-01T00:00:00+00:00",3,2,0],["2025-02-25T00:00:00+00:00",3,2,0],["2025-04-04T00:00:00+00:00",3,2,0],["2025-07-08T00:00:00+00:00",3,2,0],["2025-09-22T00:00:00+00:00",3,2,0]]},"geometry":{"type":"Point","coordinates":[34.447552,31.50901]}},{"type":"Feature","properties":{"site_id":26,"event_code":"CE20231007PSE","latest_date":"2025-09-22T00:00:00+00:00","latest_class":3,"pass_count":13,"h":[["2023-11-07T00:00:00+00:00",3,2,3],["2023-11-26T00:00:00+00:00",3,2,0],["2024-01-06T00:00:00+00:00",3,2,0],["2024-02-29T00:00:00+00:00",3,2,0],["2024-04-01T00:00:00+00:00",3,2,0],["2024-05-03T00:00:00+00:00",3,2,0],["2024-07-06T00:00:00+00:00",3,2,0],["2024-09-06T00:00:00+00:00",3,2,0],["2024-12-01T00:00:00+00:00",3,2,0],["2025-02-25T00:00:00+00:00",3,2,0],["2025-04-04T00:00:00+00:00",3,2,0],["2025-07-08T00:00:00+00:00",3,2,0],["2025-09-22T00:00:00+00:00",3,2,0]]},"geometry":{"type":"Point","coordinates":[34.447634,31.508279]}},{"type":"Feature","properties":{"site_id":26,"event_code":"CE20231007PSE","latest_date":"2025-09-22T00:00:00+00:00","latest_class":3,"pass_count":13,"h":[["2023-11-07T00:00:00+00:00",3,2,3],["2023-11-26T00:00:00+00:00",3,2,0],["2024-01-06T00:00:00+00:00",3,2,0],["2024-02-29T00:00:00+00:00",3,2,0],["2024-04-01T00:00:00+00:00",3,2,0],["2024-05-03T00:00:00+00:00",3,2,0],["2024-07-06T00:00:00+00:00",3,2,0],["2024-09-06T00:00:00+00:00",3,2,0],["2024-12-01T00:00:00+00:00",3,2,0],["2025-02-25T00:00:00+00:00",3,2,0],["2025-04-04T00:00:00+00:00",3,2,0],["2025-07-08T00:00:00+00:00",3,2,0],["2025-09-22T00:00:00+00:00",3,2,0]]},"geometry":{"type":"Point","coordinates":[34.447856,31.508396]}},{"type":"Feature","properties":{"site_id":26,"event_code":"CE20231007PSE","latest_date":"2025-09-22T00:00:00+00:00","latest_class":2,"pass_count":12,"h":[["2023-11-26T00:00:00+00:00",2,1,3],["2024-01-06T00:00:00+00:00",2,1,0],["2024-02-29T00:00:00+00:00",2,1,0],["2024-04-01T00:00:00+00:00",2,1,0],["2024-05-03T00:00:00+00:00",2,1,0],["2024-07-06T00:00:00+00:00",2,1,0],["2024-09-06T00:00:00+00:00",2,1,0],["2024-12-01T00:00:00+00:00",2,1,0],["2025-02-25T00:00:00+00:00",2,1,0],["2025-04-04T00:00:00+00:00",2,1,0],["2025-07-08T00:00:00+00:00",2,1,0],["2025-09-22T00:00:00+00:00",2,1,0]]},"geometry":{"type":"Point","coordinates":[34.447705,31.505703]}},{"type":"Feature","properties":{"site_id":26,"event_code":"CE20231007PSE","latest_date":"2025-09-22T00:00:00+00:00","latest_class":3,"pass_count":12,"h":[["2023-11-26T00:00:00+00:00",3,2,3],["2024-01-06T00:00:00+00:00",3,2,0],["2024-02-29T00:00:00+00:00",3,2,0],["2024-04-01T00:00:00+00:00",3,2,0],["2024-05-03T00:00:00+00:00",3,2,0],["2024-07-06T00:00:00+00:00",3,2,0],["2024-09-06T00:00:00+00:00",3,2,0],["2024-12-01T00:00:00+00:00",3,2,0],["2025-02-25T00:00:00+00:00",3,2,0],["2025-04-04T00:00:00+00:00",3,2,0],["2025-07-08T00:00:00+00:00",3,2,0],["2025-09-22T00:00:00+00:00",3,2,0]]},"geometry":{"type":"Point","coordinates":[34.447593,31.505778]}},{"type":"Feature","properties":{"site_id":26,"event_code":"CE20231007PSE","latest_date":"2025-09-22T00:00:00+00:00","latest_class":2,"pass_count":12,"h":[["2023-11-26T00:00:00+00:00",2,1,3],["2024-01-06T00:00:00+00:00",2,1,0],["2024-02-29T00:00:00+00:00",2,1,0],["2024-04-01T00:00:00+00:00",2,1,0],["2024-05-03T00:00:00+00:00",2,1,0],["2024-07-06T00:00:00+00:00",2,1,0],["2024-09-06T00:00:00+00:00",2,1,0],["2024-12-01T00:00:00+00:00",2,1,0],["2025-02-25T00:00:00+00:00",2,1,0],["2025-04-04T00:00:00+00:00",2,1,0],["2025-07-08T00:00:00+00:00",2,1,0],["2025-09-22T00:00:00+00:00",2,1,0]]},"geometry":{"type":"Point","coordinates":[34.447601,31.505989]}},{"type":"Feature","properties":{"site_id":26,"event_code":"CE20231007PSE","latest_date":"2025-09-22T00:00:00+00:00","latest_class":3,"pass_count":12,"h":[["2023-11-26T00:00:00+00:00",3,2,3],["2024-01-06T00:00:00+00:00",3,2,0],["2024-02-29T00:00:00+00:00",3,2,0],["2024-04-01T00:00:00+00:00",3,2,0],["2024-05-03T00:00:00+00:00",3,2,0],["2024-07-06T00:00:00+00:00",3,2,0],["2024-09-06T00:00:00+00:00",3,2,0],["2024-12-01T00:00:00+00:00",3,2,0],["2025-02-25T00:00:00+00:00",3,2,0],["2025-04-04T00:00:00+00:00",3,2,0],["2025-07-08T00:00:00+00:00",3,2,0],["2025-09-22T00:00:00+00:00",3,2,0]]},"geometry":{"type":"Point","coordinates":[34.447804,31.50588]}},{"type":"Feature","properties":{"site_id":26,"event_code":"CE20231007PSE","latest_date":"2025-09-22T00:00:00+00:00","latest_class":3,"pass_count":12,"h":[["2023-11-26T00:00:00+00:00",3,2,3],["2024-01-06T00:00:00+00:00",3,2,0],["2024-02-29T00:00:00+00:00",3,2,0],["2024-04-01T00:00:00+00:00",3,2,0],["2024-05-03T00:00:00+00:00",3,2,0],["2024-07-06T00:00:00+00:00",3,2,0],["2024-09-06T00:00:00+00:00",3,2,0],["2024-12-01T00:00:00+00:00",3,2,0],["2025-02-25T00:00:00+00:00",3,2,0],["2025-04-04T00:00:00+00:00",3,2,0],["2025-07-08T00:00:00+00:00",3,2,0],["2025-09-22T00:00:00+00:00",3,2,0]]},"geometry":{"type":"Point","coordinates":[34.447707,31.505914]}},{"type":"Feature","properties":{"site_id":26,"event_code":"CE20231007PSE","latest_date":"2025-09-22T00:00:00+00:00","latest_class":3,"pass_count":12,"h":[["2023-11-26T00:00:00+00:00",3,2,3],["2024-01-06T00:00:00+00:00",3,2,0],["2024-02-29T00:00:00+00:00",3,2,0],["2024-04-01T00:00:00+00:00",3,2,0],["2024-05-03T00:00:00+00:00",3,2,0],["2024-07-06T00:00:00+00:00",3,2,0],["2024-09-06T00:00:00+00:00",3,2,0],["2024-12-01T00:00:00+00:00",3,2,0],["2025-02-25T00:00:00+00:00",3,2,0],["2025-04-04T00:00:00+00:00",3,2,0],["2025-07-08T00:00:00+00:00",3,2,0],["2025-09-22T00:00:00+00:00",3,2,0]]},"geometry":{"type":"Point","coordinates":[34.447674,31.506075]}},{"type":"Feature","properties":{"site_id":26,"event_code":"CE20231007PSE","latest_date":"2025-09-22T00:00:00+00:00","latest_class":3,"pass_count":12,"h":[["2023-11-26T00:00:00+00:00",3,2,3],["2024-01-06T00:00:00+00:00",3,2,0],["2024-02-29T00:00:00+00:00",3,2,0],["2024-04-01T00:00:00+00:00",3,2,0],["2024-05-03T00:00:00+00:00",3,2,0],["2024-07-06T00:00:00+00:00",3,2,0],["2024-09-06T00:00:00+00:00",3,2,0],["2024-12-01T00:00:00+00:00",3,2,0],["2025-02-25T00:00:00+00:00",3,2,0],["2025-04-04T00:00:00+00:00",3,2,0],["2025-07-08T00:00:00+00:00",3,2,0],["2025-09-22T00:00:00+00:00",3,2,0]]},"geometry":{"type":"Point","coordinates":[34.447899,31.505753]}},{"type":"Feature","properties":{"site_id":26,"event_code":"CE20231007PSE","latest_date":"2025-09-22T00:00:00+00:00","latest_class":2,"pass_count":12,"h":[["2023-11-26T00:00:00+00:00",2,1,3],["2024-01-06T00:00:00+00:00",2,1,0],["2024-02-29T00:00:00+00:00",2,1,0],["2024-04-01T00:00:00+00:00",2,1,0],["2024-05-03T00:00:00+00:00",2,1,0],["2024-07-06T00:00:00+00:00",2,1,0],["2024-09-06T00:00:00+00:00",2,1,0],["2024-12-01T00:00:00+00:00",2,1,0],["2025-02-25T00:00:00+00:00",2,1,0],["2025-04-04T00:00:00+00:00",2,1,0],["2025-07-08T00:00:00+00:00",2,1,0],["2025-09-22T00:00:00+00:00",2,1,0]]},"geometry":{"type":"Point","coordinates":[34.447859,31.506606]}},{"type":"Feature","properties":{"site_id":26,"event_code":"CE20231007PSE","latest_date":"2025-09-22T00:00:00+00:00","latest_class":3,"pass_count":12,"h":[["2023-11-26T00:00:00+00:00",3,2,3],["2024-01-06T00:00:00+00:00",3,2,0],["2024-02-29T00:00:00+00:00",3,2,0],["2024-04-01T00:00:00+00:00",3,2,0],["2024-05-03T00:00:00+00:00",3,2,0],["2024-07-06T00:00:00+00:00",3,2,0],["2024-09-06T00:00:00+00:00",3,2,0],["2024-12-01T00:00:00+00:00",3,2,0],["2025-02-25T00:00:00+00:00",3,2,0],["2025-04-04T00:00:00+00:00",3,2,0],["2025-07-08T00:00:00+00:00",3,2,0],["2025-09-22T00:00:00+00:00",3,2,0]]},"geometry":{"type":"Point","coordinates":[34.447799,31.506668]}},{"type":"Feature","properties":{"site_id":26,"event_code":"CE20231007PSE","latest_date":"2025-09-22T00:00:00+00:00","latest_class":3,"pass_count":12,"h":[["2023-11-26T00:00:00+00:00",3,2,3],["2024-01-06T00:00:00+00:00",3,2,0],["2024-02-29T00:00:00+00:00",3,2,0],["2024-04-01T00:00:00+00:00",3,2,0],["2024-05-03T00:00:00+00:00",3,2,0],["2024-07-06T00:00:00+00:00",3,2,0],["2024-09-06T00:00:00+00:00",3,2,0],["2024-12-01T00:00:00+00:00",3,2,0],["2025-02-25T00:00:00+00:00",3,2,0],["2025-04-04T00:00:00+00:00",3,2,0],["2025-07-08T00:00:00+00:00",3,2,0],["2025-09-22T00:00:00+00:00",3,2,0]]},"geometry":{"type":"Point","coordinates":[34.447784,31.506729]}},{"type":"Feature","properties":{"site_id":26,"event_code":"CE20231007PSE","latest_date":"2025-09-22T00:00:00+00:00","latest_class":3,"pass_count":14,"h":[["2023-10-15T00:00:00+00:00",4,3,null],["2023-11-07T00:00:00+00:00",4,3,0],["2023-11-26T00:00:00+00:00",4,3,0],["2024-01-06T00:00:00+00:00",3,2,1],["2024-02-29T00:00:00+00:00",3,2,0],["2024-04-01T00:00:00+00:00",3,2,0],["2024-05-03T00:00:00+00:00",3,2,0],["2024-07-06T00:00:00+00:00",3,2,0],["2024-09-06T00:00:00+00:00",3,2,0],["2024-12-01T00:00:00+00:00",3,2,0],["2025-02-25T00:00:00+00:00",3,2,0],["2025-04-04T00:00:00+00:00",3,2,0],["2025-07-08T00:00:00+00:00",3,2,0],["2025-09-22T00:00:00+00:00",3,2,0]]},"geometry":{"type":"Point","coordinates":[34.447672,31.50885]}},{"type":"Feature","properties":{"site_id":26,"event_code":"CE20231007PSE","latest_date":"2025-09-22T00:00:00+00:00","latest_class":3,"pass_count":11,"h":[["2024-01-06T00:00:00+00:00",3,2,3],["2024-02-29T00:00:00+00:00",3,2,0],["2024-04-01T00:00:00+00:00",3,2,0],["2024-05-03T00:00:00+00:00",3,2,0],["2024-07-06T00:00:00+00:00",3,2,0],["2024-09-06T00:00:00+00:00",3,2,0],["2024-12-01T00:00:00+00:00",3,2,0],["2025-02-25T00:00:00+00:00",3,2,0],["2025-04-04T00:00:00+00:00",3,2,0],["2025-07-08T00:00:00+00:00",3,2,0],["2025-09-22T00:00:00+00:00",3,2,0]]},"geometry":{"type":"Point","coordinates":[34.447833,31.508743]}},{"type":"Feature","properties":{"site_id":26,"event_code":"CE20231007PSE","latest_date":"2025-09-22T00:00:00+00:00","latest_class":3,"pass_count":14,"h":[["2023-10-15T00:00:00+00:00",4,3,null],["2023-11-07T00:00:00+00:00",4,3,0],["2023-11-26T00:00:00+00:00",4,3,0],["2024-01-06T00:00:00+00:00",3,2,1],["2024-02-29T00:00:00+00:00",3,2,0],["2024-04-01T00:00:00+00:00",3,2,0],["2024-05-03T00:00:00+00:00",3,2,0],["2024-07-06T00:00:00+00:00",3,2,0],["2024-09-06T00:00:00+00:00",3,2,0],["2024-12-01T00:00:00+00:00",3,2,0],["2025-02-25T00:00:00+00:00",3,2,0],["2025-04-04T00:00:00+00:00",3,2,0],["2025-07-08T00:00:00+00:00",3,2,0],["2025-09-22T00:00:00+00:00",3,2,0]]},"geometry":{"type":"Point","coordinates":[34.447637,31.509556]}},{"type":"Feature","properties":{"site_id":26,"event_code":"CE20231007PSE","latest_date":"2025-09-22T00:00:00+00:00","latest_class":3,"pass_count":14,"h":[["2023-10-15T00:00:00+00:00",3,2,null],["2023-11-07T00:00:00+00:00",3,2,0],["2023-11-26T00:00:00+00:00",3,2,0],["2024-01-06T00:00:00+00:00",3,2,0],["2024-02-29T00:00:00+00:00",3,2,0],["2024-04-01T00:00:00+00:00",3,2,0],["2024-05-03T00:00:00+00:00",3,2,0],["2024-07-06T00:00:00+00:00",3,2,0],["2024-09-06T00:00:00+00:00",3,2,0],["2024-12-01T00:00:00+00:00",3,2,0],["2025-02-25T00:00:00+00:00",3,2,0],["2025-04-04T00:00:00+00:00",3,2,0],["2025-07-08T00:00:00+00:00",3,2,0],["2025-09-22T00:00:00+00:00",3,2,0]]},"geometry":{"type":"Point","coordinates":[34.447971,31.509347]}},{"type":"Feature","properties":{"site_id":26,"event_code":"CE20231007PSE","latest_date":"2025-09-22T00:00:00+00:00","latest_class":1,"pass_count":13,"h":[["2023-11-07T00:00:00+00:00",1,1,3],["2023-11-26T00:00:00+00:00",1,1,0],["2024-01-06T00:00:00+00:00",1,1,0],["2024-02-29T00:00:00+00:00",1,1,0],["2024-04-01T00:00:00+00:00",1,1,0],["2024-05-03T00:00:00+00:00",1,1,0],["2024-07-06T00:00:00+00:00",1,1,0],["2024-09-06T00:00:00+00:00",1,1,0],["2024-12-01T00:00:00+00:00",1,1,0],["2025-02-25T00:00:00+00:00",1,1,0],["2025-04-04T00:00:00+00:00",1,1,0],["2025-07-08T00:00:00+00:00",1,1,0],["2025-09-22T00:00:00+00:00",1,1,0]]},"geometry":{"type":"Point","coordinates":[34.44793,31.508092]}},{"type":"Feature","properties":{"site_id":26,"event_code":"CE20231007PSE","latest_date":"2025-09-22T00:00:00+00:00","latest_class":3,"pass_count":12,"h":[["2023-11-26T00:00:00+00:00",3,2,3],["2024-01-06T00:00:00+00:00",3,2,0],["2024-02-29T00:00:00+00:00",3,2,0],["2024-04-01T00:00:00+00:00",3,2,0],["2024-05-03T00:00:00+00:00",3,2,0],["2024-07-06T00:00:00+00:00",3,2,0],["2024-09-06T00:00:00+00:00",3,2,0],["2024-12-01T00:00:00+00:00",3,2,0],["2025-02-25T00:00:00+00:00",3,2,0],["2025-04-04T00:00:00+00:00",3,2,0],["2025-07-08T00:00:00+00:00",3,2,0],["2025-09-22T00:00:00+00:00",3,2,0]]},"geometry":{"type":"Point","coordinates":[34.448038,31.506204]}},{"type":"Feature","properties":{"site_id":26,"event_code":"CE20231007PSE","latest_date":"2025-09-22T00:00:00+00:00","latest_class":3,"pass_count":12,"h":[["2023-11-26T00:00:00+00:00",3,2,3],["2024-01-06T00:00:00+00:00",3,2,0],["2024-02-29T00:00:00+00:00",3,2,0],["2024-04-01T00:00:00+00:00",3,2,0],["2024-05-03T00:00:00+00:00",3,2,0],["2024-07-06T00:00:00+00:00",3,2,0],["2024-09-06T00:00:00+00:00",3,2,0],["2024-12-01T00:00:00+00:00",3,2,0],["2025-02-25T00:00:00+00:00",3,2,0],["2025-04-04T00:00:00+00:00",3,2,0],["2025-07-08T00:00:00+00:00",3,2,0],["2025-09-22T00:00:00+00:00",3,2,0]]},"geometry":{"type":"Point","coordinates":[34.448091,31.506295]}},{"type":"Feature","properties":{"site_id":26,"event_code":"CE20231007PSE","latest_date":"2025-09-22T00:00:00+00:00","latest_class":3,"pass_count":12,"h":[["2023-11-26T00:00:00+00:00",3,2,3],["2024-01-06T00:00:00+00:00",3,2,0],["2024-02-29T00:00:00+00:00",3,2,0],["2024-04-01T00:00:00+00:00",3,2,0],["2024-05-03T00:00:00+00:00",3,2,0],["2024-07-06T00:00:00+00:00",3,2,0],["2024-09-06T00:00:00+00:00",3,2,0],["2024-12-01T00:00:00+00:00",3,2,0],["2025-02-25T00:00:00+00:00",3,2,0],["2025-04-04T00:00:00+00:00",3,2,0],["2025-07-08T00:00:00+00:00",3,2,0],["2025-09-22T00:00:00+00:00",3,2,0]]},"geometry":{"type":"Point","coordinates":[34.447961,31.505948]}},{"type":"Feature","properties":{"site_id":26,"event_code":"CE20231007PSE","latest_date":"2025-09-22T00:00:00+00:00","latest_class":3,"pass_count":14,"h":[["2023-10-15T00:00:00+00:00",3,2,null],["2023-11-07T00:00:00+00:00",3,2,0],["2023-11-26T00:00:00+00:00",3,2,0],["2024-01-06T00:00:00+00:00",3,2,0],["2024-02-29T00:00:00+00:00",3,2,0],["2024-04-01T00:00:00+00:00",3,2,0],["2024-05-03T00:00:00+00:00",3,2,0],["2024-07-06T00:00:00+00:00",3,2,0],["2024-09-06T00:00:00+00:00",3,2,0],["2024-12-01T00:00:00+00:00",3,2,0],["2025-02-25T00:00:00+00:00",3,2,0],["2025-04-04T00:00:00+00:00",3,2,0],["2025-07-08T00:00:00+00:00",3,2,0],["2025-09-22T00:00:00+00:00",3,2,0]]},"geometry":{"type":"Point","coordinates":[34.448127,31.509275]}},{"type":"Feature","properties":{"site_id":26,"event_code":"CE20231007PSE","latest_date":"2025-09-22T00:00:00+00:00","latest_class":1,"pass_count":14,"h":[["2023-10-15T00:00:00+00:00",3,2,null],["2023-11-07T00:00:00+00:00",1,1,1],["2023-11-26T00:00:00+00:00",1,1,0],["2024-01-06T00:00:00+00:00",1,1,0],["2024-02-29T00:00:00+00:00",1,1,0],["2024-04-01T00:00:00+00:00",1,1,0],["2024-05-03T00:00:00+00:00",1,1,0],["2024-07-06T00:00:00+00:00",1,1,0],["2024-09-06T00:00:00+00:00",1,1,0],["2024-12-01T00:00:00+00:00",1,1,0],["2025-02-25T00:00:00+00:00",1,1,0],["2025-04-04T00:00:00+00:00",1,1,0],["2025-07-08T00:00:00+00:00",1,1,0],["2025-09-22T00:00:00+00:00",1,1,0]]},"geometry":{"type":"Point","coordinates":[34.448077,31.509035]}},{"type":"Feature","properties":{"site_id":26,"event_code":"CE20231007PSE","latest_date":"2025-09-22T00:00:00+00:00","latest_class":2,"pass_count":14,"h":[["2023-10-15T00:00:00+00:00",2,1,null],["2023-11-07T00:00:00+00:00",2,1,0],["2023-11-26T00:00:00+00:00",2,1,0],["2024-01-06T00:00:00+00:00",2,1,0],["2024-02-29T00:00:00+00:00",2,1,0],["2024-04-01T00:00:00+00:00",2,1,0],["2024-05-03T00:00:00+00:00",2,1,0],["2024-07-06T00:00:00+00:00",2,1,0],["2024-09-06T00:00:00+00:00",2,1,0],["2024-12-01T00:00:00+00:00",2,1,0],["2025-02-25T00:00:00+00:00",2,1,0],["2025-04-04T00:00:00+00:00",2,1,0],["2025-07-08T00:00:00+00:00",2,1,0],["2025-09-22T00:00:00+00:00",2,1,0]]},"geometry":{"type":"Point","coordinates":[34.449494,31.505497]}},{"type":"Feature","properties":{"site_id":26,"event_code":"CE20231007PSE","latest_date":"2025-09-22T00:00:00+00:00","latest_class":3,"pass_count":14,"h":[["2023-10-15T00:00:00+00:00",3,2,null],["2023-11-07T00:00:00+00:00",3,2,0],["2023-11-26T00:00:00+00:00",3,2,0],["2024-01-06T00:00:00+00:00",3,2,0],["2024-02-29T00:00:00+00:00",3,2,0],["2024-04-01T00:00:00+00:00",3,2,0],["2024-05-03T00:00:00+00:00",3,2,0],["2024-07-06T00:00:00+00:00",3,2,0],["2024-09-06T00:00:00+00:00",3,2,0],["2024-12-01T00:00:00+00:00",3,2,0],["2025-02-25T00:00:00+00:00",3,2,0],["2025-04-04T00:00:00+00:00",3,2,0],["2025-07-08T00:00:00+00:00",3,2,0],["2025-09-22T00:00:00+00:00",3,2,0]]},"geometry":{"type":"Point","coordinates":[34.44965,31.50566]}},{"type":"Feature","properties":{"site_id":26,"event_code":"CE20231007PSE","latest_date":"2025-09-22T00:00:00+00:00","latest_class":3,"pass_count":14,"h":[["2023-10-15T00:00:00+00:00",3,2,null],["2023-11-07T00:00:00+00:00",3,2,0],["2023-11-26T00:00:00+00:00",3,2,0],["2024-01-06T00:00:00+00:00",3,2,0],["2024-02-29T00:00:00+00:00",3,2,0],["2024-04-01T00:00:00+00:00",3,2,0],["2024-05-03T00:00:00+00:00",3,2,0],["2024-07-06T00:00:00+00:00",3,2,0],["2024-09-06T00:00:00+00:00",3,2,0],["2024-12-01T00:00:00+00:00",3,2,0],["2025-02-25T00:00:00+00:00",3,2,0],["2025-04-04T00:00:00+00:00",3,2,0],["2025-07-08T00:00:00+00:00",3,2,0],["2025-09-22T00:00:00+00:00",3,2,0]]},"geometry":{"type":"Point","coordinates":[34.449686,31.505422]}},{"type":"Feature","properties":{"site_id":26,"event_code":"CE20231007PSE","latest_date":"2025-09-22T00:00:00+00:00","latest_class":3,"pass_count":14,"h":[["2023-10-15T00:00:00+00:00",3,2,null],["2023-11-07T00:00:00+00:00",3,2,0],["2023-11-26T00:00:00+00:00",3,2,0],["2024-01-06T00:00:00+00:00",3,2,0],["2024-02-29T00:00:00+00:00",3,2,0],["2024-04-01T00:00:00+00:00",3,2,0],["2024-05-03T00:00:00+00:00",3,2,0],["2024-07-06T00:00:00+00:00",3,2,0],["2024-09-06T00:00:00+00:00",3,2,0],["2024-12-01T00:00:00+00:00",3,2,0],["2025-02-25T00:00:00+00:00",3,2,0],["2025-04-04T00:00:00+00:00",3,2,0],["2025-07-08T00:00:00+00:00",3,2,0],["2025-09-22T00:00:00+00:00",3,2,0]]},"geometry":{"type":"Point","coordinates":[34.449372,31.505668]}},{"type":"Feature","properties":{"site_id":26,"event_code":"CE20231007PSE","latest_date":"2025-09-22T00:00:00+00:00","latest_class":1,"pass_count":13,"h":[["2023-11-07T00:00:00+00:00",1,1,3],["2023-11-26T00:00:00+00:00",1,1,0],["2024-01-06T00:00:00+00:00",1,1,0],["2024-02-29T00:00:00+00:00",1,1,0],["2024-04-01T00:00:00+00:00",1,1,0],["2024-05-03T00:00:00+00:00",1,1,0],["2024-07-06T00:00:00+00:00",1,1,0],["2024-09-06T00:00:00+00:00",1,1,0],["2024-12-01T00:00:00+00:00",1,1,0],["2025-02-25T00:00:00+00:00",1,1,0],["2025-04-04T00:00:00+00:00",1,1,0],["2025-07-08T00:00:00+00:00",1,1,0],["2025-09-22T00:00:00+00:00",1,1,0]]},"geometry":{"type":"Point","coordinates":[34.44817,31.508255]}},{"type":"Feature","properties":{"site_id":26,"event_code":"CE20231007PSE","latest_date":"2025-09-22T00:00:00+00:00","latest_class":3,"pass_count":13,"h":[["2023-11-07T00:00:00+00:00",3,2,3],["2023-11-26T00:00:00+00:00",3,2,0],["2024-01-06T00:00:00+00:00",3,2,0],["2024-02-29T00:00:00+00:00",3,2,0],["2024-04-01T00:00:00+00:00",3,2,0],["2024-05-03T00:00:00+00:00",3,2,0],["2024-07-06T00:00:00+00:00",3,2,0],["2024-09-06T00:00:00+00:00",3,2,0],["2024-12-01T00:00:00+00:00",3,2,0],["2025-02-25T00:00:00+00:00",3,2,0],["2025-04-04T00:00:00+00:00",3,2,0],["2025-07-08T00:00:00+00:00",3,2,0],["2025-09-22T00:00:00+00:00",3,2,0]]},"geometry":{"type":"Point","coordinates":[34.448248,31.508372]}},{"type":"Feature","properties":{"site_id":26,"event_code":"CE20231007PSE","latest_date":"2025-09-22T00:00:00+00:00","latest_class":3,"pass_count":13,"h":[["2023-11-07T00:00:00+00:00",3,2,3],["2023-11-26T00:00:00+00:00",3,2,0],["2024-01-06T00:00:00+00:00",3,2,0],["2024-02-29T00:00:00+00:00",3,2,0],["2024-04-01T00:00:00+00:00",3,2,0],["2024-05-03T00:00:00+00:00",3,2,0],["2024-07-06T00:00:00+00:00",3,2,0],["2024-09-06T00:00:00+00:00",3,2,0],["2024-12-01T00:00:00+00:00",3,2,0],["2025-02-25T00:00:00+00:00",3,2,0],["2025-04-04T00:00:00+00:00",3,2,0],["2025-07-08T00:00:00+00:00",3,2,0],["2025-09-22T00:00:00+00:00",3,2,0]]},"geometry":{"type":"Point","coordinates":[34.44851,31.508218]}},{"type":"Feature","properties":{"site_id":26,"event_code":"CE20231007PSE","latest_date":"2025-09-22T00:00:00+00:00","latest_class":3,"pass_count":13,"h":[["2023-11-07T00:00:00+00:00",3,2,3],["2023-11-26T00:00:00+00:00",3,2,0],["2024-01-06T00:00:00+00:00",3,2,0],["2024-02-29T00:00:00+00:00",3,2,0],["2024-04-01T00:00:00+00:00",3,2,0],["2024-05-03T00:00:00+00:00",3,2,0],["2024-07-06T00:00:00+00:00",3,2,0],["2024-09-06T00:00:00+00:00",3,2,0],["2024-12-01T00:00:00+00:00",3,2,0],["2025-02-25T00:00:00+00:00",3,2,0],["2025-04-04T00:00:00+00:00",3,2,0],["2025-07-08T00:00:00+00:00",3,2,0],["2025-09-22T00:00:00+00:00",3,2,0]]},"geometry":{"type":"Point","coordinates":[34.44817,31.508509]}},{"type":"Feature","properties":{"site_id":26,"event_code":"CE20231007PSE","latest_date":"2025-09-22T00:00:00+00:00","latest_class":1,"pass_count":13,"h":[["2023-11-07T00:00:00+00:00",2,1,3],["2023-11-26T00:00:00+00:00",1,1,1],["2024-01-06T00:00:00+00:00",1,1,0],["2024-02-29T00:00:00+00:00",1,1,0],["2024-04-01T00:00:00+00:00",1,1,0],["2024-05-03T00:00:00+00:00",1,1,0],["2024-07-06T00:00:00+00:00",1,1,0],["2024-09-06T00:00:00+00:00",1,1,0],["2024-12-01T00:00:00+00:00",1,1,0],["2025-02-25T00:00:00+00:00",1,1,0],["2025-04-04T00:00:00+00:00",1,1,0],["2025-07-08T00:00:00+00:00",1,1,0],["2025-09-22T00:00:00+00:00",1,1,0]]},"geometry":{"type":"Point","coordinates":[34.450262,31.506887]}},{"type":"Feature","properties":{"site_id":26,"event_code":"CE20231007PSE","latest_date":"2025-09-22T00:00:00+00:00","latest_class":1,"pass_count":13,"h":[["2023-11-07T00:00:00+00:00",1,1,3],["2023-11-26T00:00:00+00:00",1,1,0],["2024-01-06T00:00:00+00:00",1,1,0],["2024-02-29T00:00:00+00:00",1,1,0],["2024-04-01T00:00:00+00:00",1,1,0],["2024-05-03T00:00:00+00:00",1,1,0],["2024-07-06T00:00:00+00:00",1,1,0],["2024-09-06T00:00:00+00:00",1,1,0],["2024-12-01T00:00:00+00:00",1,1,0],["2025-02-25T00:00:00+00:00",1,1,0],["2025-04-04T00:00:00+00:00",1,1,0],["2025-07-08T00:00:00+00:00",1,1,0],["2025-09-22T00:00:00+00:00",1,1,0]]},"geometry":{"type":"Point","coordinates":[34.449261,31.506244]}},{"type":"Feature","properties":{"site_id":26,"event_code":"CE20231007PSE","latest_date":"2025-09-22T00:00:00+00:00","latest_class":2,"pass_count":13,"h":[["2023-11-07T00:00:00+00:00",2,1,3],["2023-11-26T00:00:00+00:00",2,1,0],["2024-01-06T00:00:00+00:00",2,1,0],["2024-02-29T00:00:00+00:00",2,1,0],["2024-04-01T00:00:00+00:00",2,1,0],["2024-05-03T00:00:00+00:00",2,1,0],["2024-07-06T00:00:00+00:00",2,1,0],["2024-09-06T00:00:00+00:00",2,1,0],["2024-12-01T00:00:00+00:00",2,1,0],["2025-02-25T00:00:00+00:00",2,1,0],["2025-04-04T00:00:00+00:00",2,1,0],["2025-07-08T00:00:00+00:00",2,1,0],["2025-09-22T00:00:00+00:00",2,1,0]]},"geometry":{"type":"Point","coordinates":[34.452793,31.50691]}},{"type":"Feature","properties":{"site_id":26,"event_code":"CE20231007PSE","latest_date":"2025-09-22T00:00:00+00:00","latest_class":2,"pass_count":13,"h":[["2023-11-07T00:00:00+00:00",2,1,3],["2023-11-26T00:00:00+00:00",2,1,0],["2024-01-06T00:00:00+00:00",2,1,0],["2024-02-29T00:00:00+00:00",2,1,0],["2024-04-01T00:00:00+00:00",2,1,0],["2024-05-03T00:00:00+00:00",2,1,0],["2024-07-06T00:00:00+00:00",2,1,0],["2024-09-06T00:00:00+00:00",2,1,0],["2024-12-01T00:00:00+00:00",2,1,0],["2025-02-25T00:00:00+00:00",2,1,0],["2025-04-04T00:00:00+00:00",2,1,0],["2025-07-08T00:00:00+00:00",2,1,0],["2025-09-22T00:00:00+00:00",2,1,0]]},"geometry":{"type":"Point","coordinates":[34.45305,31.506822]}},{"type":"Feature","properties":{"site_id":26,"event_code":"CE20231007PSE","latest_date":"2025-09-22T00:00:00+00:00","latest_class":2,"pass_count":13,"h":[["2023-11-07T00:00:00+00:00",2,1,3],["2023-11-26T00:00:00+00:00",2,1,0],["2024-01-06T00:00:00+00:00",2,1,0],["2024-02-29T00:00:00+00:00",2,1,0],["2024-04-01T00:00:00+00:00",2,1,0],["2024-05-03T00:00:00+00:00",2,1,0],["2024-07-06T00:00:00+00:00",2,1,0],["2024-09-06T00:00:00+00:00",2,1,0],["2024-12-01T00:00:00+00:00",2,1,0],["2025-02-25T00:00:00+00:00",2,1,0],["2025-04-04T00:00:00+00:00",2,1,0],["2025-07-08T00:00:00+00:00",2,1,0],["2025-09-22T00:00:00+00:00",2,1,0]]},"geometry":{"type":"Point","coordinates":[34.452924,31.506659]}},{"type":"Feature","properties":{"site_id":26,"event_code":"CE20231007PSE","latest_date":"2025-09-22T00:00:00+00:00","latest_class":2,"pass_count":13,"h":[["2023-11-07T00:00:00+00:00",2,1,3],["2023-11-26T00:00:00+00:00",2,1,0],["2024-01-06T00:00:00+00:00",2,1,0],["2024-02-29T00:00:00+00:00",2,1,0],["2024-04-01T00:00:00+00:00",2,1,0],["2024-05-03T00:00:00+00:00",2,1,0],["2024-07-06T00:00:00+00:00",2,1,0],["2024-09-06T00:00:00+00:00",2,1,0],["2024-12-01T00:00:00+00:00",2,1,0],["2025-02-25T00:00:00+00:00",2,1,0],["2025-04-04T00:00:00+00:00",2,1,0],["2025-07-08T00:00:00+00:00",2,1,0],["2025-09-22T00:00:00+00:00",2,1,0]]},"geometry":{"type":"Point","coordinates":[34.450175,31.506799]}},{"type":"Feature","properties":{"site_id":26,"event_code":"CE20231007PSE","latest_date":"2025-09-22T00:00:00+00:00","latest_class":1,"pass_count":13,"h":[["2023-11-07T00:00:00+00:00",1,1,3],["2023-11-26T00:00:00+00:00",1,1,0],["2024-01-06T00:00:00+00:00",1,1,0],["2024-02-29T00:00:00+00:00",1,1,0],["2024-04-01T00:00:00+00:00",1,1,0],["2024-05-03T00:00:00+00:00",1,1,0],["2024-07-06T00:00:00+00:00",1,1,0],["2024-09-06T00:00:00+00:00",1,1,0],["2024-12-01T00:00:00+00:00",1,1,0],["2025-02-25T00:00:00+00:00",1,1,0],["2025-04-04T00:00:00+00:00",1,1,0],["2025-07-08T00:00:00+00:00",1,1,0],["2025-09-22T00:00:00+00:00",1,1,0]]},"geometry":{"type":"Point","coordinates":[34.452038,31.505152]}},{"type":"Feature","properties":{"site_id":26,"event_code":"CE20231007PSE","latest_date":"2025-09-22T00:00:00+00:00","latest_class":2,"pass_count":13,"h":[["2023-11-07T00:00:00+00:00",2,1,3],["2023-11-26T00:00:00+00:00",2,1,0],["2024-01-06T00:00:00+00:00",2,1,0],["2024-02-29T00:00:00+00:00",2,1,0],["2024-04-01T00:00:00+00:00",2,1,0],["2024-05-03T00:00:00+00:00",2,1,0],["2024-07-06T00:00:00+00:00",2,1,0],["2024-09-06T00:00:00+00:00",2,1,0],["2024-12-01T00:00:00+00:00",2,1,0],["2025-02-25T00:00:00+00:00",2,1,0],["2025-04-04T00:00:00+00:00",2,1,0],["2025-07-08T00:00:00+00:00",2,1,0],["2025-09-22T00:00:00+00:00",2,1,0]]},"geometry":{"type":"Point","coordinates":[34.451961,31.505097]}},{"type":"Feature","properties":{"site_id":26,"event_code":"CE20231007PSE","latest_date":"2025-09-22T00:00:00+00:00","latest_class":3,"pass_count":13,"h":[["2023-11-07T00:00:00+00:00",3,2,3],["2023-11-26T00:00:00+00:00",3,2,0],["2024-01-06T00:00:00+00:00",3,2,0],["2024-02-29T00:00:00+00:00",3,2,0],["2024-04-01T00:00:00+00:00",3,2,0],["2024-05-03T00:00:00+00:00",3,2,0],["2024-07-06T00:00:00+00:00",3,2,0],["2024-09-06T00:00:00+00:00",3,2,0],["2024-12-01T00:00:00+00:00",3,2,0],["2025-02-25T00:00:00+00:00",3,2,0],["2025-04-04T00:00:00+00:00",3,2,0],["2025-07-08T00:00:00+00:00",3,2,0],["2025-09-22T00:00:00+00:00",3,2,0]]},"geometry":{"type":"Point","coordinates":[34.452131,31.505266]}},{"type":"Feature","properties":{"site_id":26,"event_code":"CE20231007PSE","latest_date":"2025-09-22T00:00:00+00:00","latest_class":3,"pass_count":13,"h":[["2023-11-07T00:00:00+00:00",3,2,3],["2023-11-26T00:00:00+00:00",3,2,0],["2024-01-06T00:00:00+00:00",3,2,0],["2024-02-29T00:00:00+00:00",3,2,0],["2024-04-01T00:00:00+00:00",3,2,0],["2024-05-03T00:00:00+00:00",3,2,0],["2024-07-06T00:00:00+00:00",3,2,0],["2024-09-06T00:00:00+00:00",3,2,0],["2024-12-01T00:00:00+00:00",3,2,0],["2025-02-25T00:00:00+00:00",3,2,0],["2025-04-04T00:00:00+00:00",3,2,0],["2025-07-08T00:00:00+00:00",3,2,0],["2025-09-22T00:00:00+00:00",3,2,0]]},"geometry":{"type":"Point","coordinates":[34.451891,31.505037]}},{"type":"Feature","properties":{"site_id":26,"event_code":"CE20231007PSE","latest_date":"2025-09-22T00:00:00+00:00","latest_class":2,"pass_count":13,"h":[["2023-11-07T00:00:00+00:00",2,1,3],["2023-11-26T00:00:00+00:00",2,1,0],["2024-01-06T00:00:00+00:00",2,1,0],["2024-02-29T00:00:00+00:00",2,1,0],["2024-04-01T00:00:00+00:00",2,1,0],["2024-05-03T00:00:00+00:00",2,1,0],["2024-07-06T00:00:00+00:00",2,1,0],["2024-09-06T00:00:00+00:00",2,1,0],["2024-12-01T00:00:00+00:00",2,1,0],["2025-02-25T00:00:00+00:00",2,1,0],["2025-04-04T00:00:00+00:00",2,1,0],["2025-07-08T00:00:00+00:00",2,1,0],["2025-09-22T00:00:00+00:00",2,1,0]]},"geometry":{"type":"Point","coordinates":[34.452957,31.504835]}},{"type":"Feature","properties":{"site_id":26,"event_code":"CE20231007PSE","latest_date":"2025-09-22T00:00:00+00:00","latest_class":2,"pass_count":13,"h":[["2023-11-07T00:00:00+00:00",2,1,3],["2023-11-26T00:00:00+00:00",2,1,0],["2024-01-06T00:00:00+00:00",2,1,0],["2024-02-29T00:00:00+00:00",2,1,0],["2024-04-01T00:00:00+00:00",2,1,0],["2024-05-03T00:00:00+00:00",2,1,0],["2024-07-06T00:00:00+00:00",2,1,0],["2024-09-06T00:00:00+00:00",2,1,0],["2024-12-01T00:00:00+00:00",2,1,0],["2025-02-25T00:00:00+00:00",2,1,0],["2025-04-04T00:00:00+00:00",2,1,0],["2025-07-08T00:00:00+00:00",2,1,0],["2025-09-22T00:00:00+00:00",2,1,0]]},"geometry":{"type":"Point","coordinates":[34.452774,31.504966]}},{"type":"Feature","properties":{"site_id":26,"event_code":"CE20231007PSE","latest_date":"2025-09-22T00:00:00+00:00","latest_class":2,"pass_count":13,"h":[["2023-11-07T00:00:00+00:00",2,1,3],["2023-11-26T00:00:00+00:00",2,1,0],["2024-01-06T00:00:00+00:00",2,1,0],["2024-02-29T00:00:00+00:00",2,1,0],["2024-04-01T00:00:00+00:00",2,1,0],["2024-05-03T00:00:00+00:00",2,1,0],["2024-07-06T00:00:00+00:00",2,1,0],["2024-09-06T00:00:00+00:00",2,1,0],["2024-12-01T00:00:00+00:00",2,1,0],["2025-02-25T00:00:00+00:00",2,1,0],["2025-04-04T00:00:00+00:00",2,1,0],["2025-07-08T00:00:00+00:00",2,1,0],["2025-09-22T00:00:00+00:00",2,1,0]]},"geometry":{"type":"Point","coordinates":[34.452643,31.504846]}},{"type":"Feature","properties":{"site_id":26,"event_code":"CE20231007PSE","latest_date":"2025-09-22T00:00:00+00:00","latest_class":1,"pass_count":12,"h":[["2023-11-26T00:00:00+00:00",1,1,3],["2024-01-06T00:00:00+00:00",1,1,0],["2024-02-29T00:00:00+00:00",1,1,0],["2024-04-01T00:00:00+00:00",1,1,0],["2024-05-03T00:00:00+00:00",1,1,0],["2024-07-06T00:00:00+00:00",1,1,0],["2024-09-06T00:00:00+00:00",1,1,0],["2024-12-01T00:00:00+00:00",1,1,0],["2025-02-25T00:00:00+00:00",1,1,0],["2025-04-04T00:00:00+00:00",1,1,0],["2025-07-08T00:00:00+00:00",1,1,0],["2025-09-22T00:00:00+00:00",1,1,0]]},"geometry":{"type":"Point","coordinates":[34.448303,31.506064]}},{"type":"Feature","properties":{"site_id":26,"event_code":"CE20231007PSE","latest_date":"2025-09-22T00:00:00+00:00","latest_class":3,"pass_count":12,"h":[["2023-11-26T00:00:00+00:00",3,2,3],["2024-01-06T00:00:00+00:00",3,2,0],["2024-02-29T00:00:00+00:00",3,2,0],["2024-04-01T00:00:00+00:00",3,2,0],["2024-05-03T00:00:00+00:00",3,2,0],["2024-07-06T00:00:00+00:00",3,2,0],["2024-09-06T00:00:00+00:00",3,2,0],["2024-12-01T00:00:00+00:00",3,2,0],["2025-02-25T00:00:00+00:00",3,2,0],["2025-04-04T00:00:00+00:00",3,2,0],["2025-07-08T00:00:00+00:00",3,2,0],["2025-09-22T00:00:00+00:00",3,2,0]]},"geometry":{"type":"Point","coordinates":[34.448178,31.506205]}},{"type":"Feature","properties":{"site_id":26,"event_code":"CE20231007PSE","latest_date":"2025-09-22T00:00:00+00:00","latest_class":3,"pass_count":12,"h":[["2023-11-26T00:00:00+00:00",3,2,3],["2024-01-06T00:00:00+00:00",3,2,0],["2024-02-29T00:00:00+00:00",3,2,0],["2024-04-01T00:00:00+00:00",3,2,0],["2024-05-03T00:00:00+00:00",3,2,0],["2024-07-06T00:00:00+00:00",3,2,0],["2024-09-06T00:00:00+00:00",3,2,0],["2024-12-01T00:00:00+00:00",3,2,0],["2025-02-25T00:00:00+00:00",3,2,0],["2025-04-04T00:00:00+00:00",3,2,0],["2025-07-08T00:00:00+00:00",3,2,0],["2025-09-22T00:00:00+00:00",3,2,0]]},"geometry":{"type":"Point","coordinates":[34.448261,31.505969]}},{"type":"Feature","properties":{"site_id":26,"event_code":"CE20231007PSE","latest_date":"2025-09-22T00:00:00+00:00","latest_class":3,"pass_count":12,"h":[["2023-11-26T00:00:00+00:00",3,2,3],["2024-01-06T00:00:00+00:00",3,2,0],["2024-02-29T00:00:00+00:00",3,2,0],["2024-04-01T00:00:00+00:00",3,2,0],["2024-05-03T00:00:00+00:00",3,2,0],["2024-07-06T00:00:00+00:00",3,2,0],["2024-09-06T00:00:00+00:00",3,2,0],["2024-12-01T00:00:00+00:00",3,2,0],["2025-02-25T00:00:00+00:00",3,2,0],["2025-04-04T00:00:00+00:00",3,2,0],["2025-07-08T00:00:00+00:00",3,2,0],["2025-09-22T00:00:00+00:00",3,2,0]]},"geometry":{"type":"Point","coordinates":[34.448194,31.505899]}},{"type":"Feature","properties":{"site_id":26,"event_code":"CE20231007PSE","latest_date":"2025-09-22T00:00:00+00:00","latest_class":2,"pass_count":12,"h":[["2023-11-26T00:00:00+00:00",2,1,3],["2024-01-06T00:00:00+00:00",2,1,0],["2024-02-29T00:00:00+00:00",2,1,0],["2024-04-01T00:00:00+00:00",2,1,0],["2024-05-03T00:00:00+00:00",2,1,0],["2024-07-06T00:00:00+00:00",2,1,0],["2024-09-06T00:00:00+00:00",2,1,0],["2024-12-01T00:00:00+00:00",2,1,0],["2025-02-25T00:00:00+00:00",2,1,0],["2025-04-04T00:00:00+00:00",2,1,0],["2025-07-08T00:00:00+00:00",2,1,0],["2025-09-22T00:00:00+00:00",2,1,0]]},"geometry":{"type":"Point","coordinates":[34.448138,31.505849]}},{"type":"Feature","properties":{"site_id":26,"event_code":"CE20231007PSE","latest_date":"2025-09-22T00:00:00+00:00","latest_class":3,"pass_count":12,"h":[["2023-11-26T00:00:00+00:00",3,2,3],["2024-01-06T00:00:00+00:00",3,2,0],["2024-02-29T00:00:00+00:00",3,2,0],["2024-04-01T00:00:00+00:00",3,2,0],["2024-05-03T00:00:00+00:00",3,2,0],["2024-07-06T00:00:00+00:00",3,2,0],["2024-09-06T00:00:00+00:00",3,2,0],["2024-12-01T00:00:00+00:00",3,2,0],["2025-02-25T00:00:00+00:00",3,2,0],["2025-04-04T00:00:00+00:00",3,2,0],["2025-07-08T00:00:00+00:00",3,2,0],["2025-09-22T00:00:00+00:00",3,2,0]]},"geometry":{"type":"Point","coordinates":[34.448378,31.505798]}},{"type":"Feature","properties":{"site_id":26,"event_code":"CE20231007PSE","latest_date":"2025-09-22T00:00:00+00:00","latest_class":3,"pass_count":12,"h":[["2023-11-26T00:00:00+00:00",3,2,3],["2024-01-06T00:00:00+00:00",3,2,0],["2024-02-29T00:00:00+00:00",3,2,0],["2024-04-01T00:00:00+00:00",3,2,0],["2024-05-03T00:00:00+00:00",3,2,0],["2024-07-06T00:00:00+00:00",3,2,0],["2024-09-06T00:00:00+00:00",3,2,0],["2024-12-01T00:00:00+00:00",3,2,0],["2025-02-25T00:00:00+00:00",3,2,0],["2025-04-04T00:00:00+00:00",3,2,0],["2025-07-08T00:00:00+00:00",3,2,0],["2025-09-22T00:00:00+00:00",3,2,0]]},"geometry":{"type":"Point","coordinates":[34.44856,31.506036]}},{"type":"Feature","properties":{"site_id":26,"event_code":"CE20231007PSE","latest_date":"2025-09-22T00:00:00+00:00","latest_class":3,"pass_count":12,"h":[["2023-11-26T00:00:00+00:00",3,2,3],["2024-01-06T00:00:00+00:00",3,2,0],["2024-02-29T00:00:00+00:00",3,2,0],["2024-04-01T00:00:00+00:00",3,2,0],["2024-05-03T00:00:00+00:00",3,2,0],["2024-07-06T00:00:00+00:00",3,2,0],["2024-09-06T00:00:00+00:00",3,2,0],["2024-12-01T00:00:00+00:00",3,2,0],["2025-02-25T00:00:00+00:00",3,2,0],["2025-04-04T00:00:00+00:00",3,2,0],["2025-07-08T00:00:00+00:00",3,2,0],["2025-09-22T00:00:00+00:00",3,2,0]]},"geometry":{"type":"Point","coordinates":[34.448248,31.507769]}},{"type":"Feature","properties":{"site_id":26,"event_code":"CE20231007PSE","latest_date":"2025-09-22T00:00:00+00:00","latest_class":3,"pass_count":12,"h":[["2023-11-26T00:00:00+00:00",3,2,3],["2024-01-06T00:00:00+00:00",3,2,0],["2024-02-29T00:00:00+00:00",3,2,0],["2024-04-01T00:00:00+00:00",3,2,0],["2024-05-03T00:00:00+00:00",3,2,0],["2024-07-06T00:00:00+00:00",3,2,0],["2024-09-06T00:00:00+00:00",3,2,0],["2024-12-01T00:00:00+00:00",3,2,0],["2025-02-25T00:00:00+00:00",3,2,0],["2025-04-04T00:00:00+00:00",3,2,0],["2025-07-08T00:00:00+00:00",3,2,0],["2025-09-22T00:00:00+00:00",3,2,0]]},"geometry":{"type":"Point","coordinates":[34.448397,31.507849]}},{"type":"Feature","properties":{"site_id":26,"event_code":"CE20231007PSE","latest_date":"2025-09-22T00:00:00+00:00","latest_class":3,"pass_count":12,"h":[["2023-11-26T00:00:00+00:00",3,2,3],["2024-01-06T00:00:00+00:00",3,2,0],["2024-02-29T00:00:00+00:00",3,2,0],["2024-04-01T00:00:00+00:00",3,2,0],["2024-05-03T00:00:00+00:00",3,2,0],["2024-07-06T00:00:00+00:00",3,2,0],["2024-09-06T00:00:00+00:00",3,2,0],["2024-12-01T00:00:00+00:00",3,2,0],["2025-02-25T00:00:00+00:00",3,2,0],["2025-04-04T00:00:00+00:00",3,2,0],["2025-07-08T00:00:00+00:00",3,2,0],["2025-09-22T00:00:00+00:00",3,2,0]]},"geometry":{"type":"Point","coordinates":[34.448517,31.507916]}},{"type":"Feature","properties":{"site_id":26,"event_code":"CE20231007PSE","latest_date":"2025-09-22T00:00:00+00:00","latest_class":3,"pass_count":12,"h":[["2023-11-26T00:00:00+00:00",3,2,3],["2024-01-06T00:00:00+00:00",3,2,0],["2024-02-29T00:00:00+00:00",3,2,0],["2024-04-01T00:00:00+00:00",3,2,0],["2024-05-03T00:00:00+00:00",3,2,0],["2024-07-06T00:00:00+00:00",3,2,0],["2024-09-06T00:00:00+00:00",3,2,0],["2024-12-01T00:00:00+00:00",3,2,0],["2025-02-25T00:00:00+00:00",3,2,0],["2025-04-04T00:00:00+00:00",3,2,0],["2025-07-08T00:00:00+00:00",3,2,0],["2025-09-22T00:00:00+00:00",3,2,0]]},"geometry":{"type":"Point","coordinates":[34.448263,31.508877]}},{"type":"Feature","properties":{"site_id":26,"event_code":"CE20231007PSE","latest_date":"2025-09-22T00:00:00+00:00","latest_class":3,"pass_count":12,"h":[["2023-11-26T00:00:00+00:00",3,2,3],["2024-01-06T00:00:00+00:00",3,2,0],["2024-02-29T00:00:00+00:00",3,2,0],["2024-04-01T00:00:00+00:00",3,2,0],["2024-05-03T00:00:00+00:00",3,2,0],["2024-07-06T00:00:00+00:00",3,2,0],["2024-09-06T00:00:00+00:00",3,2,0],["2024-12-01T00:00:00+00:00",3,2,0],["2025-02-25T00:00:00+00:00",3,2,0],["2025-04-04T00:00:00+00:00",3,2,0],["2025-07-08T00:00:00+00:00",3,2,0],["2025-09-22T00:00:00+00:00",3,2,0]]},"geometry":{"type":"Point","coordinates":[34.448413,31.509043]}},{"type":"Feature","properties":{"site_id":26,"event_code":"CE20231007PSE","latest_date":"2025-09-22T00:00:00+00:00","latest_class":3,"pass_count":12,"h":[["2023-11-26T00:00:00+00:00",3,2,3],["2024-01-06T00:00:00+00:00",3,2,0],["2024-02-29T00:00:00+00:00",3,2,0],["2024-04-01T00:00:00+00:00",3,2,0],["2024-05-03T00:00:00+00:00",3,2,0],["2024-07-06T00:00:00+00:00",3,2,0],["2024-09-06T00:00:00+00:00",3,2,0],["2024-12-01T00:00:00+00:00",3,2,0],["2025-02-25T00:00:00+00:00",3,2,0],["2025-04-04T00:00:00+00:00",3,2,0],["2025-07-08T00:00:00+00:00",3,2,0],["2025-09-22T00:00:00+00:00",3,2,0]]},"geometry":{"type":"Point","coordinates":[34.448461,31.509105]}},{"type":"Feature","properties":{"site_id":26,"event_code":"CE20231007PSE","latest_date":"2025-09-22T00:00:00+00:00","latest_class":2,"pass_count":12,"h":[["2023-11-26T00:00:00+00:00",2,1,3],["2024-01-06T00:00:00+00:00",2,1,0],["2024-02-29T00:00:00+00:00",2,1,0],["2024-04-01T00:00:00+00:00",2,1,0],["2024-05-03T00:00:00+00:00",2,1,0],["2024-07-06T00:00:00+00:00",2,1,0],["2024-09-06T00:00:00+00:00",2,1,0],["2024-12-01T00:00:00+00:00",2,1,0],["2025-02-25T00:00:00+00:00",2,1,0],["2025-04-04T00:00:00+00:00",2,1,0],["2025-07-08T00:00:00+00:00",2,1,0],["2025-09-22T00:00:00+00:00",2,1,0]]},"geometry":{"type":"Point","coordinates":[34.450166,31.506957]}},{"type":"Feature","properties":{"site_id":26,"event_code":"CE20231007PSE","latest_date":"2025-09-22T00:00:00+00:00","latest_class":2,"pass_count":12,"h":[["2023-11-26T00:00:00+00:00",2,1,3],["2024-01-06T00:00:00+00:00",2,1,0],["2024-02-29T00:00:00+00:00",2,1,0],["2024-04-01T00:00:00+00:00",2,1,0],["2024-05-03T00:00:00+00:00",2,1,0],["2024-07-06T00:00:00+00:00",2,1,0],["2024-09-06T00:00:00+00:00",2,1,0],["2024-12-01T00:00:00+00:00",2,1,0],["2025-02-25T00:00:00+00:00",2,1,0],["2025-04-04T00:00:00+00:00",2,1,0],["2025-07-08T00:00:00+00:00",2,1,0],["2025-09-22T00:00:00+00:00",2,1,0]]},"geometry":{"type":"Point","coordinates":[34.450437,31.506569]}},{"type":"Feature","properties":{"site_id":26,"event_code":"CE20231007PSE","latest_date":"2025-09-22T00:00:00+00:00","latest_class":3,"pass_count":13,"h":[["2023-11-07T00:00:00+00:00",4,3,3],["2023-11-26T00:00:00+00:00",3,2,1],["2024-01-06T00:00:00+00:00",3,2,0],["2024-02-29T00:00:00+00:00",3,2,0],["2024-04-01T00:00:00+00:00",3,2,0],["2024-05-03T00:00:00+00:00",3,2,0],["2024-07-06T00:00:00+00:00",3,2,0],["2024-09-06T00:00:00+00:00",3,2,0],["2024-12-01T00:00:00+00:00",3,2,0],["2025-02-25T00:00:00+00:00",3,2,0],["2025-04-04T00:00:00+00:00",3,2,0],["2025-07-08T00:00:00+00:00",3,2,0],["2025-09-22T00:00:00+00:00",3,2,0]]},"geometry":{"type":"Point","coordinates":[34.450127,31.506642]}},{"type":"Feature","properties":{"site_id":26,"event_code":"CE20231007PSE","latest_date":"2025-09-22T00:00:00+00:00","latest_class":3,"pass_count":13,"h":[["2023-11-07T00:00:00+00:00",4,3,3],["2023-11-26T00:00:00+00:00",3,2,1],["2024-01-06T00:00:00+00:00",3,2,0],["2024-02-29T00:00:00+00:00",3,2,0],["2024-04-01T00:00:00+00:00",3,2,0],["2024-05-03T00:00:00+00:00",3,2,0],["2024-07-06T00:00:00+00:00",3,2,0],["2024-09-06T00:00:00+00:00",3,2,0],["2024-12-01T00:00:00+00:00",3,2,0],["2025-02-25T00:00:00+00:00",3,2,0],["2025-04-04T00:00:00+00:00",3,2,0],["2025-07-08T00:00:00+00:00",3,2,0],["2025-09-22T00:00:00+00:00",3,2,0]]},"geometry":{"type":"Point","coordinates":[34.450236,31.506534]}},{"type":"Feature","properties":{"site_id":26,"event_code":"CE20231007PSE","latest_date":"2025-09-22T00:00:00+00:00","latest_class":3,"pass_count":12,"h":[["2023-11-26T00:00:00+00:00",3,2,3],["2024-01-06T00:00:00+00:00",3,2,0],["2024-02-29T00:00:00+00:00",3,2,0],["2024-04-01T00:00:00+00:00",3,2,0],["2024-05-03T00:00:00+00:00",3,2,0],["2024-07-06T00:00:00+00:00",3,2,0],["2024-09-06T00:00:00+00:00",3,2,0],["2024-12-01T00:00:00+00:00",3,2,0],["2025-02-25T00:00:00+00:00",3,2,0],["2025-04-04T00:00:00+00:00",3,2,0],["2025-07-08T00:00:00+00:00",3,2,0],["2025-09-22T00:00:00+00:00",3,2,0]]},"geometry":{"type":"Point","coordinates":[34.450404,31.506386]}},{"type":"Feature","properties":{"site_id":26,"event_code":"CE20231007PSE","latest_date":"2025-09-22T00:00:00+00:00","latest_class":3,"pass_count":12,"h":[["2023-11-26T00:00:00+00:00",3,2,3],["2024-01-06T00:00:00+00:00",3,2,0],["2024-02-29T00:00:00+00:00",3,2,0],["2024-04-01T00:00:00+00:00",3,2,0],["2024-05-03T00:00:00+00:00",3,2,0],["2024-07-06T00:00:00+00:00",3,2,0],["2024-09-06T00:00:00+00:00",3,2,0],["2024-12-01T00:00:00+00:00",3,2,0],["2025-02-25T00:00:00+00:00",3,2,0],["2025-04-04T00:00:00+00:00",3,2,0],["2025-07-08T00:00:00+00:00",3,2,0],["2025-09-22T00:00:00+00:00",3,2,0]]},"geometry":{"type":"Point","coordinates":[34.450532,31.506331]}},{"type":"Feature","properties":{"site_id":26,"event_code":"CE20231007PSE","latest_date":"2025-09-22T00:00:00+00:00","latest_class":3,"pass_count":12,"h":[["2023-11-26T00:00:00+00:00",3,2,3],["2024-01-06T00:00:00+00:00",3,2,0],["2024-02-29T00:00:00+00:00",3,2,0],["2024-04-01T00:00:00+00:00",3,2,0],["2024-05-03T00:00:00+00:00",3,2,0],["2024-07-06T00:00:00+00:00",3,2,0],["2024-09-06T00:00:00+00:00",3,2,0],["2024-12-01T00:00:00+00:00",3,2,0],["2025-02-25T00:00:00+00:00",3,2,0],["2025-04-04T00:00:00+00:00",3,2,0],["2025-07-08T00:00:00+00:00",3,2,0],["2025-09-22T00:00:00+00:00",3,2,0]]},"geometry":{"type":"Point","coordinates":[34.450646,31.506483]}},{"type":"Feature","properties":{"site_id":26,"event_code":"CE20231007PSE","latest_date":"2025-09-22T00:00:00+00:00","latest_class":3,"pass_count":12,"h":[["2023-11-26T00:00:00+00:00",3,2,3],["2024-01-06T00:00:00+00:00",3,2,0],["2024-02-29T00:00:00+00:00",3,2,0],["2024-04-01T00:00:00+00:00",3,2,0],["2024-05-03T00:00:00+00:00",3,2,0],["2024-07-06T00:00:00+00:00",3,2,0],["2024-09-06T00:00:00+00:00",3,2,0],["2024-12-01T00:00:00+00:00",3,2,0],["2025-02-25T00:00:00+00:00",3,2,0],["2025-04-04T00:00:00+00:00",3,2,0],["2025-07-08T00:00:00+00:00",3,2,0],["2025-09-22T00:00:00+00:00",3,2,0]]},"geometry":{"type":"Point","coordinates":[34.450731,31.506588]}},{"type":"Feature","properties":{"site_id":26,"event_code":"CE20231007PSE","latest_date":"2025-09-22T00:00:00+00:00","latest_class":3,"pass_count":13,"h":[["2023-11-07T00:00:00+00:00",4,3,3],["2023-11-26T00:00:00+00:00",3,2,1],["2024-01-06T00:00:00+00:00",3,2,0],["2024-02-29T00:00:00+00:00",3,2,0],["2024-04-01T00:00:00+00:00",3,2,0],["2024-05-03T00:00:00+00:00",3,2,0],["2024-07-06T00:00:00+00:00",3,2,0],["2024-09-06T00:00:00+00:00",3,2,0],["2024-12-01T00:00:00+00:00",3,2,0],["2025-02-25T00:00:00+00:00",3,2,0],["2025-04-04T00:00:00+00:00",3,2,0],["2025-07-08T00:00:00+00:00",3,2,0],["2025-09-22T00:00:00+00:00",3,2,0]]},"geometry":{"type":"Point","coordinates":[34.449381,31.506347]}},{"type":"Feature","properties":{"site_id":26,"event_code":"CE20231007PSE","latest_date":"2025-09-22T00:00:00+00:00","latest_class":3,"pass_count":12,"h":[["2023-11-26T00:00:00+00:00",3,2,3],["2024-01-06T00:00:00+00:00",3,2,0],["2024-02-29T00:00:00+00:00",3,2,0],["2024-04-01T00:00:00+00:00",3,2,0],["2024-05-03T00:00:00+00:00",3,2,0],["2024-07-06T00:00:00+00:00",3,2,0],["2024-09-06T00:00:00+00:00",3,2,0],["2024-12-01T00:00:00+00:00",3,2,0],["2025-02-25T00:00:00+00:00",3,2,0],["2025-04-04T00:00:00+00:00",3,2,0],["2025-07-08T00:00:00+00:00",3,2,0],["2025-09-22T00:00:00+00:00",3,2,0]]},"geometry":{"type":"Point","coordinates":[34.44913,31.506384]}},{"type":"Feature","properties":{"site_id":26,"event_code":"CE20231007PSE","latest_date":"2025-09-22T00:00:00+00:00","latest_class":3,"pass_count":12,"h":[["2023-11-26T00:00:00+00:00",3,2,3],["2024-01-06T00:00:00+00:00",3,2,0],["2024-02-29T00:00:00+00:00",3,2,0],["2024-04-01T00:00:00+00:00",3,2,0],["2024-05-03T00:00:00+00:00",3,2,0],["2024-07-06T00:00:00+00:00",3,2,0],["2024-09-06T00:00:00+00:00",3,2,0],["2024-12-01T00:00:00+00:00",3,2,0],["2025-02-25T00:00:00+00:00",3,2,0],["2025-04-04T00:00:00+00:00",3,2,0],["2025-07-08T00:00:00+00:00",3,2,0],["2025-09-22T00:00:00+00:00",3,2,0]]},"geometry":{"type":"Point","coordinates":[34.44912,31.506045]}},{"type":"Feature","properties":{"site_id":26,"event_code":"CE20231007PSE","latest_date":"2025-09-22T00:00:00+00:00","latest_class":3,"pass_count":12,"h":[["2023-11-26T00:00:00+00:00",3,2,3],["2024-01-06T00:00:00+00:00",3,2,0],["2024-02-29T00:00:00+00:00",3,2,0],["2024-04-01T00:00:00+00:00",3,2,0],["2024-05-03T00:00:00+00:00",3,2,0],["2024-07-06T00:00:00+00:00",3,2,0],["2024-09-06T00:00:00+00:00",3,2,0],["2024-12-01T00:00:00+00:00",3,2,0],["2025-02-25T00:00:00+00:00",3,2,0],["2025-04-04T00:00:00+00:00",3,2,0],["2025-07-08T00:00:00+00:00",3,2,0],["2025-09-22T00:00:00+00:00",3,2,0]]},"geometry":{"type":"Point","coordinates":[34.448767,31.505138]}},{"type":"Feature","properties":{"site_id":26,"event_code":"CE20231007PSE","latest_date":"2025-09-22T00:00:00+00:00","latest_class":3,"pass_count":12,"h":[["2023-11-26T00:00:00+00:00",3,2,3],["2024-01-06T00:00:00+00:00",3,2,0],["2024-02-29T00:00:00+00:00",3,2,0],["2024-04-01T00:00:00+00:00",3,2,0],["2024-05-03T00:00:00+00:00",3,2,0],["2024-07-06T00:00:00+00:00",3,2,0],["2024-09-06T00:00:00+00:00",3,2,0],["2024-12-01T00:00:00+00:00",3,2,0],["2025-02-25T00:00:00+00:00",3,2,0],["2025-04-04T00:00:00+00:00",3,2,0],["2025-07-08T00:00:00+00:00",3,2,0],["2025-09-22T00:00:00+00:00",3,2,0]]},"geometry":{"type":"Point","coordinates":[34.451368,31.504777]}},{"type":"Feature","properties":{"site_id":26,"event_code":"CE20231007PSE","latest_date":"2025-09-22T00:00:00+00:00","latest_class":1,"pass_count":12,"h":[["2023-11-26T00:00:00+00:00",1,1,3],["2024-01-06T00:00:00+00:00",1,1,0],["2024-02-29T00:00:00+00:00",1,1,0],["2024-04-01T00:00:00+00:00",1,1,0],["2024-05-03T00:00:00+00:00",1,1,0],["2024-07-06T00:00:00+00:00",1,1,0],["2024-09-06T00:00:00+00:00",1,1,0],["2024-12-01T00:00:00+00:00",1,1,0],["2025-02-25T00:00:00+00:00",1,1,0],["2025-04-04T00:00:00+00:00",1,1,0],["2025-07-08T00:00:00+00:00",1,1,0],["2025-09-22T00:00:00+00:00",1,1,0]]},"geometry":{"type":"Point","coordinates":[34.452741,31.505508]}},{"type":"Feature","properties":{"site_id":26,"event_code":"CE20231007PSE","latest_date":"2025-09-22T00:00:00+00:00","latest_class":1,"pass_count":12,"h":[["2023-11-26T00:00:00+00:00",1,1,3],["2024-01-06T00:00:00+00:00",1,1,0],["2024-02-29T00:00:00+00:00",1,1,0],["2024-04-01T00:00:00+00:00",1,1,0],["2024-05-03T00:00:00+00:00",1,1,0],["2024-07-06T00:00:00+00:00",1,1,0],["2024-09-06T00:00:00+00:00",1,1,0],["2024-12-01T00:00:00+00:00",1,1,0],["2025-02-25T00:00:00+00:00",1,1,0],["2025-04-04T00:00:00+00:00",1,1,0],["2025-07-08T00:00:00+00:00",1,1,0],["2025-09-22T00:00:00+00:00",1,1,0]]},"geometry":{"type":"Point","coordinates":[34.452803,31.505595]}},{"type":"Feature","properties":{"site_id":26,"event_code":"CE20231007PSE","latest_date":"2025-09-22T00:00:00+00:00","latest_class":2,"pass_count":12,"h":[["2023-11-26T00:00:00+00:00",2,1,3],["2024-01-06T00:00:00+00:00",2,1,0],["2024-02-29T00:00:00+00:00",2,1,0],["2024-04-01T00:00:00+00:00",2,1,0],["2024-05-03T00:00:00+00:00",2,1,0],["2024-07-06T00:00:00+00:00",2,1,0],["2024-09-06T00:00:00+00:00",2,1,0],["2024-12-01T00:00:00+00:00",2,1,0],["2025-02-25T00:00:00+00:00",2,1,0],["2025-04-04T00:00:00+00:00",2,1,0],["2025-07-08T00:00:00+00:00",2,1,0],["2025-09-22T00:00:00+00:00",2,1,0]]},"geometry":{"type":"Point","coordinates":[34.453138,31.505451]}},{"type":"Feature","properties":{"site_id":26,"event_code":"CE20231007PSE","latest_date":"2025-09-22T00:00:00+00:00","latest_class":2,"pass_count":12,"h":[["2023-11-26T00:00:00+00:00",2,1,3],["2024-01-06T00:00:00+00:00",2,1,0],["2024-02-29T00:00:00+00:00",2,1,0],["2024-04-01T00:00:00+00:00",2,1,0],["2024-05-03T00:00:00+00:00",2,1,0],["2024-07-06T00:00:00+00:00",2,1,0],["2024-09-06T00:00:00+00:00",2,1,0],["2024-12-01T00:00:00+00:00",2,1,0],["2025-02-25T00:00:00+00:00",2,1,0],["2025-04-04T00:00:00+00:00",2,1,0],["2025-07-08T00:00:00+00:00",2,1,0],["2025-09-22T00:00:00+00:00",2,1,0]]},"geometry":{"type":"Point","coordinates":[34.452674,31.505712]}},{"type":"Feature","properties":{"site_id":26,"event_code":"CE20231007PSE","latest_date":"2025-09-22T00:00:00+00:00","latest_class":3,"pass_count":12,"h":[["2023-11-26T00:00:00+00:00",3,2,3],["2024-01-06T00:00:00+00:00",3,2,0],["2024-02-29T00:00:00+00:00",3,2,0],["2024-04-01T00:00:00+00:00",3,2,0],["2024-05-03T00:00:00+00:00",3,2,0],["2024-07-06T00:00:00+00:00",3,2,0],["2024-09-06T00:00:00+00:00",3,2,0],["2024-12-01T00:00:00+00:00",3,2,0],["2025-02-25T00:00:00+00:00",3,2,0],["2025-04-04T00:00:00+00:00",3,2,0],["2025-07-08T00:00:00+00:00",3,2,0],["2025-09-22T00:00:00+00:00",3,2,0]]},"geometry":{"type":"Point","coordinates":[34.452955,31.505639]}},{"type":"Feature","properties":{"site_id":26,"event_code":"CE20231007PSE","latest_date":"2025-09-22T00:00:00+00:00","latest_class":3,"pass_count":12,"h":[["2023-11-26T00:00:00+00:00",3,2,3],["2024-01-06T00:00:00+00:00",3,2,0],["2024-02-29T00:00:00+00:00",3,2,0],["2024-04-01T00:00:00+00:00",3,2,0],["2024-05-03T00:00:00+00:00",3,2,0],["2024-07-06T00:00:00+00:00",3,2,0],["2024-09-06T00:00:00+00:00",3,2,0],["2024-12-01T00:00:00+00:00",3,2,0],["2025-02-25T00:00:00+00:00",3,2,0],["2025-04-04T00:00:00+00:00",3,2,0],["2025-07-08T00:00:00+00:00",3,2,0],["2025-09-22T00:00:00+00:00",3,2,0]]},"geometry":{"type":"Point","coordinates":[34.452816,31.50573]}},{"type":"Feature","properties":{"site_id":26,"event_code":"CE20231007PSE","latest_date":"2025-09-22T00:00:00+00:00","latest_class":3,"pass_count":12,"h":[["2023-11-26T00:00:00+00:00",3,2,3],["2024-01-06T00:00:00+00:00",3,2,0],["2024-02-29T00:00:00+00:00",3,2,0],["2024-04-01T00:00:00+00:00",3,2,0],["2024-05-03T00:00:00+00:00",3,2,0],["2024-07-06T00:00:00+00:00",3,2,0],["2024-09-06T00:00:00+00:00",3,2,0],["2024-12-01T00:00:00+00:00",3,2,0],["2025-02-25T00:00:00+00:00",3,2,0],["2025-04-04T00:00:00+00:00",3,2,0],["2025-07-08T00:00:00+00:00",3,2,0],["2025-09-22T00:00:00+00:00",3,2,0]]},"geometry":{"type":"Point","coordinates":[34.452745,31.505768]}},{"type":"Feature","properties":{"site_id":26,"event_code":"CE20231007PSE","latest_date":"2025-09-22T00:00:00+00:00","latest_class":3,"pass_count":12,"h":[["2023-11-26T00:00:00+00:00",3,2,3],["2024-01-06T00:00:00+00:00",3,2,0],["2024-02-29T00:00:00+00:00",3,2,0],["2024-04-01T00:00:00+00:00",3,2,0],["2024-05-03T00:00:00+00:00",3,2,0],["2024-07-06T00:00:00+00:00",3,2,0],["2024-09-06T00:00:00+00:00",3,2,0],["2024-12-01T00:00:00+00:00",3,2,0],["2025-02-25T00:00:00+00:00",3,2,0],["2025-04-04T00:00:00+00:00",3,2,0],["2025-07-08T00:00:00+00:00",3,2,0],["2025-09-22T00:00:00+00:00",3,2,0]]},"geometry":{"type":"Point","coordinates":[34.452557,31.505613]}},{"type":"Feature","properties":{"site_id":26,"event_code":"CE20231007PSE","latest_date":"2025-09-22T00:00:00+00:00","latest_class":3,"pass_count":12,"h":[["2023-11-26T00:00:00+00:00",3,2,3],["2024-01-06T00:00:00+00:00",3,2,0],["2024-02-29T00:00:00+00:00",3,2,0],["2024-04-01T00:00:00+00:00",3,2,0],["2024-05-03T00:00:00+00:00",3,2,0],["2024-07-06T00:00:00+00:00",3,2,0],["2024-09-06T00:00:00+00:00",3,2,0],["2024-12-01T00:00:00+00:00",3,2,0],["2025-02-25T00:00:00+00:00",3,2,0],["2025-04-04T00:00:00+00:00",3,2,0],["2025-07-08T00:00:00+00:00",3,2,0],["2025-09-22T00:00:00+00:00",3,2,0]]},"geometry":{"type":"Point","coordinates":[34.452619,31.505351]}},{"type":"Feature","properties":{"site_id":26,"event_code":"CE20231007PSE","latest_date":"2025-09-22T00:00:00+00:00","latest_class":3,"pass_count":12,"h":[["2023-11-26T00:00:00+00:00",3,2,3],["2024-01-06T00:00:00+00:00",3,2,0],["2024-02-29T00:00:00+00:00",3,2,0],["2024-04-01T00:00:00+00:00",3,2,0],["2024-05-03T00:00:00+00:00",3,2,0],["2024-07-06T00:00:00+00:00",3,2,0],["2024-09-06T00:00:00+00:00",3,2,0],["2024-12-01T00:00:00+00:00",3,2,0],["2025-02-25T00:00:00+00:00",3,2,0],["2025-04-04T00:00:00+00:00",3,2,0],["2025-07-08T00:00:00+00:00",3,2,0],["2025-09-22T00:00:00+00:00",3,2,0]]},"geometry":{"type":"Point","coordinates":[34.452829,31.505256]}},{"type":"Feature","properties":{"site_id":26,"event_code":"CE20231007PSE","latest_date":"2025-09-22T00:00:00+00:00","latest_class":3,"pass_count":12,"h":[["2023-11-26T00:00:00+00:00",3,2,3],["2024-01-06T00:00:00+00:00",3,2,0],["2024-02-29T00:00:00+00:00",3,2,0],["2024-04-01T00:00:00+00:00",3,2,0],["2024-05-03T00:00:00+00:00",3,2,0],["2024-07-06T00:00:00+00:00",3,2,0],["2024-09-06T00:00:00+00:00",3,2,0],["2024-12-01T00:00:00+00:00",3,2,0],["2025-02-25T00:00:00+00:00",3,2,0],["2025-04-04T00:00:00+00:00",3,2,0],["2025-07-08T00:00:00+00:00",3,2,0],["2025-09-22T00:00:00+00:00",3,2,0]]},"geometry":{"type":"Point","coordinates":[34.45295,31.505178]}},{"type":"Feature","properties":{"site_id":26,"event_code":"CE20231007PSE","latest_date":"2025-09-22T00:00:00+00:00","latest_class":3,"pass_count":12,"h":[["2023-11-26T00:00:00+00:00",3,2,3],["2024-01-06T00:00:00+00:00",3,2,0],["2024-02-29T00:00:00+00:00",3,2,0],["2024-04-01T00:00:00+00:00",3,2,0],["2024-05-03T00:00:00+00:00",3,2,0],["2024-07-06T00:00:00+00:00",3,2,0],["2024-09-06T00:00:00+00:00",3,2,0],["2024-12-01T00:00:00+00:00",3,2,0],["2025-02-25T00:00:00+00:00",3,2,0],["2025-04-04T00:00:00+00:00",3,2,0],["2025-07-08T00:00:00+00:00",3,2,0],["2025-09-22T00:00:00+00:00",3,2,0]]},"geometry":{"type":"Point","coordinates":[34.453257,31.505174]}},{"type":"Feature","properties":{"site_id":26,"event_code":"CE20231007PSE","latest_date":"2025-09-22T00:00:00+00:00","latest_class":3,"pass_count":12,"h":[["2023-11-26T00:00:00+00:00",3,2,3],["2024-01-06T00:00:00+00:00",3,2,0],["2024-02-29T00:00:00+00:00",3,2,0],["2024-04-01T00:00:00+00:00",3,2,0],["2024-05-03T00:00:00+00:00",3,2,0],["2024-07-06T00:00:00+00:00",3,2,0],["2024-09-06T00:00:00+00:00",3,2,0],["2024-12-01T00:00:00+00:00",3,2,0],["2025-02-25T00:00:00+00:00",3,2,0],["2025-04-04T00:00:00+00:00",3,2,0],["2025-07-08T00:00:00+00:00",3,2,0],["2025-09-22T00:00:00+00:00",3,2,0]]},"geometry":{"type":"Point","coordinates":[34.453356,31.50527]}},{"type":"Feature","properties":{"site_id":26,"event_code":"CE20231007PSE","latest_date":"2025-09-22T00:00:00+00:00","latest_class":3,"pass_count":12,"h":[["2023-11-26T00:00:00+00:00",3,2,3],["2024-01-06T00:00:00+00:00",3,2,0],["2024-02-29T00:00:00+00:00",3,2,0],["2024-04-01T00:00:00+00:00",3,2,0],["2024-05-03T00:00:00+00:00",3,2,0],["2024-07-06T00:00:00+00:00",3,2,0],["2024-09-06T00:00:00+00:00",3,2,0],["2024-12-01T00:00:00+00:00",3,2,0],["2025-02-25T00:00:00+00:00",3,2,0],["2025-04-04T00:00:00+00:00",3,2,0],["2025-07-08T00:00:00+00:00",3,2,0],["2025-09-22T00:00:00+00:00",3,2,0]]},"geometry":{"type":"Point","coordinates":[34.453433,31.505351]}},{"type":"Feature","properties":{"site_id":26,"event_code":"CE20231007PSE","latest_date":"2025-09-22T00:00:00+00:00","latest_class":3,"pass_count":12,"h":[["2023-11-26T00:00:00+00:00",3,2,3],["2024-01-06T00:00:00+00:00",3,2,0],["2024-02-29T00:00:00+00:00",3,2,0],["2024-04-01T00:00:00+00:00",3,2,0],["2024-05-03T00:00:00+00:00",3,2,0],["2024-07-06T00:00:00+00:00",3,2,0],["2024-09-06T00:00:00+00:00",3,2,0],["2024-12-01T00:00:00+00:00",3,2,0],["2025-02-25T00:00:00+00:00",3,2,0],["2025-04-04T00:00:00+00:00",3,2,0],["2025-07-08T00:00:00+00:00",3,2,0],["2025-09-22T00:00:00+00:00",3,2,0]]},"geometry":{"type":"Point","coordinates":[34.453363,31.505544]}},{"type":"Feature","properties":{"site_id":26,"event_code":"CE20231007PSE","latest_date":"2025-09-22T00:00:00+00:00","latest_class":3,"pass_count":12,"h":[["2023-11-26T00:00:00+00:00",3,2,3],["2024-01-06T00:00:00+00:00",3,2,0],["2024-02-29T00:00:00+00:00",3,2,0],["2024-04-01T00:00:00+00:00",3,2,0],["2024-05-03T00:00:00+00:00",3,2,0],["2024-07-06T00:00:00+00:00",3,2,0],["2024-09-06T00:00:00+00:00",3,2,0],["2024-12-01T00:00:00+00:00",3,2,0],["2025-02-25T00:00:00+00:00",3,2,0],["2025-04-04T00:00:00+00:00",3,2,0],["2025-07-08T00:00:00+00:00",3,2,0],["2025-09-22T00:00:00+00:00",3,2,0]]},"geometry":{"type":"Point","coordinates":[34.45324,31.505608]}},{"type":"Feature","properties":{"site_id":26,"event_code":"CE20231007PSE","latest_date":"2025-09-22T00:00:00+00:00","latest_class":1,"pass_count":12,"h":[["2023-11-26T00:00:00+00:00",1,1,3],["2024-01-06T00:00:00+00:00",1,1,0],["2024-02-29T00:00:00+00:00",1,1,0],["2024-04-01T00:00:00+00:00",1,1,0],["2024-05-03T00:00:00+00:00",1,1,0],["2024-07-06T00:00:00+00:00",1,1,0],["2024-09-06T00:00:00+00:00",1,1,0],["2024-12-01T00:00:00+00:00",1,1,0],["2025-02-25T00:00:00+00:00",1,1,0],["2025-04-04T00:00:00+00:00",1,1,0],["2025-07-08T00:00:00+00:00",1,1,0],["2025-09-22T00:00:00+00:00",1,1,0]]},"geometry":{"type":"Point","coordinates":[34.45155,31.506338]}},{"type":"Feature","properties":{"site_id":26,"event_code":"CE20231007PSE","latest_date":"2025-09-22T00:00:00+00:00","latest_class":1,"pass_count":12,"h":[["2023-11-26T00:00:00+00:00",1,1,3],["2024-01-06T00:00:00+00:00",1,1,0],["2024-02-29T00:00:00+00:00",1,1,0],["2024-04-01T00:00:00+00:00",1,1,0],["2024-05-03T00:00:00+00:00",1,1,0],["2024-07-06T00:00:00+00:00",1,1,0],["2024-09-06T00:00:00+00:00",1,1,0],["2024-12-01T00:00:00+00:00",1,1,0],["2025-02-25T00:00:00+00:00",1,1,0],["2025-04-04T00:00:00+00:00",1,1,0],["2025-07-08T00:00:00+00:00",1,1,0],["2025-09-22T00:00:00+00:00",1,1,0]]},"geometry":{"type":"Point","coordinates":[34.451668,31.506429]}},{"type":"Feature","properties":{"site_id":26,"event_code":"CE20231007PSE","latest_date":"2025-09-22T00:00:00+00:00","latest_class":1,"pass_count":12,"h":[["2023-11-26T00:00:00+00:00",1,1,3],["2024-01-06T00:00:00+00:00",1,1,0],["2024-02-29T00:00:00+00:00",1,1,0],["2024-04-01T00:00:00+00:00",1,1,0],["2024-05-03T00:00:00+00:00",1,1,0],["2024-07-06T00:00:00+00:00",1,1,0],["2024-09-06T00:00:00+00:00",1,1,0],["2024-12-01T00:00:00+00:00",1,1,0],["2025-02-25T00:00:00+00:00",1,1,0],["2025-04-04T00:00:00+00:00",1,1,0],["2025-07-08T00:00:00+00:00",1,1,0],["2025-09-22T00:00:00+00:00",1,1,0]]},"geometry":{"type":"Point","coordinates":[34.451485,31.506404]}},{"type":"Feature","properties":{"site_id":26,"event_code":"CE20231007PSE","latest_date":"2025-09-22T00:00:00+00:00","latest_class":3,"pass_count":12,"h":[["2023-11-26T00:00:00+00:00",3,2,3],["2024-01-06T00:00:00+00:00",3,2,0],["2024-02-29T00:00:00+00:00",3,2,0],["2024-04-01T00:00:00+00:00",3,2,0],["2024-05-03T00:00:00+00:00",3,2,0],["2024-07-06T00:00:00+00:00",3,2,0],["2024-09-06T00:00:00+00:00",3,2,0],["2024-12-01T00:00:00+00:00",3,2,0],["2025-02-25T00:00:00+00:00",3,2,0],["2025-04-04T00:00:00+00:00",3,2,0],["2025-07-08T00:00:00+00:00",3,2,0],["2025-09-22T00:00:00+00:00",3,2,0]]},"geometry":{"type":"Point","coordinates":[34.451561,31.506516]}},{"type":"Feature","properties":{"site_id":26,"event_code":"CE20231007PSE","latest_date":"2025-09-22T00:00:00+00:00","latest_class":3,"pass_count":12,"h":[["2023-11-26T00:00:00+00:00",3,2,3],["2024-01-06T00:00:00+00:00",3,2,0],["2024-02-29T00:00:00+00:00",3,2,0],["2024-04-01T00:00:00+00:00",3,2,0],["2024-05-03T00:00:00+00:00",3,2,0],["2024-07-06T00:00:00+00:00",3,2,0],["2024-09-06T00:00:00+00:00",3,2,0],["2024-12-01T00:00:00+00:00",3,2,0],["2025-02-25T00:00:00+00:00",3,2,0],["2025-04-04T00:00:00+00:00",3,2,0],["2025-07-08T00:00:00+00:00",3,2,0],["2025-09-22T00:00:00+00:00",3,2,0]]},"geometry":{"type":"Point","coordinates":[34.451457,31.506623]}},{"type":"Feature","properties":{"site_id":26,"event_code":"CE20231007PSE","latest_date":"2025-09-22T00:00:00+00:00","latest_class":3,"pass_count":12,"h":[["2023-11-26T00:00:00+00:00",3,2,3],["2024-01-06T00:00:00+00:00",3,2,0],["2024-02-29T00:00:00+00:00",3,2,0],["2024-04-01T00:00:00+00:00",3,2,0],["2024-05-03T00:00:00+00:00",3,2,0],["2024-07-06T00:00:00+00:00",3,2,0],["2024-09-06T00:00:00+00:00",3,2,0],["2024-12-01T00:00:00+00:00",3,2,0],["2025-02-25T00:00:00+00:00",3,2,0],["2025-04-04T00:00:00+00:00",3,2,0],["2025-07-08T00:00:00+00:00",3,2,0],["2025-09-22T00:00:00+00:00",3,2,0]]},"geometry":{"type":"Point","coordinates":[34.451752,31.506331]}},{"type":"Feature","properties":{"site_id":26,"event_code":"CE20231007PSE","latest_date":"2025-09-22T00:00:00+00:00","latest_class":3,"pass_count":12,"h":[["2023-11-26T00:00:00+00:00",3,2,3],["2024-01-06T00:00:00+00:00",3,2,0],["2024-02-29T00:00:00+00:00",3,2,0],["2024-04-01T00:00:00+00:00",3,2,0],["2024-05-03T00:00:00+00:00",3,2,0],["2024-07-06T00:00:00+00:00",3,2,0],["2024-09-06T00:00:00+00:00",3,2,0],["2024-12-01T00:00:00+00:00",3,2,0],["2025-02-25T00:00:00+00:00",3,2,0],["2025-04-04T00:00:00+00:00",3,2,0],["2025-07-08T00:00:00+00:00",3,2,0],["2025-09-22T00:00:00+00:00",3,2,0]]},"geometry":{"type":"Point","coordinates":[34.451643,31.506206]}},{"type":"Feature","properties":{"site_id":26,"event_code":"CE20231007PSE","latest_date":"2025-09-22T00:00:00+00:00","latest_class":3,"pass_count":12,"h":[["2023-11-26T00:00:00+00:00",3,2,3],["2024-01-06T00:00:00+00:00",3,2,0],["2024-02-29T00:00:00+00:00",3,2,0],["2024-04-01T00:00:00+00:00",3,2,0],["2024-05-03T00:00:00+00:00",3,2,0],["2024-07-06T00:00:00+00:00",3,2,0],["2024-09-06T00:00:00+00:00",3,2,0],["2024-12-01T00:00:00+00:00",3,2,0],["2025-02-25T00:00:00+00:00",3,2,0],["2025-04-04T00:00:00+00:00",3,2,0],["2025-07-08T00:00:00+00:00",3,2,0],["2025-09-22T00:00:00+00:00",3,2,0]]},"geometry":{"type":"Point","coordinates":[34.451451,31.506125]}},{"type":"Feature","properties":{"site_id":26,"event_code":"CE20231007PSE","latest_date":"2025-09-22T00:00:00+00:00","latest_class":3,"pass_count":12,"h":[["2023-11-26T00:00:00+00:00",3,2,3],["2024-01-06T00:00:00+00:00",3,2,0],["2024-02-29T00:00:00+00:00",3,2,0],["2024-04-01T00:00:00+00:00",3,2,0],["2024-05-03T00:00:00+00:00",3,2,0],["2024-07-06T00:00:00+00:00",3,2,0],["2024-09-06T00:00:00+00:00",3,2,0],["2024-12-01T00:00:00+00:00",3,2,0],["2025-02-25T00:00:00+00:00",3,2,0],["2025-04-04T00:00:00+00:00",3,2,0],["2025-07-08T00:00:00+00:00",3,2,0],["2025-09-22T00:00:00+00:00",3,2,0]]},"geometry":{"type":"Point","coordinates":[34.451829,31.506208]}},{"type":"Feature","properties":{"site_id":26,"event_code":"CE20231007PSE","latest_date":"2025-09-22T00:00:00+00:00","latest_class":2,"pass_count":12,"h":[["2023-11-26T00:00:00+00:00",2,1,3],["2024-01-06T00:00:00+00:00",2,1,0],["2024-02-29T00:00:00+00:00",2,1,0],["2024-04-01T00:00:00+00:00",2,1,0],["2024-05-03T00:00:00+00:00",2,1,0],["2024-07-06T00:00:00+00:00",2,1,0],["2024-09-06T00:00:00+00:00",2,1,0],["2024-12-01T00:00:00+00:00",2,1,0],["2025-02-25T00:00:00+00:00",2,1,0],["2025-04-04T00:00:00+00:00",2,1,0],["2025-07-08T00:00:00+00:00",2,1,0],["2025-09-22T00:00:00+00:00",2,1,0]]},"geometry":{"type":"Point","coordinates":[34.451964,31.506286]}},{"type":"Feature","properties":{"site_id":26,"event_code":"CE20231007PSE","latest_date":"2025-09-22T00:00:00+00:00","latest_class":3,"pass_count":12,"h":[["2023-11-26T00:00:00+00:00",3,2,3],["2024-01-06T00:00:00+00:00",3,2,0],["2024-02-29T00:00:00+00:00",3,2,0],["2024-04-01T00:00:00+00:00",3,2,0],["2024-05-03T00:00:00+00:00",3,2,0],["2024-07-06T00:00:00+00:00",3,2,0],["2024-09-06T00:00:00+00:00",3,2,0],["2024-12-01T00:00:00+00:00",3,2,0],["2025-02-25T00:00:00+00:00",3,2,0],["2025-04-04T00:00:00+00:00",3,2,0],["2025-07-08T00:00:00+00:00",3,2,0],["2025-09-22T00:00:00+00:00",3,2,0]]},"geometry":{"type":"Point","coordinates":[34.452176,31.506169]}},{"type":"Feature","properties":{"site_id":26,"event_code":"CE20231007PSE","latest_date":"2025-09-22T00:00:00+00:00","latest_class":3,"pass_count":12,"h":[["2023-11-26T00:00:00+00:00",3,2,3],["2024-01-06T00:00:00+00:00",3,2,0],["2024-02-29T00:00:00+00:00",3,2,0],["2024-04-01T00:00:00+00:00",3,2,0],["2024-05-03T00:00:00+00:00",3,2,0],["2024-07-06T00:00:00+00:00",3,2,0],["2024-09-06T00:00:00+00:00",3,2,0],["2024-12-01T00:00:00+00:00",3,2,0],["2025-02-25T00:00:00+00:00",3,2,0],["2025-04-04T00:00:00+00:00",3,2,0],["2025-07-08T00:00:00+00:00",3,2,0],["2025-09-22T00:00:00+00:00",3,2,0]]},"geometry":{"type":"Point","coordinates":[34.452298,31.506124]}},{"type":"Feature","properties":{"site_id":26,"event_code":"CE20231007PSE","latest_date":"2025-09-22T00:00:00+00:00","latest_class":1,"pass_count":12,"h":[["2023-11-26T00:00:00+00:00",1,1,3],["2024-01-06T00:00:00+00:00",1,1,0],["2024-02-29T00:00:00+00:00",1,1,0],["2024-04-01T00:00:00+00:00",1,1,0],["2024-05-03T00:00:00+00:00",1,1,0],["2024-07-06T00:00:00+00:00",1,1,0],["2024-09-06T00:00:00+00:00",1,1,0],["2024-12-01T00:00:00+00:00",1,1,0],["2025-02-25T00:00:00+00:00",1,1,0],["2025-04-04T00:00:00+00:00",1,1,0],["2025-07-08T00:00:00+00:00",1,1,0],["2025-09-22T00:00:00+00:00",1,1,0]]},"geometry":{"type":"Point","coordinates":[34.4534,31.506671]}},{"type":"Feature","properties":{"site_id":26,"event_code":"CE20231007PSE","latest_date":"2025-09-22T00:00:00+00:00","latest_class":1,"pass_count":12,"h":[["2023-11-26T00:00:00+00:00",1,1,3],["2024-01-06T00:00:00+00:00",1,1,0],["2024-02-29T00:00:00+00:00",1,1,0],["2024-04-01T00:00:00+00:00",1,1,0],["2024-05-03T00:00:00+00:00",1,1,0],["2024-07-06T00:00:00+00:00",1,1,0],["2024-09-06T00:00:00+00:00",1,1,0],["2024-12-01T00:00:00+00:00",1,1,0],["2025-02-25T00:00:00+00:00",1,1,0],["2025-04-04T00:00:00+00:00",1,1,0],["2025-07-08T00:00:00+00:00",1,1,0],["2025-09-22T00:00:00+00:00",1,1,0]]},"geometry":{"type":"Point","coordinates":[34.453598,31.50657]}},{"type":"Feature","properties":{"site_id":26,"event_code":"CE20231007PSE","latest_date":"2025-09-22T00:00:00+00:00","latest_class":1,"pass_count":12,"h":[["2023-11-26T00:00:00+00:00",1,1,3],["2024-01-06T00:00:00+00:00",1,1,0],["2024-02-29T00:00:00+00:00",1,1,0],["2024-04-01T00:00:00+00:00",1,1,0],["2024-05-03T00:00:00+00:00",1,1,0],["2024-07-06T00:00:00+00:00",1,1,0],["2024-09-06T00:00:00+00:00",1,1,0],["2024-12-01T00:00:00+00:00",1,1,0],["2025-02-25T00:00:00+00:00",1,1,0],["2025-04-04T00:00:00+00:00",1,1,0],["2025-07-08T00:00:00+00:00",1,1,0],["2025-09-22T00:00:00+00:00",1,1,0]]},"geometry":{"type":"Point","coordinates":[34.453489,31.506608]}},{"type":"Feature","properties":{"site_id":26,"event_code":"CE20231007PSE","latest_date":"2025-09-22T00:00:00+00:00","latest_class":2,"pass_count":12,"h":[["2023-11-26T00:00:00+00:00",2,1,3],["2024-01-06T00:00:00+00:00",2,1,0],["2024-02-29T00:00:00+00:00",2,1,0],["2024-04-01T00:00:00+00:00",2,1,0],["2024-05-03T00:00:00+00:00",2,1,0],["2024-07-06T00:00:00+00:00",2,1,0],["2024-09-06T00:00:00+00:00",2,1,0],["2024-12-01T00:00:00+00:00",2,1,0],["2025-02-25T00:00:00+00:00",2,1,0],["2025-04-04T00:00:00+00:00",2,1,0],["2025-07-08T00:00:00+00:00",2,1,0],["2025-09-22T00:00:00+00:00",2,1,0]]},"geometry":{"type":"Point","coordinates":[34.453737,31.506627]}},{"type":"Feature","properties":{"site_id":26,"event_code":"CE20231007PSE","latest_date":"2025-09-22T00:00:00+00:00","latest_class":3,"pass_count":12,"h":[["2023-11-26T00:00:00+00:00",3,2,3],["2024-01-06T00:00:00+00:00",3,2,0],["2024-02-29T00:00:00+00:00",3,2,0],["2024-04-01T00:00:00+00:00",3,2,0],["2024-05-03T00:00:00+00:00",3,2,0],["2024-07-06T00:00:00+00:00",3,2,0],["2024-09-06T00:00:00+00:00",3,2,0],["2024-12-01T00:00:00+00:00",3,2,0],["2025-02-25T00:00:00+00:00",3,2,0],["2025-04-04T00:00:00+00:00",3,2,0],["2025-07-08T00:00:00+00:00",3,2,0],["2025-09-22T00:00:00+00:00",3,2,0]]},"geometry":{"type":"Point","coordinates":[34.453941,31.506457]}},{"type":"Feature","properties":{"site_id":26,"event_code":"CE20231007PSE","latest_date":"2025-09-22T00:00:00+00:00","latest_class":2,"pass_count":12,"h":[["2023-11-26T00:00:00+00:00",2,1,3],["2024-01-06T00:00:00+00:00",2,1,0],["2024-02-29T00:00:00+00:00",2,1,0],["2024-04-01T00:00:00+00:00",2,1,0],["2024-05-03T00:00:00+00:00",2,1,0],["2024-07-06T00:00:00+00:00",2,1,0],["2024-09-06T00:00:00+00:00",2,1,0],["2024-12-01T00:00:00+00:00",2,1,0],["2025-02-25T00:00:00+00:00",2,1,0],["2025-04-04T00:00:00+00:00",2,1,0],["2025-07-08T00:00:00+00:00",2,1,0],["2025-09-22T00:00:00+00:00",2,1,0]]},"geometry":{"type":"Point","coordinates":[34.453829,31.506368]}},{"type":"Feature","properties":{"site_id":26,"event_code":"CE20231007PSE","latest_date":"2025-09-22T00:00:00+00:00","latest_class":2,"pass_count":12,"h":[["2023-11-26T00:00:00+00:00",2,1,3],["2024-01-06T00:00:00+00:00",2,1,0],["2024-02-29T00:00:00+00:00",2,1,0],["2024-04-01T00:00:00+00:00",2,1,0],["2024-05-03T00:00:00+00:00",2,1,0],["2024-07-06T00:00:00+00:00",2,1,0],["2024-09-06T00:00:00+00:00",2,1,0],["2024-12-01T00:00:00+00:00",2,1,0],["2025-02-25T00:00:00+00:00",2,1,0],["2025-04-04T00:00:00+00:00",2,1,0],["2025-07-08T00:00:00+00:00",2,1,0],["2025-09-22T00:00:00+00:00",2,1,0]]},"geometry":{"type":"Point","coordinates":[34.453852,31.506246]}},{"type":"Feature","properties":{"site_id":26,"event_code":"CE20231007PSE","latest_date":"2025-09-22T00:00:00+00:00","latest_class":3,"pass_count":12,"h":[["2023-11-26T00:00:00+00:00",3,2,3],["2024-01-06T00:00:00+00:00",3,2,0],["2024-02-29T00:00:00+00:00",3,2,0],["2024-04-01T00:00:00+00:00",3,2,0],["2024-05-03T00:00:00+00:00",3,2,0],["2024-07-06T00:00:00+00:00",3,2,0],["2024-09-06T00:00:00+00:00",3,2,0],["2024-12-01T00:00:00+00:00",3,2,0],["2025-02-25T00:00:00+00:00",3,2,0],["2025-04-04T00:00:00+00:00",3,2,0],["2025-07-08T00:00:00+00:00",3,2,0],["2025-09-22T00:00:00+00:00",3,2,0]]},"geometry":{"type":"Point","coordinates":[34.453636,31.506166]}},{"type":"Feature","properties":{"site_id":26,"event_code":"CE20231007PSE","latest_date":"2025-09-22T00:00:00+00:00","latest_class":3,"pass_count":12,"h":[["2023-11-26T00:00:00+00:00",3,2,3],["2024-01-06T00:00:00+00:00",3,2,0],["2024-02-29T00:00:00+00:00",3,2,0],["2024-04-01T00:00:00+00:00",3,2,0],["2024-05-03T00:00:00+00:00",3,2,0],["2024-07-06T00:00:00+00:00",3,2,0],["2024-09-06T00:00:00+00:00",3,2,0],["2024-12-01T00:00:00+00:00",3,2,0],["2025-02-25T00:00:00+00:00",3,2,0],["2025-04-04T00:00:00+00:00",3,2,0],["2025-07-08T00:00:00+00:00",3,2,0],["2025-09-22T00:00:00+00:00",3,2,0]]},"geometry":{"type":"Point","coordinates":[34.45374,31.506042]}},{"type":"Feature","properties":{"site_id":26,"event_code":"CE20231007PSE","latest_date":"2025-09-22T00:00:00+00:00","latest_class":3,"pass_count":12,"h":[["2023-11-26T00:00:00+00:00",3,2,3],["2024-01-06T00:00:00+00:00",3,2,0],["2024-02-29T00:00:00+00:00",3,2,0],["2024-04-01T00:00:00+00:00",3,2,0],["2024-05-03T00:00:00+00:00",3,2,0],["2024-07-06T00:00:00+00:00",3,2,0],["2024-09-06T00:00:00+00:00",3,2,0],["2024-12-01T00:00:00+00:00",3,2,0],["2025-02-25T00:00:00+00:00",3,2,0],["2025-04-04T00:00:00+00:00",3,2,0],["2025-07-08T00:00:00+00:00",3,2,0],["2025-09-22T00:00:00+00:00",3,2,0]]},"geometry":{"type":"Point","coordinates":[34.453953,31.506119]}},{"type":"Feature","properties":{"site_id":26,"event_code":"CE20231007PSE","latest_date":"2025-09-22T00:00:00+00:00","latest_class":3,"pass_count":12,"h":[["2023-11-26T00:00:00+00:00",3,2,3],["2024-01-06T00:00:00+00:00",3,2,0],["2024-02-29T00:00:00+00:00",3,2,0],["2024-04-01T00:00:00+00:00",3,2,0],["2024-05-03T00:00:00+00:00",3,2,0],["2024-07-06T00:00:00+00:00",3,2,0],["2024-09-06T00:00:00+00:00",3,2,0],["2024-12-01T00:00:00+00:00",3,2,0],["2025-02-25T00:00:00+00:00",3,2,0],["2025-04-04T00:00:00+00:00",3,2,0],["2025-07-08T00:00:00+00:00",3,2,0],["2025-09-22T00:00:00+00:00",3,2,0]]},"geometry":{"type":"Point","coordinates":[34.454039,31.506244]}},{"type":"Feature","properties":{"site_id":26,"event_code":"CE20231007PSE","latest_date":"2025-09-22T00:00:00+00:00","latest_class":1,"pass_count":12,"h":[["2023-11-26T00:00:00+00:00",3,2,3],["2024-01-06T00:00:00+00:00",3,2,0],["2024-02-29T00:00:00+00:00",3,2,0],["2024-04-01T00:00:00+00:00",1,1,1],["2024-05-03T00:00:00+00:00",1,1,0],["2024-07-06T00:00:00+00:00",1,1,0],["2024-09-06T00:00:00+00:00",1,1,0],["2024-12-01T00:00:00+00:00",1,1,0],["2025-02-25T00:00:00+00:00",1,1,0],["2025-04-04T00:00:00+00:00",1,1,0],["2025-07-08T00:00:00+00:00",1,1,0],["2025-09-22T00:00:00+00:00",1,1,0]]},"geometry":{"type":"Point","coordinates":[34.451986,31.506582]}},{"type":"Feature","properties":{"site_id":26,"event_code":"CE20231007PSE","latest_date":"2025-09-22T00:00:00+00:00","latest_class":3,"pass_count":12,"h":[["2023-11-26T00:00:00+00:00",3,2,3],["2024-01-06T00:00:00+00:00",3,2,0],["2024-02-29T00:00:00+00:00",3,2,0],["2024-04-01T00:00:00+00:00",3,2,0],["2024-05-03T00:00:00+00:00",3,2,0],["2024-07-06T00:00:00+00:00",3,2,0],["2024-09-06T00:00:00+00:00",3,2,0],["2024-12-01T00:00:00+00:00",3,2,0],["2025-02-25T00:00:00+00:00",3,2,0],["2025-04-04T00:00:00+00:00",3,2,0],["2025-07-08T00:00:00+00:00",3,2,0],["2025-09-22T00:00:00+00:00",3,2,0]]},"geometry":{"type":"Point","coordinates":[34.45224,31.50685]}},{"type":"Feature","properties":{"site_id":26,"event_code":"CE20231007PSE","latest_date":"2025-09-22T00:00:00+00:00","latest_class":3,"pass_count":12,"h":[["2023-11-26T00:00:00+00:00",3,2,3],["2024-01-06T00:00:00+00:00",3,2,0],["2024-02-29T00:00:00+00:00",3,2,0],["2024-04-01T00:00:00+00:00",3,2,0],["2024-05-03T00:00:00+00:00",3,2,0],["2024-07-06T00:00:00+00:00",3,2,0],["2024-09-06T00:00:00+00:00",3,2,0],["2024-12-01T00:00:00+00:00",3,2,0],["2025-02-25T00:00:00+00:00",3,2,0],["2025-04-04T00:00:00+00:00",3,2,0],["2025-07-08T00:00:00+00:00",3,2,0],["2025-09-22T00:00:00+00:00",3,2,0]]},"geometry":{"type":"Point","coordinates":[34.452294,31.506954]}},{"type":"Feature","properties":{"site_id":26,"event_code":"CE20231007PSE","latest_date":"2025-09-22T00:00:00+00:00","latest_class":3,"pass_count":12,"h":[["2023-11-26T00:00:00+00:00",3,2,3],["2024-01-06T00:00:00+00:00",3,2,0],["2024-02-29T00:00:00+00:00",3,2,0],["2024-04-01T00:00:00+00:00",3,2,0],["2024-05-03T00:00:00+00:00",3,2,0],["2024-07-06T00:00:00+00:00",3,2,0],["2024-09-06T00:00:00+00:00",3,2,0],["2024-12-01T00:00:00+00:00",3,2,0],["2025-02-25T00:00:00+00:00",3,2,0],["2025-04-04T00:00:00+00:00",3,2,0],["2025-07-08T00:00:00+00:00",3,2,0],["2025-09-22T00:00:00+00:00",3,2,0]]},"geometry":{"type":"Point","coordinates":[34.452399,31.506927]}},{"type":"Feature","properties":{"site_id":26,"event_code":"CE20231007PSE","latest_date":"2025-09-22T00:00:00+00:00","latest_class":3,"pass_count":12,"h":[["2023-11-26T00:00:00+00:00",3,2,3],["2024-01-06T00:00:00+00:00",3,2,0],["2024-02-29T00:00:00+00:00",3,2,0],["2024-04-01T00:00:00+00:00",3,2,0],["2024-05-03T00:00:00+00:00",3,2,0],["2024-07-06T00:00:00+00:00",3,2,0],["2024-09-06T00:00:00+00:00",3,2,0],["2024-12-01T00:00:00+00:00",3,2,0],["2025-02-25T00:00:00+00:00",3,2,0],["2025-04-04T00:00:00+00:00",3,2,0],["2025-07-08T00:00:00+00:00",3,2,0],["2025-09-22T00:00:00+00:00",3,2,0]]},"geometry":{"type":"Point","coordinates":[34.452191,31.506729]}},{"type":"Feature","properties":{"site_id":26,"event_code":"CE20231007PSE","latest_date":"2025-09-22T00:00:00+00:00","latest_class":3,"pass_count":12,"h":[["2023-11-26T00:00:00+00:00",3,2,3],["2024-01-06T00:00:00+00:00",3,2,0],["2024-02-29T00:00:00+00:00",3,2,0],["2024-04-01T00:00:00+00:00",3,2,0],["2024-05-03T00:00:00+00:00",3,2,0],["2024-07-06T00:00:00+00:00",3,2,0],["2024-09-06T00:00:00+00:00",3,2,0],["2024-12-01T00:00:00+00:00",3,2,0],["2025-02-25T00:00:00+00:00",3,2,0],["2025-04-04T00:00:00+00:00",3,2,0],["2025-07-08T00:00:00+00:00",3,2,0],["2025-09-22T00:00:00+00:00",3,2,0]]},"geometry":{"type":"Point","coordinates":[34.452121,31.50679]}},{"type":"Feature","properties":{"site_id":26,"event_code":"CE20231007PSE","latest_date":"2025-09-22T00:00:00+00:00","latest_class":1,"pass_count":12,"h":[["2023-11-26T00:00:00+00:00",3,2,3],["2024-01-06T00:00:00+00:00",1,1,1],["2024-02-29T00:00:00+00:00",1,1,0],["2024-04-01T00:00:00+00:00",1,1,0],["2024-05-03T00:00:00+00:00",1,1,0],["2024-07-06T00:00:00+00:00",1,1,0],["2024-09-06T00:00:00+00:00",1,1,0],["2024-12-01T00:00:00+00:00",1,1,0],["2025-02-25T00:00:00+00:00",1,1,0],["2025-04-04T00:00:00+00:00",1,1,0],["2025-07-08T00:00:00+00:00",1,1,0],["2025-09-22T00:00:00+00:00",1,1,0]]},"geometry":{"type":"Point","coordinates":[34.452,31.506875]}},{"type":"Feature","properties":{"site_id":26,"event_code":"CE20231007PSE","latest_date":"2025-09-22T00:00:00+00:00","latest_class":3,"pass_count":12,"h":[["2023-11-26T00:00:00+00:00",3,2,3],["2024-01-06T00:00:00+00:00",3,2,0],["2024-02-29T00:00:00+00:00",3,2,0],["2024-04-01T00:00:00+00:00",3,2,0],["2024-05-03T00:00:00+00:00",3,2,0],["2024-07-06T00:00:00+00:00",3,2,0],["2024-09-06T00:00:00+00:00",3,2,0],["2024-12-01T00:00:00+00:00",3,2,0],["2025-02-25T00:00:00+00:00",3,2,0],["2025-04-04T00:00:00+00:00",3,2,0],["2025-07-08T00:00:00+00:00",3,2,0],["2025-09-22T00:00:00+00:00",3,2,0]]},"geometry":{"type":"Point","coordinates":[34.452098,31.507013]}},{"type":"Feature","properties":{"site_id":26,"event_code":"CE20231007PSE","latest_date":"2025-09-22T00:00:00+00:00","latest_class":3,"pass_count":13,"h":[["2023-11-07T00:00:00+00:00",4,3,3],["2023-11-26T00:00:00+00:00",3,2,1],["2024-01-06T00:00:00+00:00",3,2,0],["2024-02-29T00:00:00+00:00",3,2,0],["2024-04-01T00:00:00+00:00",3,2,0],["2024-05-03T00:00:00+00:00",3,2,0],["2024-07-06T00:00:00+00:00",3,2,0],["2024-09-06T00:00:00+00:00",3,2,0],["2024-12-01T00:00:00+00:00",3,2,0],["2025-02-25T00:00:00+00:00",3,2,0],["2025-04-04T00:00:00+00:00",3,2,0],["2025-07-08T00:00:00+00:00",3,2,0],["2025-09-22T00:00:00+00:00",3,2,0]]},"geometry":{"type":"Point","coordinates":[34.452606,31.506922]}},{"type":"Feature","properties":{"site_id":26,"event_code":"CE20231007PSE","latest_date":"2025-09-22T00:00:00+00:00","latest_class":1,"pass_count":12,"h":[["2023-11-26T00:00:00+00:00",4,3,3],["2024-01-06T00:00:00+00:00",1,1,1],["2024-02-29T00:00:00+00:00",1,1,0],["2024-04-01T00:00:00+00:00",1,1,0],["2024-05-03T00:00:00+00:00",1,1,0],["2024-07-06T00:00:00+00:00",1,1,0],["2024-09-06T00:00:00+00:00",1,1,0],["2024-12-01T00:00:00+00:00",1,1,0],["2025-02-25T00:00:00+00:00",1,1,0],["2025-04-04T00:00:00+00:00",1,1,0],["2025-07-08T00:00:00+00:00",1,1,0],["2025-09-22T00:00:00+00:00",1,1,0]]},"geometry":{"type":"Point","coordinates":[34.452189,31.507158]}},{"type":"Feature","properties":{"site_id":26,"event_code":"CE20231007PSE","latest_date":"2025-09-22T00:00:00+00:00","latest_class":3,"pass_count":12,"h":[["2023-11-26T00:00:00+00:00",3,2,3],["2024-01-06T00:00:00+00:00",3,2,0],["2024-02-29T00:00:00+00:00",3,2,0],["2024-04-01T00:00:00+00:00",3,2,0],["2024-05-03T00:00:00+00:00",3,2,0],["2024-07-06T00:00:00+00:00",3,2,0],["2024-09-06T00:00:00+00:00",3,2,0],["2024-12-01T00:00:00+00:00",3,2,0],["2025-02-25T00:00:00+00:00",3,2,0],["2025-04-04T00:00:00+00:00",3,2,0],["2025-07-08T00:00:00+00:00",3,2,0],["2025-09-22T00:00:00+00:00",3,2,0]]},"geometry":{"type":"Point","coordinates":[34.452319,31.507075]}},{"type":"Feature","properties":{"site_id":26,"event_code":"CE20231007PSE","latest_date":"2025-09-22T00:00:00+00:00","latest_class":1,"pass_count":12,"h":[["2023-11-26T00:00:00+00:00",3,2,3],["2024-01-06T00:00:00+00:00",1,1,1],["2024-02-29T00:00:00+00:00",1,1,0],["2024-04-01T00:00:00+00:00",1,1,0],["2024-05-03T00:00:00+00:00",1,1,0],["2024-07-06T00:00:00+00:00",1,1,0],["2024-09-06T00:00:00+00:00",1,1,0],["2024-12-01T00:00:00+00:00",1,1,0],["2025-02-25T00:00:00+00:00",1,1,0],["2025-04-04T00:00:00+00:00",1,1,0],["2025-07-08T00:00:00+00:00",1,1,0],["2025-09-22T00:00:00+00:00",1,1,0]]},"geometry":{"type":"Point","coordinates":[34.451948,31.507245]}},{"type":"Feature","properties":{"site_id":26,"event_code":"CE20231007PSE","latest_date":"2025-09-22T00:00:00+00:00","latest_class":2,"pass_count":12,"h":[["2023-11-26T00:00:00+00:00",2,1,3],["2024-01-06T00:00:00+00:00",2,1,0],["2024-02-29T00:00:00+00:00",2,1,0],["2024-04-01T00:00:00+00:00",2,1,0],["2024-05-03T00:00:00+00:00",2,1,0],["2024-07-06T00:00:00+00:00",2,1,0],["2024-09-06T00:00:00+00:00",2,1,0],["2024-12-01T00:00:00+00:00",2,1,0],["2025-02-25T00:00:00+00:00",2,1,0],["2025-04-04T00:00:00+00:00",2,1,0],["2025-07-08T00:00:00+00:00",2,1,0],["2025-09-22T00:00:00+00:00",2,1,0]]},"geometry":{"type":"Point","coordinates":[34.45177,31.50722]}},{"type":"Feature","properties":{"site_id":26,"event_code":"CE20231007PSE","latest_date":"2025-09-22T00:00:00+00:00","latest_class":1,"pass_count":12,"h":[["2023-11-26T00:00:00+00:00",1,1,3],["2024-01-06T00:00:00+00:00",1,1,0],["2024-02-29T00:00:00+00:00",1,1,0],["2024-04-01T00:00:00+00:00",1,1,0],["2024-05-03T00:00:00+00:00",1,1,0],["2024-07-06T00:00:00+00:00",1,1,0],["2024-09-06T00:00:00+00:00",1,1,0],["2024-12-01T00:00:00+00:00",1,1,0],["2025-02-25T00:00:00+00:00",1,1,0],["2025-04-04T00:00:00+00:00",1,1,0],["2025-07-08T00:00:00+00:00",1,1,0],["2025-09-22T00:00:00+00:00",1,1,0]]},"geometry":{"type":"Point","coordinates":[34.454691,31.505986]}},{"type":"Feature","properties":{"site_id":26,"event_code":"CE20231007PSE","latest_date":"2025-09-22T00:00:00+00:00","latest_class":1,"pass_count":12,"h":[["2023-11-26T00:00:00+00:00",1,1,3],["2024-01-06T00:00:00+00:00",1,1,0],["2024-02-29T00:00:00+00:00",1,1,0],["2024-04-01T00:00:00+00:00",1,1,0],["2024-05-03T00:00:00+00:00",1,1,0],["2024-07-06T00:00:00+00:00",1,1,0],["2024-09-06T00:00:00+00:00",1,1,0],["2024-12-01T00:00:00+00:00",1,1,0],["2025-02-25T00:00:00+00:00",1,1,0],["2025-04-04T00:00:00+00:00",1,1,0],["2025-07-08T00:00:00+00:00",1,1,0],["2025-09-22T00:00:00+00:00",1,1,0]]},"geometry":{"type":"Point","coordinates":[34.454559,31.506066]}},{"type":"Feature","properties":{"site_id":26,"event_code":"CE20231007PSE","latest_date":"2025-09-22T00:00:00+00:00","latest_class":3,"pass_count":12,"h":[["2023-11-26T00:00:00+00:00",3,2,3],["2024-01-06T00:00:00+00:00",3,2,0],["2024-02-29T00:00:00+00:00",3,2,0],["2024-04-01T00:00:00+00:00",3,2,0],["2024-05-03T00:00:00+00:00",3,2,0],["2024-07-06T00:00:00+00:00",3,2,0],["2024-09-06T00:00:00+00:00",3,2,0],["2024-12-01T00:00:00+00:00",3,2,0],["2025-02-25T00:00:00+00:00",3,2,0],["2025-04-04T00:00:00+00:00",3,2,0],["2025-07-08T00:00:00+00:00",3,2,0],["2025-09-22T00:00:00+00:00",3,2,0]]},"geometry":{"type":"Point","coordinates":[34.454356,31.506024]}},{"type":"Feature","properties":{"site_id":26,"event_code":"CE20231007PSE","latest_date":"2025-09-22T00:00:00+00:00","latest_class":2,"pass_count":12,"h":[["2023-11-26T00:00:00+00:00",2,2,3],["2024-01-06T00:00:00+00:00",2,2,0],["2024-02-29T00:00:00+00:00",2,2,0],["2024-04-01T00:00:00+00:00",2,2,0],["2024-05-03T00:00:00+00:00",2,2,0],["2024-07-06T00:00:00+00:00",2,2,0],["2024-09-06T00:00:00+00:00",2,2,0],["2024-12-01T00:00:00+00:00",2,2,0],["2025-02-25T00:00:00+00:00",2,2,0],["2025-04-04T00:00:00+00:00",2,2,0],["2025-07-08T00:00:00+00:00",2,2,0],["2025-09-22T00:00:00+00:00",2,2,0]]},"geometry":{"type":"Point","coordinates":[34.454537,31.505907]}},{"type":"Feature","properties":{"site_id":26,"event_code":"CE20231007PSE","latest_date":"2025-09-22T00:00:00+00:00","latest_class":3,"pass_count":12,"h":[["2023-11-26T00:00:00+00:00",3,2,3],["2024-01-06T00:00:00+00:00",3,2,0],["2024-02-29T00:00:00+00:00",3,2,0],["2024-04-01T00:00:00+00:00",3,2,0],["2024-05-03T00:00:00+00:00",3,2,0],["2024-07-06T00:00:00+00:00",3,2,0],["2024-09-06T00:00:00+00:00",3,2,0],["2024-12-01T00:00:00+00:00",3,2,0],["2025-02-25T00:00:00+00:00",3,2,0],["2025-04-04T00:00:00+00:00",3,2,0],["2025-07-08T00:00:00+00:00",3,2,0],["2025-09-22T00:00:00+00:00",3,2,0]]},"geometry":{"type":"Point","coordinates":[34.454685,31.505831]}},{"type":"Feature","properties":{"site_id":26,"event_code":"CE20231007PSE","latest_date":"2025-09-22T00:00:00+00:00","latest_class":3,"pass_count":12,"h":[["2023-11-26T00:00:00+00:00",3,2,3],["2024-01-06T00:00:00+00:00",3,2,0],["2024-02-29T00:00:00+00:00",3,2,0],["2024-04-01T00:00:00+00:00",3,2,0],["2024-05-03T00:00:00+00:00",3,2,0],["2024-07-06T00:00:00+00:00",3,2,0],["2024-09-06T00:00:00+00:00",3,2,0],["2024-12-01T00:00:00+00:00",3,2,0],["2025-02-25T00:00:00+00:00",3,2,0],["2025-04-04T00:00:00+00:00",3,2,0],["2025-07-08T00:00:00+00:00",3,2,0],["2025-09-22T00:00:00+00:00",3,2,0]]},"geometry":{"type":"Point","coordinates":[34.454364,31.506203]}},{"type":"Feature","properties":{"site_id":26,"event_code":"CE20231007PSE","latest_date":"2025-09-22T00:00:00+00:00","latest_class":3,"pass_count":12,"h":[["2023-11-26T00:00:00+00:00",3,2,3],["2024-01-06T00:00:00+00:00",3,2,0],["2024-02-29T00:00:00+00:00",3,2,0],["2024-04-01T00:00:00+00:00",3,2,0],["2024-05-03T00:00:00+00:00",3,2,0],["2024-07-06T00:00:00+00:00",3,2,0],["2024-09-06T00:00:00+00:00",3,2,0],["2024-12-01T00:00:00+00:00",3,2,0],["2025-02-25T00:00:00+00:00",3,2,0],["2025-04-04T00:00:00+00:00",3,2,0],["2025-07-08T00:00:00+00:00",3,2,0],["2025-09-22T00:00:00+00:00",3,2,0]]},"geometry":{"type":"Point","coordinates":[34.454607,31.506288]}},{"type":"Feature","properties":{"site_id":26,"event_code":"CE20231007PSE","latest_date":"2025-09-22T00:00:00+00:00","latest_class":3,"pass_count":12,"h":[["2023-11-26T00:00:00+00:00",3,2,3],["2024-01-06T00:00:00+00:00",3,2,0],["2024-02-29T00:00:00+00:00",3,2,0],["2024-04-01T00:00:00+00:00",3,2,0],["2024-05-03T00:00:00+00:00",3,2,0],["2024-07-06T00:00:00+00:00",3,2,0],["2024-09-06T00:00:00+00:00",3,2,0],["2024-12-01T00:00:00+00:00",3,2,0],["2025-02-25T00:00:00+00:00",3,2,0],["2025-04-04T00:00:00+00:00",3,2,0],["2025-07-08T00:00:00+00:00",3,2,0],["2025-09-22T00:00:00+00:00",3,2,0]]},"geometry":{"type":"Point","coordinates":[34.454868,31.505505]}},{"type":"Feature","properties":{"site_id":26,"event_code":"CE20231007PSE","latest_date":"2025-09-22T00:00:00+00:00","latest_class":3,"pass_count":12,"h":[["2023-11-26T00:00:00+00:00",3,2,3],["2024-01-06T00:00:00+00:00",3,2,0],["2024-02-29T00:00:00+00:00",3,2,0],["2024-04-01T00:00:00+00:00",3,2,0],["2024-05-03T00:00:00+00:00",3,2,0],["2024-07-06T00:00:00+00:00",3,2,0],["2024-09-06T00:00:00+00:00",3,2,0],["2024-12-01T00:00:00+00:00",3,2,0],["2025-02-25T00:00:00+00:00",3,2,0],["2025-04-04T00:00:00+00:00",3,2,0],["2025-07-08T00:00:00+00:00",3,2,0],["2025-09-22T00:00:00+00:00",3,2,0]]},"geometry":{"type":"Point","coordinates":[34.454764,31.50558]}},{"type":"Feature","properties":{"site_id":26,"event_code":"CE20231007PSE","latest_date":"2025-09-22T00:00:00+00:00","latest_class":3,"pass_count":12,"h":[["2023-11-26T00:00:00+00:00",3,2,3],["2024-01-06T00:00:00+00:00",3,2,0],["2024-02-29T00:00:00+00:00",3,2,0],["2024-04-01T00:00:00+00:00",3,2,0],["2024-05-03T00:00:00+00:00",3,2,0],["2024-07-06T00:00:00+00:00",3,2,0],["2024-09-06T00:00:00+00:00",3,2,0],["2024-12-01T00:00:00+00:00",3,2,0],["2025-02-25T00:00:00+00:00",3,2,0],["2025-04-04T00:00:00+00:00",3,2,0],["2025-07-08T00:00:00+00:00",3,2,0],["2025-09-22T00:00:00+00:00",3,2,0]]},"geometry":{"type":"Point","coordinates":[34.454623,31.505689]}},{"type":"Feature","properties":{"site_id":26,"event_code":"CE20231007PSE","latest_date":"2025-09-22T00:00:00+00:00","latest_class":3,"pass_count":12,"h":[["2023-11-26T00:00:00+00:00",3,2,3],["2024-01-06T00:00:00+00:00",3,2,0],["2024-02-29T00:00:00+00:00",3,2,0],["2024-04-01T00:00:00+00:00",3,2,0],["2024-05-03T00:00:00+00:00",3,2,0],["2024-07-06T00:00:00+00:00",3,2,0],["2024-09-06T00:00:00+00:00",3,2,0],["2024-12-01T00:00:00+00:00",3,2,0],["2025-02-25T00:00:00+00:00",3,2,0],["2025-04-04T00:00:00+00:00",3,2,0],["2025-07-08T00:00:00+00:00",3,2,0],["2025-09-22T00:00:00+00:00",3,2,0]]},"geometry":{"type":"Point","coordinates":[34.454679,31.505356]}},{"type":"Feature","properties":{"site_id":26,"event_code":"CE20231007PSE","latest_date":"2025-09-22T00:00:00+00:00","latest_class":3,"pass_count":12,"h":[["2023-11-26T00:00:00+00:00",3,2,3],["2024-01-06T00:00:00+00:00",3,2,0],["2024-02-29T00:00:00+00:00",3,2,0],["2024-04-01T00:00:00+00:00",3,2,0],["2024-05-03T00:00:00+00:00",3,2,0],["2024-07-06T00:00:00+00:00",3,2,0],["2024-09-06T00:00:00+00:00",3,2,0],["2024-12-01T00:00:00+00:00",3,2,0],["2025-02-25T00:00:00+00:00",3,2,0],["2025-04-04T00:00:00+00:00",3,2,0],["2025-07-08T00:00:00+00:00",3,2,0],["2025-09-22T00:00:00+00:00",3,2,0]]},"geometry":{"type":"Point","coordinates":[34.454457,31.505764]}},{"type":"Feature","properties":{"site_id":26,"event_code":"CE20231007PSE","latest_date":"2025-09-22T00:00:00+00:00","latest_class":3,"pass_count":12,"h":[["2023-11-26T00:00:00+00:00",3,2,3],["2024-01-06T00:00:00+00:00",3,2,0],["2024-02-29T00:00:00+00:00",3,2,0],["2024-04-01T00:00:00+00:00",3,2,0],["2024-05-03T00:00:00+00:00",3,2,0],["2024-07-06T00:00:00+00:00",3,2,0],["2024-09-06T00:00:00+00:00",3,2,0],["2024-12-01T00:00:00+00:00",3,2,0],["2025-02-25T00:00:00+00:00",3,2,0],["2025-04-04T00:00:00+00:00",3,2,0],["2025-07-08T00:00:00+00:00",3,2,0],["2025-09-22T00:00:00+00:00",3,2,0]]},"geometry":{"type":"Point","coordinates":[34.45477,31.505386]}},{"type":"Feature","properties":{"site_id":26,"event_code":"CE20231007PSE","latest_date":"2025-09-22T00:00:00+00:00","latest_class":3,"pass_count":14,"h":[["2023-10-15T00:00:00+00:00",4,3,null],["2023-11-07T00:00:00+00:00",4,3,0],["2023-11-26T00:00:00+00:00",3,2,1],["2024-01-06T00:00:00+00:00",3,2,0],["2024-02-29T00:00:00+00:00",3,2,0],["2024-04-01T00:00:00+00:00",3,2,0],["2024-05-03T00:00:00+00:00",3,2,0],["2024-07-06T00:00:00+00:00",3,2,0],["2024-09-06T00:00:00+00:00",3,2,0],["2024-12-01T00:00:00+00:00",3,2,0],["2025-02-25T00:00:00+00:00",3,2,0],["2025-04-04T00:00:00+00:00",3,2,0],["2025-07-08T00:00:00+00:00",3,2,0],["2025-09-22T00:00:00+00:00",3,2,0]]},"geometry":{"type":"Point","coordinates":[34.449831,31.505548]}},{"type":"Feature","properties":{"site_id":26,"event_code":"CE20231007PSE","latest_date":"2025-09-22T00:00:00+00:00","latest_class":3,"pass_count":14,"h":[["2023-10-15T00:00:00+00:00",4,3,null],["2023-11-07T00:00:00+00:00",4,3,0],["2023-11-26T00:00:00+00:00",3,2,1],["2024-01-06T00:00:00+00:00",3,2,0],["2024-02-29T00:00:00+00:00",3,2,0],["2024-04-01T00:00:00+00:00",3,2,0],["2024-05-03T00:00:00+00:00",3,2,0],["2024-07-06T00:00:00+00:00",3,2,0],["2024-09-06T00:00:00+00:00",3,2,0],["2024-12-01T00:00:00+00:00",3,2,0],["2025-02-25T00:00:00+00:00",3,2,0],["2025-04-04T00:00:00+00:00",3,2,0],["2025-07-08T00:00:00+00:00",3,2,0],["2025-09-22T00:00:00+00:00",3,2,0]]},"geometry":{"type":"Point","coordinates":[34.449926,31.505493]}},{"type":"Feature","properties":{"site_id":26,"event_code":"CE20231007PSE","latest_date":"2025-09-22T00:00:00+00:00","latest_class":3,"pass_count":14,"h":[["2023-10-15T00:00:00+00:00",4,3,null],["2023-11-07T00:00:00+00:00",4,3,0],["2023-11-26T00:00:00+00:00",3,2,1],["2024-01-06T00:00:00+00:00",3,2,0],["2024-02-29T00:00:00+00:00",3,2,0],["2024-04-01T00:00:00+00:00",3,2,0],["2024-05-03T00:00:00+00:00",3,2,0],["2024-07-06T00:00:00+00:00",3,2,0],["2024-09-06T00:00:00+00:00",3,2,0],["2024-12-01T00:00:00+00:00",3,2,0],["2025-02-25T00:00:00+00:00",3,2,0],["2025-04-04T00:00:00+00:00",3,2,0],["2025-07-08T00:00:00+00:00",3,2,0],["2025-09-22T00:00:00+00:00",3,2,0]]},"geometry":{"type":"Point","coordinates":[34.449388,31.50535]}},{"type":"Feature","properties":{"site_id":26,"event_code":"CE20231007PSE","latest_date":"2025-09-22T00:00:00+00:00","latest_class":3,"pass_count":14,"h":[["2023-10-15T00:00:00+00:00",4,3,null],["2023-11-07T00:00:00+00:00",4,3,0],["2023-11-26T00:00:00+00:00",3,2,1],["2024-01-06T00:00:00+00:00",3,2,0],["2024-02-29T00:00:00+00:00",3,2,0],["2024-04-01T00:00:00+00:00",3,2,0],["2024-05-03T00:00:00+00:00",3,2,0],["2024-07-06T00:00:00+00:00",3,2,0],["2024-09-06T00:00:00+00:00",3,2,0],["2024-12-01T00:00:00+00:00",3,2,0],["2025-02-25T00:00:00+00:00",3,2,0],["2025-04-04T00:00:00+00:00",3,2,0],["2025-07-08T00:00:00+00:00",3,2,0],["2025-09-22T00:00:00+00:00",3,2,0]]},"geometry":{"type":"Point","coordinates":[34.449788,31.505337]}},{"type":"Feature","properties":{"site_id":26,"event_code":"CE20231007PSE","latest_date":"2025-09-22T00:00:00+00:00","latest_class":3,"pass_count":14,"h":[["2023-10-15T00:00:00+00:00",4,3,null],["2023-11-07T00:00:00+00:00",4,3,0],["2023-11-26T00:00:00+00:00",3,2,1],["2024-01-06T00:00:00+00:00",3,2,0],["2024-02-29T00:00:00+00:00",3,2,0],["2024-04-01T00:00:00+00:00",3,2,0],["2024-05-03T00:00:00+00:00",3,2,0],["2024-07-06T00:00:00+00:00",3,2,0],["2024-09-06T00:00:00+00:00",3,2,0],["2024-12-01T00:00:00+00:00",3,2,0],["2025-02-25T00:00:00+00:00",3,2,0],["2025-04-04T00:00:00+00:00",3,2,0],["2025-07-08T00:00:00+00:00",3,2,0],["2025-09-22T00:00:00+00:00",3,2,0]]},"geometry":{"type":"Point","coordinates":[34.449283,31.505593]}},{"type":"Feature","properties":{"site_id":26,"event_code":"CE20231007PSE","latest_date":"2025-09-22T00:00:00+00:00","latest_class":3,"pass_count":12,"h":[["2023-11-26T00:00:00+00:00",4,3,3],["2024-01-06T00:00:00+00:00",3,2,1],["2024-02-29T00:00:00+00:00",3,2,0],["2024-04-01T00:00:00+00:00",3,2,0],["2024-05-03T00:00:00+00:00",3,2,0],["2024-07-06T00:00:00+00:00",3,2,0],["2024-09-06T00:00:00+00:00",3,2,0],["2024-12-01T00:00:00+00:00",3,2,0],["2025-02-25T00:00:00+00:00",3,2,0],["2025-04-04T00:00:00+00:00",3,2,0],["2025-07-08T00:00:00+00:00",3,2,0],["2025-09-22T00:00:00+00:00",3,2,0]]},"geometry":{"type":"Point","coordinates":[34.448051,31.506024]}},{"type":"Feature","properties":{"site_id":26,"event_code":"CE20231007PSE","latest_date":"2025-09-22T00:00:00+00:00","latest_class":3,"pass_count":11,"h":[["2024-01-06T00:00:00+00:00",3,2,3],["2024-02-29T00:00:00+00:00",3,2,0],["2024-04-01T00:00:00+00:00",3,2,0],["2024-05-03T00:00:00+00:00",3,2,0],["2024-07-06T00:00:00+00:00",3,2,0],["2024-09-06T00:00:00+00:00",3,2,0],["2024-12-01T00:00:00+00:00",3,2,0],["2025-02-25T00:00:00+00:00",3,2,0],["2025-04-04T00:00:00+00:00",3,2,0],["2025-07-08T00:00:00+00:00",3,2,0],["2025-09-22T00:00:00+00:00",3,2,0]]},"geometry":{"type":"Point","coordinates":[34.450554,31.507058]}},{"type":"Feature","properties":{"site_id":26,"event_code":"CE20231007PSE","latest_date":"2025-09-22T00:00:00+00:00","latest_class":3,"pass_count":11,"h":[["2024-01-06T00:00:00+00:00",3,2,3],["2024-02-29T00:00:00+00:00",3,2,0],["2024-04-01T00:00:00+00:00",3,2,0],["2024-05-03T00:00:00+00:00",3,2,0],["2024-07-06T00:00:00+00:00",3,2,0],["2024-09-06T00:00:00+00:00",3,2,0],["2024-12-01T00:00:00+00:00",3,2,0],["2025-02-25T00:00:00+00:00",3,2,0],["2025-04-04T00:00:00+00:00",3,2,0],["2025-07-08T00:00:00+00:00",3,2,0],["2025-09-22T00:00:00+00:00",3,2,0]]},"geometry":{"type":"Point","coordinates":[34.450353,31.507242]}},{"type":"Feature","properties":{"site_id":26,"event_code":"CE20231007PSE","latest_date":"2025-09-22T00:00:00+00:00","latest_class":3,"pass_count":11,"h":[["2024-01-06T00:00:00+00:00",3,2,3],["2024-02-29T00:00:00+00:00",3,2,0],["2024-04-01T00:00:00+00:00",3,2,0],["2024-05-03T00:00:00+00:00",3,2,0],["2024-07-06T00:00:00+00:00",3,2,0],["2024-09-06T00:00:00+00:00",3,2,0],["2024-12-01T00:00:00+00:00",3,2,0],["2025-02-25T00:00:00+00:00",3,2,0],["2025-04-04T00:00:00+00:00",3,2,0],["2025-07-08T00:00:00+00:00",3,2,0],["2025-09-22T00:00:00+00:00",3,2,0]]},"geometry":{"type":"Point","coordinates":[34.45072,31.506923]}},{"type":"Feature","properties":{"site_id":26,"event_code":"CE20231007PSE","latest_date":"2025-09-22T00:00:00+00:00","latest_class":1,"pass_count":11,"h":[["2024-01-06T00:00:00+00:00",1,1,3],["2024-02-29T00:00:00+00:00",1,1,0],["2024-04-01T00:00:00+00:00",1,1,0],["2024-05-03T00:00:00+00:00",1,1,0],["2024-07-06T00:00:00+00:00",1,1,0],["2024-09-06T00:00:00+00:00",1,1,0],["2024-12-01T00:00:00+00:00",1,1,0],["2025-02-25T00:00:00+00:00",1,1,0],["2025-04-04T00:00:00+00:00",1,1,0],["2025-07-08T00:00:00+00:00",1,1,0],["2025-09-22T00:00:00+00:00",1,1,0]]},"geometry":{"type":"Point","coordinates":[34.450806,31.504901]}},{"type":"Feature","properties":{"site_id":26,"event_code":"CE20231007PSE","latest_date":"2025-09-22T00:00:00+00:00","latest_class":2,"pass_count":11,"h":[["2024-01-06T00:00:00+00:00",2,1,3],["2024-02-29T00:00:00+00:00",2,1,0],["2024-04-01T00:00:00+00:00",2,1,0],["2024-05-03T00:00:00+00:00",2,1,0],["2024-07-06T00:00:00+00:00",2,1,0],["2024-09-06T00:00:00+00:00",2,1,0],["2024-12-01T00:00:00+00:00",2,1,0],["2025-02-25T00:00:00+00:00",2,1,0],["2025-04-04T00:00:00+00:00",2,1,0],["2025-07-08T00:00:00+00:00",2,1,0],["2025-09-22T00:00:00+00:00",2,1,0]]},"geometry":{"type":"Point","coordinates":[34.450699,31.504973]}},{"type":"Feature","properties":{"site_id":26,"event_code":"CE20231007PSE","latest_date":"2025-09-22T00:00:00+00:00","latest_class":2,"pass_count":11,"h":[["2024-01-06T00:00:00+00:00",2,1,3],["2024-02-29T00:00:00+00:00",2,1,0],["2024-04-01T00:00:00+00:00",2,1,0],["2024-05-03T00:00:00+00:00",2,1,0],["2024-07-06T00:00:00+00:00",2,1,0],["2024-09-06T00:00:00+00:00",2,1,0],["2024-12-01T00:00:00+00:00",2,1,0],["2025-02-25T00:00:00+00:00",2,1,0],["2025-04-04T00:00:00+00:00",2,1,0],["2025-07-08T00:00:00+00:00",2,1,0],["2025-09-22T00:00:00+00:00",2,1,0]]},"geometry":{"type":"Point","coordinates":[34.4506,31.505033]}},{"type":"Feature","properties":{"site_id":26,"event_code":"CE20231007PSE","latest_date":"2025-09-22T00:00:00+00:00","latest_class":3,"pass_count":11,"h":[["2024-01-06T00:00:00+00:00",3,2,3],["2024-02-29T00:00:00+00:00",3,2,0],["2024-04-01T00:00:00+00:00",3,2,0],["2024-05-03T00:00:00+00:00",3,2,0],["2024-07-06T00:00:00+00:00",3,2,0],["2024-09-06T00:00:00+00:00",3,2,0],["2024-12-01T00:00:00+00:00",3,2,0],["2025-02-25T00:00:00+00:00",3,2,0],["2025-04-04T00:00:00+00:00",3,2,0],["2025-07-08T00:00:00+00:00",3,2,0],["2025-09-22T00:00:00+00:00",3,2,0]]},"geometry":{"type":"Point","coordinates":[34.450482,31.504934]}},{"type":"Feature","properties":{"site_id":26,"event_code":"CE20231007PSE","latest_date":"2025-09-22T00:00:00+00:00","latest_class":3,"pass_count":11,"h":[["2024-01-06T00:00:00+00:00",3,2,3],["2024-02-29T00:00:00+00:00",3,2,0],["2024-04-01T00:00:00+00:00",3,2,0],["2024-05-03T00:00:00+00:00",3,2,0],["2024-07-06T00:00:00+00:00",3,2,0],["2024-09-06T00:00:00+00:00",3,2,0],["2024-12-01T00:00:00+00:00",3,2,0],["2025-02-25T00:00:00+00:00",3,2,0],["2025-04-04T00:00:00+00:00",3,2,0],["2025-07-08T00:00:00+00:00",3,2,0],["2025-09-22T00:00:00+00:00",3,2,0]]},"geometry":{"type":"Point","coordinates":[34.450735,31.504817]}},{"type":"Feature","properties":{"site_id":26,"event_code":"CE20231007PSE","latest_date":"2025-09-22T00:00:00+00:00","latest_class":3,"pass_count":11,"h":[["2024-01-06T00:00:00+00:00",3,2,3],["2024-02-29T00:00:00+00:00",3,2,0],["2024-04-01T00:00:00+00:00",3,2,0],["2024-05-03T00:00:00+00:00",3,2,0],["2024-07-06T00:00:00+00:00",3,2,0],["2024-09-06T00:00:00+00:00",3,2,0],["2024-12-01T00:00:00+00:00",3,2,0],["2025-02-25T00:00:00+00:00",3,2,0],["2025-04-04T00:00:00+00:00",3,2,0],["2025-07-08T00:00:00+00:00",3,2,0],["2025-09-22T00:00:00+00:00",3,2,0]]},"geometry":{"type":"Point","coordinates":[34.450729,31.50521]}},{"type":"Feature","properties":{"site_id":26,"event_code":"CE20231007PSE","latest_date":"2025-09-22T00:00:00+00:00","latest_class":3,"pass_count":11,"h":[["2024-01-06T00:00:00+00:00",3,2,3],["2024-02-29T00:00:00+00:00",3,2,0],["2024-04-01T00:00:00+00:00",3,2,0],["2024-05-03T00:00:00+00:00",3,2,0],["2024-07-06T00:00:00+00:00",3,2,0],["2024-09-06T00:00:00+00:00",3,2,0],["2024-12-01T00:00:00+00:00",3,2,0],["2025-02-25T00:00:00+00:00",3,2,0],["2025-04-04T00:00:00+00:00",3,2,0],["2025-07-08T00:00:00+00:00",3,2,0],["2025-09-22T00:00:00+00:00",3,2,0]]},"geometry":{"type":"Point","coordinates":[34.4509,31.505119]}},{"type":"Feature","properties":{"site_id":26,"event_code":"CE20231007PSE","latest_date":"2025-09-22T00:00:00+00:00","latest_class":3,"pass_count":13,"h":[["2023-11-07T00:00:00+00:00",4,3,3],["2023-11-26T00:00:00+00:00",4,3,0],["2024-01-06T00:00:00+00:00",3,2,1],["2024-02-29T00:00:00+00:00",3,2,0],["2024-04-01T00:00:00+00:00",3,2,0],["2024-05-03T00:00:00+00:00",3,2,0],["2024-07-06T00:00:00+00:00",3,2,0],["2024-09-06T00:00:00+00:00",3,2,0],["2024-12-01T00:00:00+00:00",3,2,0],["2025-02-25T00:00:00+00:00",3,2,0],["2025-04-04T00:00:00+00:00",3,2,0],["2025-07-08T00:00:00+00:00",3,2,0],["2025-09-22T00:00:00+00:00",3,2,0]]},"geometry":{"type":"Point","coordinates":[34.452189,31.504948]}},{"type":"Feature","properties":{"site_id":26,"event_code":"CE20231007PSE","latest_date":"2025-09-22T00:00:00+00:00","latest_class":2,"pass_count":13,"h":[["2023-11-07T00:00:00+00:00",4,3,3],["2023-11-26T00:00:00+00:00",4,3,0],["2024-01-06T00:00:00+00:00",2,1,1],["2024-02-29T00:00:00+00:00",2,1,0],["2024-04-01T00:00:00+00:00",2,1,0],["2024-05-03T00:00:00+00:00",2,1,0],["2024-07-06T00:00:00+00:00",2,1,0],["2024-09-06T00:00:00+00:00",2,1,0],["2024-12-01T00:00:00+00:00",2,1,0],["2025-02-25T00:00:00+00:00",2,1,0],["2025-04-04T00:00:00+00:00",2,1,0],["2025-07-08T00:00:00+00:00",2,1,0],["2025-09-22T00:00:00+00:00",2,1,0]]},"geometry":{"type":"Point","coordinates":[34.45225,31.505047]}},{"type":"Feature","properties":{"site_id":26,"event_code":"CE20231007PSE","latest_date":"2025-09-22T00:00:00+00:00","latest_class":3,"pass_count":12,"h":[["2023-11-26T00:00:00+00:00",4,3,3],["2024-01-06T00:00:00+00:00",3,2,1],["2024-02-29T00:00:00+00:00",3,2,0],["2024-04-01T00:00:00+00:00",3,2,0],["2024-05-03T00:00:00+00:00",3,2,0],["2024-07-06T00:00:00+00:00",3,2,0],["2024-09-06T00:00:00+00:00",3,2,0],["2024-12-01T00:00:00+00:00",3,2,0],["2025-02-25T00:00:00+00:00",3,2,0],["2025-04-04T00:00:00+00:00",3,2,0],["2025-07-08T00:00:00+00:00",3,2,0],["2025-09-22T00:00:00+00:00",3,2,0]]},"geometry":{"type":"Point","coordinates":[34.451951,31.507057]}},{"type":"Feature","properties":{"site_id":26,"event_code":"CE20231007PSE","latest_date":"2025-09-22T00:00:00+00:00","latest_class":2,"pass_count":12,"h":[["2023-11-26T00:00:00+00:00",4,3,3],["2024-01-06T00:00:00+00:00",2,1,1],["2024-02-29T00:00:00+00:00",2,1,0],["2024-04-01T00:00:00+00:00",2,1,0],["2024-05-03T00:00:00+00:00",2,1,0],["2024-07-06T00:00:00+00:00",2,1,0],["2024-09-06T00:00:00+00:00",2,1,0],["2024-12-01T00:00:00+00:00",2,1,0],["2025-02-25T00:00:00+00:00",2,1,0],["2025-04-04T00:00:00+00:00",2,1,0],["2025-07-08T00:00:00+00:00",2,1,0],["2025-09-22T00:00:00+00:00",2,1,0]]},"geometry":{"type":"Point","coordinates":[34.4518,31.506758]}},{"type":"Feature","properties":{"site_id":26,"event_code":"CE20231007PSE","latest_date":"2025-09-22T00:00:00+00:00","latest_class":3,"pass_count":12,"h":[["2023-11-26T00:00:00+00:00",4,3,3],["2024-01-06T00:00:00+00:00",3,2,1],["2024-02-29T00:00:00+00:00",3,2,0],["2024-04-01T00:00:00+00:00",3,2,0],["2024-05-03T00:00:00+00:00",3,2,0],["2024-07-06T00:00:00+00:00",3,2,0],["2024-09-06T00:00:00+00:00",3,2,0],["2024-12-01T00:00:00+00:00",3,2,0],["2025-02-25T00:00:00+00:00",3,2,0],["2025-04-04T00:00:00+00:00",3,2,0],["2025-07-08T00:00:00+00:00",3,2,0],["2025-09-22T00:00:00+00:00",3,2,0]]},"geometry":{"type":"Point","coordinates":[34.451885,31.506676]}},{"type":"Feature","properties":{"site_id":26,"event_code":"CE20231007PSE","latest_date":"2025-09-22T00:00:00+00:00","latest_class":3,"pass_count":11,"h":[["2024-01-06T00:00:00+00:00",3,2,3],["2024-02-29T00:00:00+00:00",3,2,0],["2024-04-01T00:00:00+00:00",3,2,0],["2024-05-03T00:00:00+00:00",3,2,0],["2024-07-06T00:00:00+00:00",3,2,0],["2024-09-06T00:00:00+00:00",3,2,0],["2024-12-01T00:00:00+00:00",3,2,0],["2025-02-25T00:00:00+00:00",3,2,0],["2025-04-04T00:00:00+00:00",3,2,0],["2025-07-08T00:00:00+00:00",3,2,0],["2025-09-22T00:00:00+00:00",3,2,0]]},"geometry":{"type":"Point","coordinates":[34.451659,31.506864]}},{"type":"Feature","properties":{"site_id":26,"event_code":"CE20231007PSE","latest_date":"2025-09-22T00:00:00+00:00","latest_class":2,"pass_count":12,"h":[["2023-11-26T00:00:00+00:00",4,3,3],["2024-01-06T00:00:00+00:00",3,2,1],["2024-02-29T00:00:00+00:00",3,2,0],["2024-04-01T00:00:00+00:00",3,2,0],["2024-05-03T00:00:00+00:00",3,2,0],["2024-07-06T00:00:00+00:00",3,2,0],["2024-09-06T00:00:00+00:00",2,2,1],["2024-12-01T00:00:00+00:00",2,2,0],["2025-02-25T00:00:00+00:00",2,2,0],["2025-04-04T00:00:00+00:00",2,2,0],["2025-07-08T00:00:00+00:00",2,2,0],["2025-09-22T00:00:00+00:00",2,2,0]]},"geometry":{"type":"Point","coordinates":[34.452622,31.506193]}},{"type":"Feature","properties":{"site_id":26,"event_code":"CE20231007PSE","latest_date":"2025-09-22T00:00:00+00:00","latest_class":3,"pass_count":12,"h":[["2023-11-26T00:00:00+00:00",4,3,3],["2024-01-06T00:00:00+00:00",3,2,1],["2024-02-29T00:00:00+00:00",3,2,0],["2024-04-01T00:00:00+00:00",3,2,0],["2024-05-03T00:00:00+00:00",3,2,0],["2024-07-06T00:00:00+00:00",3,2,0],["2024-09-06T00:00:00+00:00",3,2,0],["2024-12-01T00:00:00+00:00",3,2,0],["2025-02-25T00:00:00+00:00",3,2,0],["2025-04-04T00:00:00+00:00",3,2,0],["2025-07-08T00:00:00+00:00",3,2,0],["2025-09-22T00:00:00+00:00",3,2,0]]},"geometry":{"type":"Point","coordinates":[34.452541,31.506261]}},{"type":"Feature","properties":{"site_id":26,"event_code":"CE20231007PSE","latest_date":"2025-09-22T00:00:00+00:00","latest_class":3,"pass_count":13,"h":[["2023-11-07T00:00:00+00:00",4,3,3],["2023-11-26T00:00:00+00:00",4,3,0],["2024-01-06T00:00:00+00:00",3,2,1],["2024-02-29T00:00:00+00:00",3,2,0],["2024-04-01T00:00:00+00:00",3,2,0],["2024-05-03T00:00:00+00:00",3,2,0],["2024-07-06T00:00:00+00:00",3,2,0],["2024-09-06T00:00:00+00:00",3,2,0],["2024-12-01T00:00:00+00:00",3,2,0],["2025-02-25T00:00:00+00:00",3,2,0],["2025-04-04T00:00:00+00:00",3,2,0],["2025-07-08T00:00:00+00:00",3,2,0],["2025-09-22T00:00:00+00:00",3,2,0]]},"geometry":{"type":"Point","coordinates":[34.4531,31.506588]}},{"type":"Feature","properties":{"site_id":26,"event_code":"CE20231007PSE","latest_date":"2025-09-22T00:00:00+00:00","latest_class":3,"pass_count":12,"h":[["2023-11-26T00:00:00+00:00",4,3,3],["2024-01-06T00:00:00+00:00",3,2,1],["2024-02-29T00:00:00+00:00",3,2,0],["2024-04-01T00:00:00+00:00",3,2,0],["2024-05-03T00:00:00+00:00",3,2,0],["2024-07-06T00:00:00+00:00",3,2,0],["2024-09-06T00:00:00+00:00",3,2,0],["2024-12-01T00:00:00+00:00",3,2,0],["2025-02-25T00:00:00+00:00",3,2,0],["2025-04-04T00:00:00+00:00",3,2,0],["2025-07-08T00:00:00+00:00",3,2,0],["2025-09-22T00:00:00+00:00",3,2,0]]},"geometry":{"type":"Point","coordinates":[34.453262,31.506475]}},{"type":"Feature","properties":{"site_id":26,"event_code":"CE20231007PSE","latest_date":"2025-09-22T00:00:00+00:00","latest_class":3,"pass_count":11,"h":[["2024-01-06T00:00:00+00:00",3,2,3],["2024-02-29T00:00:00+00:00",3,2,0],["2024-04-01T00:00:00+00:00",3,2,0],["2024-05-03T00:00:00+00:00",3,2,0],["2024-07-06T00:00:00+00:00",3,2,0],["2024-09-06T00:00:00+00:00",3,2,0],["2024-12-01T00:00:00+00:00",3,2,0],["2025-02-25T00:00:00+00:00",3,2,0],["2025-04-04T00:00:00+00:00",3,2,0],["2025-07-08T00:00:00+00:00",3,2,0],["2025-09-22T00:00:00+00:00",3,2,0]]},"geometry":{"type":"Point","coordinates":[34.454604,31.504795]}},{"type":"Feature","properties":{"site_id":26,"event_code":"CE20231007PSE","latest_date":"2025-09-22T00:00:00+00:00","latest_class":3,"pass_count":13,"h":[["2023-11-07T00:00:00+00:00",4,3,3],["2023-11-26T00:00:00+00:00",4,3,0],["2024-01-06T00:00:00+00:00",3,2,1],["2024-02-29T00:00:00+00:00",3,2,0],["2024-04-01T00:00:00+00:00",3,2,0],["2024-05-03T00:00:00+00:00",3,2,0],["2024-07-06T00:00:00+00:00",3,2,0],["2024-09-06T00:00:00+00:00",3,2,0],["2024-12-01T00:00:00+00:00",3,2,0],["2025-02-25T00:00:00+00:00",3,2,0],["2025-04-04T00:00:00+00:00",3,2,0],["2025-07-08T00:00:00+00:00",3,2,0],["2025-09-22T00:00:00+00:00",3,2,0]]},"geometry":{"type":"Point","coordinates":[34.452517,31.50495]}},{"type":"Feature","properties":{"site_id":26,"event_code":"CE20231007PSE","latest_date":"2025-09-22T00:00:00+00:00","latest_class":3,"pass_count":13,"h":[["2023-11-07T00:00:00+00:00",4,3,3],["2023-11-26T00:00:00+00:00",4,3,0],["2024-01-06T00:00:00+00:00",3,2,1],["2024-02-29T00:00:00+00:00",3,2,0],["2024-04-01T00:00:00+00:00",3,2,0],["2024-05-03T00:00:00+00:00",3,2,0],["2024-07-06T00:00:00+00:00",3,2,0],["2024-09-06T00:00:00+00:00",3,2,0],["2024-12-01T00:00:00+00:00",3,2,0],["2025-02-25T00:00:00+00:00",3,2,0],["2025-04-04T00:00:00+00:00",3,2,0],["2025-07-08T00:00:00+00:00",3,2,0],["2025-09-22T00:00:00+00:00",3,2,0]]},"geometry":{"type":"Point","coordinates":[34.452323,31.504763]}},{"type":"Feature","properties":{"site_id":26,"event_code":"CE20231007PSE","latest_date":"2025-09-22T00:00:00+00:00","latest_class":3,"pass_count":11,"h":[["2024-01-06T00:00:00+00:00",3,2,3],["2024-02-29T00:00:00+00:00",3,2,0],["2024-04-01T00:00:00+00:00",3,2,0],["2024-05-03T00:00:00+00:00",3,2,0],["2024-07-06T00:00:00+00:00",3,2,0],["2024-09-06T00:00:00+00:00",3,2,0],["2024-12-01T00:00:00+00:00",3,2,0],["2025-02-25T00:00:00+00:00",3,2,0],["2025-04-04T00:00:00+00:00",3,2,0],["2025-07-08T00:00:00+00:00",3,2,0],["2025-09-22T00:00:00+00:00",3,2,0]]},"geometry":{"type":"Point","coordinates":[34.452771,31.505085]}},{"type":"Feature","properties":{"site_id":26,"event_code":"CE20231007PSE","latest_date":"2025-09-22T00:00:00+00:00","latest_class":3,"pass_count":11,"h":[["2024-01-06T00:00:00+00:00",3,2,3],["2024-02-29T00:00:00+00:00",3,2,0],["2024-04-01T00:00:00+00:00",3,2,0],["2024-05-03T00:00:00+00:00",3,2,0],["2024-07-06T00:00:00+00:00",3,2,0],["2024-09-06T00:00:00+00:00",3,2,0],["2024-12-01T00:00:00+00:00",3,2,0],["2025-02-25T00:00:00+00:00",3,2,0],["2025-04-04T00:00:00+00:00",3,2,0],["2025-07-08T00:00:00+00:00",3,2,0],["2025-09-22T00:00:00+00:00",3,2,0]]},"geometry":{"type":"Point","coordinates":[34.452803,31.506058]}},{"type":"Feature","properties":{"site_id":26,"event_code":"CE20231007PSE","latest_date":"2025-09-22T00:00:00+00:00","latest_class":3,"pass_count":13,"h":[["2023-11-07T00:00:00+00:00",4,3,3],["2023-11-26T00:00:00+00:00",4,3,0],["2024-01-06T00:00:00+00:00",3,2,1],["2024-02-29T00:00:00+00:00",3,2,0],["2024-04-01T00:00:00+00:00",3,2,0],["2024-05-03T00:00:00+00:00",3,2,0],["2024-07-06T00:00:00+00:00",3,2,0],["2024-09-06T00:00:00+00:00",3,2,0],["2024-12-01T00:00:00+00:00",3,2,0],["2025-02-25T00:00:00+00:00",3,2,0],["2025-04-04T00:00:00+00:00",3,2,0],["2025-07-08T00:00:00+00:00",3,2,0],["2025-09-22T00:00:00+00:00",3,2,0]]},"geometry":{"type":"Point","coordinates":[34.452957,31.506446]}},{"type":"Feature","properties":{"site_id":26,"event_code":"CE20231007PSE","latest_date":"2025-09-22T00:00:00+00:00","latest_class":2,"pass_count":11,"h":[["2024-01-06T00:00:00+00:00",2,1,3],["2024-02-29T00:00:00+00:00",2,1,0],["2024-04-01T00:00:00+00:00",2,1,0],["2024-05-03T00:00:00+00:00",2,1,0],["2024-07-06T00:00:00+00:00",2,1,0],["2024-09-06T00:00:00+00:00",2,1,0],["2024-12-01T00:00:00+00:00",2,1,0],["2025-02-25T00:00:00+00:00",2,1,0],["2025-04-04T00:00:00+00:00",2,1,0],["2025-07-08T00:00:00+00:00",2,1,0],["2025-09-22T00:00:00+00:00",2,1,0]]},"geometry":{"type":"Point","coordinates":[34.452791,31.506351]}},{"type":"Feature","properties":{"site_id":26,"event_code":"CE20231007PSE","latest_date":"2025-09-22T00:00:00+00:00","latest_class":3,"pass_count":12,"h":[["2023-11-26T00:00:00+00:00",4,3,3],["2024-01-06T00:00:00+00:00",3,2,1],["2024-02-29T00:00:00+00:00",3,2,0],["2024-04-01T00:00:00+00:00",3,2,0],["2024-05-03T00:00:00+00:00",3,2,0],["2024-07-06T00:00:00+00:00",3,2,0],["2024-09-06T00:00:00+00:00",3,2,0],["2024-12-01T00:00:00+00:00",3,2,0],["2025-02-25T00:00:00+00:00",3,2,0],["2025-04-04T00:00:00+00:00",3,2,0],["2025-07-08T00:00:00+00:00",3,2,0],["2025-09-22T00:00:00+00:00",3,2,0]]},"geometry":{"type":"Point","coordinates":[34.452666,31.506465]}},{"type":"Feature","properties":{"site_id":26,"event_code":"CE20231007PSE","latest_date":"2025-09-22T00:00:00+00:00","latest_class":3,"pass_count":11,"h":[["2024-01-06T00:00:00+00:00",3,2,3],["2024-02-29T00:00:00+00:00",3,2,0],["2024-04-01T00:00:00+00:00",3,2,0],["2024-05-03T00:00:00+00:00",3,2,0],["2024-07-06T00:00:00+00:00",3,2,0],["2024-09-06T00:00:00+00:00",3,2,0],["2024-12-01T00:00:00+00:00",3,2,0],["2025-02-25T00:00:00+00:00",3,2,0],["2025-04-04T00:00:00+00:00",3,2,0],["2025-07-08T00:00:00+00:00",3,2,0],["2025-09-22T00:00:00+00:00",3,2,0]]},"geometry":{"type":"Point","coordinates":[34.452487,31.505941]}},{"type":"Feature","properties":{"site_id":26,"event_code":"CE20231007PSE","latest_date":"2025-09-22T00:00:00+00:00","latest_class":3,"pass_count":12,"h":[["2023-11-26T00:00:00+00:00",4,3,3],["2024-01-06T00:00:00+00:00",3,2,1],["2024-02-29T00:00:00+00:00",3,2,0],["2024-04-01T00:00:00+00:00",3,2,0],["2024-05-03T00:00:00+00:00",3,2,0],["2024-07-06T00:00:00+00:00",3,2,0],["2024-09-06T00:00:00+00:00",3,2,0],["2024-12-01T00:00:00+00:00",3,2,0],["2025-02-25T00:00:00+00:00",3,2,0],["2025-04-04T00:00:00+00:00",3,2,0],["2025-07-08T00:00:00+00:00",3,2,0],["2025-09-22T00:00:00+00:00",3,2,0]]},"geometry":{"type":"Point","coordinates":[34.451121,31.504954]}},{"type":"Feature","properties":{"site_id":26,"event_code":"CE20231007PSE","latest_date":"2025-09-22T00:00:00+00:00","latest_class":3,"pass_count":12,"h":[["2023-11-26T00:00:00+00:00",4,3,3],["2024-01-06T00:00:00+00:00",3,2,1],["2024-02-29T00:00:00+00:00",3,2,0],["2024-04-01T00:00:00+00:00",3,2,0],["2024-05-03T00:00:00+00:00",3,2,0],["2024-07-06T00:00:00+00:00",3,2,0],["2024-09-06T00:00:00+00:00",3,2,0],["2024-12-01T00:00:00+00:00",3,2,0],["2025-02-25T00:00:00+00:00",3,2,0],["2025-04-04T00:00:00+00:00",3,2,0],["2025-07-08T00:00:00+00:00",3,2,0],["2025-09-22T00:00:00+00:00",3,2,0]]},"geometry":{"type":"Point","coordinates":[34.451218,31.504883]}},{"type":"Feature","properties":{"site_id":26,"event_code":"CE20231007PSE","latest_date":"2025-09-22T00:00:00+00:00","latest_class":2,"pass_count":13,"h":[["2023-11-07T00:00:00+00:00",4,3,3],["2023-11-26T00:00:00+00:00",4,3,0],["2024-01-06T00:00:00+00:00",4,3,0],["2024-02-29T00:00:00+00:00",3,2,1],["2024-04-01T00:00:00+00:00",3,2,0],["2024-05-03T00:00:00+00:00",3,2,0],["2024-07-06T00:00:00+00:00",3,2,0],["2024-09-06T00:00:00+00:00",3,2,0],["2024-12-01T00:00:00+00:00",2,2,1],["2025-02-25T00:00:00+00:00",2,2,0],["2025-04-04T00:00:00+00:00",2,2,0],["2025-07-08T00:00:00+00:00",2,2,0],["2025-09-22T00:00:00+00:00",2,2,0]]},"geometry":{"type":"Point","coordinates":[34.451973,31.504793]}},{"type":"Feature","properties":{"site_id":26,"event_code":"CE20231007PSE","latest_date":"2025-09-22T00:00:00+00:00","latest_class":3,"pass_count":11,"h":[["2024-01-06T00:00:00+00:00",3,2,3],["2024-02-29T00:00:00+00:00",3,2,0],["2024-04-01T00:00:00+00:00",3,2,0],["2024-05-03T00:00:00+00:00",3,2,0],["2024-07-06T00:00:00+00:00",3,2,0],["2024-09-06T00:00:00+00:00",3,2,0],["2024-12-01T00:00:00+00:00",3,2,0],["2025-02-25T00:00:00+00:00",3,2,0],["2025-04-04T00:00:00+00:00",3,2,0],["2025-07-08T00:00:00+00:00",3,2,0],["2025-09-22T00:00:00+00:00",3,2,0]]},"geometry":{"type":"Point","coordinates":[34.450958,31.504748]}},{"type":"Feature","properties":{"site_id":26,"event_code":"CE20231007PSE","latest_date":"2025-09-22T00:00:00+00:00","latest_class":3,"pass_count":11,"h":[["2024-01-06T00:00:00+00:00",3,2,3],["2024-02-29T00:00:00+00:00",3,2,0],["2024-04-01T00:00:00+00:00",3,2,0],["2024-05-03T00:00:00+00:00",3,2,0],["2024-07-06T00:00:00+00:00",3,2,0],["2024-09-06T00:00:00+00:00",3,2,0],["2024-12-01T00:00:00+00:00",3,2,0],["2025-02-25T00:00:00+00:00",3,2,0],["2025-04-04T00:00:00+00:00",3,2,0],["2025-07-08T00:00:00+00:00",3,2,0],["2025-09-22T00:00:00+00:00",3,2,0]]},"geometry":{"type":"Point","coordinates":[34.450977,31.505061]}},{"type":"Feature","properties":{"site_id":26,"event_code":"CE20231007PSE","latest_date":"2025-09-22T00:00:00+00:00","latest_class":3,"pass_count":10,"h":[["2024-02-29T00:00:00+00:00",3,2,3],["2024-04-01T00:00:00+00:00",3,2,0],["2024-05-03T00:00:00+00:00",3,2,0],["2024-07-06T00:00:00+00:00",3,2,0],["2024-09-06T00:00:00+00:00",3,2,0],["2024-12-01T00:00:00+00:00",3,2,0],["2025-02-25T00:00:00+00:00",3,2,0],["2025-04-04T00:00:00+00:00",3,2,0],["2025-07-08T00:00:00+00:00",3,2,0],["2025-09-22T00:00:00+00:00",3,2,0]]},"geometry":{"type":"Point","coordinates":[34.450514,31.5054]}},{"type":"Feature","properties":{"site_id":26,"event_code":"CE20231007PSE","latest_date":"2025-09-22T00:00:00+00:00","latest_class":3,"pass_count":10,"h":[["2024-02-29T00:00:00+00:00",3,2,3],["2024-04-01T00:00:00+00:00",3,2,0],["2024-05-03T00:00:00+00:00",3,2,0],["2024-07-06T00:00:00+00:00",3,2,0],["2024-09-06T00:00:00+00:00",3,2,0],["2024-12-01T00:00:00+00:00",3,2,0],["2025-02-25T00:00:00+00:00",3,2,0],["2025-04-04T00:00:00+00:00",3,2,0],["2025-07-08T00:00:00+00:00",3,2,0],["2025-09-22T00:00:00+00:00",3,2,0]]},"geometry":{"type":"Point","coordinates":[34.450628,31.505542]}},{"type":"Feature","properties":{"site_id":26,"event_code":"CE20231007PSE","latest_date":"2025-09-22T00:00:00+00:00","latest_class":3,"pass_count":10,"h":[["2024-02-29T00:00:00+00:00",3,2,3],["2024-04-01T00:00:00+00:00",3,2,0],["2024-05-03T00:00:00+00:00",3,2,0],["2024-07-06T00:00:00+00:00",3,2,0],["2024-09-06T00:00:00+00:00",3,2,0],["2024-12-01T00:00:00+00:00",3,2,0],["2025-02-25T00:00:00+00:00",3,2,0],["2025-04-04T00:00:00+00:00",3,2,0],["2025-07-08T00:00:00+00:00",3,2,0],["2025-09-22T00:00:00+00:00",3,2,0]]},"geometry":{"type":"Point","coordinates":[34.450499,31.505601]}},{"type":"Feature","properties":{"site_id":26,"event_code":"CE20231007PSE","latest_date":"2025-09-22T00:00:00+00:00","latest_class":3,"pass_count":10,"h":[["2024-02-29T00:00:00+00:00",3,2,3],["2024-04-01T00:00:00+00:00",3,2,0],["2024-05-03T00:00:00+00:00",3,2,0],["2024-07-06T00:00:00+00:00",3,2,0],["2024-09-06T00:00:00+00:00",3,2,0],["2024-12-01T00:00:00+00:00",3,2,0],["2025-02-25T00:00:00+00:00",3,2,0],["2025-04-04T00:00:00+00:00",3,2,0],["2025-07-08T00:00:00+00:00",3,2,0],["2025-09-22T00:00:00+00:00",3,2,0]]},"geometry":{"type":"Point","coordinates":[34.450391,31.505509]}},{"type":"Feature","properties":{"site_id":26,"event_code":"CE20231007PSE","latest_date":"2025-09-22T00:00:00+00:00","latest_class":3,"pass_count":10,"h":[["2024-02-29T00:00:00+00:00",3,2,3],["2024-04-01T00:00:00+00:00",3,2,0],["2024-05-03T00:00:00+00:00",3,2,0],["2024-07-06T00:00:00+00:00",3,2,0],["2024-09-06T00:00:00+00:00",3,2,0],["2024-12-01T00:00:00+00:00",3,2,0],["2025-02-25T00:00:00+00:00",3,2,0],["2025-04-04T00:00:00+00:00",3,2,0],["2025-07-08T00:00:00+00:00",3,2,0],["2025-09-22T00:00:00+00:00",3,2,0]]},"geometry":{"type":"Point","coordinates":[34.450367,31.505717]}},{"type":"Feature","properties":{"site_id":26,"event_code":"CE20231007PSE","latest_date":"2025-09-22T00:00:00+00:00","latest_class":3,"pass_count":10,"h":[["2024-02-29T00:00:00+00:00",3,2,3],["2024-04-01T00:00:00+00:00",3,2,0],["2024-05-03T00:00:00+00:00",3,2,0],["2024-07-06T00:00:00+00:00",3,2,0],["2024-09-06T00:00:00+00:00",3,2,0],["2024-12-01T00:00:00+00:00",3,2,0],["2025-02-25T00:00:00+00:00",3,2,0],["2025-04-04T00:00:00+00:00",3,2,0],["2025-07-08T00:00:00+00:00",3,2,0],["2025-09-22T00:00:00+00:00",3,2,0]]},"geometry":{"type":"Point","coordinates":[34.450243,31.505555]}},{"type":"Feature","properties":{"site_id":26,"event_code":"CE20231007PSE","latest_date":"2025-09-22T00:00:00+00:00","latest_class":3,"pass_count":10,"h":[["2024-02-29T00:00:00+00:00",3,2,3],["2024-04-01T00:00:00+00:00",3,2,0],["2024-05-03T00:00:00+00:00",3,2,0],["2024-07-06T00:00:00+00:00",3,2,0],["2024-09-06T00:00:00+00:00",3,2,0],["2024-12-01T00:00:00+00:00",3,2,0],["2025-02-25T00:00:00+00:00",3,2,0],["2025-04-04T00:00:00+00:00",3,2,0],["2025-07-08T00:00:00+00:00",3,2,0],["2025-09-22T00:00:00+00:00",3,2,0]]},"geometry":{"type":"Point","coordinates":[34.450248,31.505767]}},{"type":"Feature","properties":{"site_id":26,"event_code":"CE20231007PSE","latest_date":"2025-09-22T00:00:00+00:00","latest_class":3,"pass_count":10,"h":[["2024-02-29T00:00:00+00:00",3,2,3],["2024-04-01T00:00:00+00:00",3,2,0],["2024-05-03T00:00:00+00:00",3,2,0],["2024-07-06T00:00:00+00:00",3,2,0],["2024-09-06T00:00:00+00:00",3,2,0],["2024-12-01T00:00:00+00:00",3,2,0],["2025-02-25T00:00:00+00:00",3,2,0],["2025-04-04T00:00:00+00:00",3,2,0],["2025-07-08T00:00:00+00:00",3,2,0],["2025-09-22T00:00:00+00:00",3,2,0]]},"geometry":{"type":"Point","coordinates":[34.450816,31.506218]}},{"type":"Feature","properties":{"site_id":1,"event_code":"CE20231007PSE","latest_date":"2025-09-22T00:00:00+00:00","latest_class":2,"pass_count":10,"h":[["2024-02-29T00:00:00+00:00",2,1,3],["2024-04-01T00:00:00+00:00",2,1,0],["2024-05-03T00:00:00+00:00",2,1,0],["2024-07-06T00:00:00+00:00",2,1,0],["2024-09-06T00:00:00+00:00",2,1,0],["2024-12-01T00:00:00+00:00",2,1,0],["2025-02-25T00:00:00+00:00",2,1,0],["2025-04-04T00:00:00+00:00",2,1,0],["2025-07-08T00:00:00+00:00",2,1,0],["2025-09-22T00:00:00+00:00",2,1,0]]},"geometry":{"type":"Point","coordinates":[34.450491,31.505935]}},{"type":"Feature","properties":{"site_id":26,"event_code":"CE20231007PSE","latest_date":"2025-09-22T00:00:00+00:00","latest_class":3,"pass_count":10,"h":[["2024-02-29T00:00:00+00:00",3,2,3],["2024-04-01T00:00:00+00:00",3,2,0],["2024-05-03T00:00:00+00:00",3,2,0],["2024-07-06T00:00:00+00:00",3,2,0],["2024-09-06T00:00:00+00:00",3,2,0],["2024-12-01T00:00:00+00:00",3,2,0],["2025-02-25T00:00:00+00:00",3,2,0],["2025-04-04T00:00:00+00:00",3,2,0],["2025-07-08T00:00:00+00:00",3,2,0],["2025-09-22T00:00:00+00:00",3,2,0]]},"geometry":{"type":"Point","coordinates":[34.448835,31.506224]}},{"type":"Feature","properties":{"site_id":26,"event_code":"CE20231007PSE","latest_date":"2025-09-22T00:00:00+00:00","latest_class":3,"pass_count":10,"h":[["2024-02-29T00:00:00+00:00",3,2,3],["2024-04-01T00:00:00+00:00",3,2,0],["2024-05-03T00:00:00+00:00",3,2,0],["2024-07-06T00:00:00+00:00",3,2,0],["2024-09-06T00:00:00+00:00",3,2,0],["2024-12-01T00:00:00+00:00",3,2,0],["2025-02-25T00:00:00+00:00",3,2,0],["2025-04-04T00:00:00+00:00",3,2,0],["2025-07-08T00:00:00+00:00",3,2,0],["2025-09-22T00:00:00+00:00",3,2,0]]},"geometry":{"type":"Point","coordinates":[34.448841,31.506506]}},{"type":"Feature","properties":{"site_id":26,"event_code":"CE20231007PSE","latest_date":"2025-09-22T00:00:00+00:00","latest_class":3,"pass_count":13,"h":[["2023-11-07T00:00:00+00:00",4,3,3],["2023-11-26T00:00:00+00:00",4,3,0],["2024-01-06T00:00:00+00:00",3,2,1],["2024-02-29T00:00:00+00:00",3,2,0],["2024-04-01T00:00:00+00:00",3,2,0],["2024-05-03T00:00:00+00:00",3,2,0],["2024-07-06T00:00:00+00:00",3,2,0],["2024-09-06T00:00:00+00:00",3,2,0],["2024-12-01T00:00:00+00:00",3,2,0],["2025-02-25T00:00:00+00:00",3,2,0],["2025-04-04T00:00:00+00:00",3,2,0],["2025-07-08T00:00:00+00:00",3,2,0],["2025-09-22T00:00:00+00:00",3,2,0]]},"geometry":{"type":"Point","coordinates":[34.448045,31.508642]}},{"type":"Feature","properties":{"site_id":26,"event_code":"CE20231007PSE","latest_date":"2025-09-22T00:00:00+00:00","latest_class":2,"pass_count":10,"h":[["2024-02-29T00:00:00+00:00",2,1,3],["2024-04-01T00:00:00+00:00",2,1,0],["2024-05-03T00:00:00+00:00",2,1,0],["2024-07-06T00:00:00+00:00",2,1,0],["2024-09-06T00:00:00+00:00",2,1,0],["2024-12-01T00:00:00+00:00",2,1,0],["2025-02-25T00:00:00+00:00",2,1,0],["2025-04-04T00:00:00+00:00",2,1,0],["2025-07-08T00:00:00+00:00",2,1,0],["2025-09-22T00:00:00+00:00",2,1,0]]},"geometry":{"type":"Point","coordinates":[34.449478,31.507171]}},{"type":"Feature","properties":{"site_id":26,"event_code":"CE20231007PSE","latest_date":"2025-09-22T00:00:00+00:00","latest_class":3,"pass_count":10,"h":[["2024-02-29T00:00:00+00:00",3,2,3],["2024-04-01T00:00:00+00:00",3,2,0],["2024-05-03T00:00:00+00:00",3,2,0],["2024-07-06T00:00:00+00:00",3,2,0],["2024-09-06T00:00:00+00:00",3,2,0],["2024-12-01T00:00:00+00:00",3,2,0],["2025-02-25T00:00:00+00:00",3,2,0],["2025-04-04T00:00:00+00:00",3,2,0],["2025-07-08T00:00:00+00:00",3,2,0],["2025-09-22T00:00:00+00:00",3,2,0]]},"geometry":{"type":"Point","coordinates":[34.449365,31.507232]}},{"type":"Feature","properties":{"site_id":26,"event_code":"CE20231007PSE","latest_date":"2025-09-22T00:00:00+00:00","latest_class":3,"pass_count":10,"h":[["2024-02-29T00:00:00+00:00",3,2,3],["2024-04-01T00:00:00+00:00",3,2,0],["2024-05-03T00:00:00+00:00",3,2,0],["2024-07-06T00:00:00+00:00",3,2,0],["2024-09-06T00:00:00+00:00",3,2,0],["2024-12-01T00:00:00+00:00",3,2,0],["2025-02-25T00:00:00+00:00",3,2,0],["2025-04-04T00:00:00+00:00",3,2,0],["2025-07-08T00:00:00+00:00",3,2,0],["2025-09-22T00:00:00+00:00",3,2,0]]},"geometry":{"type":"Point","coordinates":[34.44961,31.506985]}},{"type":"Feature","properties":{"site_id":26,"event_code":"CE20231007PSE","latest_date":"2025-09-22T00:00:00+00:00","latest_class":3,"pass_count":13,"h":[["2023-11-07T00:00:00+00:00",4,3,3],["2023-11-26T00:00:00+00:00",4,3,0],["2024-01-06T00:00:00+00:00",3,2,1],["2024-02-29T00:00:00+00:00",3,2,0],["2024-04-01T00:00:00+00:00",3,2,0],["2024-05-03T00:00:00+00:00",3,2,0],["2024-07-06T00:00:00+00:00",3,2,0],["2024-09-06T00:00:00+00:00",3,2,0],["2024-12-01T00:00:00+00:00",3,2,0],["2025-02-25T00:00:00+00:00",3,2,0],["2025-04-04T00:00:00+00:00",3,2,0],["2025-07-08T00:00:00+00:00",3,2,0],["2025-09-22T00:00:00+00:00",3,2,0]]},"geometry":{"type":"Point","coordinates":[34.452631,31.506994]}},{"type":"Feature","properties":{"site_id":26,"event_code":"CE20231007PSE","latest_date":"2025-09-22T00:00:00+00:00","latest_class":3,"pass_count":13,"h":[["2023-11-07T00:00:00+00:00",4,3,3],["2023-11-26T00:00:00+00:00",4,3,0],["2024-01-06T00:00:00+00:00",3,2,1],["2024-02-29T00:00:00+00:00",3,2,0],["2024-04-01T00:00:00+00:00",3,2,0],["2024-05-03T00:00:00+00:00",3,2,0],["2024-07-06T00:00:00+00:00",3,2,0],["2024-09-06T00:00:00+00:00",3,2,0],["2024-12-01T00:00:00+00:00",3,2,0],["2025-02-25T00:00:00+00:00",3,2,0],["2025-04-04T00:00:00+00:00",3,2,0],["2025-07-08T00:00:00+00:00",3,2,0],["2025-09-22T00:00:00+00:00",3,2,0]]},"geometry":{"type":"Point","coordinates":[34.452511,31.507099]}},{"type":"Feature","properties":{"site_id":26,"event_code":"CE20231007PSE","latest_date":"2025-09-22T00:00:00+00:00","latest_class":1,"pass_count":13,"h":[["2023-11-07T00:00:00+00:00",1,1,3],["2023-11-26T00:00:00+00:00",1,1,0],["2024-01-06T00:00:00+00:00",1,1,0],["2024-02-29T00:00:00+00:00",1,1,0],["2024-04-01T00:00:00+00:00",1,1,0],["2024-05-03T00:00:00+00:00",1,1,0],["2024-07-06T00:00:00+00:00",1,1,0],["2024-09-06T00:00:00+00:00",1,1,0],["2024-12-01T00:00:00+00:00",1,1,0],["2025-02-25T00:00:00+00:00",1,1,0],["2025-04-04T00:00:00+00:00",1,1,0],["2025-07-08T00:00:00+00:00",1,1,0],["2025-09-22T00:00:00+00:00",1,1,0]]},"geometry":{"type":"Point","coordinates":[34.451929,31.508061]}},{"type":"Feature","properties":{"site_id":26,"event_code":"CE20231007PSE","latest_date":"2025-09-22T00:00:00+00:00","latest_class":1,"pass_count":13,"h":[["2023-11-07T00:00:00+00:00",1,1,3],["2023-11-26T00:00:00+00:00",1,1,0],["2024-01-06T00:00:00+00:00",1,1,0],["2024-02-29T00:00:00+00:00",1,1,0],["2024-04-01T00:00:00+00:00",1,1,0],["2024-05-03T00:00:00+00:00",1,1,0],["2024-07-06T00:00:00+00:00",1,1,0],["2024-09-06T00:00:00+00:00",1,1,0],["2024-12-01T00:00:00+00:00",1,1,0],["2025-02-25T00:00:00+00:00",1,1,0],["2025-04-04T00:00:00+00:00",1,1,0],["2025-07-08T00:00:00+00:00",1,1,0],["2025-09-22T00:00:00+00:00",1,1,0]]},"geometry":{"type":"Point","coordinates":[34.452175,31.507947]}},{"type":"Feature","properties":{"site_id":26,"event_code":"CE20231007PSE","latest_date":"2025-09-22T00:00:00+00:00","latest_class":2,"pass_count":13,"h":[["2023-11-07T00:00:00+00:00",2,1,3],["2023-11-26T00:00:00+00:00",2,1,0],["2024-01-06T00:00:00+00:00",2,1,0],["2024-02-29T00:00:00+00:00",2,1,0],["2024-04-01T00:00:00+00:00",2,1,0],["2024-05-03T00:00:00+00:00",2,1,0],["2024-07-06T00:00:00+00:00",2,1,0],["2024-09-06T00:00:00+00:00",2,1,0],["2024-12-01T00:00:00+00:00",2,1,0],["2025-02-25T00:00:00+00:00",2,1,0],["2025-04-04T00:00:00+00:00",2,1,0],["2025-07-08T00:00:00+00:00",2,1,0],["2025-09-22T00:00:00+00:00",2,1,0]]},"geometry":{"type":"Point","coordinates":[34.452954,31.507005]}},{"type":"Feature","properties":{"site_id":26,"event_code":"CE20231007PSE","latest_date":"2025-09-22T00:00:00+00:00","latest_class":2,"pass_count":13,"h":[["2023-11-07T00:00:00+00:00",2,1,3],["2023-11-26T00:00:00+00:00",2,1,0],["2024-01-06T00:00:00+00:00",2,1,0],["2024-02-29T00:00:00+00:00",2,1,0],["2024-04-01T00:00:00+00:00",2,1,0],["2024-05-03T00:00:00+00:00",2,1,0],["2024-07-06T00:00:00+00:00",2,1,0],["2024-09-06T00:00:00+00:00",2,1,0],["2024-12-01T00:00:00+00:00",2,1,0],["2025-02-25T00:00:00+00:00",2,1,0],["2025-04-04T00:00:00+00:00",2,1,0],["2025-07-08T00:00:00+00:00",2,1,0],["2025-09-22T00:00:00+00:00",2,1,0]]},"geometry":{"type":"Point","coordinates":[34.453175,31.506871]}},{"type":"Feature","properties":{"site_id":26,"event_code":"CE20231007PSE","latest_date":"2025-09-22T00:00:00+00:00","latest_class":3,"pass_count":12,"h":[["2023-11-26T00:00:00+00:00",3,2,3],["2024-01-06T00:00:00+00:00",3,2,0],["2024-02-29T00:00:00+00:00",3,2,0],["2024-04-01T00:00:00+00:00",3,2,0],["2024-05-03T00:00:00+00:00",3,2,0],["2024-07-06T00:00:00+00:00",3,2,0],["2024-09-06T00:00:00+00:00",3,2,0],["2024-12-01T00:00:00+00:00",3,2,0],["2025-02-25T00:00:00+00:00",3,2,0],["2025-04-04T00:00:00+00:00",3,2,0],["2025-07-08T00:00:00+00:00",3,2,0],["2025-09-22T00:00:00+00:00",3,2,0]]},"geometry":{"type":"Point","coordinates":[34.453249,31.50704]}},{"type":"Feature","properties":{"site_id":26,"event_code":"CE20231007PSE","latest_date":"2025-09-22T00:00:00+00:00","latest_class":3,"pass_count":12,"h":[["2023-11-26T00:00:00+00:00",3,2,3],["2024-01-06T00:00:00+00:00",3,2,0],["2024-02-29T00:00:00+00:00",3,2,0],["2024-04-01T00:00:00+00:00",3,2,0],["2024-05-03T00:00:00+00:00",3,2,0],["2024-07-06T00:00:00+00:00",3,2,0],["2024-09-06T00:00:00+00:00",3,2,0],["2024-12-01T00:00:00+00:00",3,2,0],["2025-02-25T00:00:00+00:00",3,2,0],["2025-04-04T00:00:00+00:00",3,2,0],["2025-07-08T00:00:00+00:00",3,2,0],["2025-09-22T00:00:00+00:00",3,2,0]]},"geometry":{"type":"Point","coordinates":[34.453396,31.506951]}},{"type":"Feature","properties":{"site_id":26,"event_code":"CE20231007PSE","latest_date":"2025-09-22T00:00:00+00:00","latest_class":3,"pass_count":12,"h":[["2023-11-26T00:00:00+00:00",3,2,3],["2024-01-06T00:00:00+00:00",3,2,0],["2024-02-29T00:00:00+00:00",3,2,0],["2024-04-01T00:00:00+00:00",3,2,0],["2024-05-03T00:00:00+00:00",3,2,0],["2024-07-06T00:00:00+00:00",3,2,0],["2024-09-06T00:00:00+00:00",3,2,0],["2024-12-01T00:00:00+00:00",3,2,0],["2025-02-25T00:00:00+00:00",3,2,0],["2025-04-04T00:00:00+00:00",3,2,0],["2025-07-08T00:00:00+00:00",3,2,0],["2025-09-22T00:00:00+00:00",3,2,0]]},"geometry":{"type":"Point","coordinates":[34.45343,31.506843]}},{"type":"Feature","properties":{"site_id":26,"event_code":"CE20231007PSE","latest_date":"2025-09-22T00:00:00+00:00","latest_class":3,"pass_count":12,"h":[["2023-11-26T00:00:00+00:00",3,2,3],["2024-01-06T00:00:00+00:00",3,2,0],["2024-02-29T00:00:00+00:00",3,2,0],["2024-04-01T00:00:00+00:00",3,2,0],["2024-05-03T00:00:00+00:00",3,2,0],["2024-07-06T00:00:00+00:00",3,2,0],["2024-09-06T00:00:00+00:00",3,2,0],["2024-12-01T00:00:00+00:00",3,2,0],["2025-02-25T00:00:00+00:00",3,2,0],["2025-04-04T00:00:00+00:00",3,2,0],["2025-07-08T00:00:00+00:00",3,2,0],["2025-09-22T00:00:00+00:00",3,2,0]]},"geometry":{"type":"Point","coordinates":[34.453574,31.506752]}},{"type":"Feature","properties":{"site_id":26,"event_code":"CE20231007PSE","latest_date":"2025-09-22T00:00:00+00:00","latest_class":2,"pass_count":13,"h":[["2023-11-07T00:00:00+00:00",4,3,3],["2023-11-26T00:00:00+00:00",2,1,1],["2024-01-06T00:00:00+00:00",2,1,0],["2024-02-29T00:00:00+00:00",2,1,0],["2024-04-01T00:00:00+00:00",2,1,0],["2024-05-03T00:00:00+00:00",2,1,0],["2024-07-06T00:00:00+00:00",2,1,0],["2024-09-06T00:00:00+00:00",2,1,0],["2024-12-01T00:00:00+00:00",2,1,0],["2025-02-25T00:00:00+00:00",2,1,0],["2025-04-04T00:00:00+00:00",2,1,0],["2025-07-08T00:00:00+00:00",2,1,0],["2025-09-22T00:00:00+00:00",2,1,0]]},"geometry":{"type":"Point","coordinates":[34.452847,31.507015]}},{"type":"Feature","properties":{"site_id":26,"event_code":"CE20231007PSE","latest_date":"2025-09-22T00:00:00+00:00","latest_class":3,"pass_count":13,"h":[["2023-11-07T00:00:00+00:00",4,3,3],["2023-11-26T00:00:00+00:00",3,2,1],["2024-01-06T00:00:00+00:00",3,2,0],["2024-02-29T00:00:00+00:00",3,2,0],["2024-04-01T00:00:00+00:00",3,2,0],["2024-05-03T00:00:00+00:00",3,2,0],["2024-07-06T00:00:00+00:00",3,2,0],["2024-09-06T00:00:00+00:00",3,2,0],["2024-12-01T00:00:00+00:00",3,2,0],["2025-02-25T00:00:00+00:00",3,2,0],["2025-04-04T00:00:00+00:00",3,2,0],["2025-07-08T00:00:00+00:00",3,2,0],["2025-09-22T00:00:00+00:00",3,2,0]]},"geometry":{"type":"Point","coordinates":[34.452778,31.50708]}},{"type":"Feature","properties":{"site_id":26,"event_code":"CE20231007PSE","latest_date":"2025-09-22T00:00:00+00:00","latest_class":3,"pass_count":12,"h":[["2023-11-26T00:00:00+00:00",3,2,3],["2024-01-06T00:00:00+00:00",3,2,0],["2024-02-29T00:00:00+00:00",3,2,0],["2024-04-01T00:00:00+00:00",3,2,0],["2024-05-03T00:00:00+00:00",3,2,0],["2024-07-06T00:00:00+00:00",3,2,0],["2024-09-06T00:00:00+00:00",3,2,0],["2024-12-01T00:00:00+00:00",3,2,0],["2025-02-25T00:00:00+00:00",3,2,0],["2025-04-04T00:00:00+00:00",3,2,0],["2025-07-08T00:00:00+00:00",3,2,0],["2025-09-22T00:00:00+00:00",3,2,0]]},"geometry":{"type":"Point","coordinates":[34.452957,31.507185]}},{"type":"Feature","properties":{"site_id":26,"event_code":"CE20231007PSE","latest_date":"2025-09-22T00:00:00+00:00","latest_class":3,"pass_count":13,"h":[["2023-11-07T00:00:00+00:00",4,3,3],["2023-11-26T00:00:00+00:00",3,2,1],["2024-01-06T00:00:00+00:00",3,2,0],["2024-02-29T00:00:00+00:00",3,2,0],["2024-04-01T00:00:00+00:00",3,2,0],["2024-05-03T00:00:00+00:00",3,2,0],["2024-07-06T00:00:00+00:00",3,2,0],["2024-09-06T00:00:00+00:00",3,2,0],["2024-12-01T00:00:00+00:00",3,2,0],["2025-02-25T00:00:00+00:00",3,2,0],["2025-04-04T00:00:00+00:00",3,2,0],["2025-07-08T00:00:00+00:00",3,2,0],["2025-09-22T00:00:00+00:00",3,2,0]]},"geometry":{"type":"Point","coordinates":[34.45276,31.507209]}},{"type":"Feature","properties":{"site_id":26,"event_code":"CE20231007PSE","latest_date":"2025-09-22T00:00:00+00:00","latest_class":3,"pass_count":12,"h":[["2023-11-26T00:00:00+00:00",3,2,3],["2024-01-06T00:00:00+00:00",3,2,0],["2024-02-29T00:00:00+00:00",3,2,0],["2024-04-01T00:00:00+00:00",3,2,0],["2024-05-03T00:00:00+00:00",3,2,0],["2024-07-06T00:00:00+00:00",3,2,0],["2024-09-06T00:00:00+00:00",3,2,0],["2024-12-01T00:00:00+00:00",3,2,0],["2025-02-25T00:00:00+00:00",3,2,0],["2025-04-04T00:00:00+00:00",3,2,0],["2025-07-08T00:00:00+00:00",3,2,0],["2025-09-22T00:00:00+00:00",3,2,0]]},"geometry":{"type":"Point","coordinates":[34.453065,31.507121]}},{"type":"Feature","properties":{"site_id":26,"event_code":"CE20231007PSE","latest_date":"2025-09-22T00:00:00+00:00","latest_class":3,"pass_count":12,"h":[["2023-11-26T00:00:00+00:00",3,2,3],["2024-01-06T00:00:00+00:00",3,2,0],["2024-02-29T00:00:00+00:00",3,2,0],["2024-04-01T00:00:00+00:00",3,2,0],["2024-05-03T00:00:00+00:00",3,2,0],["2024-07-06T00:00:00+00:00",3,2,0],["2024-09-06T00:00:00+00:00",3,2,0],["2024-12-01T00:00:00+00:00",3,2,0],["2025-02-25T00:00:00+00:00",3,2,0],["2025-04-04T00:00:00+00:00",3,2,0],["2025-07-08T00:00:00+00:00",3,2,0],["2025-09-22T00:00:00+00:00",3,2,0]]},"geometry":{"type":"Point","coordinates":[34.452239,31.507322]}},{"type":"Feature","properties":{"site_id":26,"event_code":"CE20231007PSE","latest_date":"2025-09-22T00:00:00+00:00","latest_class":3,"pass_count":12,"h":[["2023-11-26T00:00:00+00:00",3,2,3],["2024-01-06T00:00:00+00:00",3,2,0],["2024-02-29T00:00:00+00:00",3,2,0],["2024-04-01T00:00:00+00:00",3,2,0],["2024-05-03T00:00:00+00:00",3,2,0],["2024-07-06T00:00:00+00:00",3,2,0],["2024-09-06T00:00:00+00:00",3,2,0],["2024-12-01T00:00:00+00:00",3,2,0],["2025-02-25T00:00:00+00:00",3,2,0],["2025-04-04T00:00:00+00:00",3,2,0],["2025-07-08T00:00:00+00:00",3,2,0],["2025-09-22T00:00:00+00:00",3,2,0]]},"geometry":{"type":"Point","coordinates":[34.452089,31.507405]}},{"type":"Feature","properties":{"site_id":26,"event_code":"CE20231007PSE","latest_date":"2025-09-22T00:00:00+00:00","latest_class":3,"pass_count":12,"h":[["2023-11-26T00:00:00+00:00",3,2,3],["2024-01-06T00:00:00+00:00",3,2,0],["2024-02-29T00:00:00+00:00",3,2,0],["2024-04-01T00:00:00+00:00",3,2,0],["2024-05-03T00:00:00+00:00",3,2,0],["2024-07-06T00:00:00+00:00",3,2,0],["2024-09-06T00:00:00+00:00",3,2,0],["2024-12-01T00:00:00+00:00",3,2,0],["2025-02-25T00:00:00+00:00",3,2,0],["2025-04-04T00:00:00+00:00",3,2,0],["2025-07-08T00:00:00+00:00",3,2,0],["2025-09-22T00:00:00+00:00",3,2,0]]},"geometry":{"type":"Point","coordinates":[34.453078,31.50735]}},{"type":"Feature","properties":{"site_id":26,"event_code":"CE20231007PSE","latest_date":"2025-09-22T00:00:00+00:00","latest_class":2,"pass_count":12,"h":[["2023-11-26T00:00:00+00:00",2,1,3],["2024-01-06T00:00:00+00:00",2,1,0],["2024-02-29T00:00:00+00:00",2,1,0],["2024-04-01T00:00:00+00:00",2,1,0],["2024-05-03T00:00:00+00:00",2,1,0],["2024-07-06T00:00:00+00:00",2,1,0],["2024-09-06T00:00:00+00:00",2,1,0],["2024-12-01T00:00:00+00:00",2,1,0],["2025-02-25T00:00:00+00:00",2,1,0],["2025-04-04T00:00:00+00:00",2,1,0],["2025-07-08T00:00:00+00:00",2,1,0],["2025-09-22T00:00:00+00:00",2,1,0]]},"geometry":{"type":"Point","coordinates":[34.453874,31.506714]}},{"type":"Feature","properties":{"site_id":26,"event_code":"CE20231007PSE","latest_date":"2025-09-22T00:00:00+00:00","latest_class":3,"pass_count":12,"h":[["2023-11-26T00:00:00+00:00",3,2,3],["2024-01-06T00:00:00+00:00",3,2,0],["2024-02-29T00:00:00+00:00",3,2,0],["2024-04-01T00:00:00+00:00",3,2,0],["2024-05-03T00:00:00+00:00",3,2,0],["2024-07-06T00:00:00+00:00",3,2,0],["2024-09-06T00:00:00+00:00",3,2,0],["2024-12-01T00:00:00+00:00",3,2,0],["2025-02-25T00:00:00+00:00",3,2,0],["2025-04-04T00:00:00+00:00",3,2,0],["2025-07-08T00:00:00+00:00",3,2,0],["2025-09-22T00:00:00+00:00",3,2,0]]},"geometry":{"type":"Point","coordinates":[34.453915,31.506836]}},{"type":"Feature","properties":{"site_id":26,"event_code":"CE20231007PSE","latest_date":"2025-09-22T00:00:00+00:00","latest_class":3,"pass_count":12,"h":[["2023-11-26T00:00:00+00:00",3,2,3],["2024-01-06T00:00:00+00:00",3,2,0],["2024-02-29T00:00:00+00:00",3,2,0],["2024-04-01T00:00:00+00:00",3,2,0],["2024-05-03T00:00:00+00:00",3,2,0],["2024-07-06T00:00:00+00:00",3,2,0],["2024-09-06T00:00:00+00:00",3,2,0],["2024-12-01T00:00:00+00:00",3,2,0],["2025-02-25T00:00:00+00:00",3,2,0],["2025-04-04T00:00:00+00:00",3,2,0],["2025-07-08T00:00:00+00:00",3,2,0],["2025-09-22T00:00:00+00:00",3,2,0]]},"geometry":{"type":"Point","coordinates":[34.453701,31.506884]}},{"type":"Feature","properties":{"site_id":26,"event_code":"CE20231007PSE","latest_date":"2025-09-22T00:00:00+00:00","latest_class":2,"pass_count":12,"h":[["2023-11-26T00:00:00+00:00",2,1,3],["2024-01-06T00:00:00+00:00",2,1,0],["2024-02-29T00:00:00+00:00",2,1,0],["2024-04-01T00:00:00+00:00",2,1,0],["2024-05-03T00:00:00+00:00",2,1,0],["2024-07-06T00:00:00+00:00",2,1,0],["2024-09-06T00:00:00+00:00",2,1,0],["2024-12-01T00:00:00+00:00",2,1,0],["2025-02-25T00:00:00+00:00",2,1,0],["2025-04-04T00:00:00+00:00",2,1,0],["2025-07-08T00:00:00+00:00",2,1,0],["2025-09-22T00:00:00+00:00",2,1,0]]},"geometry":{"type":"Point","coordinates":[34.454905,31.506236]}},{"type":"Feature","properties":{"site_id":26,"event_code":"CE20231007PSE","latest_date":"2025-09-22T00:00:00+00:00","latest_class":2,"pass_count":11,"h":[["2024-01-06T00:00:00+00:00",2,1,3],["2024-02-29T00:00:00+00:00",2,1,0],["2024-04-01T00:00:00+00:00",2,1,0],["2024-05-03T00:00:00+00:00",2,1,0],["2024-07-06T00:00:00+00:00",2,1,0],["2024-09-06T00:00:00+00:00",2,1,0],["2024-12-01T00:00:00+00:00",2,1,0],["2025-02-25T00:00:00+00:00",2,1,0],["2025-04-04T00:00:00+00:00",2,1,0],["2025-07-08T00:00:00+00:00",2,1,0],["2025-09-22T00:00:00+00:00",2,1,0]]},"geometry":{"type":"Point","coordinates":[34.450522,31.508642]}},{"type":"Feature","properties":{"site_id":26,"event_code":"CE20231007PSE","latest_date":"2025-09-22T00:00:00+00:00","latest_class":3,"pass_count":11,"h":[["2024-01-06T00:00:00+00:00",3,2,3],["2024-02-29T00:00:00+00:00",3,2,0],["2024-04-01T00:00:00+00:00",3,2,0],["2024-05-03T00:00:00+00:00",3,2,0],["2024-07-06T00:00:00+00:00",3,2,0],["2024-09-06T00:00:00+00:00",3,2,0],["2024-12-01T00:00:00+00:00",3,2,0],["2025-02-25T00:00:00+00:00",3,2,0],["2025-04-04T00:00:00+00:00",3,2,0],["2025-07-08T00:00:00+00:00",3,2,0],["2025-09-22T00:00:00+00:00",3,2,0]]},"geometry":{"type":"Point","coordinates":[34.450567,31.508734]}},{"type":"Feature","properties":{"site_id":26,"event_code":"CE20231007PSE","latest_date":"2025-09-22T00:00:00+00:00","latest_class":3,"pass_count":11,"h":[["2024-01-06T00:00:00+00:00",3,2,3],["2024-02-29T00:00:00+00:00",3,2,0],["2024-04-01T00:00:00+00:00",3,2,0],["2024-05-03T00:00:00+00:00",3,2,0],["2024-07-06T00:00:00+00:00",3,2,0],["2024-09-06T00:00:00+00:00",3,2,0],["2024-12-01T00:00:00+00:00",3,2,0],["2025-02-25T00:00:00+00:00",3,2,0],["2025-04-04T00:00:00+00:00",3,2,0],["2025-07-08T00:00:00+00:00",3,2,0],["2025-09-22T00:00:00+00:00",3,2,0]]},"geometry":{"type":"Point","coordinates":[34.450437,31.508754]}},{"type":"Feature","properties":{"site_id":26,"event_code":"CE20231007PSE","latest_date":"2025-09-22T00:00:00+00:00","latest_class":3,"pass_count":11,"h":[["2024-01-06T00:00:00+00:00",3,2,3],["2024-02-29T00:00:00+00:00",3,2,0],["2024-04-01T00:00:00+00:00",3,2,0],["2024-05-03T00:00:00+00:00",3,2,0],["2024-07-06T00:00:00+00:00",3,2,0],["2024-09-06T00:00:00+00:00",3,2,0],["2024-12-01T00:00:00+00:00",3,2,0],["2025-02-25T00:00:00+00:00",3,2,0],["2025-04-04T00:00:00+00:00",3,2,0],["2025-07-08T00:00:00+00:00",3,2,0],["2025-09-22T00:00:00+00:00",3,2,0]]},"geometry":{"type":"Point","coordinates":[34.450464,31.508509]}},{"type":"Feature","properties":{"site_id":26,"event_code":"CE20231007PSE","latest_date":"2025-09-22T00:00:00+00:00","latest_class":3,"pass_count":11,"h":[["2024-01-06T00:00:00+00:00",3,2,3],["2024-02-29T00:00:00+00:00",3,2,0],["2024-04-01T00:00:00+00:00",3,2,0],["2024-05-03T00:00:00+00:00",3,2,0],["2024-07-06T00:00:00+00:00",3,2,0],["2024-09-06T00:00:00+00:00",3,2,0],["2024-12-01T00:00:00+00:00",3,2,0],["2025-02-25T00:00:00+00:00",3,2,0],["2025-04-04T00:00:00+00:00",3,2,0],["2025-07-08T00:00:00+00:00",3,2,0],["2025-09-22T00:00:00+00:00",3,2,0]]},"geometry":{"type":"Point","coordinates":[34.450669,31.508669]}},{"type":"Feature","properties":{"site_id":26,"event_code":"CE20231007PSE","latest_date":"2025-09-22T00:00:00+00:00","latest_class":3,"pass_count":11,"h":[["2024-01-06T00:00:00+00:00",3,2,3],["2024-02-29T00:00:00+00:00",3,2,0],["2024-04-01T00:00:00+00:00",3,2,0],["2024-05-03T00:00:00+00:00",3,2,0],["2024-07-06T00:00:00+00:00",3,2,0],["2024-09-06T00:00:00+00:00",3,2,0],["2024-12-01T00:00:00+00:00",3,2,0],["2025-02-25T00:00:00+00:00",3,2,0],["2025-04-04T00:00:00+00:00",3,2,0],["2025-07-08T00:00:00+00:00",3,2,0],["2025-09-22T00:00:00+00:00",3,2,0]]},"geometry":{"type":"Point","coordinates":[34.450379,31.508613]}},{"type":"Feature","properties":{"site_id":26,"event_code":"CE20231007PSE","latest_date":"2025-09-22T00:00:00+00:00","latest_class":1,"pass_count":11,"h":[["2024-01-06T00:00:00+00:00",1,1,3],["2024-02-29T00:00:00+00:00",1,1,0],["2024-04-01T00:00:00+00:00",1,1,0],["2024-05-03T00:00:00+00:00",1,1,0],["2024-07-06T00:00:00+00:00",1,1,0],["2024-09-06T00:00:00+00:00",1,1,0],["2024-12-01T00:00:00+00:00",1,1,0],["2025-02-25T00:00:00+00:00",1,1,0],["2025-04-04T00:00:00+00:00",1,1,0],["2025-07-08T00:00:00+00:00",1,1,0],["2025-09-22T00:00:00+00:00",1,1,0]]},"geometry":{"type":"Point","coordinates":[34.455454,31.506298]}},{"type":"Feature","properties":{"site_id":26,"event_code":"CE20231007PSE","latest_date":"2025-09-22T00:00:00+00:00","latest_class":3,"pass_count":11,"h":[["2024-01-06T00:00:00+00:00",3,2,3],["2024-02-29T00:00:00+00:00",3,2,0],["2024-04-01T00:00:00+00:00",3,2,0],["2024-05-03T00:00:00+00:00",3,2,0],["2024-07-06T00:00:00+00:00",3,2,0],["2024-09-06T00:00:00+00:00",3,2,0],["2024-12-01T00:00:00+00:00",3,2,0],["2025-02-25T00:00:00+00:00",3,2,0],["2025-04-04T00:00:00+00:00",3,2,0],["2025-07-08T00:00:00+00:00",3,2,0],["2025-09-22T00:00:00+00:00",3,2,0]]},"geometry":{"type":"Point","coordinates":[34.455603,31.506456]}},{"type":"Feature","properties":{"site_id":26,"event_code":"CE20231007PSE","latest_date":"2025-09-22T00:00:00+00:00","latest_class":3,"pass_count":11,"h":[["2024-01-06T00:00:00+00:00",3,2,3],["2024-02-29T00:00:00+00:00",3,2,0],["2024-04-01T00:00:00+00:00",3,2,0],["2024-05-03T00:00:00+00:00",3,2,0],["2024-07-06T00:00:00+00:00",3,2,0],["2024-09-06T00:00:00+00:00",3,2,0],["2024-12-01T00:00:00+00:00",3,2,0],["2025-02-25T00:00:00+00:00",3,2,0],["2025-04-04T00:00:00+00:00",3,2,0],["2025-07-08T00:00:00+00:00",3,2,0],["2025-09-22T00:00:00+00:00",3,2,0]]},"geometry":{"type":"Point","coordinates":[34.455316,31.506618]}},{"type":"Feature","properties":{"site_id":26,"event_code":"CE20231007PSE","latest_date":"2025-09-22T00:00:00+00:00","latest_class":1,"pass_count":10,"h":[["2024-02-29T00:00:00+00:00",1,1,3],["2024-04-01T00:00:00+00:00",1,1,0],["2024-05-03T00:00:00+00:00",1,1,0],["2024-07-06T00:00:00+00:00",1,1,0],["2024-09-06T00:00:00+00:00",1,1,0],["2024-12-01T00:00:00+00:00",1,1,0],["2025-02-25T00:00:00+00:00",1,1,0],["2025-04-04T00:00:00+00:00",1,1,0],["2025-07-08T00:00:00+00:00",1,1,0],["2025-09-22T00:00:00+00:00",1,1,0]]},"geometry":{"type":"Point","coordinates":[34.448694,31.506354]}},{"type":"Feature","properties":{"site_id":26,"event_code":"CE20231007PSE","latest_date":"2025-09-22T00:00:00+00:00","latest_class":3,"pass_count":10,"h":[["2024-02-29T00:00:00+00:00",3,2,3],["2024-04-01T00:00:00+00:00",3,2,0],["2024-05-03T00:00:00+00:00",3,2,0],["2024-07-06T00:00:00+00:00",3,2,0],["2024-09-06T00:00:00+00:00",3,2,0],["2024-12-01T00:00:00+00:00",3,2,0],["2025-02-25T00:00:00+00:00",3,2,0],["2025-04-04T00:00:00+00:00",3,2,0],["2025-07-08T00:00:00+00:00",3,2,0],["2025-09-22T00:00:00+00:00",3,2,0]]},"geometry":{"type":"Point","coordinates":[34.448539,31.506239]}},{"type":"Feature","properties":{"site_id":26,"event_code":"CE20231007PSE","latest_date":"2025-09-22T00:00:00+00:00","latest_class":1,"pass_count":10,"h":[["2024-02-29T00:00:00+00:00",1,1,3],["2024-04-01T00:00:00+00:00",1,1,0],["2024-05-03T00:00:00+00:00",1,1,0],["2024-07-06T00:00:00+00:00",1,1,0],["2024-09-06T00:00:00+00:00",1,1,0],["2024-12-01T00:00:00+00:00",1,1,0],["2025-02-25T00:00:00+00:00",1,1,0],["2025-04-04T00:00:00+00:00",1,1,0],["2025-07-08T00:00:00+00:00",1,1,0],["2025-09-22T00:00:00+00:00",1,1,0]]},"geometry":{"type":"Point","coordinates":[34.447994,31.510582]}},{"type":"Feature","properties":{"site_id":26,"event_code":"CE20231007PSE","latest_date":"2025-09-22T00:00:00+00:00","latest_class":3,"pass_count":10,"h":[["2024-02-29T00:00:00+00:00",3,2,3],["2024-04-01T00:00:00+00:00",3,2,0],["2024-05-03T00:00:00+00:00",3,2,0],["2024-07-06T00:00:00+00:00",3,2,0],["2024-09-06T00:00:00+00:00",3,2,0],["2024-12-01T00:00:00+00:00",3,2,0],["2025-02-25T00:00:00+00:00",3,2,0],["2025-04-04T00:00:00+00:00",3,2,0],["2025-07-08T00:00:00+00:00",3,2,0],["2025-09-22T00:00:00+00:00",3,2,0]]},"geometry":{"type":"Point","coordinates":[34.448168,31.510494]}},{"type":"Feature","properties":{"site_id":26,"event_code":"CE20231007PSE","latest_date":"2025-09-22T00:00:00+00:00","latest_class":3,"pass_count":10,"h":[["2024-02-29T00:00:00+00:00",3,2,3],["2024-04-01T00:00:00+00:00",3,2,0],["2024-05-03T00:00:00+00:00",3,2,0],["2024-07-06T00:00:00+00:00",3,2,0],["2024-09-06T00:00:00+00:00",3,2,0],["2024-12-01T00:00:00+00:00",3,2,0],["2025-02-25T00:00:00+00:00",3,2,0],["2025-04-04T00:00:00+00:00",3,2,0],["2025-07-08T00:00:00+00:00",3,2,0],["2025-09-22T00:00:00+00:00",3,2,0]]},"geometry":{"type":"Point","coordinates":[34.447863,31.510674]}},{"type":"Feature","properties":{"site_id":26,"event_code":"CE20231007PSE","latest_date":"2025-09-22T00:00:00+00:00","latest_class":3,"pass_count":12,"h":[["2023-11-26T00:00:00+00:00",3,2,3],["2024-01-06T00:00:00+00:00",3,2,0],["2024-02-29T00:00:00+00:00",3,2,0],["2024-04-01T00:00:00+00:00",3,2,0],["2024-05-03T00:00:00+00:00",3,2,0],["2024-07-06T00:00:00+00:00",3,2,0],["2024-09-06T00:00:00+00:00",3,2,0],["2024-12-01T00:00:00+00:00",3,2,0],["2025-02-25T00:00:00+00:00",3,2,0],["2025-04-04T00:00:00+00:00",3,2,0],["2025-07-08T00:00:00+00:00",3,2,0],["2025-09-22T00:00:00+00:00",3,2,0]]},"geometry":{"type":"Point","coordinates":[34.449071,31.505404]}},{"type":"Feature","properties":{"site_id":26,"event_code":"CE20231007PSE","latest_date":"2025-09-22T00:00:00+00:00","latest_class":3,"pass_count":12,"h":[["2023-11-26T00:00:00+00:00",3,2,3],["2024-01-06T00:00:00+00:00",3,2,0],["2024-02-29T00:00:00+00:00",3,2,0],["2024-04-01T00:00:00+00:00",3,2,0],["2024-05-03T00:00:00+00:00",3,2,0],["2024-07-06T00:00:00+00:00",3,2,0],["2024-09-06T00:00:00+00:00",3,2,0],["2024-12-01T00:00:00+00:00",3,2,0],["2025-02-25T00:00:00+00:00",3,2,0],["2025-04-04T00:00:00+00:00",3,2,0],["2025-07-08T00:00:00+00:00",3,2,0],["2025-09-22T00:00:00+00:00",3,2,0]]},"geometry":{"type":"Point","coordinates":[34.448975,31.505314]}},{"type":"Feature","properties":{"site_id":26,"event_code":"CE20231007PSE","latest_date":"2025-09-22T00:00:00+00:00","latest_class":1,"pass_count":9,"h":[["2024-04-01T00:00:00+00:00",1,1,3],["2024-05-03T00:00:00+00:00",1,1,0],["2024-07-06T00:00:00+00:00",1,1,0],["2024-09-06T00:00:00+00:00",1,1,0],["2024-12-01T00:00:00+00:00",1,1,0],["2025-02-25T00:00:00+00:00",1,1,0],["2025-04-04T00:00:00+00:00",1,1,0],["2025-07-08T00:00:00+00:00",1,1,0],["2025-09-22T00:00:00+00:00",1,1,0]]},"geometry":{"type":"Point","coordinates":[34.455306,31.506057]}},{"type":"Feature","properties":{"site_id":26,"event_code":"CE20231007PSE","latest_date":"2025-09-22T00:00:00+00:00","latest_class":3,"pass_count":12,"h":[["2023-11-26T00:00:00+00:00",3,2,3],["2024-01-06T00:00:00+00:00",3,2,0],["2024-02-29T00:00:00+00:00",3,2,0],["2024-04-01T00:00:00+00:00",3,2,0],["2024-05-03T00:00:00+00:00",3,2,0],["2024-07-06T00:00:00+00:00",3,2,0],["2024-09-06T00:00:00+00:00",3,2,0],["2024-12-01T00:00:00+00:00",3,2,0],["2025-02-25T00:00:00+00:00",3,2,0],["2025-04-04T00:00:00+00:00",3,2,0],["2025-07-08T00:00:00+00:00",3,2,0],["2025-09-22T00:00:00+00:00",3,2,0]]},"geometry":{"type":"Point","coordinates":[34.456677,31.505366]}},{"type":"Feature","properties":{"site_id":26,"event_code":"CE20231007PSE","latest_date":"2025-09-22T00:00:00+00:00","latest_class":2,"pass_count":12,"h":[["2023-11-26T00:00:00+00:00",2,1,3],["2024-01-06T00:00:00+00:00",2,1,0],["2024-02-29T00:00:00+00:00",2,1,0],["2024-04-01T00:00:00+00:00",2,1,0],["2024-05-03T00:00:00+00:00",2,1,0],["2024-07-06T00:00:00+00:00",2,1,0],["2024-09-06T00:00:00+00:00",2,1,0],["2024-12-01T00:00:00+00:00",2,1,0],["2025-02-25T00:00:00+00:00",2,1,0],["2025-04-04T00:00:00+00:00",2,1,0],["2025-07-08T00:00:00+00:00",2,1,0],["2025-09-22T00:00:00+00:00",2,1,0]]},"geometry":{"type":"Point","coordinates":[34.45699,31.505427]}},{"type":"Feature","properties":{"site_id":26,"event_code":"CE20231007PSE","latest_date":"2025-09-22T00:00:00+00:00","latest_class":3,"pass_count":12,"h":[["2023-11-26T00:00:00+00:00",3,2,3],["2024-01-06T00:00:00+00:00",3,2,0],["2024-02-29T00:00:00+00:00",3,2,0],["2024-04-01T00:00:00+00:00",3,2,0],["2024-05-03T00:00:00+00:00",3,2,0],["2024-07-06T00:00:00+00:00",3,2,0],["2024-09-06T00:00:00+00:00",3,2,0],["2024-12-01T00:00:00+00:00",3,2,0],["2025-02-25T00:00:00+00:00",3,2,0],["2025-04-04T00:00:00+00:00",3,2,0],["2025-07-08T00:00:00+00:00",3,2,0],["2025-09-22T00:00:00+00:00",3,2,0]]},"geometry":{"type":"Point","coordinates":[34.457243,31.505272]}},{"type":"Feature","properties":{"site_id":26,"event_code":"CE20231007PSE","latest_date":"2025-09-22T00:00:00+00:00","latest_class":1,"pass_count":8,"h":[["2024-05-03T00:00:00+00:00",2,1,3],["2024-07-06T00:00:00+00:00",2,1,0],["2024-09-06T00:00:00+00:00",2,1,0],["2024-12-01T00:00:00+00:00",2,1,0],["2025-02-25T00:00:00+00:00",1,1,1],["2025-04-04T00:00:00+00:00",1,1,0],["2025-07-08T00:00:00+00:00",1,1,0],["2025-09-22T00:00:00+00:00",1,1,0]]},"geometry":{"type":"Point","coordinates":[34.443187,31.510781]}},{"type":"Feature","properties":{"site_id":26,"event_code":"CE20231007PSE","latest_date":"2025-09-22T00:00:00+00:00","latest_class":3,"pass_count":8,"h":[["2024-05-03T00:00:00+00:00",3,2,3],["2024-07-06T00:00:00+00:00",3,2,0],["2024-09-06T00:00:00+00:00",3,2,0],["2024-12-01T00:00:00+00:00",3,2,0],["2025-02-25T00:00:00+00:00",3,2,0],["2025-04-04T00:00:00+00:00",3,2,0],["2025-07-08T00:00:00+00:00",3,2,0],["2025-09-22T00:00:00+00:00",3,2,0]]},"geometry":{"type":"Point","coordinates":[34.443166,31.510551]}},{"type":"Feature","properties":{"site_id":26,"event_code":"CE20231007PSE","latest_date":"2025-09-22T00:00:00+00:00","latest_class":1,"pass_count":8,"h":[["2024-05-03T00:00:00+00:00",3,2,3],["2024-07-06T00:00:00+00:00",3,2,0],["2024-09-06T00:00:00+00:00",3,2,0],["2024-12-01T00:00:00+00:00",3,2,0],["2025-02-25T00:00:00+00:00",1,1,1],["2025-04-04T00:00:00+00:00",1,1,0],["2025-07-08T00:00:00+00:00",1,1,0],["2025-09-22T00:00:00+00:00",1,1,0]]},"geometry":{"type":"Point","coordinates":[34.44332,31.51071]}},{"type":"Feature","properties":{"site_id":26,"event_code":"CE20231007PSE","latest_date":"2025-09-22T00:00:00+00:00","latest_class":3,"pass_count":8,"h":[["2024-05-03T00:00:00+00:00",3,2,3],["2024-07-06T00:00:00+00:00",3,2,0],["2024-09-06T00:00:00+00:00",3,2,0],["2024-12-01T00:00:00+00:00",3,2,0],["2025-02-25T00:00:00+00:00",3,2,0],["2025-04-04T00:00:00+00:00",3,2,0],["2025-07-08T00:00:00+00:00",3,2,0],["2025-09-22T00:00:00+00:00",3,2,0]]},"geometry":{"type":"Point","coordinates":[34.443363,31.510455]}},{"type":"Feature","properties":{"site_id":26,"event_code":"CE20231007PSE","latest_date":"2025-09-22T00:00:00+00:00","latest_class":1,"pass_count":8,"h":[["2024-05-03T00:00:00+00:00",3,2,3],["2024-07-06T00:00:00+00:00",3,2,0],["2024-09-06T00:00:00+00:00",3,2,0],["2024-12-01T00:00:00+00:00",3,2,0],["2025-02-25T00:00:00+00:00",1,1,1],["2025-04-04T00:00:00+00:00",1,1,0],["2025-07-08T00:00:00+00:00",1,1,0],["2025-09-22T00:00:00+00:00",1,1,0]]},"geometry":{"type":"Point","coordinates":[34.443494,31.510557]}},{"type":"Feature","properties":{"site_id":26,"event_code":"CE20231007PSE","latest_date":"2025-09-22T00:00:00+00:00","latest_class":3,"pass_count":8,"h":[["2024-05-03T00:00:00+00:00",3,2,3],["2024-07-06T00:00:00+00:00",3,2,0],["2024-09-06T00:00:00+00:00",3,2,0],["2024-12-01T00:00:00+00:00",3,2,0],["2025-02-25T00:00:00+00:00",3,2,0],["2025-04-04T00:00:00+00:00",3,2,0],["2025-07-08T00:00:00+00:00",3,2,0],["2025-09-22T00:00:00+00:00",3,2,0]]},"geometry":{"type":"Point","coordinates":[34.442933,31.510754]}},{"type":"Feature","properties":{"site_id":26,"event_code":"CE20231007PSE","latest_date":"2025-09-22T00:00:00+00:00","latest_class":3,"pass_count":8,"h":[["2024-05-03T00:00:00+00:00",3,2,3],["2024-07-06T00:00:00+00:00",3,2,0],["2024-09-06T00:00:00+00:00",3,2,0],["2024-12-01T00:00:00+00:00",3,2,0],["2025-02-25T00:00:00+00:00",3,2,0],["2025-04-04T00:00:00+00:00",3,2,0],["2025-07-08T00:00:00+00:00",3,2,0],["2025-09-22T00:00:00+00:00",3,2,0]]},"geometry":{"type":"Point","coordinates":[34.443073,31.510417]}},{"type":"Feature","properties":{"site_id":26,"event_code":"CE20231007PSE","latest_date":"2025-09-22T00:00:00+00:00","latest_class":3,"pass_count":8,"h":[["2024-05-03T00:00:00+00:00",3,2,3],["2024-07-06T00:00:00+00:00",3,2,0],["2024-09-06T00:00:00+00:00",3,2,0],["2024-12-01T00:00:00+00:00",3,2,0],["2025-02-25T00:00:00+00:00",3,2,0],["2025-04-04T00:00:00+00:00",3,2,0],["2025-07-08T00:00:00+00:00",3,2,0],["2025-09-22T00:00:00+00:00",3,2,0]]},"geometry":{"type":"Point","coordinates":[34.442841,31.510347]}},{"type":"Feature","properties":{"site_id":26,"event_code":"CE20231007PSE","latest_date":"2025-09-22T00:00:00+00:00","latest_class":3,"pass_count":8,"h":[["2024-05-03T00:00:00+00:00",3,2,3],["2024-07-06T00:00:00+00:00",3,2,0],["2024-09-06T00:00:00+00:00",3,2,0],["2024-12-01T00:00:00+00:00",3,2,0],["2025-02-25T00:00:00+00:00",3,2,0],["2025-04-04T00:00:00+00:00",3,2,0],["2025-07-08T00:00:00+00:00",3,2,0],["2025-09-22T00:00:00+00:00",3,2,0]]},"geometry":{"type":"Point","coordinates":[34.44333,31.51091]}},{"type":"Feature","properties":{"site_id":26,"event_code":"CE20231007PSE","latest_date":"2025-09-22T00:00:00+00:00","latest_class":3,"pass_count":8,"h":[["2024-05-03T00:00:00+00:00",3,2,3],["2024-07-06T00:00:00+00:00",3,2,0],["2024-09-06T00:00:00+00:00",3,2,0],["2024-12-01T00:00:00+00:00",3,2,0],["2025-02-25T00:00:00+00:00",3,2,0],["2025-04-04T00:00:00+00:00",3,2,0],["2025-07-08T00:00:00+00:00",3,2,0],["2025-09-22T00:00:00+00:00",3,2,0]]},"geometry":{"type":"Point","coordinates":[34.443219,31.511068]}},{"type":"Feature","properties":{"site_id":26,"event_code":"CE20231007PSE","latest_date":"2025-09-22T00:00:00+00:00","latest_class":3,"pass_count":8,"h":[["2024-05-03T00:00:00+00:00",3,2,3],["2024-07-06T00:00:00+00:00",3,2,0],["2024-09-06T00:00:00+00:00",3,2,0],["2024-12-01T00:00:00+00:00",3,2,0],["2025-02-25T00:00:00+00:00",3,2,0],["2025-04-04T00:00:00+00:00",3,2,0],["2025-07-08T00:00:00+00:00",3,2,0],["2025-09-22T00:00:00+00:00",3,2,0]]},"geometry":{"type":"Point","coordinates":[34.44444,31.511124]}},{"type":"Feature","properties":{"site_id":26,"event_code":"CE20231007PSE","latest_date":"2025-09-22T00:00:00+00:00","latest_class":3,"pass_count":10,"h":[["2024-02-29T00:00:00+00:00",3,2,3],["2024-04-01T00:00:00+00:00",3,2,0],["2024-05-03T00:00:00+00:00",3,2,0],["2024-07-06T00:00:00+00:00",3,2,0],["2024-09-06T00:00:00+00:00",3,2,0],["2024-12-01T00:00:00+00:00",3,2,0],["2025-02-25T00:00:00+00:00",3,2,0],["2025-04-04T00:00:00+00:00",3,2,0],["2025-07-08T00:00:00+00:00",3,2,0],["2025-09-22T00:00:00+00:00",3,2,0]]},"geometry":{"type":"Point","coordinates":[34.447704,31.510734]}},{"type":"Feature","properties":{"site_id":26,"event_code":"CE20231007PSE","latest_date":"2025-09-22T00:00:00+00:00","latest_class":3,"pass_count":10,"h":[["2024-02-29T00:00:00+00:00",3,2,3],["2024-04-01T00:00:00+00:00",3,2,0],["2024-05-03T00:00:00+00:00",3,2,0],["2024-07-06T00:00:00+00:00",3,2,0],["2024-09-06T00:00:00+00:00",3,2,0],["2024-12-01T00:00:00+00:00",3,2,0],["2025-02-25T00:00:00+00:00",3,2,0],["2025-04-04T00:00:00+00:00",3,2,0],["2025-07-08T00:00:00+00:00",3,2,0],["2025-09-22T00:00:00+00:00",3,2,0]]},"geometry":{"type":"Point","coordinates":[34.447697,31.510512]}},{"type":"Feature","properties":{"site_id":26,"event_code":"CE20231007PSE","latest_date":"2025-09-22T00:00:00+00:00","latest_class":3,"pass_count":10,"h":[["2024-02-29T00:00:00+00:00",3,2,3],["2024-04-01T00:00:00+00:00",3,2,0],["2024-05-03T00:00:00+00:00",3,2,0],["2024-07-06T00:00:00+00:00",3,2,0],["2024-09-06T00:00:00+00:00",3,2,0],["2024-12-01T00:00:00+00:00",3,2,0],["2025-02-25T00:00:00+00:00",3,2,0],["2025-04-04T00:00:00+00:00",3,2,0],["2025-07-08T00:00:00+00:00",3,2,0],["2025-09-22T00:00:00+00:00",3,2,0]]},"geometry":{"type":"Point","coordinates":[34.447486,31.510661]}},{"type":"Feature","properties":{"site_id":26,"event_code":"CE20231007PSE","latest_date":"2025-09-22T00:00:00+00:00","latest_class":3,"pass_count":10,"h":[["2024-02-29T00:00:00+00:00",3,2,3],["2024-04-01T00:00:00+00:00",3,2,0],["2024-05-03T00:00:00+00:00",3,2,0],["2024-07-06T00:00:00+00:00",3,2,0],["2024-09-06T00:00:00+00:00",3,2,0],["2024-12-01T00:00:00+00:00",3,2,0],["2025-02-25T00:00:00+00:00",3,2,0],["2025-04-04T00:00:00+00:00",3,2,0],["2025-07-08T00:00:00+00:00",3,2,0],["2025-09-22T00:00:00+00:00",3,2,0]]},"geometry":{"type":"Point","coordinates":[34.447376,31.510985]}},{"type":"Feature","properties":{"site_id":26,"event_code":"CE20231007PSE","latest_date":"2025-09-22T00:00:00+00:00","latest_class":1,"pass_count":10,"h":[["2024-02-29T00:00:00+00:00",3,2,3],["2024-04-01T00:00:00+00:00",3,2,0],["2024-05-03T00:00:00+00:00",3,2,0],["2024-07-06T00:00:00+00:00",3,2,0],["2024-09-06T00:00:00+00:00",1,1,1],["2024-12-01T00:00:00+00:00",1,1,0],["2025-02-25T00:00:00+00:00",1,1,0],["2025-04-04T00:00:00+00:00",1,1,0],["2025-07-08T00:00:00+00:00",1,1,0],["2025-09-22T00:00:00+00:00",1,1,0]]},"geometry":{"type":"Point","coordinates":[34.447834,31.510458]}},{"type":"Feature","properties":{"site_id":26,"event_code":"CE20231007PSE","latest_date":"2025-09-22T00:00:00+00:00","latest_class":3,"pass_count":10,"h":[["2024-02-29T00:00:00+00:00",3,2,3],["2024-04-01T00:00:00+00:00",3,2,0],["2024-05-03T00:00:00+00:00",3,2,0],["2024-07-06T00:00:00+00:00",3,2,0],["2024-09-06T00:00:00+00:00",3,2,0],["2024-12-01T00:00:00+00:00",3,2,0],["2025-02-25T00:00:00+00:00",3,2,0],["2025-04-04T00:00:00+00:00",3,2,0],["2025-07-08T00:00:00+00:00",3,2,0],["2025-09-22T00:00:00+00:00",3,2,0]]},"geometry":{"type":"Point","coordinates":[34.447244,31.5108]}},{"type":"Feature","properties":{"site_id":26,"event_code":"CE20231007PSE","latest_date":"2025-09-22T00:00:00+00:00","latest_class":3,"pass_count":13,"h":[["2023-11-07T00:00:00+00:00",3,2,3],["2023-11-26T00:00:00+00:00",3,2,0],["2024-01-06T00:00:00+00:00",3,2,0],["2024-02-29T00:00:00+00:00",3,2,0],["2024-04-01T00:00:00+00:00",3,2,0],["2024-05-03T00:00:00+00:00",3,2,0],["2024-07-06T00:00:00+00:00",3,2,0],["2024-09-06T00:00:00+00:00",3,2,0],["2024-12-01T00:00:00+00:00",3,2,0],["2025-02-25T00:00:00+00:00",3,2,0],["2025-04-04T00:00:00+00:00",3,2,0],["2025-07-08T00:00:00+00:00",3,2,0],["2025-09-22T00:00:00+00:00",3,2,0]]},"geometry":{"type":"Point","coordinates":[34.442837,31.50986]}},{"type":"Feature","properties":{"site_id":26,"event_code":"CE20231007PSE","latest_date":"2025-09-22T00:00:00+00:00","latest_class":3,"pass_count":13,"h":[["2023-11-07T00:00:00+00:00",3,2,3],["2023-11-26T00:00:00+00:00",3,2,0],["2024-01-06T00:00:00+00:00",3,2,0],["2024-02-29T00:00:00+00:00",3,2,0],["2024-04-01T00:00:00+00:00",3,2,0],["2024-05-03T00:00:00+00:00",3,2,0],["2024-07-06T00:00:00+00:00",3,2,0],["2024-09-06T00:00:00+00:00",3,2,0],["2024-12-01T00:00:00+00:00",3,2,0],["2025-02-25T00:00:00+00:00",3,2,0],["2025-04-04T00:00:00+00:00",3,2,0],["2025-07-08T00:00:00+00:00",3,2,0],["2025-09-22T00:00:00+00:00",3,2,0]]},"geometry":{"type":"Point","coordinates":[34.44384,31.507691]}},{"type":"Feature","properties":{"site_id":26,"event_code":"CE20231007PSE","latest_date":"2025-09-22T00:00:00+00:00","latest_class":3,"pass_count":13,"h":[["2023-11-07T00:00:00+00:00",3,2,3],["2023-11-26T00:00:00+00:00",3,2,0],["2024-01-06T00:00:00+00:00",3,2,0],["2024-02-29T00:00:00+00:00",3,2,0],["2024-04-01T00:00:00+00:00",3,2,0],["2024-05-03T00:00:00+00:00",3,2,0],["2024-07-06T00:00:00+00:00",3,2,0],["2024-09-06T00:00:00+00:00",3,2,0],["2024-12-01T00:00:00+00:00",3,2,0],["2025-02-25T00:00:00+00:00",3,2,0],["2025-04-04T00:00:00+00:00",3,2,0],["2025-07-08T00:00:00+00:00",3,2,0],["2025-09-22T00:00:00+00:00",3,2,0]]},"geometry":{"type":"Point","coordinates":[34.44376,31.507935]}},{"type":"Feature","properties":{"site_id":26,"event_code":"CE20231007PSE","latest_date":"2025-09-22T00:00:00+00:00","latest_class":3,"pass_count":13,"h":[["2023-11-07T00:00:00+00:00",3,2,3],["2023-11-26T00:00:00+00:00",3,2,0],["2024-01-06T00:00:00+00:00",3,2,0],["2024-02-29T00:00:00+00:00",3,2,0],["2024-04-01T00:00:00+00:00",3,2,0],["2024-05-03T00:00:00+00:00",3,2,0],["2024-07-06T00:00:00+00:00",3,2,0],["2024-09-06T00:00:00+00:00",3,2,0],["2024-12-01T00:00:00+00:00",3,2,0],["2025-02-25T00:00:00+00:00",3,2,0],["2025-04-04T00:00:00+00:00",3,2,0],["2025-07-08T00:00:00+00:00",3,2,0],["2025-09-22T00:00:00+00:00",3,2,0]]},"geometry":{"type":"Point","coordinates":[34.443203,31.506986]}},{"type":"Feature","properties":{"site_id":26,"event_code":"CE20231007PSE","latest_date":"2025-09-22T00:00:00+00:00","latest_class":3,"pass_count":13,"h":[["2023-11-07T00:00:00+00:00",3,2,3],["2023-11-26T00:00:00+00:00",3,2,0],["2024-01-06T00:00:00+00:00",3,2,0],["2024-02-29T00:00:00+00:00",3,2,0],["2024-04-01T00:00:00+00:00",3,2,0],["2024-05-03T00:00:00+00:00",3,2,0],["2024-07-06T00:00:00+00:00",3,2,0],["2024-09-06T00:00:00+00:00",3,2,0],["2024-12-01T00:00:00+00:00",3,2,0],["2025-02-25T00:00:00+00:00",3,2,0],["2025-04-04T00:00:00+00:00",3,2,0],["2025-07-08T00:00:00+00:00",3,2,0],["2025-09-22T00:00:00+00:00",3,2,0]]},"geometry":{"type":"Point","coordinates":[34.443564,31.506433]}},{"type":"Feature","properties":{"site_id":26,"event_code":"CE20231007PSE","latest_date":"2025-09-22T00:00:00+00:00","latest_class":3,"pass_count":13,"h":[["2023-11-07T00:00:00+00:00",3,2,3],["2023-11-26T00:00:00+00:00",3,2,0],["2024-01-06T00:00:00+00:00",3,2,0],["2024-02-29T00:00:00+00:00",3,2,0],["2024-04-01T00:00:00+00:00",3,2,0],["2024-05-03T00:00:00+00:00",3,2,0],["2024-07-06T00:00:00+00:00",3,2,0],["2024-09-06T00:00:00+00:00",3,2,0],["2024-12-01T00:00:00+00:00",3,2,0],["2025-02-25T00:00:00+00:00",3,2,0],["2025-04-04T00:00:00+00:00",3,2,0],["2025-07-08T00:00:00+00:00",3,2,0],["2025-09-22T00:00:00+00:00",3,2,0]]},"geometry":{"type":"Point","coordinates":[34.443749,31.506585]}},{"type":"Feature","properties":{"site_id":26,"event_code":"CE20231007PSE","latest_date":"2025-09-22T00:00:00+00:00","latest_class":3,"pass_count":10,"h":[["2024-02-29T00:00:00+00:00",3,2,3],["2024-04-01T00:00:00+00:00",3,2,0],["2024-05-03T00:00:00+00:00",3,2,0],["2024-07-06T00:00:00+00:00",3,2,0],["2024-09-06T00:00:00+00:00",3,2,0],["2024-12-01T00:00:00+00:00",3,2,0],["2025-02-25T00:00:00+00:00",3,2,0],["2025-04-04T00:00:00+00:00",3,2,0],["2025-07-08T00:00:00+00:00",3,2,0],["2025-09-22T00:00:00+00:00",3,2,0]]},"geometry":{"type":"Point","coordinates":[34.44915,31.507432]}},{"type":"Feature","properties":{"site_id":26,"event_code":"CE20231007PSE","latest_date":"2025-09-22T00:00:00+00:00","latest_class":3,"pass_count":10,"h":[["2024-02-29T00:00:00+00:00",3,2,3],["2024-04-01T00:00:00+00:00",3,2,0],["2024-05-03T00:00:00+00:00",3,2,0],["2024-07-06T00:00:00+00:00",3,2,0],["2024-09-06T00:00:00+00:00",3,2,0],["2024-12-01T00:00:00+00:00",3,2,0],["2025-02-25T00:00:00+00:00",3,2,0],["2025-04-04T00:00:00+00:00",3,2,0],["2025-07-08T00:00:00+00:00",3,2,0],["2025-09-22T00:00:00+00:00",3,2,0]]},"geometry":{"type":"Point","coordinates":[34.449078,31.507493]}},{"type":"Feature","properties":{"site_id":26,"event_code":"CE20231007PSE","latest_date":"2025-09-22T00:00:00+00:00","latest_class":3,"pass_count":10,"h":[["2024-02-29T00:00:00+00:00",3,2,3],["2024-04-01T00:00:00+00:00",3,2,0],["2024-05-03T00:00:00+00:00",3,2,0],["2024-07-06T00:00:00+00:00",3,2,0],["2024-09-06T00:00:00+00:00",3,2,0],["2024-12-01T00:00:00+00:00",3,2,0],["2025-02-25T00:00:00+00:00",3,2,0],["2025-04-04T00:00:00+00:00",3,2,0],["2025-07-08T00:00:00+00:00",3,2,0],["2025-09-22T00:00:00+00:00",3,2,0]]},"geometry":{"type":"Point","coordinates":[34.44889,31.507563]}},{"type":"Feature","properties":{"site_id":26,"event_code":"CE20231007PSE","latest_date":"2025-09-22T00:00:00+00:00","latest_class":3,"pass_count":12,"h":[["2023-11-26T00:00:00+00:00",3,2,3],["2024-01-06T00:00:00+00:00",3,2,0],["2024-02-29T00:00:00+00:00",3,2,0],["2024-04-01T00:00:00+00:00",3,2,0],["2024-05-03T00:00:00+00:00",3,2,0],["2024-07-06T00:00:00+00:00",3,2,0],["2024-09-06T00:00:00+00:00",3,2,0],["2024-12-01T00:00:00+00:00",3,2,0],["2025-02-25T00:00:00+00:00",3,2,0],["2025-04-04T00:00:00+00:00",3,2,0],["2025-07-08T00:00:00+00:00",3,2,0],["2025-09-22T00:00:00+00:00",3,2,0]]},"geometry":{"type":"Point","coordinates":[34.450041,31.506337]}},{"type":"Feature","properties":{"site_id":26,"event_code":"CE20231007PSE","latest_date":"2025-09-22T00:00:00+00:00","latest_class":3,"pass_count":12,"h":[["2023-11-26T00:00:00+00:00",3,2,3],["2024-01-06T00:00:00+00:00",3,2,0],["2024-02-29T00:00:00+00:00",3,2,0],["2024-04-01T00:00:00+00:00",3,2,0],["2024-05-03T00:00:00+00:00",3,2,0],["2024-07-06T00:00:00+00:00",3,2,0],["2024-09-06T00:00:00+00:00",3,2,0],["2024-12-01T00:00:00+00:00",3,2,0],["2025-02-25T00:00:00+00:00",3,2,0],["2025-04-04T00:00:00+00:00",3,2,0],["2025-07-08T00:00:00+00:00",3,2,0],["2025-09-22T00:00:00+00:00",3,2,0]]},"geometry":{"type":"Point","coordinates":[34.450022,31.506141]}},{"type":"Feature","properties":{"site_id":26,"event_code":"CE20231007PSE","latest_date":"2025-09-22T00:00:00+00:00","latest_class":3,"pass_count":13,"h":[["2023-11-07T00:00:00+00:00",4,3,3],["2023-11-26T00:00:00+00:00",3,2,1],["2024-01-06T00:00:00+00:00",3,2,0],["2024-02-29T00:00:00+00:00",3,2,0],["2024-04-01T00:00:00+00:00",3,2,0],["2024-05-03T00:00:00+00:00",3,2,0],["2024-07-06T00:00:00+00:00",3,2,0],["2024-09-06T00:00:00+00:00",3,2,0],["2024-12-01T00:00:00+00:00",3,2,0],["2025-02-25T00:00:00+00:00",3,2,0],["2025-04-04T00:00:00+00:00",3,2,0],["2025-07-08T00:00:00+00:00",3,2,0],["2025-09-22T00:00:00+00:00",3,2,0]]},"geometry":{"type":"Point","coordinates":[34.45269,31.506841]}},{"type":"Feature","properties":{"site_id":26,"event_code":"CE20231007PSE","latest_date":"2025-09-22T00:00:00+00:00","latest_class":3,"pass_count":13,"h":[["2023-11-07T00:00:00+00:00",4,3,3],["2023-11-26T00:00:00+00:00",3,2,1],["2024-01-06T00:00:00+00:00",3,2,0],["2024-02-29T00:00:00+00:00",3,2,0],["2024-04-01T00:00:00+00:00",3,2,0],["2024-05-03T00:00:00+00:00",3,2,0],["2024-07-06T00:00:00+00:00",3,2,0],["2024-09-06T00:00:00+00:00",3,2,0],["2024-12-01T00:00:00+00:00",3,2,0],["2025-02-25T00:00:00+00:00",3,2,0],["2025-04-04T00:00:00+00:00",3,2,0],["2025-07-08T00:00:00+00:00",3,2,0],["2025-09-22T00:00:00+00:00",3,2,0]]},"geometry":{"type":"Point","coordinates":[34.452579,31.506748]}},{"type":"Feature","properties":{"site_id":26,"event_code":"CE20231007PSE","latest_date":"2025-09-22T00:00:00+00:00","latest_class":3,"pass_count":12,"h":[["2023-11-26T00:00:00+00:00",3,2,3],["2024-01-06T00:00:00+00:00",3,2,0],["2024-02-29T00:00:00+00:00",3,2,0],["2024-04-01T00:00:00+00:00",3,2,0],["2024-05-03T00:00:00+00:00",3,2,0],["2024-07-06T00:00:00+00:00",3,2,0],["2024-09-06T00:00:00+00:00",3,2,0],["2024-12-01T00:00:00+00:00",3,2,0],["2025-02-25T00:00:00+00:00",3,2,0],["2025-04-04T00:00:00+00:00",3,2,0],["2025-07-08T00:00:00+00:00",3,2,0],["2025-09-22T00:00:00+00:00",3,2,0]]},"geometry":{"type":"Point","coordinates":[34.452257,31.50648]}},{"type":"Feature","properties":{"site_id":26,"event_code":"CE20231007PSE","latest_date":"2025-09-22T00:00:00+00:00","latest_class":3,"pass_count":13,"h":[["2023-11-07T00:00:00+00:00",4,3,3],["2023-11-26T00:00:00+00:00",3,2,1],["2024-01-06T00:00:00+00:00",3,2,0],["2024-02-29T00:00:00+00:00",3,2,0],["2024-04-01T00:00:00+00:00",3,2,0],["2024-05-03T00:00:00+00:00",3,2,0],["2024-07-06T00:00:00+00:00",3,2,0],["2024-09-06T00:00:00+00:00",3,2,0],["2024-12-01T00:00:00+00:00",3,2,0],["2025-02-25T00:00:00+00:00",3,2,0],["2025-04-04T00:00:00+00:00",3,2,0],["2025-07-08T00:00:00+00:00",3,2,0],["2025-09-22T00:00:00+00:00",3,2,0]]},"geometry":{"type":"Point","coordinates":[34.452485,31.506814]}},{"type":"Feature","properties":{"site_id":26,"event_code":"CE20231007PSE","latest_date":"2025-09-22T00:00:00+00:00","latest_class":3,"pass_count":12,"h":[["2023-11-26T00:00:00+00:00",3,2,3],["2024-01-06T00:00:00+00:00",3,2,0],["2024-02-29T00:00:00+00:00",3,2,0],["2024-04-01T00:00:00+00:00",3,2,0],["2024-05-03T00:00:00+00:00",3,2,0],["2024-07-06T00:00:00+00:00",3,2,0],["2024-09-06T00:00:00+00:00",3,2,0],["2024-12-01T00:00:00+00:00",3,2,0],["2025-02-25T00:00:00+00:00",3,2,0],["2025-04-04T00:00:00+00:00",3,2,0],["2025-07-08T00:00:00+00:00",3,2,0],["2025-09-22T00:00:00+00:00",3,2,0]]},"geometry":{"type":"Point","coordinates":[34.452468,31.506596]}},{"type":"Feature","properties":{"site_id":26,"event_code":"CE20231007PSE","latest_date":"2025-09-22T00:00:00+00:00","latest_class":3,"pass_count":13,"h":[["2023-11-07T00:00:00+00:00",4,3,3],["2023-11-26T00:00:00+00:00",3,2,1],["2024-01-06T00:00:00+00:00",3,2,0],["2024-02-29T00:00:00+00:00",3,2,0],["2024-04-01T00:00:00+00:00",3,2,0],["2024-05-03T00:00:00+00:00",3,2,0],["2024-07-06T00:00:00+00:00",3,2,0],["2024-09-06T00:00:00+00:00",3,2,0],["2024-12-01T00:00:00+00:00",3,2,0],["2025-02-25T00:00:00+00:00",3,2,0],["2025-04-04T00:00:00+00:00",3,2,0],["2025-07-08T00:00:00+00:00",3,2,0],["2025-09-22T00:00:00+00:00",3,2,0]]},"geometry":{"type":"Point","coordinates":[34.452483,31.506994]}},{"type":"Feature","properties":{"site_id":26,"event_code":"CE20231007PSE","latest_date":"2025-09-22T00:00:00+00:00","latest_class":3,"pass_count":12,"h":[["2023-11-26T00:00:00+00:00",3,2,3],["2024-01-06T00:00:00+00:00",3,2,0],["2024-02-29T00:00:00+00:00",3,2,0],["2024-04-01T00:00:00+00:00",3,2,0],["2024-05-03T00:00:00+00:00",3,2,0],["2024-07-06T00:00:00+00:00",3,2,0],["2024-09-06T00:00:00+00:00",3,2,0],["2024-12-01T00:00:00+00:00",3,2,0],["2025-02-25T00:00:00+00:00",3,2,0],["2025-04-04T00:00:00+00:00",3,2,0],["2025-07-08T00:00:00+00:00",3,2,0],["2025-09-22T00:00:00+00:00",3,2,0]]},"geometry":{"type":"Point","coordinates":[34.452416,31.506515]}},{"type":"Feature","properties":{"site_id":26,"event_code":"CE20231007PSE","latest_date":"2025-09-22T00:00:00+00:00","latest_class":3,"pass_count":12,"h":[["2023-11-26T00:00:00+00:00",3,2,3],["2024-01-06T00:00:00+00:00",3,2,0],["2024-02-29T00:00:00+00:00",3,2,0],["2024-04-01T00:00:00+00:00",3,2,0],["2024-05-03T00:00:00+00:00",3,2,0],["2024-07-06T00:00:00+00:00",3,2,0],["2024-09-06T00:00:00+00:00",3,2,0],["2024-12-01T00:00:00+00:00",3,2,0],["2025-02-25T00:00:00+00:00",3,2,0],["2025-04-04T00:00:00+00:00",3,2,0],["2025-07-08T00:00:00+00:00",3,2,0],["2025-09-22T00:00:00+00:00",3,2,0]]},"geometry":{"type":"Point","coordinates":[34.452347,31.506711]}},{"type":"Feature","properties":{"site_id":26,"event_code":"CE20231007PSE","latest_date":"2025-09-22T00:00:00+00:00","latest_class":3,"pass_count":12,"h":[["2023-11-26T00:00:00+00:00",3,2,3],["2024-01-06T00:00:00+00:00",3,2,0],["2024-02-29T00:00:00+00:00",3,2,0],["2024-04-01T00:00:00+00:00",3,2,0],["2024-05-03T00:00:00+00:00",3,2,0],["2024-07-06T00:00:00+00:00",3,2,0],["2024-09-06T00:00:00+00:00",3,2,0],["2024-12-01T00:00:00+00:00",3,2,0],["2025-02-25T00:00:00+00:00",3,2,0],["2025-04-04T00:00:00+00:00",3,2,0],["2025-07-08T00:00:00+00:00",3,2,0],["2025-09-22T00:00:00+00:00",3,2,0]]},"geometry":{"type":"Point","coordinates":[34.45247,31.507224]}},{"type":"Feature","properties":{"site_id":26,"event_code":"CE20231007PSE","latest_date":"2025-09-22T00:00:00+00:00","latest_class":3,"pass_count":12,"h":[["2023-11-26T00:00:00+00:00",3,2,3],["2024-01-06T00:00:00+00:00",3,2,0],["2024-02-29T00:00:00+00:00",3,2,0],["2024-04-01T00:00:00+00:00",3,2,0],["2024-05-03T00:00:00+00:00",3,2,0],["2024-07-06T00:00:00+00:00",3,2,0],["2024-09-06T00:00:00+00:00",3,2,0],["2024-12-01T00:00:00+00:00",3,2,0],["2025-02-25T00:00:00+00:00",3,2,0],["2025-04-04T00:00:00+00:00",3,2,0],["2025-07-08T00:00:00+00:00",3,2,0],["2025-09-22T00:00:00+00:00",3,2,0]]},"geometry":{"type":"Point","coordinates":[34.452221,31.507472]}},{"type":"Feature","properties":{"site_id":26,"event_code":"CE20231007PSE","latest_date":"2025-09-22T00:00:00+00:00","latest_class":3,"pass_count":12,"h":[["2023-11-26T00:00:00+00:00",3,2,3],["2024-01-06T00:00:00+00:00",3,2,0],["2024-02-29T00:00:00+00:00",3,2,0],["2024-04-01T00:00:00+00:00",3,2,0],["2024-05-03T00:00:00+00:00",3,2,0],["2024-07-06T00:00:00+00:00",3,2,0],["2024-09-06T00:00:00+00:00",3,2,0],["2024-12-01T00:00:00+00:00",3,2,0],["2025-02-25T00:00:00+00:00",3,2,0],["2025-04-04T00:00:00+00:00",3,2,0],["2025-07-08T00:00:00+00:00",3,2,0],["2025-09-22T00:00:00+00:00",3,2,0]]},"geometry":{"type":"Point","coordinates":[34.452332,31.5074]}},{"type":"Feature","properties":{"site_id":26,"event_code":"CE20231007PSE","latest_date":"2025-09-22T00:00:00+00:00","latest_class":3,"pass_count":12,"h":[["2023-11-26T00:00:00+00:00",3,2,3],["2024-01-06T00:00:00+00:00",3,2,0],["2024-02-29T00:00:00+00:00",3,2,0],["2024-04-01T00:00:00+00:00",3,2,0],["2024-05-03T00:00:00+00:00",3,2,0],["2024-07-06T00:00:00+00:00",3,2,0],["2024-09-06T00:00:00+00:00",3,2,0],["2024-12-01T00:00:00+00:00",3,2,0],["2025-02-25T00:00:00+00:00",3,2,0],["2025-04-04T00:00:00+00:00",3,2,0],["2025-07-08T00:00:00+00:00",3,2,0],["2025-09-22T00:00:00+00:00",3,2,0]]},"geometry":{"type":"Point","coordinates":[34.45249,31.50734]}},{"type":"Feature","properties":{"site_id":26,"event_code":"CE20231007PSE","latest_date":"2025-09-22T00:00:00+00:00","latest_class":3,"pass_count":12,"h":[["2023-11-26T00:00:00+00:00",3,2,3],["2024-01-06T00:00:00+00:00",3,2,0],["2024-02-29T00:00:00+00:00",3,2,0],["2024-04-01T00:00:00+00:00",3,2,0],["2024-05-03T00:00:00+00:00",3,2,0],["2024-07-06T00:00:00+00:00",3,2,0],["2024-09-06T00:00:00+00:00",3,2,0],["2024-12-01T00:00:00+00:00",3,2,0],["2025-02-25T00:00:00+00:00",3,2,0],["2025-04-04T00:00:00+00:00",3,2,0],["2025-07-08T00:00:00+00:00",3,2,0],["2025-09-22T00:00:00+00:00",3,2,0]]},"geometry":{"type":"Point","coordinates":[34.452264,31.507593]}},{"type":"Feature","properties":{"site_id":26,"event_code":"CE20231007PSE","latest_date":"2025-09-22T00:00:00+00:00","latest_class":3,"pass_count":12,"h":[["2023-11-26T00:00:00+00:00",4,3,3],["2024-01-06T00:00:00+00:00",3,2,1],["2024-02-29T00:00:00+00:00",3,2,0],["2024-04-01T00:00:00+00:00",3,2,0],["2024-05-03T00:00:00+00:00",3,2,0],["2024-07-06T00:00:00+00:00",3,2,0],["2024-09-06T00:00:00+00:00",3,2,0],["2024-12-01T00:00:00+00:00",3,2,0],["2025-02-25T00:00:00+00:00",3,2,0],["2025-04-04T00:00:00+00:00",3,2,0],["2025-07-08T00:00:00+00:00",3,2,0],["2025-09-22T00:00:00+00:00",3,2,0]]},"geometry":{"type":"Point","coordinates":[34.452581,31.506366]}},{"type":"Feature","properties":{"site_id":26,"event_code":"CE20231007PSE","latest_date":"2025-09-22T00:00:00+00:00","latest_class":3,"pass_count":13,"h":[["2023-11-07T00:00:00+00:00",4,3,3],["2023-11-26T00:00:00+00:00",4,3,0],["2024-01-06T00:00:00+00:00",3,2,1],["2024-02-29T00:00:00+00:00",3,2,0],["2024-04-01T00:00:00+00:00",3,2,0],["2024-05-03T00:00:00+00:00",3,2,0],["2024-07-06T00:00:00+00:00",3,2,0],["2024-09-06T00:00:00+00:00",3,2,0],["2024-12-01T00:00:00+00:00",3,2,0],["2025-02-25T00:00:00+00:00",3,2,0],["2025-04-04T00:00:00+00:00",3,2,0],["2025-07-08T00:00:00+00:00",3,2,0],["2025-09-22T00:00:00+00:00",3,2,0]]},"geometry":{"type":"Point","coordinates":[34.452945,31.50623]}},{"type":"Feature","properties":{"site_id":26,"event_code":"CE20231007PSE","latest_date":"2025-09-22T00:00:00+00:00","latest_class":3,"pass_count":12,"h":[["2023-11-26T00:00:00+00:00",3,2,3],["2024-01-06T00:00:00+00:00",3,2,0],["2024-02-29T00:00:00+00:00",3,2,0],["2024-04-01T00:00:00+00:00",3,2,0],["2024-05-03T00:00:00+00:00",3,2,0],["2024-07-06T00:00:00+00:00",3,2,0],["2024-09-06T00:00:00+00:00",3,2,0],["2024-12-01T00:00:00+00:00",3,2,0],["2025-02-25T00:00:00+00:00",3,2,0],["2025-04-04T00:00:00+00:00",3,2,0],["2025-07-08T00:00:00+00:00",3,2,0],["2025-09-22T00:00:00+00:00",3,2,0]]},"geometry":{"type":"Point","coordinates":[34.453517,31.507217]}},{"type":"Feature","properties":{"site_id":26,"event_code":"CE20231007PSE","latest_date":"2025-09-22T00:00:00+00:00","latest_class":3,"pass_count":11,"h":[["2024-01-06T00:00:00+00:00",3,2,3],["2024-02-29T00:00:00+00:00",3,2,0],["2024-04-01T00:00:00+00:00",3,2,0],["2024-05-03T00:00:00+00:00",3,2,0],["2024-07-06T00:00:00+00:00",3,2,0],["2024-09-06T00:00:00+00:00",3,2,0],["2024-12-01T00:00:00+00:00",3,2,0],["2025-02-25T00:00:00+00:00",3,2,0],["2025-04-04T00:00:00+00:00",3,2,0],["2025-07-08T00:00:00+00:00",3,2,0],["2025-09-22T00:00:00+00:00",3,2,0]]},"geometry":{"type":"Point","coordinates":[34.45641,31.504857]}},{"type":"Feature","properties":{"site_id":26,"event_code":"CE20231007PSE","latest_date":"2025-09-22T00:00:00+00:00","latest_class":3,"pass_count":11,"h":[["2024-01-06T00:00:00+00:00",3,2,3],["2024-02-29T00:00:00+00:00",3,2,0],["2024-04-01T00:00:00+00:00",3,2,0],["2024-05-03T00:00:00+00:00",3,2,0],["2024-07-06T00:00:00+00:00",3,2,0],["2024-09-06T00:00:00+00:00",3,2,0],["2024-12-01T00:00:00+00:00",3,2,0],["2025-02-25T00:00:00+00:00",3,2,0],["2025-04-04T00:00:00+00:00",3,2,0],["2025-07-08T00:00:00+00:00",3,2,0],["2025-09-22T00:00:00+00:00",3,2,0]]},"geometry":{"type":"Point","coordinates":[34.456556,31.504075]}},{"type":"Feature","properties":{"site_id":53,"event_code":"CE20231007PSE","latest_date":"2025-09-22T00:00:00+00:00","latest_class":3,"pass_count":11,"h":[["2024-01-06T00:00:00+00:00",3,2,3],["2024-02-29T00:00:00+00:00",3,2,0],["2024-04-01T00:00:00+00:00",3,2,0],["2024-05-03T00:00:00+00:00",3,2,0],["2024-07-06T00:00:00+00:00",3,2,0],["2024-09-06T00:00:00+00:00",3,2,0],["2024-12-01T00:00:00+00:00",3,2,0],["2025-02-25T00:00:00+00:00",3,2,0],["2025-04-04T00:00:00+00:00",3,2,0],["2025-07-08T00:00:00+00:00",3,2,0],["2025-09-22T00:00:00+00:00",3,2,0]]},"geometry":{"type":"Point","coordinates":[34.456712,31.503995]}},{"type":"Feature","properties":{"site_id":26,"event_code":"CE20231007PSE","latest_date":"2025-09-22T00:00:00+00:00","latest_class":3,"pass_count":11,"h":[["2024-01-06T00:00:00+00:00",3,2,3],["2024-02-29T00:00:00+00:00",3,2,0],["2024-04-01T00:00:00+00:00",3,2,0],["2024-05-03T00:00:00+00:00",3,2,0],["2024-07-06T00:00:00+00:00",3,2,0],["2024-09-06T00:00:00+00:00",3,2,0],["2024-12-01T00:00:00+00:00",3,2,0],["2025-02-25T00:00:00+00:00",3,2,0],["2025-04-04T00:00:00+00:00",3,2,0],["2025-07-08T00:00:00+00:00",3,2,0],["2025-09-22T00:00:00+00:00",3,2,0]]},"geometry":{"type":"Point","coordinates":[34.456498,31.504999]}},{"type":"Feature","properties":{"site_id":26,"event_code":"CE20231007PSE","latest_date":"2025-09-22T00:00:00+00:00","latest_class":2,"pass_count":12,"h":[["2023-11-26T00:00:00+00:00",2,1,3],["2024-01-06T00:00:00+00:00",2,1,0],["2024-02-29T00:00:00+00:00",2,1,0],["2024-04-01T00:00:00+00:00",2,1,0],["2024-05-03T00:00:00+00:00",2,1,0],["2024-07-06T00:00:00+00:00",2,1,0],["2024-09-06T00:00:00+00:00",2,1,0],["2024-12-01T00:00:00+00:00",2,1,0],["2025-02-25T00:00:00+00:00",2,1,0],["2025-04-04T00:00:00+00:00",2,1,0],["2025-07-08T00:00:00+00:00",2,1,0],["2025-09-22T00:00:00+00:00",2,1,0]]},"geometry":{"type":"Point","coordinates":[34.454486,31.505577]}},{"type":"Feature","properties":{"site_id":26,"event_code":"CE20231007PSE","latest_date":"2025-09-22T00:00:00+00:00","latest_class":3,"pass_count":12,"h":[["2023-11-26T00:00:00+00:00",3,2,3],["2024-01-06T00:00:00+00:00",3,2,0],["2024-02-29T00:00:00+00:00",3,2,0],["2024-04-01T00:00:00+00:00",3,2,0],["2024-05-03T00:00:00+00:00",3,2,0],["2024-07-06T00:00:00+00:00",3,2,0],["2024-09-06T00:00:00+00:00",3,2,0],["2024-12-01T00:00:00+00:00",3,2,0],["2025-02-25T00:00:00+00:00",3,2,0],["2025-04-04T00:00:00+00:00",3,2,0],["2025-07-08T00:00:00+00:00",3,2,0],["2025-09-22T00:00:00+00:00",3,2,0]]},"geometry":{"type":"Point","coordinates":[34.452552,31.504439]}},{"type":"Feature","properties":{"site_id":26,"event_code":"CE20231007PSE","latest_date":"2025-09-22T00:00:00+00:00","latest_class":3,"pass_count":12,"h":[["2023-11-26T00:00:00+00:00",3,2,3],["2024-01-06T00:00:00+00:00",3,2,0],["2024-02-29T00:00:00+00:00",3,2,0],["2024-04-01T00:00:00+00:00",3,2,0],["2024-05-03T00:00:00+00:00",3,2,0],["2024-07-06T00:00:00+00:00",3,2,0],["2024-09-06T00:00:00+00:00",3,2,0],["2024-12-01T00:00:00+00:00",3,2,0],["2025-02-25T00:00:00+00:00",3,2,0],["2025-04-04T00:00:00+00:00",3,2,0],["2025-07-08T00:00:00+00:00",3,2,0],["2025-09-22T00:00:00+00:00",3,2,0]]},"geometry":{"type":"Point","coordinates":[34.452739,31.504593]}},{"type":"Feature","properties":{"site_id":26,"event_code":"CE20231007PSE","latest_date":"2025-09-22T00:00:00+00:00","latest_class":3,"pass_count":12,"h":[["2023-11-26T00:00:00+00:00",3,2,3],["2024-01-06T00:00:00+00:00",3,2,0],["2024-02-29T00:00:00+00:00",3,2,0],["2024-04-01T00:00:00+00:00",3,2,0],["2024-05-03T00:00:00+00:00",3,2,0],["2024-07-06T00:00:00+00:00",3,2,0],["2024-09-06T00:00:00+00:00",3,2,0],["2024-12-01T00:00:00+00:00",3,2,0],["2025-02-25T00:00:00+00:00",3,2,0],["2025-04-04T00:00:00+00:00",3,2,0],["2025-07-08T00:00:00+00:00",3,2,0],["2025-09-22T00:00:00+00:00",3,2,0]]},"geometry":{"type":"Point","coordinates":[34.45279,31.50466]}},{"type":"Feature","properties":{"site_id":26,"event_code":"CE20231007PSE","latest_date":"2025-09-22T00:00:00+00:00","latest_class":3,"pass_count":12,"h":[["2023-11-26T00:00:00+00:00",3,2,3],["2024-01-06T00:00:00+00:00",3,2,0],["2024-02-29T00:00:00+00:00",3,2,0],["2024-04-01T00:00:00+00:00",3,2,0],["2024-05-03T00:00:00+00:00",3,2,0],["2024-07-06T00:00:00+00:00",3,2,0],["2024-09-06T00:00:00+00:00",3,2,0],["2024-12-01T00:00:00+00:00",3,2,0],["2025-02-25T00:00:00+00:00",3,2,0],["2025-04-04T00:00:00+00:00",3,2,0],["2025-07-08T00:00:00+00:00",3,2,0],["2025-09-22T00:00:00+00:00",3,2,0]]},"geometry":{"type":"Point","coordinates":[34.452908,31.504444]}},{"type":"Feature","properties":{"site_id":26,"event_code":"CE20231007PSE","latest_date":"2025-09-22T00:00:00+00:00","latest_class":3,"pass_count":12,"h":[["2023-11-26T00:00:00+00:00",3,2,3],["2024-01-06T00:00:00+00:00",3,2,0],["2024-02-29T00:00:00+00:00",3,2,0],["2024-04-01T00:00:00+00:00",3,2,0],["2024-05-03T00:00:00+00:00",3,2,0],["2024-07-06T00:00:00+00:00",3,2,0],["2024-09-06T00:00:00+00:00",3,2,0],["2024-12-01T00:00:00+00:00",3,2,0],["2025-02-25T00:00:00+00:00",3,2,0],["2025-04-04T00:00:00+00:00",3,2,0],["2025-07-08T00:00:00+00:00",3,2,0],["2025-09-22T00:00:00+00:00",3,2,0]]},"geometry":{"type":"Point","coordinates":[34.451394,31.504908]}},{"type":"Feature","properties":{"site_id":26,"event_code":"CE20231007PSE","latest_date":"2025-09-22T00:00:00+00:00","latest_class":3,"pass_count":12,"h":[["2023-11-26T00:00:00+00:00",3,2,3],["2024-01-06T00:00:00+00:00",3,2,0],["2024-02-29T00:00:00+00:00",3,2,0],["2024-04-01T00:00:00+00:00",3,2,0],["2024-05-03T00:00:00+00:00",3,2,0],["2024-07-06T00:00:00+00:00",3,2,0],["2024-09-06T00:00:00+00:00",3,2,0],["2024-12-01T00:00:00+00:00",3,2,0],["2025-02-25T00:00:00+00:00",3,2,0],["2025-04-04T00:00:00+00:00",3,2,0],["2025-07-08T00:00:00+00:00",3,2,0],["2025-09-22T00:00:00+00:00",3,2,0]]},"geometry":{"type":"Point","coordinates":[34.451493,31.504983]}},{"type":"Feature","properties":{"site_id":26,"event_code":"CE20231007PSE","latest_date":"2025-09-22T00:00:00+00:00","latest_class":3,"pass_count":12,"h":[["2023-11-26T00:00:00+00:00",3,2,3],["2024-01-06T00:00:00+00:00",3,2,0],["2024-02-29T00:00:00+00:00",3,2,0],["2024-04-01T00:00:00+00:00",3,2,0],["2024-05-03T00:00:00+00:00",3,2,0],["2024-07-06T00:00:00+00:00",3,2,0],["2024-09-06T00:00:00+00:00",3,2,0],["2024-12-01T00:00:00+00:00",3,2,0],["2025-02-25T00:00:00+00:00",3,2,0],["2025-04-04T00:00:00+00:00",3,2,0],["2025-07-08T00:00:00+00:00",3,2,0],["2025-09-22T00:00:00+00:00",3,2,0]]},"geometry":{"type":"Point","coordinates":[34.451554,31.505066]}},{"type":"Feature","properties":{"site_id":26,"event_code":"CE20231007PSE","latest_date":"2025-09-22T00:00:00+00:00","latest_class":2,"pass_count":10,"h":[["2024-02-29T00:00:00+00:00",2,1,3],["2024-04-01T00:00:00+00:00",2,1,0],["2024-05-03T00:00:00+00:00",2,1,0],["2024-07-06T00:00:00+00:00",2,1,0],["2024-09-06T00:00:00+00:00",2,1,0],["2024-12-01T00:00:00+00:00",2,1,0],["2025-02-25T00:00:00+00:00",2,1,0],["2025-04-04T00:00:00+00:00",2,1,0],["2025-07-08T00:00:00+00:00",2,1,0],["2025-09-22T00:00:00+00:00",2,1,0]]},"geometry":{"type":"Point","coordinates":[34.447565,31.510858]}},{"type":"Feature","properties":{"site_id":26,"event_code":"CE20231007PSE","latest_date":"2025-09-22T00:00:00+00:00","latest_class":3,"pass_count":13,"h":[["2023-11-07T00:00:00+00:00",4,3,3],["2023-11-26T00:00:00+00:00",4,3,0],["2024-01-06T00:00:00+00:00",3,2,1],["2024-02-29T00:00:00+00:00",3,2,0],["2024-04-01T00:00:00+00:00",3,2,0],["2024-05-03T00:00:00+00:00",3,2,0],["2024-07-06T00:00:00+00:00",3,2,0],["2024-09-06T00:00:00+00:00",3,2,0],["2024-12-01T00:00:00+00:00",3,2,0],["2025-02-25T00:00:00+00:00",3,2,0],["2025-04-04T00:00:00+00:00",3,2,0],["2025-07-08T00:00:00+00:00",3,2,0],["2025-09-22T00:00:00+00:00",3,2,0]]},"geometry":{"type":"Point","coordinates":[34.443283,31.507077]}},{"type":"Feature","properties":{"site_id":26,"event_code":"CE20231007PSE","latest_date":"2025-09-22T00:00:00+00:00","latest_class":3,"pass_count":13,"h":[["2023-11-07T00:00:00+00:00",4,3,3],["2023-11-26T00:00:00+00:00",3,2,1],["2024-01-06T00:00:00+00:00",3,2,0],["2024-02-29T00:00:00+00:00",3,2,0],["2024-04-01T00:00:00+00:00",3,2,0],["2024-05-03T00:00:00+00:00",3,2,0],["2024-07-06T00:00:00+00:00",3,2,0],["2024-09-06T00:00:00+00:00",3,2,0],["2024-12-01T00:00:00+00:00",3,2,0],["2025-02-25T00:00:00+00:00",3,2,0],["2025-04-04T00:00:00+00:00",3,2,0],["2025-07-08T00:00:00+00:00",3,2,0],["2025-09-22T00:00:00+00:00",3,2,0]]},"geometry":{"type":"Point","coordinates":[34.45231,31.505437]}},{"type":"Feature","properties":{"site_id":26,"event_code":"CE20231007PSE","latest_date":"2025-09-22T00:00:00+00:00","latest_class":3,"pass_count":13,"h":[["2023-11-07T00:00:00+00:00",4,3,3],["2023-11-26T00:00:00+00:00",3,2,1],["2024-01-06T00:00:00+00:00",3,2,0],["2024-02-29T00:00:00+00:00",3,2,0],["2024-04-01T00:00:00+00:00",3,2,0],["2024-05-03T00:00:00+00:00",3,2,0],["2024-07-06T00:00:00+00:00",3,2,0],["2024-09-06T00:00:00+00:00",3,2,0],["2024-12-01T00:00:00+00:00",3,2,0],["2025-02-25T00:00:00+00:00",3,2,0],["2025-04-04T00:00:00+00:00",3,2,0],["2025-07-08T00:00:00+00:00",3,2,0],["2025-09-22T00:00:00+00:00",3,2,0]]},"geometry":{"type":"Point","coordinates":[34.452214,31.505366]}},{"type":"Feature","properties":{"site_id":26,"event_code":"CE20231007PSE","latest_date":"2025-09-22T00:00:00+00:00","latest_class":3,"pass_count":12,"h":[["2023-11-26T00:00:00+00:00",3,2,3],["2024-01-06T00:00:00+00:00",3,2,0],["2024-02-29T00:00:00+00:00",3,2,0],["2024-04-01T00:00:00+00:00",3,2,0],["2024-05-03T00:00:00+00:00",3,2,0],["2024-07-06T00:00:00+00:00",3,2,0],["2024-09-06T00:00:00+00:00",3,2,0],["2024-12-01T00:00:00+00:00",3,2,0],["2025-02-25T00:00:00+00:00",3,2,0],["2025-04-04T00:00:00+00:00",3,2,0],["2025-07-08T00:00:00+00:00",3,2,0],["2025-09-22T00:00:00+00:00",3,2,0]]},"geometry":{"type":"Point","coordinates":[34.452442,31.50556]}},{"type":"Feature","properties":{"site_id":26,"event_code":"CE20231007PSE","latest_date":"2025-09-22T00:00:00+00:00","latest_class":3,"pass_count":7,"h":[["2024-07-06T00:00:00+00:00",3,2,3],["2024-09-06T00:00:00+00:00",3,2,0],["2024-12-01T00:00:00+00:00",3,2,0],["2025-02-25T00:00:00+00:00",3,2,0],["2025-04-04T00:00:00+00:00",3,2,0],["2025-07-08T00:00:00+00:00",3,2,0],["2025-09-22T00:00:00+00:00",3,2,0]]},"geometry":{"type":"Point","coordinates":[34.449471,31.506494]}},{"type":"Feature","properties":{"site_id":26,"event_code":"CE20231007PSE","latest_date":"2025-09-22T00:00:00+00:00","latest_class":1,"pass_count":7,"h":[["2024-07-06T00:00:00+00:00",1,1,3],["2024-09-06T00:00:00+00:00",1,1,0],["2024-12-01T00:00:00+00:00",1,1,0],["2025-02-25T00:00:00+00:00",1,1,0],["2025-04-04T00:00:00+00:00",1,1,0],["2025-07-08T00:00:00+00:00",1,1,0],["2025-09-22T00:00:00+00:00",1,1,0]]},"geometry":{"type":"Point","coordinates":[34.453689,31.504785]}},{"type":"Feature","properties":{"site_id":26,"event_code":"CE20231007PSE","latest_date":"2025-09-22T00:00:00+00:00","latest_class":3,"pass_count":7,"h":[["2024-07-06T00:00:00+00:00",3,2,3],["2024-09-06T00:00:00+00:00",3,2,0],["2024-12-01T00:00:00+00:00",3,2,0],["2025-02-25T00:00:00+00:00",3,2,0],["2025-04-04T00:00:00+00:00",3,2,0],["2025-07-08T00:00:00+00:00",3,2,0],["2025-09-22T00:00:00+00:00",3,2,0]]},"geometry":{"type":"Point","coordinates":[34.453879,31.504991]}},{"type":"Feature","properties":{"site_id":26,"event_code":"CE20231007PSE","latest_date":"2025-09-22T00:00:00+00:00","latest_class":3,"pass_count":12,"h":[["2023-11-26T00:00:00+00:00",4,3,3],["2024-01-06T00:00:00+00:00",4,3,0],["2024-02-29T00:00:00+00:00",4,3,0],["2024-04-01T00:00:00+00:00",4,3,0],["2024-05-03T00:00:00+00:00",4,3,0],["2024-07-06T00:00:00+00:00",3,2,1],["2024-09-06T00:00:00+00:00",3,2,0],["2024-12-01T00:00:00+00:00",3,2,0],["2025-02-25T00:00:00+00:00",3,2,0],["2025-04-04T00:00:00+00:00",3,2,0],["2025-07-08T00:00:00+00:00",3,2,0],["2025-09-22T00:00:00+00:00",3,2,0]]},"geometry":{"type":"Point","coordinates":[34.45329,31.504906]}},{"type":"Feature","properties":{"site_id":26,"event_code":"CE20231007PSE","latest_date":"2025-09-22T00:00:00+00:00","latest_class":3,"pass_count":14,"h":[["2023-10-15T00:00:00+00:00",4,3,null],["2023-11-07T00:00:00+00:00",4,3,0],["2023-11-26T00:00:00+00:00",4,3,0],["2024-01-06T00:00:00+00:00",4,3,0],["2024-02-29T00:00:00+00:00",4,3,0],["2024-04-01T00:00:00+00:00",4,3,0],["2024-05-03T00:00:00+00:00",4,3,0],["2024-07-06T00:00:00+00:00",3,2,1],["2024-09-06T00:00:00+00:00",3,2,0],["2024-12-01T00:00:00+00:00",3,2,0],["2025-02-25T00:00:00+00:00",3,2,0],["2025-04-04T00:00:00+00:00",3,2,0],["2025-07-08T00:00:00+00:00",3,2,0],["2025-09-22T00:00:00+00:00",3,2,0]]},"geometry":{"type":"Point","coordinates":[34.449346,31.505876]}},{"type":"Feature","properties":{"site_id":26,"event_code":"CE20231007PSE","latest_date":"2025-09-22T00:00:00+00:00","latest_class":3,"pass_count":14,"h":[["2023-10-15T00:00:00+00:00",4,3,null],["2023-11-07T00:00:00+00:00",4,3,0],["2023-11-26T00:00:00+00:00",4,3,0],["2024-01-06T00:00:00+00:00",4,3,0],["2024-02-29T00:00:00+00:00",4,3,0],["2024-04-01T00:00:00+00:00",4,3,0],["2024-05-03T00:00:00+00:00",4,3,0],["2024-07-06T00:00:00+00:00",3,2,1],["2024-09-06T00:00:00+00:00",3,2,0],["2024-12-01T00:00:00+00:00",3,2,0],["2025-02-25T00:00:00+00:00",3,2,0],["2025-04-04T00:00:00+00:00",3,2,0],["2025-07-08T00:00:00+00:00",3,2,0],["2025-09-22T00:00:00+00:00",3,2,0]]},"geometry":{"type":"Point","coordinates":[34.449508,31.505777]}},{"type":"Feature","properties":{"site_id":26,"event_code":"CE20231007PSE","latest_date":"2025-09-22T00:00:00+00:00","latest_class":3,"pass_count":7,"h":[["2024-07-06T00:00:00+00:00",3,2,3],["2024-09-06T00:00:00+00:00",3,2,0],["2024-12-01T00:00:00+00:00",3,2,0],["2025-02-25T00:00:00+00:00",3,2,0],["2025-04-04T00:00:00+00:00",3,2,0],["2025-07-08T00:00:00+00:00",3,2,0],["2025-09-22T00:00:00+00:00",3,2,0]]},"geometry":{"type":"Point","coordinates":[34.449536,31.506078]}},{"type":"Feature","properties":{"site_id":26,"event_code":"CE20231007PSE","latest_date":"2025-09-22T00:00:00+00:00","latest_class":3,"pass_count":12,"h":[["2023-11-26T00:00:00+00:00",4,3,3],["2024-01-06T00:00:00+00:00",4,3,0],["2024-02-29T00:00:00+00:00",4,3,0],["2024-04-01T00:00:00+00:00",4,3,0],["2024-05-03T00:00:00+00:00",4,3,0],["2024-07-06T00:00:00+00:00",3,2,1],["2024-09-06T00:00:00+00:00",3,2,0],["2024-12-01T00:00:00+00:00",3,2,0],["2025-02-25T00:00:00+00:00",3,2,0],["2025-04-04T00:00:00+00:00",3,2,0],["2025-07-08T00:00:00+00:00",3,2,0],["2025-09-22T00:00:00+00:00",3,2,0]]},"geometry":{"type":"Point","coordinates":[34.449726,31.505959]}},{"type":"Feature","properties":{"site_id":26,"event_code":"CE20231007PSE","latest_date":"2025-09-22T00:00:00+00:00","latest_class":3,"pass_count":12,"h":[["2023-11-26T00:00:00+00:00",4,3,3],["2024-01-06T00:00:00+00:00",4,3,0],["2024-02-29T00:00:00+00:00",4,3,0],["2024-04-01T00:00:00+00:00",4,3,0],["2024-05-03T00:00:00+00:00",4,3,0],["2024-07-06T00:00:00+00:00",3,2,1],["2024-09-06T00:00:00+00:00",3,2,0],["2024-12-01T00:00:00+00:00",3,2,0],["2025-02-25T00:00:00+00:00",3,2,0],["2025-04-04T00:00:00+00:00",3,2,0],["2025-07-08T00:00:00+00:00",3,2,0],["2025-09-22T00:00:00+00:00",3,2,0]]},"geometry":{"type":"Point","coordinates":[34.449818,31.505883]}},{"type":"Feature","properties":{"site_id":26,"event_code":"CE20231007PSE","latest_date":"2025-09-22T00:00:00+00:00","latest_class":3,"pass_count":10,"h":[["2024-02-29T00:00:00+00:00",3,2,3],["2024-04-01T00:00:00+00:00",3,2,0],["2024-05-03T00:00:00+00:00",3,2,0],["2024-07-06T00:00:00+00:00",3,2,0],["2024-09-06T00:00:00+00:00",3,2,0],["2024-12-01T00:00:00+00:00",3,2,0],["2025-02-25T00:00:00+00:00",3,2,0],["2025-04-04T00:00:00+00:00",3,2,0],["2025-07-08T00:00:00+00:00",3,2,0],["2025-09-22T00:00:00+00:00",3,2,0]]},"geometry":{"type":"Point","coordinates":[34.450057,31.505857]}},{"type":"Feature","properties":{"site_id":26,"event_code":"CE20231007PSE","latest_date":"2025-09-22T00:00:00+00:00","latest_class":3,"pass_count":12,"h":[["2023-11-26T00:00:00+00:00",4,3,3],["2024-01-06T00:00:00+00:00",4,3,0],["2024-02-29T00:00:00+00:00",3,2,1],["2024-04-01T00:00:00+00:00",3,2,0],["2024-05-03T00:00:00+00:00",3,2,0],["2024-07-06T00:00:00+00:00",3,2,0],["2024-09-06T00:00:00+00:00",3,2,0],["2024-12-01T00:00:00+00:00",3,2,0],["2025-02-25T00:00:00+00:00",3,2,0],["2025-04-04T00:00:00+00:00",3,2,0],["2025-07-08T00:00:00+00:00",3,2,0],["2025-09-22T00:00:00+00:00",3,2,0]]},"geometry":{"type":"Point","coordinates":[34.449896,31.506018]}},{"type":"Feature","properties":{"site_id":26,"event_code":"CE20231007PSE","latest_date":"2025-09-22T00:00:00+00:00","latest_class":3,"pass_count":7,"h":[["2024-07-06T00:00:00+00:00",3,2,3],["2024-09-06T00:00:00+00:00",3,2,0],["2024-12-01T00:00:00+00:00",3,2,0],["2025-02-25T00:00:00+00:00",3,2,0],["2025-04-04T00:00:00+00:00",3,2,0],["2025-07-08T00:00:00+00:00",3,2,0],["2025-09-22T00:00:00+00:00",3,2,0]]},"geometry":{"type":"Point","coordinates":[34.450555,31.504719]}},{"type":"Feature","properties":{"site_id":26,"event_code":"CE20231007PSE","latest_date":"2025-09-22T00:00:00+00:00","latest_class":3,"pass_count":7,"h":[["2024-07-06T00:00:00+00:00",3,2,3],["2024-09-06T00:00:00+00:00",3,2,0],["2024-12-01T00:00:00+00:00",3,2,0],["2025-02-25T00:00:00+00:00",3,2,0],["2025-04-04T00:00:00+00:00",3,2,0],["2025-07-08T00:00:00+00:00",3,2,0],["2025-09-22T00:00:00+00:00",3,2,0]]},"geometry":{"type":"Point","coordinates":[34.450378,31.504576]}},{"type":"Feature","properties":{"site_id":26,"event_code":"CE20231007PSE","latest_date":"2025-09-22T00:00:00+00:00","latest_class":3,"pass_count":14,"h":[["2023-10-15T00:00:00+00:00",3,2,null],["2023-11-07T00:00:00+00:00",3,2,0],["2023-11-26T00:00:00+00:00",3,2,0],["2024-01-06T00:00:00+00:00",3,2,0],["2024-02-29T00:00:00+00:00",3,2,0],["2024-04-01T00:00:00+00:00",3,2,0],["2024-05-03T00:00:00+00:00",3,2,0],["2024-07-06T00:00:00+00:00",3,2,0],["2024-09-06T00:00:00+00:00",3,2,0],["2024-12-01T00:00:00+00:00",3,2,0],["2025-02-25T00:00:00+00:00",3,2,0],["2025-04-04T00:00:00+00:00",3,2,0],["2025-07-08T00:00:00+00:00",3,2,0],["2025-09-22T00:00:00+00:00",3,2,0]]},"geometry":{"type":"Point","coordinates":[34.452334,31.503846]}},{"type":"Feature","properties":{"site_id":26,"event_code":"CE20231007PSE","latest_date":"2025-09-22T00:00:00+00:00","latest_class":3,"pass_count":14,"h":[["2023-10-15T00:00:00+00:00",3,2,null],["2023-11-07T00:00:00+00:00",3,2,0],["2023-11-26T00:00:00+00:00",3,2,0],["2024-01-06T00:00:00+00:00",3,2,0],["2024-02-29T00:00:00+00:00",3,2,0],["2024-04-01T00:00:00+00:00",3,2,0],["2024-05-03T00:00:00+00:00",3,2,0],["2024-07-06T00:00:00+00:00",3,2,0],["2024-09-06T00:00:00+00:00",3,2,0],["2024-12-01T00:00:00+00:00",3,2,0],["2025-02-25T00:00:00+00:00",3,2,0],["2025-04-04T00:00:00+00:00",3,2,0],["2025-07-08T00:00:00+00:00",3,2,0],["2025-09-22T00:00:00+00:00",3,2,0]]},"geometry":{"type":"Point","coordinates":[34.452784,31.50387]}},{"type":"Feature","properties":{"site_id":26,"event_code":"CE20231007PSE","latest_date":"2025-09-22T00:00:00+00:00","latest_class":3,"pass_count":13,"h":[["2023-11-07T00:00:00+00:00",3,2,3],["2023-11-26T00:00:00+00:00",3,2,0],["2024-01-06T00:00:00+00:00",3,2,0],["2024-02-29T00:00:00+00:00",3,2,0],["2024-04-01T00:00:00+00:00",3,2,0],["2024-05-03T00:00:00+00:00",3,2,0],["2024-07-06T00:00:00+00:00",3,2,0],["2024-09-06T00:00:00+00:00",3,2,0],["2024-12-01T00:00:00+00:00",3,2,0],["2025-02-25T00:00:00+00:00",3,2,0],["2025-04-04T00:00:00+00:00",3,2,0],["2025-07-08T00:00:00+00:00",3,2,0],["2025-09-22T00:00:00+00:00",3,2,0]]},"geometry":{"type":"Point","coordinates":[34.452294,31.505183]}},{"type":"Feature","properties":{"site_id":26,"event_code":"CE20231007PSE","latest_date":"2025-09-22T00:00:00+00:00","latest_class":3,"pass_count":13,"h":[["2023-11-07T00:00:00+00:00",3,2,3],["2023-11-26T00:00:00+00:00",3,2,0],["2024-01-06T00:00:00+00:00",3,2,0],["2024-02-29T00:00:00+00:00",3,2,0],["2024-04-01T00:00:00+00:00",3,2,0],["2024-05-03T00:00:00+00:00",3,2,0],["2024-07-06T00:00:00+00:00",3,2,0],["2024-09-06T00:00:00+00:00",3,2,0],["2024-12-01T00:00:00+00:00",3,2,0],["2025-02-25T00:00:00+00:00",3,2,0],["2025-04-04T00:00:00+00:00",3,2,0],["2025-07-08T00:00:00+00:00",3,2,0],["2025-09-22T00:00:00+00:00",3,2,0]]},"geometry":{"type":"Point","coordinates":[34.451902,31.505402]}},{"type":"Feature","properties":{"site_id":26,"event_code":"CE20231007PSE","latest_date":"2025-09-22T00:00:00+00:00","latest_class":3,"pass_count":13,"h":[["2023-11-07T00:00:00+00:00",3,2,3],["2023-11-26T00:00:00+00:00",3,2,0],["2024-01-06T00:00:00+00:00",3,2,0],["2024-02-29T00:00:00+00:00",3,2,0],["2024-04-01T00:00:00+00:00",3,2,0],["2024-05-03T00:00:00+00:00",3,2,0],["2024-07-06T00:00:00+00:00",3,2,0],["2024-09-06T00:00:00+00:00",3,2,0],["2024-12-01T00:00:00+00:00",3,2,0],["2025-02-25T00:00:00+00:00",3,2,0],["2025-04-04T00:00:00+00:00",3,2,0],["2025-07-08T00:00:00+00:00",3,2,0],["2025-09-22T00:00:00+00:00",3,2,0]]},"geometry":{"type":"Point","coordinates":[34.451856,31.505329]}},{"type":"Feature","properties":{"site_id":26,"event_code":"CE20231007PSE","latest_date":"2025-09-22T00:00:00+00:00","latest_class":3,"pass_count":12,"h":[["2023-11-26T00:00:00+00:00",4,3,3],["2024-01-06T00:00:00+00:00",3,2,1],["2024-02-29T00:00:00+00:00",3,2,0],["2024-04-01T00:00:00+00:00",3,2,0],["2024-05-03T00:00:00+00:00",3,2,0],["2024-07-06T00:00:00+00:00",3,2,0],["2024-09-06T00:00:00+00:00",3,2,0],["2024-12-01T00:00:00+00:00",3,2,0],["2025-02-25T00:00:00+00:00",3,2,0],["2025-04-04T00:00:00+00:00",3,2,0],["2025-07-08T00:00:00+00:00",3,2,0],["2025-09-22T00:00:00+00:00",3,2,0]]},"geometry":{"type":"Point","coordinates":[34.455097,31.506197]}},{"type":"Feature","properties":{"site_id":26,"event_code":"CE20231007PSE","latest_date":"2025-09-22T00:00:00+00:00","latest_class":3,"pass_count":12,"h":[["2023-11-26T00:00:00+00:00",4,3,3],["2024-01-06T00:00:00+00:00",3,2,1],["2024-02-29T00:00:00+00:00",3,2,0],["2024-04-01T00:00:00+00:00",3,2,0],["2024-05-03T00:00:00+00:00",3,2,0],["2024-07-06T00:00:00+00:00",3,2,0],["2024-09-06T00:00:00+00:00",3,2,0],["2024-12-01T00:00:00+00:00",3,2,0],["2025-02-25T00:00:00+00:00",3,2,0],["2025-04-04T00:00:00+00:00",3,2,0],["2025-07-08T00:00:00+00:00",3,2,0],["2025-09-22T00:00:00+00:00",3,2,0]]},"geometry":{"type":"Point","coordinates":[34.455162,31.505907]}},{"type":"Feature","properties":{"site_id":26,"event_code":"CE20231007PSE","latest_date":"2025-09-22T00:00:00+00:00","latest_class":3,"pass_count":12,"h":[["2023-11-26T00:00:00+00:00",3,2,3],["2024-01-06T00:00:00+00:00",3,2,0],["2024-02-29T00:00:00+00:00",3,2,0],["2024-04-01T00:00:00+00:00",3,2,0],["2024-05-03T00:00:00+00:00",3,2,0],["2024-07-06T00:00:00+00:00",3,2,0],["2024-09-06T00:00:00+00:00",3,2,0],["2024-12-01T00:00:00+00:00",3,2,0],["2025-02-25T00:00:00+00:00",3,2,0],["2025-04-04T00:00:00+00:00",3,2,0],["2025-07-08T00:00:00+00:00",3,2,0],["2025-09-22T00:00:00+00:00",3,2,0]]},"geometry":{"type":"Point","coordinates":[34.45492,31.506038]}},{"type":"Feature","properties":{"site_id":26,"event_code":"CE20231007PSE","latest_date":"2025-09-22T00:00:00+00:00","latest_class":3,"pass_count":12,"h":[["2023-11-26T00:00:00+00:00",3,2,3],["2024-01-06T00:00:00+00:00",3,2,0],["2024-02-29T00:00:00+00:00",3,2,0],["2024-04-01T00:00:00+00:00",3,2,0],["2024-05-03T00:00:00+00:00",3,2,0],["2024-07-06T00:00:00+00:00",3,2,0],["2024-09-06T00:00:00+00:00",3,2,0],["2024-12-01T00:00:00+00:00",3,2,0],["2025-02-25T00:00:00+00:00",3,2,0],["2025-04-04T00:00:00+00:00",3,2,0],["2025-07-08T00:00:00+00:00",3,2,0],["2025-09-22T00:00:00+00:00",3,2,0]]},"geometry":{"type":"Point","coordinates":[34.454859,31.505837]}},{"type":"Feature","properties":{"site_id":26,"event_code":"CE20231007PSE","latest_date":"2025-09-22T00:00:00+00:00","latest_class":3,"pass_count":12,"h":[["2023-11-26T00:00:00+00:00",3,2,3],["2024-01-06T00:00:00+00:00",3,2,0],["2024-02-29T00:00:00+00:00",3,2,0],["2024-04-01T00:00:00+00:00",3,2,0],["2024-05-03T00:00:00+00:00",3,2,0],["2024-07-06T00:00:00+00:00",3,2,0],["2024-09-06T00:00:00+00:00",3,2,0],["2024-12-01T00:00:00+00:00",3,2,0],["2025-02-25T00:00:00+00:00",3,2,0],["2025-04-04T00:00:00+00:00",3,2,0],["2025-07-08T00:00:00+00:00",3,2,0],["2025-09-22T00:00:00+00:00",3,2,0]]},"geometry":{"type":"Point","coordinates":[34.455019,31.506083]}},{"type":"Feature","properties":{"site_id":26,"event_code":"CE20231007PSE","latest_date":"2025-09-22T00:00:00+00:00","latest_class":3,"pass_count":11,"h":[["2024-01-06T00:00:00+00:00",3,2,3],["2024-02-29T00:00:00+00:00",3,2,0],["2024-04-01T00:00:00+00:00",3,2,0],["2024-05-03T00:00:00+00:00",3,2,0],["2024-07-06T00:00:00+00:00",3,2,0],["2024-09-06T00:00:00+00:00",3,2,0],["2024-12-01T00:00:00+00:00",3,2,0],["2025-02-25T00:00:00+00:00",3,2,0],["2025-04-04T00:00:00+00:00",3,2,0],["2025-07-08T00:00:00+00:00",3,2,0],["2025-09-22T00:00:00+00:00",3,2,0]]},"geometry":{"type":"Point","coordinates":[34.455391,31.505809]}},{"type":"Feature","properties":{"site_id":26,"event_code":"CE20231007PSE","latest_date":"2025-09-22T00:00:00+00:00","latest_class":3,"pass_count":11,"h":[["2024-01-06T00:00:00+00:00",3,2,3],["2024-02-29T00:00:00+00:00",3,2,0],["2024-04-01T00:00:00+00:00",3,2,0],["2024-05-03T00:00:00+00:00",3,2,0],["2024-07-06T00:00:00+00:00",3,2,0],["2024-09-06T00:00:00+00:00",3,2,0],["2024-12-01T00:00:00+00:00",3,2,0],["2025-02-25T00:00:00+00:00",3,2,0],["2025-04-04T00:00:00+00:00",3,2,0],["2025-07-08T00:00:00+00:00",3,2,0],["2025-09-22T00:00:00+00:00",3,2,0]]},"geometry":{"type":"Point","coordinates":[34.455698,31.506211]}},{"type":"Feature","properties":{"site_id":26,"event_code":"CE20231007PSE","latest_date":"2025-09-22T00:00:00+00:00","latest_class":2,"pass_count":12,"h":[["2023-11-26T00:00:00+00:00",3,2,3],["2024-01-06T00:00:00+00:00",3,2,0],["2024-02-29T00:00:00+00:00",3,2,0],["2024-04-01T00:00:00+00:00",3,2,0],["2024-05-03T00:00:00+00:00",3,2,0],["2024-07-06T00:00:00+00:00",3,2,0],["2024-09-06T00:00:00+00:00",3,2,0],["2024-12-01T00:00:00+00:00",3,2,0],["2025-02-25T00:00:00+00:00",3,2,0],["2025-04-04T00:00:00+00:00",3,2,0],["2025-07-08T00:00:00+00:00",3,2,0],["2025-09-22T00:00:00+00:00",2,1,1]]},"geometry":{"type":"Point","coordinates":[34.454086,31.503374]}},{"type":"Feature","properties":{"site_id":26,"event_code":"CE20231007PSE","latest_date":"2025-09-22T00:00:00+00:00","latest_class":3,"pass_count":12,"h":[["2023-11-26T00:00:00+00:00",3,2,3],["2024-01-06T00:00:00+00:00",3,2,0],["2024-02-29T00:00:00+00:00",3,2,0],["2024-04-01T00:00:00+00:00",3,2,0],["2024-05-03T00:00:00+00:00",3,2,0],["2024-07-06T00:00:00+00:00",3,2,0],["2024-09-06T00:00:00+00:00",3,2,0],["2024-12-01T00:00:00+00:00",3,2,0],["2025-02-25T00:00:00+00:00",3,2,0],["2025-04-04T00:00:00+00:00",3,2,0],["2025-07-08T00:00:00+00:00",3,2,0],["2025-09-22T00:00:00+00:00",3,2,0]]},"geometry":{"type":"Point","coordinates":[34.453924,31.503514]}},{"type":"Feature","properties":{"site_id":26,"event_code":"CE20231007PSE","latest_date":"2025-09-22T00:00:00+00:00","latest_class":3,"pass_count":12,"h":[["2023-11-26T00:00:00+00:00",3,2,3],["2024-01-06T00:00:00+00:00",3,2,0],["2024-02-29T00:00:00+00:00",3,2,0],["2024-04-01T00:00:00+00:00",3,2,0],["2024-05-03T00:00:00+00:00",3,2,0],["2024-07-06T00:00:00+00:00",3,2,0],["2024-09-06T00:00:00+00:00",3,2,0],["2024-12-01T00:00:00+00:00",3,2,0],["2025-02-25T00:00:00+00:00",3,2,0],["2025-04-04T00:00:00+00:00",3,2,0],["2025-07-08T00:00:00+00:00",3,2,0],["2025-09-22T00:00:00+00:00",3,2,0]]},"geometry":{"type":"Point","coordinates":[34.454004,31.503626]}},{"type":"Feature","properties":{"site_id":26,"event_code":"CE20231007PSE","latest_date":"2025-09-22T00:00:00+00:00","latest_class":3,"pass_count":12,"h":[["2023-11-26T00:00:00+00:00",3,2,3],["2024-01-06T00:00:00+00:00",3,2,0],["2024-02-29T00:00:00+00:00",3,2,0],["2024-04-01T00:00:00+00:00",3,2,0],["2024-05-03T00:00:00+00:00",3,2,0],["2024-07-06T00:00:00+00:00",3,2,0],["2024-09-06T00:00:00+00:00",3,2,0],["2024-12-01T00:00:00+00:00",3,2,0],["2025-02-25T00:00:00+00:00",3,2,0],["2025-04-04T00:00:00+00:00",3,2,0],["2025-07-08T00:00:00+00:00",3,2,0],["2025-09-22T00:00:00+00:00",3,2,0]]},"geometry":{"type":"Point","coordinates":[34.452665,31.502702]}},{"type":"Feature","properties":{"site_id":26,"event_code":"CE20231007PSE","latest_date":"2025-09-22T00:00:00+00:00","latest_class":3,"pass_count":12,"h":[["2023-11-26T00:00:00+00:00",3,2,3],["2024-01-06T00:00:00+00:00",3,2,0],["2024-02-29T00:00:00+00:00",3,2,0],["2024-04-01T00:00:00+00:00",3,2,0],["2024-05-03T00:00:00+00:00",3,2,0],["2024-07-06T00:00:00+00:00",3,2,0],["2024-09-06T00:00:00+00:00",3,2,0],["2024-12-01T00:00:00+00:00",3,2,0],["2025-02-25T00:00:00+00:00",3,2,0],["2025-04-04T00:00:00+00:00",3,2,0],["2025-07-08T00:00:00+00:00",3,2,0],["2025-09-22T00:00:00+00:00",3,2,0]]},"geometry":{"type":"Point","coordinates":[34.452751,31.502793]}},{"type":"Feature","properties":{"site_id":26,"event_code":"CE20231007PSE","latest_date":"2025-09-22T00:00:00+00:00","latest_class":3,"pass_count":12,"h":[["2023-11-26T00:00:00+00:00",3,2,3],["2024-01-06T00:00:00+00:00",3,2,0],["2024-02-29T00:00:00+00:00",3,2,0],["2024-04-01T00:00:00+00:00",3,2,0],["2024-05-03T00:00:00+00:00",3,2,0],["2024-07-06T00:00:00+00:00",3,2,0],["2024-09-06T00:00:00+00:00",3,2,0],["2024-12-01T00:00:00+00:00",3,2,0],["2025-02-25T00:00:00+00:00",3,2,0],["2025-04-04T00:00:00+00:00",3,2,0],["2025-07-08T00:00:00+00:00",3,2,0],["2025-09-22T00:00:00+00:00",3,2,0]]},"geometry":{"type":"Point","coordinates":[34.452832,31.502888]}},{"type":"Feature","properties":{"site_id":26,"event_code":"CE20231007PSE","latest_date":"2025-09-22T00:00:00+00:00","latest_class":2,"pass_count":12,"h":[["2023-11-26T00:00:00+00:00",2,1,3],["2024-01-06T00:00:00+00:00",2,1,0],["2024-02-29T00:00:00+00:00",2,1,0],["2024-04-01T00:00:00+00:00",2,1,0],["2024-05-03T00:00:00+00:00",2,1,0],["2024-07-06T00:00:00+00:00",2,1,0],["2024-09-06T00:00:00+00:00",2,1,0],["2024-12-01T00:00:00+00:00",2,1,0],["2025-02-25T00:00:00+00:00",2,1,0],["2025-04-04T00:00:00+00:00",2,1,0],["2025-07-08T00:00:00+00:00",2,1,0],["2025-09-22T00:00:00+00:00",2,1,0]]},"geometry":{"type":"Point","coordinates":[34.452898,31.502672]}},{"type":"Feature","properties":{"site_id":26,"event_code":"CE20231007PSE","latest_date":"2025-09-22T00:00:00+00:00","latest_class":3,"pass_count":11,"h":[["2024-01-06T00:00:00+00:00",3,2,3],["2024-02-29T00:00:00+00:00",3,2,0],["2024-04-01T00:00:00+00:00",3,2,0],["2024-05-03T00:00:00+00:00",3,2,0],["2024-07-06T00:00:00+00:00",3,2,0],["2024-09-06T00:00:00+00:00",3,2,0],["2024-12-01T00:00:00+00:00",3,2,0],["2025-02-25T00:00:00+00:00",3,2,0],["2025-04-04T00:00:00+00:00",3,2,0],["2025-07-08T00:00:00+00:00",3,2,0],["2025-09-22T00:00:00+00:00",3,2,0]]},"geometry":{"type":"Point","coordinates":[34.457408,31.504233]}},{"type":"Feature","properties":{"site_id":26,"event_code":"CE20231007PSE","latest_date":"2025-09-22T00:00:00+00:00","latest_class":3,"pass_count":12,"h":[["2023-11-26T00:00:00+00:00",3,2,3],["2024-01-06T00:00:00+00:00",3,2,0],["2024-02-29T00:00:00+00:00",3,2,0],["2024-04-01T00:00:00+00:00",3,2,0],["2024-05-03T00:00:00+00:00",3,2,0],["2024-07-06T00:00:00+00:00",3,2,0],["2024-09-06T00:00:00+00:00",3,2,0],["2024-12-01T00:00:00+00:00",3,2,0],["2025-02-25T00:00:00+00:00",3,2,0],["2025-04-04T00:00:00+00:00",3,2,0],["2025-07-08T00:00:00+00:00",3,2,0],["2025-09-22T00:00:00+00:00",3,2,0]]},"geometry":{"type":"Point","coordinates":[34.438233,31.506148]}},{"type":"Feature","properties":{"site_id":26,"event_code":"CE20231007PSE","latest_date":"2025-09-22T00:00:00+00:00","latest_class":3,"pass_count":12,"h":[["2023-11-26T00:00:00+00:00",3,2,3],["2024-01-06T00:00:00+00:00",3,2,0],["2024-02-29T00:00:00+00:00",3,2,0],["2024-04-01T00:00:00+00:00",3,2,0],["2024-05-03T00:00:00+00:00",3,2,0],["2024-07-06T00:00:00+00:00",3,2,0],["2024-09-06T00:00:00+00:00",3,2,0],["2024-12-01T00:00:00+00:00",3,2,0],["2025-02-25T00:00:00+00:00",3,2,0],["2025-04-04T00:00:00+00:00",3,2,0],["2025-07-08T00:00:00+00:00",3,2,0],["2025-09-22T00:00:00+00:00",3,2,0]]},"geometry":{"type":"Point","coordinates":[34.438377,31.506078]}},{"type":"Feature","properties":{"site_id":26,"event_code":"CE20231007PSE","latest_date":"2025-09-22T00:00:00+00:00","latest_class":1,"pass_count":7,"h":[["2024-07-06T00:00:00+00:00",2,1,3],["2024-09-06T00:00:00+00:00",2,1,0],["2024-12-01T00:00:00+00:00",1,1,1],["2025-02-25T00:00:00+00:00",1,1,0],["2025-04-04T00:00:00+00:00",1,1,0],["2025-07-08T00:00:00+00:00",1,1,0],["2025-09-22T00:00:00+00:00",1,1,0]]},"geometry":{"type":"Point","coordinates":[34.441192,31.504887]}},{"type":"Feature","properties":{"site_id":26,"event_code":"CE20231007PSE","latest_date":"2025-09-22T00:00:00+00:00","latest_class":2,"pass_count":7,"h":[["2024-07-06T00:00:00+00:00",3,2,3],["2024-09-06T00:00:00+00:00",3,2,0],["2024-12-01T00:00:00+00:00",3,2,0],["2025-02-25T00:00:00+00:00",3,2,0],["2025-04-04T00:00:00+00:00",3,2,0],["2025-07-08T00:00:00+00:00",3,2,0],["2025-09-22T00:00:00+00:00",2,1,1]]},"geometry":{"type":"Point","coordinates":[34.441479,31.504972]}},{"type":"Feature","properties":{"site_id":26,"event_code":"CE20231007PSE","latest_date":"2025-09-22T00:00:00+00:00","latest_class":3,"pass_count":7,"h":[["2024-07-06T00:00:00+00:00",3,2,3],["2024-09-06T00:00:00+00:00",3,2,0],["2024-12-01T00:00:00+00:00",3,2,0],["2025-02-25T00:00:00+00:00",3,2,0],["2025-04-04T00:00:00+00:00",3,2,0],["2025-07-08T00:00:00+00:00",3,2,0],["2025-09-22T00:00:00+00:00",3,2,0]]},"geometry":{"type":"Point","coordinates":[34.44094,31.504982]}},{"type":"Feature","properties":{"site_id":26,"event_code":"CE20231007PSE","latest_date":"2025-09-22T00:00:00+00:00","latest_class":3,"pass_count":7,"h":[["2024-07-06T00:00:00+00:00",3,2,3],["2024-09-06T00:00:00+00:00",3,2,0],["2024-12-01T00:00:00+00:00",3,2,0],["2025-02-25T00:00:00+00:00",3,2,0],["2025-04-04T00:00:00+00:00",3,2,0],["2025-07-08T00:00:00+00:00",3,2,0],["2025-09-22T00:00:00+00:00",3,2,0]]},"geometry":{"type":"Point","coordinates":[34.440859,31.50485]}},{"type":"Feature","properties":{"site_id":26,"event_code":"CE20231007PSE","latest_date":"2025-09-22T00:00:00+00:00","latest_class":3,"pass_count":13,"h":[["2023-11-07T00:00:00+00:00",3,2,3],["2023-11-26T00:00:00+00:00",3,2,0],["2024-01-06T00:00:00+00:00",3,2,0],["2024-02-29T00:00:00+00:00",3,2,0],["2024-04-01T00:00:00+00:00",3,2,0],["2024-05-03T00:00:00+00:00",3,2,0],["2024-07-06T00:00:00+00:00",3,2,0],["2024-09-06T00:00:00+00:00",3,2,0],["2024-12-01T00:00:00+00:00",3,2,0],["2025-02-25T00:00:00+00:00",3,2,0],["2025-04-04T00:00:00+00:00",3,2,0],["2025-07-08T00:00:00+00:00",3,2,0],["2025-09-22T00:00:00+00:00",3,2,0]]},"geometry":{"type":"Point","coordinates":[34.44496,31.510109]}},{"type":"Feature","properties":{"site_id":26,"event_code":"CE20231007PSE","latest_date":"2025-09-22T00:00:00+00:00","latest_class":3,"pass_count":13,"h":[["2023-11-07T00:00:00+00:00",3,2,3],["2023-11-26T00:00:00+00:00",3,2,0],["2024-01-06T00:00:00+00:00",3,2,0],["2024-02-29T00:00:00+00:00",3,2,0],["2024-04-01T00:00:00+00:00",3,2,0],["2024-05-03T00:00:00+00:00",3,2,0],["2024-07-06T00:00:00+00:00",3,2,0],["2024-09-06T00:00:00+00:00",3,2,0],["2024-12-01T00:00:00+00:00",3,2,0],["2025-02-25T00:00:00+00:00",3,2,0],["2025-04-04T00:00:00+00:00",3,2,0],["2025-07-08T00:00:00+00:00",3,2,0],["2025-09-22T00:00:00+00:00",3,2,0]]},"geometry":{"type":"Point","coordinates":[34.44518,31.510094]}},{"type":"Feature","properties":{"site_id":26,"event_code":"CE20231007PSE","latest_date":"2025-09-22T00:00:00+00:00","latest_class":3,"pass_count":13,"h":[["2023-11-07T00:00:00+00:00",3,2,3],["2023-11-26T00:00:00+00:00",3,2,0],["2024-01-06T00:00:00+00:00",3,2,0],["2024-02-29T00:00:00+00:00",3,2,0],["2024-04-01T00:00:00+00:00",3,2,0],["2024-05-03T00:00:00+00:00",3,2,0],["2024-07-06T00:00:00+00:00",3,2,0],["2024-09-06T00:00:00+00:00",3,2,0],["2024-12-01T00:00:00+00:00",3,2,0],["2025-02-25T00:00:00+00:00",3,2,0],["2025-04-04T00:00:00+00:00",3,2,0],["2025-07-08T00:00:00+00:00",3,2,0],["2025-09-22T00:00:00+00:00",3,2,0]]},"geometry":{"type":"Point","coordinates":[34.445018,31.510209]}},{"type":"Feature","properties":{"site_id":26,"event_code":"CE20231007PSE","latest_date":"2025-09-22T00:00:00+00:00","latest_class":3,"pass_count":13,"h":[["2023-11-07T00:00:00+00:00",3,2,3],["2023-11-26T00:00:00+00:00",3,2,0],["2024-01-06T00:00:00+00:00",3,2,0],["2024-02-29T00:00:00+00:00",3,2,0],["2024-04-01T00:00:00+00:00",3,2,0],["2024-05-03T00:00:00+00:00",3,2,0],["2024-07-06T00:00:00+00:00",3,2,0],["2024-09-06T00:00:00+00:00",3,2,0],["2024-12-01T00:00:00+00:00",3,2,0],["2025-02-25T00:00:00+00:00",3,2,0],["2025-04-04T00:00:00+00:00",3,2,0],["2025-07-08T00:00:00+00:00",3,2,0],["2025-09-22T00:00:00+00:00",3,2,0]]},"geometry":{"type":"Point","coordinates":[34.444831,31.510291]}},{"type":"Feature","properties":{"site_id":26,"event_code":"CE20231007PSE","latest_date":"2025-09-22T00:00:00+00:00","latest_class":3,"pass_count":13,"h":[["2023-11-07T00:00:00+00:00",3,2,3],["2023-11-26T00:00:00+00:00",3,2,0],["2024-01-06T00:00:00+00:00",3,2,0],["2024-02-29T00:00:00+00:00",3,2,0],["2024-04-01T00:00:00+00:00",3,2,0],["2024-05-03T00:00:00+00:00",3,2,0],["2024-07-06T00:00:00+00:00",3,2,0],["2024-09-06T00:00:00+00:00",3,2,0],["2024-12-01T00:00:00+00:00",3,2,0],["2025-02-25T00:00:00+00:00",3,2,0],["2025-04-04T00:00:00+00:00",3,2,0],["2025-07-08T00:00:00+00:00",3,2,0],["2025-09-22T00:00:00+00:00",3,2,0]]},"geometry":{"type":"Point","coordinates":[34.444568,31.51025]}},{"type":"Feature","properties":{"site_id":26,"event_code":"CE20231007PSE","latest_date":"2025-09-22T00:00:00+00:00","latest_class":3,"pass_count":13,"h":[["2023-11-07T00:00:00+00:00",3,2,3],["2023-11-26T00:00:00+00:00",3,2,0],["2024-01-06T00:00:00+00:00",3,2,0],["2024-02-29T00:00:00+00:00",3,2,0],["2024-04-01T00:00:00+00:00",3,2,0],["2024-05-03T00:00:00+00:00",3,2,0],["2024-07-06T00:00:00+00:00",3,2,0],["2024-09-06T00:00:00+00:00",3,2,0],["2024-12-01T00:00:00+00:00",3,2,0],["2025-02-25T00:00:00+00:00",3,2,0],["2025-04-04T00:00:00+00:00",3,2,0],["2025-07-08T00:00:00+00:00",3,2,0],["2025-09-22T00:00:00+00:00",3,2,0]]},"geometry":{"type":"Point","coordinates":[34.444445,31.510143]}},{"type":"Feature","properties":{"site_id":26,"event_code":"CE20231007PSE","latest_date":"2025-09-22T00:00:00+00:00","latest_class":3,"pass_count":13,"h":[["2023-11-07T00:00:00+00:00",3,2,3],["2023-11-26T00:00:00+00:00",3,2,0],["2024-01-06T00:00:00+00:00",3,2,0],["2024-02-29T00:00:00+00:00",3,2,0],["2024-04-01T00:00:00+00:00",3,2,0],["2024-05-03T00:00:00+00:00",3,2,0],["2024-07-06T00:00:00+00:00",3,2,0],["2024-09-06T00:00:00+00:00",3,2,0],["2024-12-01T00:00:00+00:00",3,2,0],["2025-02-25T00:00:00+00:00",3,2,0],["2025-04-04T00:00:00+00:00",3,2,0],["2025-07-08T00:00:00+00:00",3,2,0],["2025-09-22T00:00:00+00:00",3,2,0]]},"geometry":{"type":"Point","coordinates":[34.444293,31.509988]}},{"type":"Feature","properties":{"site_id":26,"event_code":"CE20231007PSE","latest_date":"2025-09-22T00:00:00+00:00","latest_class":3,"pass_count":13,"h":[["2023-11-07T00:00:00+00:00",3,2,3],["2023-11-26T00:00:00+00:00",3,2,0],["2024-01-06T00:00:00+00:00",3,2,0],["2024-02-29T00:00:00+00:00",3,2,0],["2024-04-01T00:00:00+00:00",3,2,0],["2024-05-03T00:00:00+00:00",3,2,0],["2024-07-06T00:00:00+00:00",3,2,0],["2024-09-06T00:00:00+00:00",3,2,0],["2024-12-01T00:00:00+00:00",3,2,0],["2025-02-25T00:00:00+00:00",3,2,0],["2025-04-04T00:00:00+00:00",3,2,0],["2025-07-08T00:00:00+00:00",3,2,0],["2025-09-22T00:00:00+00:00",3,2,0]]},"geometry":{"type":"Point","coordinates":[34.445261,31.510218]}},{"type":"Feature","properties":{"site_id":26,"event_code":"CE20231007PSE","latest_date":"2025-09-22T00:00:00+00:00","latest_class":3,"pass_count":10,"h":[["2024-02-29T00:00:00+00:00",3,2,3],["2024-04-01T00:00:00+00:00",3,2,0],["2024-05-03T00:00:00+00:00",3,2,0],["2024-07-06T00:00:00+00:00",3,2,0],["2024-09-06T00:00:00+00:00",3,2,0],["2024-12-01T00:00:00+00:00",3,2,0],["2025-02-25T00:00:00+00:00",3,2,0],["2025-04-04T00:00:00+00:00",3,2,0],["2025-07-08T00:00:00+00:00",3,2,0],["2025-09-22T00:00:00+00:00",3,2,0]]},"geometry":{"type":"Point","coordinates":[34.445359,31.512188]}},{"type":"Feature","properties":{"site_id":26,"event_code":"CE20231007PSE","latest_date":"2025-09-22T00:00:00+00:00","latest_class":3,"pass_count":10,"h":[["2024-02-29T00:00:00+00:00",3,2,3],["2024-04-01T00:00:00+00:00",3,2,0],["2024-05-03T00:00:00+00:00",3,2,0],["2024-07-06T00:00:00+00:00",3,2,0],["2024-09-06T00:00:00+00:00",3,2,0],["2024-12-01T00:00:00+00:00",3,2,0],["2025-02-25T00:00:00+00:00",3,2,0],["2025-04-04T00:00:00+00:00",3,2,0],["2025-07-08T00:00:00+00:00",3,2,0],["2025-09-22T00:00:00+00:00",3,2,0]]},"geometry":{"type":"Point","coordinates":[34.445257,31.512249]}},{"type":"Feature","properties":{"site_id":26,"event_code":"CE20231007PSE","latest_date":"2025-09-22T00:00:00+00:00","latest_class":3,"pass_count":10,"h":[["2024-02-29T00:00:00+00:00",3,2,3],["2024-04-01T00:00:00+00:00",3,2,0],["2024-05-03T00:00:00+00:00",3,2,0],["2024-07-06T00:00:00+00:00",3,2,0],["2024-09-06T00:00:00+00:00",3,2,0],["2024-12-01T00:00:00+00:00",3,2,0],["2025-02-25T00:00:00+00:00",3,2,0],["2025-04-04T00:00:00+00:00",3,2,0],["2025-07-08T00:00:00+00:00",3,2,0],["2025-09-22T00:00:00+00:00",3,2,0]]},"geometry":{"type":"Point","coordinates":[34.445116,31.512247]}},{"type":"Feature","properties":{"site_id":26,"event_code":"CE20231007PSE","latest_date":"2025-09-22T00:00:00+00:00","latest_class":3,"pass_count":10,"h":[["2024-02-29T00:00:00+00:00",3,2,3],["2024-04-01T00:00:00+00:00",3,2,0],["2024-05-03T00:00:00+00:00",3,2,0],["2024-07-06T00:00:00+00:00",3,2,0],["2024-09-06T00:00:00+00:00",3,2,0],["2024-12-01T00:00:00+00:00",3,2,0],["2025-02-25T00:00:00+00:00",3,2,0],["2025-04-04T00:00:00+00:00",3,2,0],["2025-07-08T00:00:00+00:00",3,2,0],["2025-09-22T00:00:00+00:00",3,2,0]]},"geometry":{"type":"Point","coordinates":[34.444952,31.512253]}},{"type":"Feature","properties":{"site_id":26,"event_code":"CE20231007PSE","latest_date":"2025-09-22T00:00:00+00:00","latest_class":3,"pass_count":10,"h":[["2024-02-29T00:00:00+00:00",3,2,3],["2024-04-01T00:00:00+00:00",3,2,0],["2024-05-03T00:00:00+00:00",3,2,0],["2024-07-06T00:00:00+00:00",3,2,0],["2024-09-06T00:00:00+00:00",3,2,0],["2024-12-01T00:00:00+00:00",3,2,0],["2025-02-25T00:00:00+00:00",3,2,0],["2025-04-04T00:00:00+00:00",3,2,0],["2025-07-08T00:00:00+00:00",3,2,0],["2025-09-22T00:00:00+00:00",3,2,0]]},"geometry":{"type":"Point","coordinates":[34.444825,31.512214]}},{"type":"Feature","properties":{"site_id":5,"event_code":"CE20231007PSE","latest_date":"2025-09-22T00:00:00+00:00","latest_class":3,"pass_count":10,"h":[["2024-02-29T00:00:00+00:00",3,2,3],["2024-04-01T00:00:00+00:00",3,2,0],["2024-05-03T00:00:00+00:00",3,2,0],["2024-07-06T00:00:00+00:00",3,2,0],["2024-09-06T00:00:00+00:00",3,2,0],["2024-12-01T00:00:00+00:00",3,2,0],["2025-02-25T00:00:00+00:00",3,2,0],["2025-04-04T00:00:00+00:00",3,2,0],["2025-07-08T00:00:00+00:00",3,2,0],["2025-09-22T00:00:00+00:00",3,2,0]]},"geometry":{"type":"Point","coordinates":[34.445706,31.511895]}},{"type":"Feature","properties":{"site_id":26,"event_code":"CE20231007PSE","latest_date":"2025-09-22T00:00:00+00:00","latest_class":1,"pass_count":14,"h":[["2023-10-15T00:00:00+00:00",1,1,null],["2023-11-07T00:00:00+00:00",1,1,0],["2023-11-26T00:00:00+00:00",1,1,0],["2024-01-06T00:00:00+00:00",1,1,0],["2024-02-29T00:00:00+00:00",1,1,0],["2024-04-01T00:00:00+00:00",1,1,0],["2024-05-03T00:00:00+00:00",1,1,0],["2024-07-06T00:00:00+00:00",1,1,0],["2024-09-06T00:00:00+00:00",1,1,0],["2024-12-01T00:00:00+00:00",1,1,0],["2025-02-25T00:00:00+00:00",1,1,0],["2025-04-04T00:00:00+00:00",1,1,0],["2025-07-08T00:00:00+00:00",1,1,0],["2025-09-22T00:00:00+00:00",1,1,0]]},"geometry":{"type":"Point","coordinates":[34.440954,31.508065]}},{"type":"Feature","properties":{"site_id":26,"event_code":"CE20231007PSE","latest_date":"2025-09-22T00:00:00+00:00","latest_class":3,"pass_count":14,"h":[["2023-10-15T00:00:00+00:00",3,2,null],["2023-11-07T00:00:00+00:00",3,2,0],["2023-11-26T00:00:00+00:00",3,2,0],["2024-01-06T00:00:00+00:00",3,2,0],["2024-02-29T00:00:00+00:00",3,2,0],["2024-04-01T00:00:00+00:00",3,2,0],["2024-05-03T00:00:00+00:00",3,2,0],["2024-07-06T00:00:00+00:00",3,2,0],["2024-09-06T00:00:00+00:00",3,2,0],["2024-12-01T00:00:00+00:00",3,2,0],["2025-02-25T00:00:00+00:00",3,2,0],["2025-04-04T00:00:00+00:00",3,2,0],["2025-07-08T00:00:00+00:00",3,2,0],["2025-09-22T00:00:00+00:00",3,2,0]]},"geometry":{"type":"Point","coordinates":[34.441067,31.508252]}},{"type":"Feature","properties":{"site_id":26,"event_code":"CE20231007PSE","latest_date":"2025-09-22T00:00:00+00:00","latest_class":2,"pass_count":14,"h":[["2023-10-15T00:00:00+00:00",3,2,null],["2023-11-07T00:00:00+00:00",3,2,0],["2023-11-26T00:00:00+00:00",3,2,0],["2024-01-06T00:00:00+00:00",3,2,0],["2024-02-29T00:00:00+00:00",3,2,0],["2024-04-01T00:00:00+00:00",3,2,0],["2024-05-03T00:00:00+00:00",3,2,0],["2024-07-06T00:00:00+00:00",3,2,0],["2024-09-06T00:00:00+00:00",3,2,0],["2024-12-01T00:00:00+00:00",3,2,0],["2025-02-25T00:00:00+00:00",3,2,0],["2025-04-04T00:00:00+00:00",2,2,1],["2025-07-08T00:00:00+00:00",2,2,0],["2025-09-22T00:00:00+00:00",2,2,0]]},"geometry":{"type":"Point","coordinates":[34.441248,31.508161]}},{"type":"Feature","properties":{"site_id":26,"event_code":"CE20231007PSE","latest_date":"2025-09-22T00:00:00+00:00","latest_class":2,"pass_count":14,"h":[["2023-10-15T00:00:00+00:00",3,2,null],["2023-11-07T00:00:00+00:00",3,2,0],["2023-11-26T00:00:00+00:00",3,2,0],["2024-01-06T00:00:00+00:00",3,2,0],["2024-02-29T00:00:00+00:00",3,2,0],["2024-04-01T00:00:00+00:00",3,2,0],["2024-05-03T00:00:00+00:00",3,2,0],["2024-07-06T00:00:00+00:00",3,2,0],["2024-09-06T00:00:00+00:00",2,1,1],["2024-12-01T00:00:00+00:00",2,1,0],["2025-02-25T00:00:00+00:00",2,1,0],["2025-04-04T00:00:00+00:00",2,1,0],["2025-07-08T00:00:00+00:00",2,1,0],["2025-09-22T00:00:00+00:00",2,1,0]]},"geometry":{"type":"Point","coordinates":[34.441157,31.508002]}},{"type":"Feature","properties":{"site_id":26,"event_code":"CE20231007PSE","latest_date":"2025-09-22T00:00:00+00:00","latest_class":3,"pass_count":14,"h":[["2023-10-15T00:00:00+00:00",3,2,null],["2023-11-07T00:00:00+00:00",3,2,0],["2023-11-26T00:00:00+00:00",3,2,0],["2024-01-06T00:00:00+00:00",3,2,0],["2024-02-29T00:00:00+00:00",3,2,0],["2024-04-01T00:00:00+00:00",3,2,0],["2024-05-03T00:00:00+00:00",3,2,0],["2024-07-06T00:00:00+00:00",3,2,0],["2024-09-06T00:00:00+00:00",3,2,0],["2024-12-01T00:00:00+00:00",3,2,0],["2025-02-25T00:00:00+00:00",3,2,0],["2025-04-04T00:00:00+00:00",3,2,0],["2025-07-08T00:00:00+00:00",3,2,0],["2025-09-22T00:00:00+00:00",3,2,0]]},"geometry":{"type":"Point","coordinates":[34.44242,31.509706]}},{"type":"Feature","properties":{"site_id":26,"event_code":"CE20231007PSE","latest_date":"2025-09-22T00:00:00+00:00","latest_class":3,"pass_count":14,"h":[["2023-10-15T00:00:00+00:00",3,2,null],["2023-11-07T00:00:00+00:00",3,2,0],["2023-11-26T00:00:00+00:00",3,2,0],["2024-01-06T00:00:00+00:00",3,2,0],["2024-02-29T00:00:00+00:00",3,2,0],["2024-04-01T00:00:00+00:00",3,2,0],["2024-05-03T00:00:00+00:00",3,2,0],["2024-07-06T00:00:00+00:00",3,2,0],["2024-09-06T00:00:00+00:00",3,2,0],["2024-12-01T00:00:00+00:00",3,2,0],["2025-02-25T00:00:00+00:00",3,2,0],["2025-04-04T00:00:00+00:00",3,2,0],["2025-07-08T00:00:00+00:00",3,2,0],["2025-09-22T00:00:00+00:00",3,2,0]]},"geometry":{"type":"Point","coordinates":[34.442515,31.509829]}},{"type":"Feature","properties":{"site_id":26,"event_code":"CE20231007PSE","latest_date":"2025-09-22T00:00:00+00:00","latest_class":3,"pass_count":13,"h":[["2023-11-07T00:00:00+00:00",3,2,3],["2023-11-26T00:00:00+00:00",3,2,0],["2024-01-06T00:00:00+00:00",3,2,0],["2024-02-29T00:00:00+00:00",3,2,0],["2024-04-01T00:00:00+00:00",3,2,0],["2024-05-03T00:00:00+00:00",3,2,0],["2024-07-06T00:00:00+00:00",3,2,0],["2024-09-06T00:00:00+00:00",3,2,0],["2024-12-01T00:00:00+00:00",3,2,0],["2025-02-25T00:00:00+00:00",3,2,0],["2025-04-04T00:00:00+00:00",3,2,0],["2025-07-08T00:00:00+00:00",3,2,0],["2025-09-22T00:00:00+00:00",3,2,0]]},"geometry":{"type":"Point","coordinates":[34.444205,31.506672]}},{"type":"Feature","properties":{"site_id":26,"event_code":"CE20231007PSE","latest_date":"2025-09-22T00:00:00+00:00","latest_class":1,"pass_count":6,"h":[["2024-09-06T00:00:00+00:00",1,1,3],["2024-12-01T00:00:00+00:00",1,1,0],["2025-02-25T00:00:00+00:00",1,1,0],["2025-04-04T00:00:00+00:00",1,1,0],["2025-07-08T00:00:00+00:00",1,1,0],["2025-09-22T00:00:00+00:00",1,1,0]]},"geometry":{"type":"Point","coordinates":[34.439379,31.507958]}},{"type":"Feature","properties":{"site_id":26,"event_code":"CE20231007PSE","latest_date":"2025-09-22T00:00:00+00:00","latest_class":1,"pass_count":5,"h":[["2024-12-01T00:00:00+00:00",1,1,3],["2025-02-25T00:00:00+00:00",1,1,0],["2025-04-04T00:00:00+00:00",1,1,0],["2025-07-08T00:00:00+00:00",1,1,0],["2025-09-22T00:00:00+00:00",1,1,0]]},"geometry":{"type":"Point","coordinates":[34.438988,31.508291]}},{"type":"Feature","properties":{"site_id":26,"event_code":"CE20231007PSE","latest_date":"2025-09-22T00:00:00+00:00","latest_class":1,"pass_count":5,"h":[["2024-12-01T00:00:00+00:00",1,1,3],["2025-02-25T00:00:00+00:00",1,1,0],["2025-04-04T00:00:00+00:00",1,1,0],["2025-07-08T00:00:00+00:00",1,1,0],["2025-09-22T00:00:00+00:00",1,1,0]]},"geometry":{"type":"Point","coordinates":[34.438897,31.508228]}},{"type":"Feature","properties":{"site_id":26,"event_code":"CE20231007PSE","latest_date":"2025-09-22T00:00:00+00:00","latest_class":1,"pass_count":10,"h":[["2024-02-29T00:00:00+00:00",4,3,3],["2024-04-01T00:00:00+00:00",4,3,0],["2024-05-03T00:00:00+00:00",4,3,0],["2024-07-06T00:00:00+00:00",4,3,0],["2024-09-06T00:00:00+00:00",4,3,0],["2024-12-01T00:00:00+00:00",1,1,1],["2025-02-25T00:00:00+00:00",1,1,0],["2025-04-04T00:00:00+00:00",1,1,0],["2025-07-08T00:00:00+00:00",1,1,0],["2025-09-22T00:00:00+00:00",1,1,0]]},"geometry":{"type":"Point","coordinates":[34.439148,31.508268]}},{"type":"Feature","properties":{"site_id":26,"event_code":"CE20231007PSE","latest_date":"2025-09-22T00:00:00+00:00","latest_class":1,"pass_count":5,"h":[["2024-12-01T00:00:00+00:00",1,1,3],["2025-02-25T00:00:00+00:00",1,1,0],["2025-04-04T00:00:00+00:00",1,1,0],["2025-07-08T00:00:00+00:00",1,1,0],["2025-09-22T00:00:00+00:00",1,1,0]]},"geometry":{"type":"Point","coordinates":[34.439142,31.508384]}},{"type":"Feature","properties":{"site_id":26,"event_code":"CE20231007PSE","latest_date":"2025-09-22T00:00:00+00:00","latest_class":1,"pass_count":5,"h":[["2024-12-01T00:00:00+00:00",1,1,3],["2025-02-25T00:00:00+00:00",1,1,0],["2025-04-04T00:00:00+00:00",1,1,0],["2025-07-08T00:00:00+00:00",1,1,0],["2025-09-22T00:00:00+00:00",1,1,0]]},"geometry":{"type":"Point","coordinates":[34.439055,31.508129]}},{"type":"Feature","properties":{"site_id":26,"event_code":"CE20231007PSE","latest_date":"2025-09-22T00:00:00+00:00","latest_class":3,"pass_count":10,"h":[["2024-02-29T00:00:00+00:00",4,3,3],["2024-04-01T00:00:00+00:00",4,3,0],["2024-05-03T00:00:00+00:00",4,3,0],["2024-07-06T00:00:00+00:00",4,3,0],["2024-09-06T00:00:00+00:00",4,3,0],["2024-12-01T00:00:00+00:00",3,3,1],["2025-02-25T00:00:00+00:00",3,3,0],["2025-04-04T00:00:00+00:00",3,3,0],["2025-07-08T00:00:00+00:00",3,3,0],["2025-09-22T00:00:00+00:00",3,3,0]]},"geometry":{"type":"Point","coordinates":[34.439298,31.508181]}},{"type":"Feature","properties":{"site_id":26,"event_code":"CE20231007PSE","latest_date":"2025-09-22T00:00:00+00:00","latest_class":3,"pass_count":5,"h":[["2024-12-01T00:00:00+00:00",3,2,3],["2025-02-25T00:00:00+00:00",3,2,0],["2025-04-04T00:00:00+00:00",3,2,0],["2025-07-08T00:00:00+00:00",3,2,0],["2025-09-22T00:00:00+00:00",3,2,0]]},"geometry":{"type":"Point","coordinates":[34.448149,31.506754]}},{"type":"Feature","properties":{"site_id":26,"event_code":"CE20231007PSE","latest_date":"2025-09-22T00:00:00+00:00","latest_class":3,"pass_count":5,"h":[["2024-12-01T00:00:00+00:00",3,2,3],["2025-02-25T00:00:00+00:00",3,2,0],["2025-04-04T00:00:00+00:00",3,2,0],["2025-07-08T00:00:00+00:00",3,2,0],["2025-09-22T00:00:00+00:00",3,2,0]]},"geometry":{"type":"Point","coordinates":[34.447921,31.506845]}},{"type":"Feature","properties":{"site_id":26,"event_code":"CE20231007PSE","latest_date":"2025-09-22T00:00:00+00:00","latest_class":3,"pass_count":6,"h":[["2024-09-06T00:00:00+00:00",4,3,3],["2024-12-01T00:00:00+00:00",3,3,1],["2025-02-25T00:00:00+00:00",3,3,0],["2025-04-04T00:00:00+00:00",3,3,0],["2025-07-08T00:00:00+00:00",3,3,0],["2025-09-22T00:00:00+00:00",3,3,0]]},"geometry":{"type":"Point","coordinates":[34.450813,31.508184]}},{"type":"Feature","properties":{"site_id":26,"event_code":"CE20231007PSE","latest_date":"2025-09-22T00:00:00+00:00","latest_class":3,"pass_count":6,"h":[["2024-09-06T00:00:00+00:00",4,3,3],["2024-12-01T00:00:00+00:00",3,3,1],["2025-02-25T00:00:00+00:00",3,3,0],["2025-04-04T00:00:00+00:00",3,3,0],["2025-07-08T00:00:00+00:00",3,3,0],["2025-09-22T00:00:00+00:00",3,3,0]]},"geometry":{"type":"Point","coordinates":[34.450967,31.508187]}},{"type":"Feature","properties":{"site_id":26,"event_code":"CE20231007PSE","latest_date":"2025-09-22T00:00:00+00:00","latest_class":2,"pass_count":13,"h":[["2023-11-07T00:00:00+00:00",4,3,3],["2023-11-26T00:00:00+00:00",4,3,0],["2024-01-06T00:00:00+00:00",4,3,0],["2024-02-29T00:00:00+00:00",2,1,1],["2024-04-01T00:00:00+00:00",2,1,0],["2024-05-03T00:00:00+00:00",2,1,0],["2024-07-06T00:00:00+00:00",2,1,0],["2024-09-06T00:00:00+00:00",2,1,0],["2024-12-01T00:00:00+00:00",2,1,0],["2025-02-25T00:00:00+00:00",2,1,0],["2025-04-04T00:00:00+00:00",2,1,0],["2025-07-08T00:00:00+00:00",2,1,0],["2025-09-22T00:00:00+00:00",2,1,0]]},"geometry":{"type":"Point","coordinates":[34.452634,31.505049]}},{"type":"Feature","properties":{"site_id":26,"event_code":"CE20231007PSE","latest_date":"2025-09-22T00:00:00+00:00","latest_class":1,"pass_count":13,"h":[["2023-11-07T00:00:00+00:00",4,3,3],["2023-11-26T00:00:00+00:00",4,3,0],["2024-01-06T00:00:00+00:00",1,1,1],["2024-02-29T00:00:00+00:00",1,1,0],["2024-04-01T00:00:00+00:00",1,1,0],["2024-05-03T00:00:00+00:00",1,1,0],["2024-07-06T00:00:00+00:00",1,1,0],["2024-09-06T00:00:00+00:00",1,1,0],["2024-12-01T00:00:00+00:00",1,1,0],["2025-02-25T00:00:00+00:00",1,1,0],["2025-04-04T00:00:00+00:00",1,1,0],["2025-07-08T00:00:00+00:00",1,1,0],["2025-09-22T00:00:00+00:00",1,1,0]]},"geometry":{"type":"Point","coordinates":[34.457339,31.502371]}},{"type":"Feature","properties":{"site_id":26,"event_code":"CE20231007PSE","latest_date":"2025-09-22T00:00:00+00:00","latest_class":3,"pass_count":13,"h":[["2023-11-07T00:00:00+00:00",4,3,3],["2023-11-26T00:00:00+00:00",4,3,0],["2024-01-06T00:00:00+00:00",3,2,1],["2024-02-29T00:00:00+00:00",3,2,0],["2024-04-01T00:00:00+00:00",3,2,0],["2024-05-03T00:00:00+00:00",3,2,0],["2024-07-06T00:00:00+00:00",3,2,0],["2024-09-06T00:00:00+00:00",3,2,0],["2024-12-01T00:00:00+00:00",3,2,0],["2025-02-25T00:00:00+00:00",3,2,0],["2025-04-04T00:00:00+00:00",3,2,0],["2025-07-08T00:00:00+00:00",3,2,0],["2025-09-22T00:00:00+00:00",3,2,0]]},"geometry":{"type":"Point","coordinates":[34.457453,31.502217]}},{"type":"Feature","properties":{"site_id":26,"event_code":"CE20231007PSE","latest_date":"2025-09-22T00:00:00+00:00","latest_class":1,"pass_count":4,"h":[["2025-02-25T00:00:00+00:00",1,1,3],["2025-04-04T00:00:00+00:00",1,1,0],["2025-07-08T00:00:00+00:00",1,1,0],["2025-09-22T00:00:00+00:00",1,1,0]]},"geometry":{"type":"Point","coordinates":[34.445868,31.511673]}},{"type":"Feature","properties":{"site_id":26,"event_code":"CE20231007PSE","latest_date":"2025-09-22T00:00:00+00:00","latest_class":3,"pass_count":4,"h":[["2025-02-25T00:00:00+00:00",3,2,3],["2025-04-04T00:00:00+00:00",3,2,0],["2025-07-08T00:00:00+00:00",3,2,0],["2025-09-22T00:00:00+00:00",3,2,0]]},"geometry":{"type":"Point","coordinates":[34.445714,31.511532]}},{"type":"Feature","properties":{"site_id":26,"event_code":"CE20231007PSE","latest_date":"2025-09-22T00:00:00+00:00","latest_class":1,"pass_count":12,"h":[["2023-11-26T00:00:00+00:00",1,1,3],["2024-01-06T00:00:00+00:00",1,1,0],["2024-02-29T00:00:00+00:00",1,1,0],["2024-04-01T00:00:00+00:00",1,1,0],["2024-05-03T00:00:00+00:00",1,1,0],["2024-07-06T00:00:00+00:00",1,1,0],["2024-09-06T00:00:00+00:00",1,1,0],["2024-12-01T00:00:00+00:00",1,1,0],["2025-02-25T00:00:00+00:00",1,1,0],["2025-04-04T00:00:00+00:00",1,1,0],["2025-07-08T00:00:00+00:00",1,1,0],["2025-09-22T00:00:00+00:00",1,1,0]]},"geometry":{"type":"Point","coordinates":[34.454455,31.506117]}},{"type":"Feature","properties":{"site_id":26,"event_code":"CE20231007PSE","latest_date":"2025-09-22T00:00:00+00:00","latest_class":3,"pass_count":4,"h":[["2025-02-25T00:00:00+00:00",3,3,3],["2025-04-04T00:00:00+00:00",3,3,0],["2025-07-08T00:00:00+00:00",3,3,0],["2025-09-22T00:00:00+00:00",3,3,0]]},"geometry":{"type":"Point","coordinates":[34.444615,31.507836]}},{"type":"Feature","properties":{"site_id":26,"event_code":"CE20231007PSE","latest_date":"2025-09-22T00:00:00+00:00","latest_class":3,"pass_count":4,"h":[["2025-02-25T00:00:00+00:00",3,2,3],["2025-04-04T00:00:00+00:00",3,2,0],["2025-07-08T00:00:00+00:00",3,2,0],["2025-09-22T00:00:00+00:00",3,2,0]]},"geometry":{"type":"Point","coordinates":[34.448726,31.507122]}},{"type":"Feature","properties":{"site_id":26,"event_code":"CE20231007PSE","latest_date":"2025-09-22T00:00:00+00:00","latest_class":1,"pass_count":10,"h":[["2024-02-29T00:00:00+00:00",4,3,3],["2024-04-01T00:00:00+00:00",4,3,0],["2024-05-03T00:00:00+00:00",4,3,0],["2024-07-06T00:00:00+00:00",4,3,0],["2024-09-06T00:00:00+00:00",2,1,1],["2024-12-01T00:00:00+00:00",2,1,0],["2025-02-25T00:00:00+00:00",2,1,0],["2025-04-04T00:00:00+00:00",2,1,0],["2025-07-08T00:00:00+00:00",2,1,0],["2025-09-22T00:00:00+00:00",1,1,1]]},"geometry":{"type":"Point","coordinates":[34.444544,31.511987]}},{"type":"Feature","properties":{"site_id":26,"event_code":"CE20231007PSE","latest_date":"2025-09-22T00:00:00+00:00","latest_class":3,"pass_count":10,"h":[["2024-02-29T00:00:00+00:00",3,2,3],["2024-04-01T00:00:00+00:00",3,2,0],["2024-05-03T00:00:00+00:00",3,2,0],["2024-07-06T00:00:00+00:00",3,2,0],["2024-09-06T00:00:00+00:00",3,2,0],["2024-12-01T00:00:00+00:00",3,2,0],["2025-02-25T00:00:00+00:00",3,2,0],["2025-04-04T00:00:00+00:00",3,2,0],["2025-07-08T00:00:00+00:00",3,2,0],["2025-09-22T00:00:00+00:00",3,2,0]]},"geometry":{"type":"Point","coordinates":[34.446771,31.511189]}},{"type":"Feature","properties":{"site_id":26,"event_code":"CE20231007PSE","latest_date":"2025-09-22T00:00:00+00:00","latest_class":3,"pass_count":10,"h":[["2024-02-29T00:00:00+00:00",3,2,3],["2024-04-01T00:00:00+00:00",3,2,0],["2024-05-03T00:00:00+00:00",3,2,0],["2024-07-06T00:00:00+00:00",3,2,0],["2024-09-06T00:00:00+00:00",3,2,0],["2024-12-01T00:00:00+00:00",3,2,0],["2025-02-25T00:00:00+00:00",3,2,0],["2025-04-04T00:00:00+00:00",3,2,0],["2025-07-08T00:00:00+00:00",3,2,0],["2025-09-22T00:00:00+00:00",3,2,0]]},"geometry":{"type":"Point","coordinates":[34.447025,31.5112]}},{"type":"Feature","properties":{"site_id":26,"event_code":"CE20231007PSE","latest_date":"2025-09-22T00:00:00+00:00","latest_class":3,"pass_count":11,"h":[["2024-01-06T00:00:00+00:00",3,3,3],["2024-02-29T00:00:00+00:00",3,3,0],["2024-04-01T00:00:00+00:00",3,3,0],["2024-05-03T00:00:00+00:00",3,3,0],["2024-07-06T00:00:00+00:00",3,3,0],["2024-09-06T00:00:00+00:00",3,3,0],["2024-12-01T00:00:00+00:00",3,3,0],["2025-02-25T00:00:00+00:00",3,3,0],["2025-04-04T00:00:00+00:00",3,3,0],["2025-07-08T00:00:00+00:00",3,3,0],["2025-09-22T00:00:00+00:00",3,3,0]]},"geometry":{"type":"Point","coordinates":[34.450169,31.507562]}},{"type":"Feature","properties":{"site_id":26,"event_code":"CE20231007PSE","latest_date":"2025-09-22T00:00:00+00:00","latest_class":1,"pass_count":3,"h":[["2025-04-04T00:00:00+00:00",1,1,3],["2025-07-08T00:00:00+00:00",1,1,0],["2025-09-22T00:00:00+00:00",1,1,0]]},"geometry":{"type":"Point","coordinates":[34.446627,31.510483]}},{"type":"Feature","properties":{"site_id":26,"event_code":"CE20231007PSE","latest_date":"2025-09-22T00:00:00+00:00","latest_class":3,"pass_count":6,"h":[["2024-09-06T00:00:00+00:00",3,3,3],["2024-12-01T00:00:00+00:00",3,3,0],["2025-02-25T00:00:00+00:00",3,3,0],["2025-04-04T00:00:00+00:00",3,3,0],["2025-07-08T00:00:00+00:00",3,3,0],["2025-09-22T00:00:00+00:00",3,3,0]]},"geometry":{"type":"Point","coordinates":[34.450882,31.50811]}},{"type":"Feature","properties":{"site_id":26,"event_code":"CE20231007PSE","latest_date":"2025-09-22T00:00:00+00:00","latest_class":2,"pass_count":7,"h":[["2024-07-06T00:00:00+00:00",2,2,3],["2024-09-06T00:00:00+00:00",2,2,0],["2024-12-01T00:00:00+00:00",2,2,0],["2025-02-25T00:00:00+00:00",2,2,0],["2025-04-04T00:00:00+00:00",2,2,0],["2025-07-08T00:00:00+00:00",2,2,0],["2025-09-22T00:00:00+00:00",2,2,0]]},"geometry":{"type":"Point","coordinates":[34.451753,31.504138]}},{"type":"Feature","properties":{"site_id":26,"event_code":"CE202301007PSE","latest_date":"2025-09-22T00:00:00+00:00","latest_class":3,"pass_count":2,"h":[["2025-07-08T00:00:00+00:00",3,2,3],["2025-09-22T00:00:00+00:00",3,2,0]]},"geometry":{"type":"Point","coordinates":[34.455417,31.504977]}},{"type":"Feature","properties":{"site_id":26,"event_code":"CE202301007PSE","latest_date":"2025-09-22T00:00:00+00:00","latest_class":3,"pass_count":2,"h":[["2025-07-08T00:00:00+00:00",3,2,3],["2025-09-22T00:00:00+00:00",3,2,0]]},"geometry":{"type":"Point","coordinates":[34.455399,31.504798]}},{"type":"Feature","properties":{"site_id":26,"event_code":"CE202301007PSE","latest_date":"2025-09-22T00:00:00+00:00","latest_class":3,"pass_count":2,"h":[["2025-07-08T00:00:00+00:00",3,2,3],["2025-09-22T00:00:00+00:00",3,2,0]]},"geometry":{"type":"Point","coordinates":[34.455664,31.505141]}},{"type":"Feature","properties":{"site_id":26,"event_code":"CE202301007PSE","latest_date":"2025-09-22T00:00:00+00:00","latest_class":3,"pass_count":2,"h":[["2025-07-08T00:00:00+00:00",3,2,3],["2025-09-22T00:00:00+00:00",3,2,0]]},"geometry":{"type":"Point","coordinates":[34.455569,31.505051]}},{"type":"Feature","properties":{"site_id":26,"event_code":"CE20231007PSE","latest_date":"2025-09-22T00:00:00+00:00","latest_class":2,"pass_count":1,"h":[["2025-09-22T00:00:00+00:00",2,1,3]]},"geometry":{"type":"Point","coordinates":[34.442131,31.50431]}},{"type":"Feature","properties":{"site_id":26,"event_code":"CE20231007PSE","latest_date":"2025-09-22T00:00:00+00:00","latest_class":3,"pass_count":1,"h":[["2025-09-22T00:00:00+00:00",3,2,3]]},"geometry":{"type":"Point","coordinates":[34.442237,31.504405]}},{"type":"Feature","properties":{"site_id":26,"event_code":"CE20231007PSE","latest_date":"2025-09-22T00:00:00+00:00","latest_class":3,"pass_count":7,"h":[["2024-07-06T00:00:00+00:00",4,3,3],["2024-09-06T00:00:00+00:00",4,3,0],["2024-12-01T00:00:00+00:00",4,3,0],["2025-02-25T00:00:00+00:00",4,3,0],["2025-04-04T00:00:00+00:00",4,3,0],["2025-07-08T00:00:00+00:00",4,3,0],["2025-09-22T00:00:00+00:00",3,2,1]]},"geometry":{"type":"Point","coordinates":[34.44159,31.504926]}},{"type":"Feature","properties":{"site_id":26,"event_code":"CE20231007PSE","latest_date":"2025-09-22T00:00:00+00:00","latest_class":3,"pass_count":1,"h":[["2025-09-22T00:00:00+00:00",3,2,3]]},"geometry":{"type":"Point","coordinates":[34.441731,31.50487]}},{"type":"Feature","properties":{"site_id":26,"event_code":"CE20231007PSE","latest_date":"2025-09-22T00:00:00+00:00","latest_class":3,"pass_count":1,"h":[["2025-09-22T00:00:00+00:00",3,2,3]]},"geometry":{"type":"Point","coordinates":[34.441726,31.505034]}},{"type":"Feature","properties":{"site_id":26,"event_code":"CE20231007PSE","latest_date":"2025-09-22T00:00:00+00:00","latest_class":1,"pass_count":1,"h":[["2025-09-22T00:00:00+00:00",1,1,3]]},"geometry":{"type":"Point","coordinates":[34.442712,31.504853]}},{"type":"Feature","properties":{"site_id":26,"event_code":"CE20231007PSE","latest_date":"2025-09-22T00:00:00+00:00","latest_class":3,"pass_count":1,"h":[["2025-09-22T00:00:00+00:00",3,2,3]]},"geometry":{"type":"Point","coordinates":[34.442732,31.504715]}},{"type":"Feature","properties":{"site_id":26,"event_code":"CE20231007PSE","latest_date":"2025-09-22T00:00:00+00:00","latest_class":3,"pass_count":1,"h":[["2025-09-22T00:00:00+00:00",3,2,3]]},"geometry":{"type":"Point","coordinates":[34.442914,31.504793]}},{"type":"Feature","properties":{"site_id":26,"event_code":"CE20231007PSE","latest_date":"2025-09-22T00:00:00+00:00","latest_class":3,"pass_count":12,"h":[["2023-11-26T00:00:00+00:00",4,3,3],["2024-01-06T00:00:00+00:00",4,3,0],["2024-02-29T00:00:00+00:00",4,3,0],["2024-04-01T00:00:00+00:00",4,3,0],["2024-05-03T00:00:00+00:00",4,3,0],["2024-07-06T00:00:00+00:00",4,3,0],["2024-09-06T00:00:00+00:00",4,3,0],["2024-12-01T00:00:00+00:00",4,3,0],["2025-02-25T00:00:00+00:00",4,3,0],["2025-04-04T00:00:00+00:00",4,3,0],["2025-07-08T00:00:00+00:00",4,3,0],["2025-09-22T00:00:00+00:00",3,2,1]]},"geometry":{"type":"Point","coordinates":[34.442474,31.505077]}},{"type":"Feature","properties":{"site_id":26,"event_code":"CE20231007PSE","latest_date":"2025-09-22T00:00:00+00:00","latest_class":3,"pass_count":12,"h":[["2023-11-26T00:00:00+00:00",4,3,3],["2024-01-06T00:00:00+00:00",4,3,0],["2024-02-29T00:00:00+00:00",4,3,0],["2024-04-01T00:00:00+00:00",4,3,0],["2024-05-03T00:00:00+00:00",4,3,0],["2024-07-06T00:00:00+00:00",4,3,0],["2024-09-06T00:00:00+00:00",4,3,0],["2024-12-01T00:00:00+00:00",4,3,0],["2025-02-25T00:00:00+00:00",4,3,0],["2025-04-04T00:00:00+00:00",4,3,0],["2025-07-08T00:00:00+00:00",4,3,0],["2025-09-22T00:00:00+00:00",3,2,1]]},"geometry":{"type":"Point","coordinates":[34.442258,31.505071]}},{"type":"Feature","properties":{"site_id":26,"event_code":"CE20231007PSE","latest_date":"2025-09-22T00:00:00+00:00","latest_class":3,"pass_count":1,"h":[["2025-09-22T00:00:00+00:00",3,2,3]]},"geometry":{"type":"Point","coordinates":[34.4424,31.504655]}},{"type":"Feature","properties":{"site_id":26,"event_code":"CE20231007PSE","latest_date":"2025-09-22T00:00:00+00:00","latest_class":3,"pass_count":1,"h":[["2025-09-22T00:00:00+00:00",3,2,3]]},"geometry":{"type":"Point","coordinates":[34.442565,31.504493]}},{"type":"Feature","properties":{"site_id":26,"event_code":"CE20231007PSE","latest_date":"2025-09-22T00:00:00+00:00","latest_class":2,"pass_count":1,"h":[["2025-09-22T00:00:00+00:00",2,1,3]]},"geometry":{"type":"Point","coordinates":[34.444198,31.505408]}},{"type":"Feature","properties":{"site_id":26,"event_code":"CE20231007PSE","latest_date":"2025-09-22T00:00:00+00:00","latest_class":3,"pass_count":1,"h":[["2025-09-22T00:00:00+00:00",3,2,3]]},"geometry":{"type":"Point","coordinates":[34.443978,31.505259]}},{"type":"Feature","properties":{"site_id":26,"event_code":"CE20231007PSE","latest_date":"2025-09-22T00:00:00+00:00","latest_class":3,"pass_count":1,"h":[["2025-09-22T00:00:00+00:00",3,2,3]]},"geometry":{"type":"Point","coordinates":[34.442351,31.504782]}},{"type":"Feature","properties":{"site_id":26,"event_code":"CE20231007PSE","latest_date":"2025-09-22T00:00:00+00:00","latest_class":3,"pass_count":1,"h":[["2025-09-22T00:00:00+00:00",3,2,3]]},"geometry":{"type":"Point","coordinates":[34.442222,31.504873]}},{"type":"Feature","properties":{"site_id":26,"event_code":"CE20231007PSE","latest_date":"2025-09-22T00:00:00+00:00","latest_class":3,"pass_count":1,"h":[["2025-09-22T00:00:00+00:00",3,2,3]]},"geometry":{"type":"Point","coordinates":[34.438649,31.507591]}},{"type":"Feature","properties":{"site_id":26,"event_code":"CE20231007PSE","latest_date":"2025-09-22T00:00:00+00:00","latest_class":3,"pass_count":1,"h":[["2025-09-22T00:00:00+00:00",3,2,3]]},"geometry":{"type":"Point","coordinates":[34.43852,31.507351]}},{"type":"Feature","properties":{"site_id":26,"event_code":"CE20231007PSE","latest_date":"2025-09-22T00:00:00+00:00","latest_class":3,"pass_count":1,"h":[["2025-09-22T00:00:00+00:00",3,2,3]]},"geometry":{"type":"Point","coordinates":[34.438698,31.507241]}},{"type":"Feature","properties":{"site_id":26,"event_code":"CE20231007PSE","latest_date":"2025-09-22T00:00:00+00:00","latest_class":3,"pass_count":1,"h":[["2025-09-22T00:00:00+00:00",3,2,3]]},"geometry":{"type":"Point","coordinates":[34.438759,31.507412]}},{"type":"Feature","properties":{"site_id":26,"event_code":"CE20231007PSE","latest_date":"2025-09-22T00:00:00+00:00","latest_class":3,"pass_count":1,"h":[["2025-09-22T00:00:00+00:00",3,2,3]]},"geometry":{"type":"Point","coordinates":[34.438882,31.507511]}},{"type":"Feature","properties":{"site_id":26,"event_code":"CE20231007PSE","latest_date":"2025-09-22T00:00:00+00:00","latest_class":3,"pass_count":1,"h":[["2025-09-22T00:00:00+00:00",3,2,3]]},"geometry":{"type":"Point","coordinates":[34.438976,31.507395]}},{"type":"Feature","properties":{"site_id":26,"event_code":"CE20231007PSE","latest_date":"2025-09-22T00:00:00+00:00","latest_class":3,"pass_count":1,"h":[["2025-09-22T00:00:00+00:00",3,2,3]]},"geometry":{"type":"Point","coordinates":[34.438766,31.507569]}},{"type":"Feature","properties":{"site_id":26,"event_code":"CE20231007PSE","latest_date":"2025-09-22T00:00:00+00:00","latest_class":3,"pass_count":1,"h":[["2025-09-22T00:00:00+00:00",3,2,3]]},"geometry":{"type":"Point","coordinates":[34.44011,31.507825]}},{"type":"Feature","properties":{"site_id":26,"event_code":"CE20231007PSE","latest_date":"2025-09-22T00:00:00+00:00","latest_class":3,"pass_count":1,"h":[["2025-09-22T00:00:00+00:00",3,2,3]]},"geometry":{"type":"Point","coordinates":[34.444692,31.506542]}},{"type":"Feature","properties":{"site_id":26,"event_code":"CE20231007PSE","latest_date":"2025-09-22T00:00:00+00:00","latest_class":3,"pass_count":1,"h":[["2025-09-22T00:00:00+00:00",3,2,3]]},"geometry":{"type":"Point","coordinates":[34.44455,31.506387]}},{"type":"Feature","properties":{"site_id":26,"event_code":"CE20231007PSE","latest_date":"2025-09-22T00:00:00+00:00","latest_class":3,"pass_count":13,"h":[["2023-11-07T00:00:00+00:00",4,3,3],["2023-11-26T00:00:00+00:00",4,3,0],["2024-01-06T00:00:00+00:00",4,3,0],["2024-02-29T00:00:00+00:00",4,3,0],["2024-04-01T00:00:00+00:00",4,3,0],["2024-05-03T00:00:00+00:00",4,3,0],["2024-07-06T00:00:00+00:00",4,3,0],["2024-09-06T00:00:00+00:00",4,3,0],["2024-12-01T00:00:00+00:00",4,3,0],["2025-02-25T00:00:00+00:00",4,3,0],["2025-04-04T00:00:00+00:00",4,3,0],["2025-07-08T00:00:00+00:00",4,3,0],["2025-09-22T00:00:00+00:00",3,2,1]]},"geometry":{"type":"Point","coordinates":[34.444323,31.50658]}},{"type":"Feature","properties":{"site_id":26,"event_code":"CE20231007PSE","latest_date":"2025-09-22T00:00:00+00:00","latest_class":3,"pass_count":1,"h":[["2025-09-22T00:00:00+00:00",3,2,3]]},"geometry":{"type":"Point","coordinates":[34.444985,31.506343]}},{"type":"Feature","properties":{"site_id":26,"event_code":"CE20231007PSE","latest_date":"2025-09-22T00:00:00+00:00","latest_class":3,"pass_count":1,"h":[["2025-09-22T00:00:00+00:00",3,2,3]]},"geometry":{"type":"Point","coordinates":[34.445096,31.50627]}},{"type":"Feature","properties":{"site_id":26,"event_code":"CE20231007PSE","latest_date":"2025-09-22T00:00:00+00:00","latest_class":3,"pass_count":1,"h":[["2025-09-22T00:00:00+00:00",3,2,3]]},"geometry":{"type":"Point","coordinates":[34.444924,31.506399]}},{"type":"Feature","properties":{"site_id":26,"event_code":"CE20231007PSE","latest_date":"2025-09-22T00:00:00+00:00","latest_class":3,"pass_count":1,"h":[["2025-09-22T00:00:00+00:00",3,2,3]]},"geometry":{"type":"Point","coordinates":[34.444278,31.511624]}},{"type":"Feature","properties":{"site_id":26,"event_code":"CE20231007PSE","latest_date":"2025-09-22T00:00:00+00:00","latest_class":3,"pass_count":1,"h":[["2025-09-22T00:00:00+00:00",3,2,3]]},"geometry":{"type":"Point","coordinates":[34.444055,31.511779]}},{"type":"Feature","properties":{"site_id":26,"event_code":"CE20231007PSE","latest_date":"2025-09-22T00:00:00+00:00","latest_class":1,"pass_count":4,"h":[["2025-02-25T00:00:00+00:00",1,1,3],["2025-04-04T00:00:00+00:00",1,1,0],["2025-07-08T00:00:00+00:00",1,1,0],["2025-09-22T00:00:00+00:00",1,1,0]]},"geometry":{"type":"Point","coordinates":[34.448927,31.507236]}},{"type":"Feature","properties":{"site_id":26,"event_code":"CE20231007PSE","latest_date":"2025-09-22T00:00:00+00:00","latest_class":3,"pass_count":4,"h":[["2025-02-25T00:00:00+00:00",3,2,3],["2025-04-04T00:00:00+00:00",3,2,0],["2025-07-08T00:00:00+00:00",3,2,0],["2025-09-22T00:00:00+00:00",3,2,0]]},"geometry":{"type":"Point","coordinates":[34.448849,31.507341]}},{"type":"Feature","properties":{"site_id":26,"event_code":"CE20231007PSE","latest_date":"2025-09-22T00:00:00+00:00","latest_class":3,"pass_count":4,"h":[["2025-02-25T00:00:00+00:00",3,2,3],["2025-04-04T00:00:00+00:00",3,2,0],["2025-07-08T00:00:00+00:00",3,2,0],["2025-09-22T00:00:00+00:00",3,2,0]]},"geometry":{"type":"Point","coordinates":[34.448923,31.507046]}},{"type":"Feature","properties":{"site_id":26,"event_code":"CE20231007PSE","latest_date":"2025-09-22T00:00:00+00:00","latest_class":1,"pass_count":1,"h":[["2025-09-22T00:00:00+00:00",1,1,3]]},"geometry":{"type":"Point","coordinates":[34.453521,31.503376]}},{"type":"Feature","properties":{"site_id":26,"event_code":"CE20231007PSE","latest_date":"2025-09-22T00:00:00+00:00","latest_class":1,"pass_count":1,"h":[["2025-09-22T00:00:00+00:00",1,1,3]]},"geometry":{"type":"Point","coordinates":[34.453792,31.503273]}},{"type":"Feature","properties":{"site_id":26,"event_code":"CE20231007PSE","latest_date":"2025-09-22T00:00:00+00:00","latest_class":3,"pass_count":1,"h":[["2025-09-22T00:00:00+00:00",3,2,3]]},"geometry":{"type":"Point","coordinates":[34.454014,31.50322]}},{"type":"Feature","properties":{"site_id":26,"event_code":"CE20231007PSE","latest_date":"2025-09-22T00:00:00+00:00","latest_class":3,"pass_count":12,"h":[["2023-11-26T00:00:00+00:00",4,3,3],["2024-01-06T00:00:00+00:00",4,3,0],["2024-02-29T00:00:00+00:00",4,3,0],["2024-04-01T00:00:00+00:00",4,3,0],["2024-05-03T00:00:00+00:00",4,3,0],["2024-07-06T00:00:00+00:00",4,3,0],["2024-09-06T00:00:00+00:00",4,3,0],["2024-12-01T00:00:00+00:00",4,3,0],["2025-02-25T00:00:00+00:00",4,3,0],["2025-04-04T00:00:00+00:00",4,3,0],["2025-07-08T00:00:00+00:00",4,3,0],["2025-09-22T00:00:00+00:00",3,2,1]]},"geometry":{"type":"Point","coordinates":[34.453681,31.503849]}},{"type":"Feature","properties":{"site_id":26,"event_code":"CE20231007PSE","latest_date":"2025-09-22T00:00:00+00:00","latest_class":3,"pass_count":1,"h":[["2025-09-22T00:00:00+00:00",3,2,3]]},"geometry":{"type":"Point","coordinates":[34.453827,31.503773]}},{"type":"Feature","properties":{"site_id":26,"event_code":"CE20231007PSE","latest_date":"2025-09-22T00:00:00+00:00","latest_class":3,"pass_count":12,"h":[["2023-11-26T00:00:00+00:00",4,3,3],["2024-01-06T00:00:00+00:00",4,3,0],["2024-02-29T00:00:00+00:00",4,3,0],["2024-04-01T00:00:00+00:00",4,3,0],["2024-05-03T00:00:00+00:00",4,3,0],["2024-07-06T00:00:00+00:00",4,3,0],["2024-09-06T00:00:00+00:00",4,3,0],["2024-12-01T00:00:00+00:00",4,3,0],["2025-02-25T00:00:00+00:00",4,3,0],["2025-04-04T00:00:00+00:00",4,3,0],["2025-07-08T00:00:00+00:00",4,3,0],["2025-09-22T00:00:00+00:00",3,2,1]]},"geometry":{"type":"Point","coordinates":[34.45384,31.503993]}},{"type":"Feature","properties":{"site_id":26,"event_code":"CE20231007PSE","latest_date":"2025-09-22T00:00:00+00:00","latest_class":3,"pass_count":1,"h":[["2025-09-22T00:00:00+00:00",3,2,3]]},"geometry":{"type":"Point","coordinates":[34.453965,31.503921]}},{"type":"Feature","properties":{"site_id":26,"event_code":"CE20231007PSE","latest_date":"2025-09-22T00:00:00+00:00","latest_class":3,"pass_count":1,"h":[["2025-09-22T00:00:00+00:00",3,2,3]]},"geometry":{"type":"Point","coordinates":[34.454151,31.503834]}},{"type":"Feature","properties":{"site_id":26,"event_code":"CE20231007PSE","latest_date":"2025-09-22T00:00:00+00:00","latest_class":3,"pass_count":11,"h":[["2024-01-06T00:00:00+00:00",4,3,3],["2024-02-29T00:00:00+00:00",4,3,0],["2024-04-01T00:00:00+00:00",4,3,0],["2024-05-03T00:00:00+00:00",4,3,0],["2024-07-06T00:00:00+00:00",4,3,0],["2024-09-06T00:00:00+00:00",4,3,0],["2024-12-01T00:00:00+00:00",4,3,0],["2025-02-25T00:00:00+00:00",4,3,0],["2025-04-04T00:00:00+00:00",4,3,0],["2025-07-08T00:00:00+00:00",4,3,0],["2025-09-22T00:00:00+00:00",3,2,1]]},"geometry":{"type":"Point","coordinates":[34.454422,31.503716]}},{"type":"Feature","properties":{"site_id":26,"event_code":"CE20231007PSE","latest_date":"2025-09-22T00:00:00+00:00","latest_class":3,"pass_count":1,"h":[["2025-09-22T00:00:00+00:00",3,2,3]]},"geometry":{"type":"Point","coordinates":[34.454338,31.503588]}},{"type":"Feature","properties":{"site_id":26,"event_code":"CE20231007PSE","latest_date":"2025-09-22T00:00:00+00:00","latest_class":1,"pass_count":11,"h":[["2024-01-06T00:00:00+00:00",4,3,3],["2024-02-29T00:00:00+00:00",4,3,0],["2024-04-01T00:00:00+00:00",4,3,0],["2024-05-03T00:00:00+00:00",4,3,0],["2024-07-06T00:00:00+00:00",4,3,0],["2024-09-06T00:00:00+00:00",4,3,0],["2024-12-01T00:00:00+00:00",4,3,0],["2025-02-25T00:00:00+00:00",4,3,0],["2025-04-04T00:00:00+00:00",4,3,0],["2025-07-08T00:00:00+00:00",4,3,0],["2025-09-22T00:00:00+00:00",1,1,1]]},"geometry":{"type":"Point","coordinates":[34.454493,31.503853]}},{"type":"Feature","properties":{"site_id":26,"event_code":"CE20231007PSE","latest_date":"2025-09-22T00:00:00+00:00","latest_class":1,"pass_count":11,"h":[["2024-01-06T00:00:00+00:00",4,3,3],["2024-02-29T00:00:00+00:00",4,3,0],["2024-04-01T00:00:00+00:00",4,3,0],["2024-05-03T00:00:00+00:00",4,3,0],["2024-07-06T00:00:00+00:00",4,3,0],["2024-09-06T00:00:00+00:00",4,3,0],["2024-12-01T00:00:00+00:00",4,3,0],["2025-02-25T00:00:00+00:00",4,3,0],["2025-04-04T00:00:00+00:00",4,3,0],["2025-07-08T00:00:00+00:00",4,3,0],["2025-09-22T00:00:00+00:00",1,1,1]]},"geometry":{"type":"Point","coordinates":[34.45432,31.503989]}},{"type":"Feature","properties":{"site_id":26,"event_code":"CE20231007PSE","latest_date":"2025-09-22T00:00:00+00:00","latest_class":2,"pass_count":1,"h":[["2025-09-22T00:00:00+00:00",2,1,3]]},"geometry":{"type":"Point","coordinates":[34.454173,31.504065]}},{"type":"Feature","properties":{"site_id":26,"event_code":"CE20231007PSE","latest_date":"2025-09-22T00:00:00+00:00","latest_class":3,"pass_count":11,"h":[["2024-01-06T00:00:00+00:00",4,3,3],["2024-02-29T00:00:00+00:00",4,3,0],["2024-04-01T00:00:00+00:00",4,3,0],["2024-05-03T00:00:00+00:00",4,3,0],["2024-07-06T00:00:00+00:00",4,3,0],["2024-09-06T00:00:00+00:00",4,3,0],["2024-12-01T00:00:00+00:00",4,3,0],["2025-02-25T00:00:00+00:00",4,3,0],["2025-04-04T00:00:00+00:00",4,3,0],["2025-07-08T00:00:00+00:00",4,3,0],["2025-09-22T00:00:00+00:00",3,2,1]]},"geometry":{"type":"Point","coordinates":[34.454253,31.50419]}},{"type":"Feature","properties":{"site_id":26,"event_code":"CE20231007PSE","latest_date":"2025-09-22T00:00:00+00:00","latest_class":3,"pass_count":1,"h":[["2025-09-22T00:00:00+00:00",3,2,3]]},"geometry":{"type":"Point","coordinates":[34.453876,31.50422]}},{"type":"Feature","properties":{"site_id":26,"event_code":"CE20231007PSE","latest_date":"2025-09-22T00:00:00+00:00","latest_class":3,"pass_count":1,"h":[["2025-09-22T00:00:00+00:00",3,2,3]]},"geometry":{"type":"Point","coordinates":[34.454293,31.504311]}},{"type":"Feature","properties":{"site_id":26,"event_code":"CE20231007PSE","latest_date":"2025-09-22T00:00:00+00:00","latest_class":3,"pass_count":1,"h":[["2025-09-22T00:00:00+00:00",3,2,3]]},"geometry":{"type":"Point","coordinates":[34.453343,31.503164]}},{"type":"Feature","properties":{"site_id":26,"event_code":"CE20231007PSE","latest_date":"2025-09-22T00:00:00+00:00","latest_class":3,"pass_count":1,"h":[["2025-09-22T00:00:00+00:00",3,2,3]]},"geometry":{"type":"Point","coordinates":[34.453223,31.503046]}},{"type":"Feature","properties":{"site_id":26,"event_code":"CE20231007PSE","latest_date":"2025-09-22T00:00:00+00:00","latest_class":2,"pass_count":1,"h":[["2025-09-22T00:00:00+00:00",2,1,3]]},"geometry":{"type":"Point","coordinates":[34.452459,31.503107]}},{"type":"Feature","properties":{"site_id":26,"event_code":"CE20231007PSE","latest_date":"2025-09-22T00:00:00+00:00","latest_class":3,"pass_count":1,"h":[["2025-09-22T00:00:00+00:00",3,2,3]]},"geometry":{"type":"Point","coordinates":[34.452522,31.503179]}},{"type":"Feature","properties":{"site_id":26,"event_code":"CE20231007PSE","latest_date":"2025-09-22T00:00:00+00:00","latest_class":3,"pass_count":1,"h":[["2025-09-22T00:00:00+00:00",3,2,3]]},"geometry":{"type":"Point","coordinates":[34.452477,31.502891]}},{"type":"Feature","properties":{"site_id":26,"event_code":"CE20231007PSE","latest_date":"2025-09-22T00:00:00+00:00","latest_class":3,"pass_count":14,"h":[["2023-10-15T00:00:00+00:00",4,3,null],["2023-11-07T00:00:00+00:00",4,3,0],["2023-11-26T00:00:00+00:00",4,3,0],["2024-01-06T00:00:00+00:00",4,3,0],["2024-02-29T00:00:00+00:00",4,3,0],["2024-04-01T00:00:00+00:00",4,3,0],["2024-05-03T00:00:00+00:00",4,3,0],["2024-07-06T00:00:00+00:00",4,3,0],["2024-09-06T00:00:00+00:00",4,3,0],["2024-12-01T00:00:00+00:00",4,3,0],["2025-02-25T00:00:00+00:00",4,3,0],["2025-04-04T00:00:00+00:00",4,3,0],["2025-07-08T00:00:00+00:00",4,3,0],["2025-09-22T00:00:00+00:00",3,2,1]]},"geometry":{"type":"Point","coordinates":[34.452602,31.503255]}},{"type":"Feature","properties":{"site_id":26,"event_code":"CE20231007PSE","latest_date":"2025-09-22T00:00:00+00:00","latest_class":3,"pass_count":14,"h":[["2023-10-15T00:00:00+00:00",4,3,null],["2023-11-07T00:00:00+00:00",4,3,0],["2023-11-26T00:00:00+00:00",4,3,0],["2024-01-06T00:00:00+00:00",4,3,0],["2024-02-29T00:00:00+00:00",4,3,0],["2024-04-01T00:00:00+00:00",4,3,0],["2024-05-03T00:00:00+00:00",4,3,0],["2024-07-06T00:00:00+00:00",4,3,0],["2024-09-06T00:00:00+00:00",4,3,0],["2024-12-01T00:00:00+00:00",4,3,0],["2025-02-25T00:00:00+00:00",4,3,0],["2025-04-04T00:00:00+00:00",4,3,0],["2025-07-08T00:00:00+00:00",4,3,0],["2025-09-22T00:00:00+00:00",3,2,1]]},"geometry":{"type":"Point","coordinates":[34.452681,31.503338]}},{"type":"Feature","properties":{"site_id":26,"event_code":"CE20231007PSE","latest_date":"2025-09-22T00:00:00+00:00","latest_class":3,"pass_count":11,"h":[["2024-01-06T00:00:00+00:00",4,3,3],["2024-02-29T00:00:00+00:00",4,3,0],["2024-04-01T00:00:00+00:00",4,3,0],["2024-05-03T00:00:00+00:00",4,3,0],["2024-07-06T00:00:00+00:00",4,3,0],["2024-09-06T00:00:00+00:00",4,3,0],["2024-12-01T00:00:00+00:00",4,3,0],["2025-02-25T00:00:00+00:00",4,3,0],["2025-04-04T00:00:00+00:00",4,3,0],["2025-07-08T00:00:00+00:00",4,3,0],["2025-09-22T00:00:00+00:00",3,2,1]]},"geometry":{"type":"Point","coordinates":[34.452184,31.503152]}},{"type":"Feature","properties":{"site_id":26,"event_code":"CE20231007PSE","latest_date":"2025-09-22T00:00:00+00:00","latest_class":3,"pass_count":1,"h":[["2025-09-22T00:00:00+00:00",3,2,3]]},"geometry":{"type":"Point","coordinates":[34.452304,31.503262]}},{"type":"Feature","properties":{"site_id":26,"event_code":"CE20231007PSE","latest_date":"2025-09-22T00:00:00+00:00","latest_class":3,"pass_count":14,"h":[["2023-10-15T00:00:00+00:00",4,3,null],["2023-11-07T00:00:00+00:00",4,3,0],["2023-11-26T00:00:00+00:00",4,3,0],["2024-01-06T00:00:00+00:00",4,3,0],["2024-02-29T00:00:00+00:00",4,3,0],["2024-04-01T00:00:00+00:00",4,3,0],["2024-05-03T00:00:00+00:00",4,3,0],["2024-07-06T00:00:00+00:00",4,3,0],["2024-09-06T00:00:00+00:00",4,3,0],["2024-12-01T00:00:00+00:00",4,3,0],["2025-02-25T00:00:00+00:00",4,3,0],["2025-04-04T00:00:00+00:00",4,3,0],["2025-07-08T00:00:00+00:00",4,3,0],["2025-09-22T00:00:00+00:00",3,2,1]]},"geometry":{"type":"Point","coordinates":[34.452375,31.503338]}},{"type":"Feature","properties":{"site_id":26,"event_code":"CE20231007PSE","latest_date":"2025-09-22T00:00:00+00:00","latest_class":1,"pass_count":1,"h":[["2025-09-22T00:00:00+00:00",1,1,3]]},"geometry":{"type":"Point","coordinates":[34.452047,31.503811]}},{"type":"Feature","properties":{"site_id":26,"event_code":"CE20231007PSE","latest_date":"2025-09-22T00:00:00+00:00","latest_class":3,"pass_count":7,"h":[["2024-07-06T00:00:00+00:00",4,3,3],["2024-09-06T00:00:00+00:00",4,3,0],["2024-12-01T00:00:00+00:00",4,3,0],["2025-02-25T00:00:00+00:00",4,3,0],["2025-04-04T00:00:00+00:00",4,3,0],["2025-07-08T00:00:00+00:00",4,3,0],["2025-09-22T00:00:00+00:00",3,2,1]]},"geometry":{"type":"Point","coordinates":[34.451811,31.503898]}},{"type":"Feature","properties":{"site_id":26,"event_code":"CE20231007PSE","latest_date":"2025-09-22T00:00:00+00:00","latest_class":3,"pass_count":14,"h":[["2023-10-15T00:00:00+00:00",4,3,null],["2023-11-07T00:00:00+00:00",4,3,0],["2023-11-26T00:00:00+00:00",4,3,0],["2024-01-06T00:00:00+00:00",4,3,0],["2024-02-29T00:00:00+00:00",4,3,0],["2024-04-01T00:00:00+00:00",4,3,0],["2024-05-03T00:00:00+00:00",4,3,0],["2024-07-06T00:00:00+00:00",4,3,0],["2024-09-06T00:00:00+00:00",4,3,0],["2024-12-01T00:00:00+00:00",4,3,0],["2025-02-25T00:00:00+00:00",4,3,0],["2025-04-04T00:00:00+00:00",4,3,0],["2025-07-08T00:00:00+00:00",4,3,0],["2025-09-22T00:00:00+00:00",3,2,1]]},"geometry":{"type":"Point","coordinates":[34.452184,31.503955]}},{"type":"Feature","properties":{"site_id":26,"event_code":"CE20231007PSE","latest_date":"2025-09-22T00:00:00+00:00","latest_class":2,"pass_count":7,"h":[["2024-07-06T00:00:00+00:00",4,3,3],["2024-09-06T00:00:00+00:00",4,3,0],["2024-12-01T00:00:00+00:00",4,3,0],["2025-02-25T00:00:00+00:00",4,3,0],["2025-04-04T00:00:00+00:00",4,3,0],["2025-07-08T00:00:00+00:00",4,3,0],["2025-09-22T00:00:00+00:00",2,1,1]]},"geometry":{"type":"Point","coordinates":[34.451554,31.50397]}},{"type":"Feature","properties":{"site_id":26,"event_code":"CE20231007PSE","latest_date":"2025-09-22T00:00:00+00:00","latest_class":3,"pass_count":1,"h":[["2025-09-22T00:00:00+00:00",3,2,3]]},"geometry":{"type":"Point","coordinates":[34.451394,31.503826]}},{"type":"Feature","properties":{"site_id":26,"event_code":"CE20231007PSE","latest_date":"2025-09-22T00:00:00+00:00","latest_class":3,"pass_count":1,"h":[["2025-09-22T00:00:00+00:00",3,2,3]]},"geometry":{"type":"Point","coordinates":[34.451762,31.503554]}},{"type":"Feature","properties":{"site_id":26,"event_code":"CE20231007PSE","latest_date":"2025-09-22T00:00:00+00:00","latest_class":3,"pass_count":1,"h":[["2025-09-22T00:00:00+00:00",3,2,3]]},"geometry":{"type":"Point","coordinates":[34.4521,31.50361]}},{"type":"Feature","properties":{"site_id":26,"event_code":"CE20231007PSE","latest_date":"2025-09-22T00:00:00+00:00","latest_class":3,"pass_count":14,"h":[["2023-10-15T00:00:00+00:00",4,3,null],["2023-11-07T00:00:00+00:00",4,3,0],["2023-11-26T00:00:00+00:00",4,3,0],["2024-01-06T00:00:00+00:00",4,3,0],["2024-02-29T00:00:00+00:00",4,3,0],["2024-04-01T00:00:00+00:00",4,3,0],["2024-05-03T00:00:00+00:00",4,3,0],["2024-07-06T00:00:00+00:00",4,3,0],["2024-09-06T00:00:00+00:00",4,3,0],["2024-12-01T00:00:00+00:00",4,3,0],["2025-02-25T00:00:00+00:00",4,3,0],["2025-04-04T00:00:00+00:00",4,3,0],["2025-07-08T00:00:00+00:00",4,3,0],["2025-09-22T00:00:00+00:00",3,2,1]]},"geometry":{"type":"Point","coordinates":[34.452206,31.503724]}},{"type":"Feature","properties":{"site_id":26,"event_code":"CE20231007PSE","latest_date":"2025-09-22T00:00:00+00:00","latest_class":2,"pass_count":1,"h":[["2025-09-22T00:00:00+00:00",2,1,3]]},"geometry":{"type":"Point","coordinates":[34.45801,31.504598]}},{"type":"Feature","properties":{"site_id":26,"event_code":"CE20231007PSE","latest_date":"2025-09-22T00:00:00+00:00","latest_class":3,"pass_count":1,"h":[["2025-09-22T00:00:00+00:00",3,2,3]]},"geometry":{"type":"Point","coordinates":[34.455688,31.504405]}},{"type":"Feature","properties":{"site_id":26,"event_code":"CE20231007PSE","latest_date":"2025-09-22T00:00:00+00:00","latest_class":3,"pass_count":12,"h":[["2023-11-26T00:00:00+00:00",4,3,3],["2024-01-06T00:00:00+00:00",4,3,0],["2024-02-29T00:00:00+00:00",4,3,0],["2024-04-01T00:00:00+00:00",4,3,0],["2024-05-03T00:00:00+00:00",4,3,0],["2024-07-06T00:00:00+00:00",4,3,0],["2024-09-06T00:00:00+00:00",4,3,0],["2024-12-01T00:00:00+00:00",4,3,0],["2025-02-25T00:00:00+00:00",4,3,0],["2025-04-04T00:00:00+00:00",4,3,0],["2025-07-08T00:00:00+00:00",4,3,0],["2025-09-22T00:00:00+00:00",3,2,1]]},"geometry":{"type":"Point","coordinates":[34.455825,31.504303]}},{"type":"Feature","properties":{"site_id":26,"event_code":"CE20231007PSE","latest_date":"2025-09-22T00:00:00+00:00","latest_class":3,"pass_count":1,"h":[["2025-09-22T00:00:00+00:00",3,2,3]]},"geometry":{"type":"Point","coordinates":[34.455519,31.504322]}},{"type":"Feature","properties":{"site_id":26,"event_code":"CE20231007PSE","latest_date":"2025-09-22T00:00:00+00:00","latest_class":3,"pass_count":12,"h":[["2023-11-26T00:00:00+00:00",4,3,3],["2024-01-06T00:00:00+00:00",4,3,0],["2024-02-29T00:00:00+00:00",4,3,0],["2024-04-01T00:00:00+00:00",4,3,0],["2024-05-03T00:00:00+00:00",4,3,0],["2024-07-06T00:00:00+00:00",4,3,0],["2024-09-06T00:00:00+00:00",4,3,0],["2024-12-01T00:00:00+00:00",4,3,0],["2025-02-25T00:00:00+00:00",4,3,0],["2025-04-04T00:00:00+00:00",4,3,0],["2025-07-08T00:00:00+00:00",4,3,0],["2025-09-22T00:00:00+00:00",3,2,1]]},"geometry":{"type":"Point","coordinates":[34.456784,31.503285]}},{"type":"Feature","properties":{"site_id":26,"event_code":"CE20231007PSE","latest_date":"2025-09-22T00:00:00+00:00","latest_class":3,"pass_count":1,"h":[["2025-09-22T00:00:00+00:00",3,2,3]]},"geometry":{"type":"Point","coordinates":[34.456713,31.503179]}},{"type":"Feature","properties":{"site_id":26,"event_code":"CE20231007PSE","latest_date":"2025-09-22T00:00:00+00:00","latest_class":3,"pass_count":12,"h":[["2023-11-26T00:00:00+00:00",4,3,3],["2024-01-06T00:00:00+00:00",4,3,0],["2024-02-29T00:00:00+00:00",4,3,0],["2024-04-01T00:00:00+00:00",4,3,0],["2024-05-03T00:00:00+00:00",4,3,0],["2024-07-06T00:00:00+00:00",4,3,0],["2024-09-06T00:00:00+00:00",4,3,0],["2024-12-01T00:00:00+00:00",4,3,0],["2025-02-25T00:00:00+00:00",4,3,0],["2025-04-04T00:00:00+00:00",4,3,0],["2025-07-08T00:00:00+00:00",4,3,0],["2025-09-22T00:00:00+00:00",3,2,1]]},"geometry":{"type":"Point","coordinates":[34.455368,31.504398]}},{"type":"Feature","properties":{"site_id":26,"event_code":"CE20231007PSE","latest_date":"2025-09-22T00:00:00+00:00","latest_class":3,"pass_count":1,"h":[["2025-09-22T00:00:00+00:00",3,2,3]]},"geometry":{"type":"Point","coordinates":[34.455492,31.504519]}},{"type":"Feature","properties":{"site_id":26,"event_code":"CE20231007PSE","latest_date":"2025-09-22T00:00:00+00:00","latest_class":3,"pass_count":1,"h":[["2025-09-22T00:00:00+00:00",3,2,3]]},"geometry":{"type":"Point","coordinates":[34.455603,31.503224]}},{"type":"Feature","properties":{"site_id":26,"event_code":"CE20231007PSE","latest_date":"2025-09-22T00:00:00+00:00","latest_class":3,"pass_count":1,"h":[["2025-09-22T00:00:00+00:00",3,2,3]]},"geometry":{"type":"Point","coordinates":[34.455381,31.503372]}},{"type":"Feature","properties":{"site_id":26,"event_code":"CE20231007PSE","latest_date":"2025-09-22T00:00:00+00:00","latest_class":3,"pass_count":12,"h":[["2023-11-26T00:00:00+00:00",4,3,3],["2024-01-06T00:00:00+00:00",4,3,0],["2024-02-29T00:00:00+00:00",4,3,0],["2024-04-01T00:00:00+00:00",4,3,0],["2024-05-03T00:00:00+00:00",4,3,0],["2024-07-06T00:00:00+00:00",4,3,0],["2024-09-06T00:00:00+00:00",4,3,0],["2024-12-01T00:00:00+00:00",4,3,0],["2025-02-25T00:00:00+00:00",4,3,0],["2025-04-04T00:00:00+00:00",4,3,0],["2025-07-08T00:00:00+00:00",4,3,0],["2025-09-22T00:00:00+00:00",3,2,1]]},"geometry":{"type":"Point","coordinates":[34.455261,31.503436]}},{"type":"Feature","properties":{"site_id":26,"event_code":"CE20231007PSE","latest_date":"2025-09-22T00:00:00+00:00","latest_class":2,"pass_count":1,"h":[["2025-09-22T00:00:00+00:00",2,1,3]]},"geometry":{"type":"Point","coordinates":[34.455488,31.503292]}},{"type":"Feature","properties":{"site_id":26,"event_code":"CE20231007PSE","latest_date":"2025-09-22T00:00:00+00:00","latest_class":2,"pass_count":1,"h":[["2025-09-22T00:00:00+00:00",2,1,3]]},"geometry":{"type":"Point","coordinates":[34.455488,31.502713]}},{"type":"Feature","properties":{"site_id":26,"event_code":"CE20231007PSE","latest_date":"2025-09-22T00:00:00+00:00","latest_class":3,"pass_count":1,"h":[["2025-09-22T00:00:00+00:00",3,2,3]]},"geometry":{"type":"Point","coordinates":[34.455656,31.502641]}},{"type":"Feature","properties":{"site_id":26,"event_code":"CE20231007PSE","latest_date":"2025-09-22T00:00:00+00:00","latest_class":3,"pass_count":1,"h":[["2025-09-22T00:00:00+00:00",3,2,3]]},"geometry":{"type":"Point","coordinates":[34.455568,31.502808]}},{"type":"Feature","properties":{"site_id":26,"event_code":"CE20231007PSE","latest_date":"2025-09-22T00:00:00+00:00","latest_class":3,"pass_count":1,"h":[["2025-09-22T00:00:00+00:00",3,2,3]]},"geometry":{"type":"Point","coordinates":[34.45571,31.502743]}},{"type":"Feature","properties":{"site_id":26,"event_code":"CE20231007PSE","latest_date":"2025-09-22T00:00:00+00:00","latest_class":3,"pass_count":1,"h":[["2025-09-22T00:00:00+00:00",3,2,3]]},"geometry":{"type":"Point","coordinates":[34.455306,31.502796]}},{"type":"Feature","properties":{"site_id":26,"event_code":"CE20231007PSE","latest_date":"2025-09-22T00:00:00+00:00","latest_class":3,"pass_count":1,"h":[["2025-09-22T00:00:00+00:00",3,2,3]]},"geometry":{"type":"Point","coordinates":[34.45587,31.502717]}},{"type":"Feature","properties":{"site_id":26,"event_code":"CE20231007PSE","latest_date":"2025-09-22T00:00:00+00:00","latest_class":3,"pass_count":1,"h":[["2025-09-22T00:00:00+00:00",3,2,3]]},"geometry":{"type":"Point","coordinates":[34.455985,31.502672]}},{"type":"Feature","properties":{"site_id":26,"event_code":"CE20231007PSE","latest_date":"2025-09-22T00:00:00+00:00","latest_class":3,"pass_count":1,"h":[["2025-09-22T00:00:00+00:00",3,2,3]]},"geometry":{"type":"Point","coordinates":[34.455905,31.502562]}},{"type":"Feature","properties":{"site_id":26,"event_code":"CE20231007PSE","latest_date":"2025-09-22T00:00:00+00:00","latest_class":3,"pass_count":1,"h":[["2025-09-22T00:00:00+00:00",3,2,3]]},"geometry":{"type":"Point","coordinates":[34.455816,31.502588]}},{"type":"Feature","properties":{"site_id":26,"event_code":"CE20231007PSE","latest_date":"2025-09-22T00:00:00+00:00","latest_class":3,"pass_count":1,"h":[["2025-09-22T00:00:00+00:00",3,2,3]]},"geometry":{"type":"Point","coordinates":[34.456007,31.502501]}},{"type":"Feature","properties":{"site_id":26,"event_code":"CE20231007PSE","latest_date":"2025-09-22T00:00:00+00:00","latest_class":2,"pass_count":1,"h":[["2025-09-22T00:00:00+00:00",2,1,3]]},"geometry":{"type":"Point","coordinates":[34.456083,31.502622]}},{"type":"Feature","properties":{"site_id":26,"event_code":"CE20231007PSE","latest_date":"2025-09-22T00:00:00+00:00","latest_class":1,"pass_count":1,"h":[["2025-09-22T00:00:00+00:00",1,1,3]]},"geometry":{"type":"Point","coordinates":[34.456385,31.502649]}},{"type":"Feature","properties":{"site_id":26,"event_code":"CE20231007PSE","latest_date":"2025-09-22T00:00:00+00:00","latest_class":2,"pass_count":1,"h":[["2025-09-22T00:00:00+00:00",2,1,3]]},"geometry":{"type":"Point","coordinates":[34.456194,31.502596]}},{"type":"Feature","properties":{"site_id":26,"event_code":"CE20231007PSE","latest_date":"2025-09-22T00:00:00+00:00","latest_class":2,"pass_count":1,"h":[["2025-09-22T00:00:00+00:00",2,1,3]]},"geometry":{"type":"Point","coordinates":[34.456318,31.50255]}},{"type":"Feature","properties":{"site_id":26,"event_code":"CE20231007PSE","latest_date":"2025-09-22T00:00:00+00:00","latest_class":2,"pass_count":1,"h":[["2025-09-22T00:00:00+00:00",2,1,3]]},"geometry":{"type":"Point","coordinates":[34.456456,31.502494]}},{"type":"Feature","properties":{"site_id":26,"event_code":"CE20231007PSE","latest_date":"2025-09-22T00:00:00+00:00","latest_class":3,"pass_count":1,"h":[["2025-09-22T00:00:00+00:00",3,2,3]]},"geometry":{"type":"Point","coordinates":[34.456456,31.502747]}},{"type":"Feature","properties":{"site_id":26,"event_code":"CE20231007PSE","latest_date":"2025-09-22T00:00:00+00:00","latest_class":3,"pass_count":1,"h":[["2025-09-22T00:00:00+00:00",3,2,3]]},"geometry":{"type":"Point","coordinates":[34.456149,31.502478]}},{"type":"Feature","properties":{"site_id":26,"event_code":"CE20231007PSE","latest_date":"2025-09-22T00:00:00+00:00","latest_class":3,"pass_count":1,"h":[["2025-09-22T00:00:00+00:00",3,2,3]]},"geometry":{"type":"Point","coordinates":[34.456274,31.502422]}},{"type":"Feature","properties":{"site_id":26,"event_code":"CE20231007PSE","latest_date":"2025-09-22T00:00:00+00:00","latest_class":3,"pass_count":1,"h":[["2025-09-22T00:00:00+00:00",3,2,3]]},"geometry":{"type":"Point","coordinates":[34.456402,31.502384]}},{"type":"Feature","properties":{"site_id":26,"event_code":"CE20231007PSE","latest_date":"2025-09-22T00:00:00+00:00","latest_class":3,"pass_count":1,"h":[["2025-09-22T00:00:00+00:00",3,2,3]]},"geometry":{"type":"Point","coordinates":[34.456576,31.50238]}},{"type":"Feature","properties":{"site_id":26,"event_code":"CE20231007PSE","latest_date":"2025-09-22T00:00:00+00:00","latest_class":3,"pass_count":1,"h":[["2025-09-22T00:00:00+00:00",3,2,3]]},"geometry":{"type":"Point","coordinates":[34.456678,31.50252]}},{"type":"Feature","properties":{"site_id":26,"event_code":"CE20231007PSE","latest_date":"2025-09-22T00:00:00+00:00","latest_class":3,"pass_count":1,"h":[["2025-09-22T00:00:00+00:00",3,2,3]]},"geometry":{"type":"Point","coordinates":[34.456758,31.50263]}},{"type":"Feature","properties":{"site_id":26,"event_code":"CE20231007PSE","latest_date":"2025-09-22T00:00:00+00:00","latest_class":3,"pass_count":1,"h":[["2025-09-22T00:00:00+00:00",3,2,3]]},"geometry":{"type":"Point","coordinates":[34.456593,31.502709]}},{"type":"Feature","properties":{"site_id":26,"event_code":"CE20231007PSE","latest_date":"2025-09-22T00:00:00+00:00","latest_class":3,"pass_count":1,"h":[["2025-09-22T00:00:00+00:00",3,2,3]]},"geometry":{"type":"Point","coordinates":[34.456522,31.502573]}},{"type":"Feature","properties":{"site_id":26,"event_code":"CE20231007PSE","latest_date":"2025-09-22T00:00:00+00:00","latest_class":3,"pass_count":1,"h":[["2025-09-22T00:00:00+00:00",3,2,3]]},"geometry":{"type":"Point","coordinates":[34.456287,31.502831]}},{"type":"Feature","properties":{"site_id":26,"event_code":"CE20231007PSE","latest_date":"2025-09-22T00:00:00+00:00","latest_class":3,"pass_count":1,"h":[["2025-09-22T00:00:00+00:00",3,2,3]]},"geometry":{"type":"Point","coordinates":[34.456052,31.502796]}},{"type":"Feature","properties":{"site_id":28,"event_code":"CE20231007PSE","latest_date":"2025-09-22T00:00:00+00:00","latest_class":3,"pass_count":2,"h":[["2025-07-08T00:00:00+00:00",4,3,3],["2025-09-22T00:00:00+00:00",3,2,1]]},"geometry":{"type":"Point","coordinates":[34.455232,31.504643]}},{"type":"Feature","properties":{"site_id":26,"event_code":"CE20231007PSE","latest_date":"2025-09-22T00:00:00+00:00","latest_class":3,"pass_count":1,"h":[["2025-09-22T00:00:00+00:00",3,2,3]]},"geometry":{"type":"Point","coordinates":[34.456029,31.50299]}},{"type":"Feature","properties":{"site_id":26,"event_code":"CE20231007PSE","latest_date":"2025-09-22T00:00:00+00:00","latest_class":3,"pass_count":1,"h":[["2025-09-22T00:00:00+00:00",3,2,3]]},"geometry":{"type":"Point","coordinates":[34.456139,31.502903]}},{"type":"Feature","properties":{"site_id":26,"event_code":"CE20231007PSE","latest_date":"2025-09-22T00:00:00+00:00","latest_class":3,"pass_count":1,"h":[["2025-09-22T00:00:00+00:00",3,2,3]]},"geometry":{"type":"Point","coordinates":[34.449591,31.504831]}},{"type":"Feature","properties":{"site_id":26,"event_code":"CE20231007PSE","latest_date":"2025-09-22T00:00:00+00:00","latest_class":3,"pass_count":1,"h":[["2025-09-22T00:00:00+00:00",3,2,3]]},"geometry":{"type":"Point","coordinates":[34.449763,31.504768]}},{"type":"Feature","properties":{"site_id":26,"event_code":"CE20231007PSE","latest_date":"2025-09-22T00:00:00+00:00","latest_class":3,"pass_count":1,"h":[["2025-09-22T00:00:00+00:00",3,2,3]]},"geometry":{"type":"Point","coordinates":[34.444741,31.50624]}},{"type":"Feature","properties":{"site_id":null,"event_code":"CE20231007PSE","latest_date":"2025-09-22T00:00:00+00:00","latest_class":3,"pass_count":1,"h":[["2025-09-22T00:00:00+00:00",3,2,3]]},"geometry":{"type":"Point","coordinates":[34.443952,31.506223]}},{"type":"Feature","properties":{"site_id":26,"event_code":"CE20231007PSE","latest_date":"2025-09-22T00:00:00+00:00","latest_class":3,"pass_count":12,"h":[["2023-11-26T00:00:00+00:00",4,3,3],["2024-01-06T00:00:00+00:00",4,3,0],["2024-02-29T00:00:00+00:00",4,3,0],["2024-04-01T00:00:00+00:00",4,3,0],["2024-05-03T00:00:00+00:00",4,3,0],["2024-07-06T00:00:00+00:00",4,3,0],["2024-09-06T00:00:00+00:00",4,3,0],["2024-12-01T00:00:00+00:00",4,3,0],["2025-02-25T00:00:00+00:00",4,3,0],["2025-04-04T00:00:00+00:00",4,3,0],["2025-07-08T00:00:00+00:00",4,3,0],["2025-09-22T00:00:00+00:00",3,2,1]]},"geometry":{"type":"Point","coordinates":[34.451264,31.50503]}},{"type":"Feature","properties":{"site_id":26,"event_code":"CE20231007PSE","latest_date":"2025-09-22T00:00:00+00:00","latest_class":1,"pass_count":5,"h":[["2024-12-01T00:00:00+00:00",1,1,3],["2025-02-25T00:00:00+00:00",1,1,0],["2025-04-04T00:00:00+00:00",1,1,0],["2025-07-08T00:00:00+00:00",1,1,0],["2025-09-22T00:00:00+00:00",1,1,0]]},"geometry":{"type":"Point","coordinates":[34.4475,31.507642]}},{"type":"Feature","properties":{"site_id":26,"event_code":"CE20231007PSE","latest_date":"2025-09-22T00:00:00+00:00","latest_class":3,"pass_count":5,"h":[["2024-12-01T00:00:00+00:00",3,2,3],["2025-02-25T00:00:00+00:00",3,2,0],["2025-04-04T00:00:00+00:00",3,2,0],["2025-07-08T00:00:00+00:00",3,2,0],["2025-09-22T00:00:00+00:00",3,2,0]]},"geometry":{"type":"Point","coordinates":[34.447419,31.50757]}},{"type":"Feature","properties":{"site_id":26,"event_code":"CE20231007PSE","latest_date":"2025-09-22T00:00:00+00:00","latest_class":1,"pass_count":6,"h":[["2024-09-06T00:00:00+00:00",1,1,3],["2024-12-01T00:00:00+00:00",1,1,0],["2025-02-25T00:00:00+00:00",1,1,0],["2025-04-04T00:00:00+00:00",1,1,0],["2025-07-08T00:00:00+00:00",1,1,0],["2025-09-22T00:00:00+00:00",1,1,0]]},"geometry":{"type":"Point","coordinates":[34.447117,31.50874]}},{"type":"Feature","properties":{"site_id":26,"event_code":"CE20231007PSE","latest_date":"2025-09-22T00:00:00+00:00","latest_class":3,"pass_count":12,"h":[["2023-11-26T00:00:00+00:00",3,2,3],["2024-01-06T00:00:00+00:00",3,2,0],["2024-02-29T00:00:00+00:00",3,2,0],["2024-04-01T00:00:00+00:00",3,2,0],["2024-05-03T00:00:00+00:00",3,2,0],["2024-07-06T00:00:00+00:00",3,2,0],["2024-09-06T00:00:00+00:00",3,2,0],["2024-12-01T00:00:00+00:00",3,2,0],["2025-02-25T00:00:00+00:00",3,2,0],["2025-04-04T00:00:00+00:00",3,2,0],["2025-07-08T00:00:00+00:00",3,2,0],["2025-09-22T00:00:00+00:00",3,2,0]]},"geometry":{"type":"Point","coordinates":[34.443809,31.508989]}},{"type":"Feature","properties":{"site_id":null,"event_code":"CE20231007PSE","latest_date":"2025-09-22T00:00:00+00:00","latest_class":3,"pass_count":12,"h":[["2023-11-26T00:00:00+00:00",4,3,3],["2024-01-06T00:00:00+00:00",4,3,0],["2024-02-29T00:00:00+00:00",4,3,0],["2024-04-01T00:00:00+00:00",4,3,0],["2024-05-03T00:00:00+00:00",4,3,0],["2024-07-06T00:00:00+00:00",4,3,0],["2024-09-06T00:00:00+00:00",4,3,0],["2024-12-01T00:00:00+00:00",4,3,0],["2025-02-25T00:00:00+00:00",4,3,0],["2025-04-04T00:00:00+00:00",4,3,0],["2025-07-08T00:00:00+00:00",4,3,0],["2025-09-22T00:00:00+00:00",3,2,1]]},"geometry":{"type":"Point","coordinates":[34.451346,31.505137]}},{"type":"Feature","properties":{"site_id":null,"event_code":"CE20231007PSE","latest_date":"2025-09-22T00:00:00+00:00","latest_class":3,"pass_count":12,"h":[["2023-11-26T00:00:00+00:00",4,3,3],["2024-01-06T00:00:00+00:00",4,3,0],["2024-02-29T00:00:00+00:00",4,3,0],["2024-04-01T00:00:00+00:00",4,3,0],["2024-05-03T00:00:00+00:00",4,3,0],["2024-07-06T00:00:00+00:00",4,3,0],["2024-09-06T00:00:00+00:00",4,3,0],["2024-12-01T00:00:00+00:00",4,3,0],["2025-02-25T00:00:00+00:00",4,3,0],["2025-04-04T00:00:00+00:00",4,3,0],["2025-07-08T00:00:00+00:00",4,3,0],["2025-09-22T00:00:00+00:00",3,2,1]]},"geometry":{"type":"Point","coordinates":[34.451394,31.50522]}},{"type":"Feature","properties":{"site_id":26,"event_code":"CE20231007PSE","latest_date":"2025-09-22T00:00:00+00:00","latest_class":2,"pass_count":12,"h":[["2023-11-26T00:00:00+00:00",2,1,3],["2024-01-06T00:00:00+00:00",2,1,0],["2024-02-29T00:00:00+00:00",2,1,0],["2024-04-01T00:00:00+00:00",2,1,0],["2024-05-03T00:00:00+00:00",2,1,0],["2024-07-06T00:00:00+00:00",2,1,0],["2024-09-06T00:00:00+00:00",2,1,0],["2024-12-01T00:00:00+00:00",2,1,0],["2025-02-25T00:00:00+00:00",2,1,0],["2025-04-04T00:00:00+00:00",2,1,0],["2025-07-08T00:00:00+00:00",2,1,0],["2025-09-22T00:00:00+00:00",2,1,0]]},"geometry":{"type":"Point","coordinates":[34.44771,31.511313]}},{"type":"Feature","properties":{"site_id":26,"event_code":"CE20231007PSE","latest_date":"2025-09-22T00:00:00+00:00","latest_class":3,"pass_count":12,"h":[["2023-11-26T00:00:00+00:00",3,2,3],["2024-01-06T00:00:00+00:00",3,2,0],["2024-02-29T00:00:00+00:00",3,2,0],["2024-04-01T00:00:00+00:00",3,2,0],["2024-05-03T00:00:00+00:00",3,2,0],["2024-07-06T00:00:00+00:00",3,2,0],["2024-09-06T00:00:00+00:00",3,2,0],["2024-12-01T00:00:00+00:00",3,2,0],["2025-02-25T00:00:00+00:00",3,2,0],["2025-04-04T00:00:00+00:00",3,2,0],["2025-07-08T00:00:00+00:00",3,2,0],["2025-09-22T00:00:00+00:00",3,2,0]]},"geometry":{"type":"Point","coordinates":[34.447852,31.511472]}},{"type":"Feature","properties":{"site_id":26,"event_code":"CE20231007PSE","latest_date":"2025-09-22T00:00:00+00:00","latest_class":2,"pass_count":12,"h":[["2023-11-26T00:00:00+00:00",4,3,3],["2024-01-06T00:00:00+00:00",2,1,1],["2024-02-29T00:00:00+00:00",2,1,0],["2024-04-01T00:00:00+00:00",2,1,0],["2024-05-03T00:00:00+00:00",2,1,0],["2024-07-06T00:00:00+00:00",2,1,0],["2024-09-06T00:00:00+00:00",2,1,0],["2024-12-01T00:00:00+00:00",2,1,0],["2025-02-25T00:00:00+00:00",2,1,0],["2025-04-04T00:00:00+00:00",2,1,0],["2025-07-08T00:00:00+00:00",2,1,0],["2025-09-22T00:00:00+00:00",2,1,0]]},"geometry":{"type":"Point","coordinates":[34.447891,31.511096]}},{"type":"Feature","properties":{"site_id":26,"event_code":"CE20231007PSE","latest_date":"2025-09-22T00:00:00+00:00","latest_class":2,"pass_count":12,"h":[["2023-11-26T00:00:00+00:00",2,1,3],["2024-01-06T00:00:00+00:00",2,1,0],["2024-02-29T00:00:00+00:00",2,1,0],["2024-04-01T00:00:00+00:00",2,1,0],["2024-05-03T00:00:00+00:00",2,1,0],["2024-07-06T00:00:00+00:00",2,1,0],["2024-09-06T00:00:00+00:00",2,1,0],["2024-12-01T00:00:00+00:00",2,1,0],["2025-02-25T00:00:00+00:00",2,1,0],["2025-04-04T00:00:00+00:00",2,1,0],["2025-07-08T00:00:00+00:00",2,1,0],["2025-09-22T00:00:00+00:00",2,1,0]]},"geometry":{"type":"Point","coordinates":[34.447976,31.511188]}},{"type":"Feature","properties":{"site_id":26,"event_code":"CE20231007PSE","latest_date":"2025-09-22T00:00:00+00:00","latest_class":1,"pass_count":14,"h":[["2023-10-15T00:00:00+00:00",1,1,null],["2023-11-07T00:00:00+00:00",1,1,0],["2023-11-26T00:00:00+00:00",1,1,0],["2024-01-06T00:00:00+00:00",1,1,0],["2024-02-29T00:00:00+00:00",1,1,0],["2024-04-01T00:00:00+00:00",1,1,0],["2024-05-03T00:00:00+00:00",1,1,0],["2024-07-06T00:00:00+00:00",1,1,0],["2024-09-06T00:00:00+00:00",1,1,0],["2024-12-01T00:00:00+00:00",1,1,0],["2025-02-25T00:00:00+00:00",1,1,0],["2025-04-04T00:00:00+00:00",1,1,0],["2025-07-08T00:00:00+00:00",1,1,0],["2025-09-22T00:00:00+00:00",1,1,0]]},"geometry":{"type":"Point","coordinates":[34.453543,31.508335]}},{"type":"Feature","properties":{"site_id":26,"event_code":"CE20231007PSE","latest_date":"2025-09-22T00:00:00+00:00","latest_class":3,"pass_count":14,"h":[["2023-10-15T00:00:00+00:00",3,2,null],["2023-11-07T00:00:00+00:00",3,2,0],["2023-11-26T00:00:00+00:00",3,2,0],["2024-01-06T00:00:00+00:00",3,2,0],["2024-02-29T00:00:00+00:00",3,2,0],["2024-04-01T00:00:00+00:00",3,2,0],["2024-05-03T00:00:00+00:00",3,2,0],["2024-07-06T00:00:00+00:00",3,2,0],["2024-09-06T00:00:00+00:00",3,2,0],["2024-12-01T00:00:00+00:00",3,2,0],["2025-02-25T00:00:00+00:00",3,2,0],["2025-04-04T00:00:00+00:00",3,2,0],["2025-07-08T00:00:00+00:00",3,2,0],["2025-09-22T00:00:00+00:00",3,2,0]]},"geometry":{"type":"Point","coordinates":[34.453392,31.508513]}},{"type":"Feature","properties":{"site_id":26,"event_code":"CE20231007PSE","latest_date":"2025-09-22T00:00:00+00:00","latest_class":1,"pass_count":13,"h":[["2023-11-07T00:00:00+00:00",3,2,3],["2023-11-26T00:00:00+00:00",3,2,0],["2024-01-06T00:00:00+00:00",1,1,1],["2024-02-29T00:00:00+00:00",1,1,0],["2024-04-01T00:00:00+00:00",1,1,0],["2024-05-03T00:00:00+00:00",1,1,0],["2024-07-06T00:00:00+00:00",1,1,0],["2024-09-06T00:00:00+00:00",1,1,0],["2024-12-01T00:00:00+00:00",1,1,0],["2025-02-25T00:00:00+00:00",1,1,0],["2025-04-04T00:00:00+00:00",1,1,0],["2025-07-08T00:00:00+00:00",1,1,0],["2025-09-22T00:00:00+00:00",1,1,0]]},"geometry":{"type":"Point","coordinates":[34.449529,31.51145]}},{"type":"Feature","properties":{"site_id":26,"event_code":"CE20231007PSE","latest_date":"2025-09-22T00:00:00+00:00","latest_class":1,"pass_count":13,"h":[["2023-11-07T00:00:00+00:00",1,1,3],["2023-11-26T00:00:00+00:00",1,1,0],["2024-01-06T00:00:00+00:00",1,1,0],["2024-02-29T00:00:00+00:00",1,1,0],["2024-04-01T00:00:00+00:00",1,1,0],["2024-05-03T00:00:00+00:00",1,1,0],["2024-07-06T00:00:00+00:00",1,1,0],["2024-09-06T00:00:00+00:00",1,1,0],["2024-12-01T00:00:00+00:00",1,1,0],["2025-02-25T00:00:00+00:00",1,1,0],["2025-04-04T00:00:00+00:00",1,1,0],["2025-07-08T00:00:00+00:00",1,1,0],["2025-09-22T00:00:00+00:00",1,1,0]]},"geometry":{"type":"Point","coordinates":[34.449951,31.512132]}},{"type":"Feature","properties":{"site_id":26,"event_code":"CE20231007PSE","latest_date":"2025-09-22T00:00:00+00:00","latest_class":2,"pass_count":13,"h":[["2023-11-07T00:00:00+00:00",2,1,3],["2023-11-26T00:00:00+00:00",2,1,0],["2024-01-06T00:00:00+00:00",2,1,0],["2024-02-29T00:00:00+00:00",2,1,0],["2024-04-01T00:00:00+00:00",2,1,0],["2024-05-03T00:00:00+00:00",2,1,0],["2024-07-06T00:00:00+00:00",2,1,0],["2024-09-06T00:00:00+00:00",2,1,0],["2024-12-01T00:00:00+00:00",2,1,0],["2025-02-25T00:00:00+00:00",2,1,0],["2025-04-04T00:00:00+00:00",2,1,0],["2025-07-08T00:00:00+00:00",2,1,0],["2025-09-22T00:00:00+00:00",2,1,0]]},"geometry":{"type":"Point","coordinates":[34.450132,31.512084]}},{"type":"Feature","properties":{"site_id":26,"event_code":"CE20231007PSE","latest_date":"2025-09-22T00:00:00+00:00","latest_class":3,"pass_count":13,"h":[["2023-11-07T00:00:00+00:00",3,2,3],["2023-11-26T00:00:00+00:00",3,2,0],["2024-01-06T00:00:00+00:00",3,2,0],["2024-02-29T00:00:00+00:00",3,2,0],["2024-04-01T00:00:00+00:00",3,2,0],["2024-05-03T00:00:00+00:00",3,2,0],["2024-07-06T00:00:00+00:00",3,2,0],["2024-09-06T00:00:00+00:00",3,2,0],["2024-12-01T00:00:00+00:00",3,2,0],["2025-02-25T00:00:00+00:00",3,2,0],["2025-04-04T00:00:00+00:00",3,2,0],["2025-07-08T00:00:00+00:00",3,2,0],["2025-09-22T00:00:00+00:00",3,2,0]]},"geometry":{"type":"Point","coordinates":[34.450389,31.511921]}},{"type":"Feature","properties":{"site_id":26,"event_code":"CE20231007PSE","latest_date":"2025-09-22T00:00:00+00:00","latest_class":3,"pass_count":13,"h":[["2023-11-07T00:00:00+00:00",3,2,3],["2023-11-26T00:00:00+00:00",3,2,0],["2024-01-06T00:00:00+00:00",3,2,0],["2024-02-29T00:00:00+00:00",3,2,0],["2024-04-01T00:00:00+00:00",3,2,0],["2024-05-03T00:00:00+00:00",3,2,0],["2024-07-06T00:00:00+00:00",3,2,0],["2024-09-06T00:00:00+00:00",3,2,0],["2024-12-01T00:00:00+00:00",3,2,0],["2025-02-25T00:00:00+00:00",3,2,0],["2025-04-04T00:00:00+00:00",3,2,0],["2025-07-08T00:00:00+00:00",3,2,0],["2025-09-22T00:00:00+00:00",3,2,0]]},"geometry":{"type":"Point","coordinates":[34.450596,31.511712]}},{"type":"Feature","properties":{"site_id":26,"event_code":"CE20231007PSE","latest_date":"2025-09-22T00:00:00+00:00","latest_class":3,"pass_count":13,"h":[["2023-11-07T00:00:00+00:00",3,2,3],["2023-11-26T00:00:00+00:00",3,2,0],["2024-01-06T00:00:00+00:00",3,2,0],["2024-02-29T00:00:00+00:00",3,2,0],["2024-04-01T00:00:00+00:00",3,2,0],["2024-05-03T00:00:00+00:00",3,2,0],["2024-07-06T00:00:00+00:00",3,2,0],["2024-09-06T00:00:00+00:00",3,2,0],["2024-12-01T00:00:00+00:00",3,2,0],["2025-02-25T00:00:00+00:00",3,2,0],["2025-04-04T00:00:00+00:00",3,2,0],["2025-07-08T00:00:00+00:00",3,2,0],["2025-09-22T00:00:00+00:00",3,2,0]]},"geometry":{"type":"Point","coordinates":[34.450478,31.511647]}},{"type":"Feature","properties":{"site_id":26,"event_code":"CE20231007PSE","latest_date":"2025-09-22T00:00:00+00:00","latest_class":1,"pass_count":13,"h":[["2023-11-07T00:00:00+00:00",3,2,3],["2023-11-26T00:00:00+00:00",3,2,0],["2024-01-06T00:00:00+00:00",1,1,1],["2024-02-29T00:00:00+00:00",1,1,0],["2024-04-01T00:00:00+00:00",1,1,0],["2024-05-03T00:00:00+00:00",1,1,0],["2024-07-06T00:00:00+00:00",1,1,0],["2024-09-06T00:00:00+00:00",1,1,0],["2024-12-01T00:00:00+00:00",1,1,0],["2025-02-25T00:00:00+00:00",1,1,0],["2025-04-04T00:00:00+00:00",1,1,0],["2025-07-08T00:00:00+00:00",1,1,0],["2025-09-22T00:00:00+00:00",1,1,0]]},"geometry":{"type":"Point","coordinates":[34.450451,31.512142]}},{"type":"Feature","properties":{"site_id":26,"event_code":"CE20231007PSE","latest_date":"2025-09-22T00:00:00+00:00","latest_class":1,"pass_count":13,"h":[["2023-11-07T00:00:00+00:00",1,1,3],["2023-11-26T00:00:00+00:00",1,1,0],["2024-01-06T00:00:00+00:00",1,1,0],["2024-02-29T00:00:00+00:00",1,1,0],["2024-04-01T00:00:00+00:00",1,1,0],["2024-05-03T00:00:00+00:00",1,1,0],["2024-07-06T00:00:00+00:00",1,1,0],["2024-09-06T00:00:00+00:00",1,1,0],["2024-12-01T00:00:00+00:00",1,1,0],["2025-02-25T00:00:00+00:00",1,1,0],["2025-04-04T00:00:00+00:00",1,1,0],["2025-07-08T00:00:00+00:00",1,1,0],["2025-09-22T00:00:00+00:00",1,1,0]]},"geometry":{"type":"Point","coordinates":[34.450028,31.509525]}},{"type":"Feature","properties":{"site_id":26,"event_code":"CE20231007PSE","latest_date":"2025-09-22T00:00:00+00:00","latest_class":3,"pass_count":13,"h":[["2023-11-07T00:00:00+00:00",3,2,3],["2023-11-26T00:00:00+00:00",3,2,0],["2024-01-06T00:00:00+00:00",3,2,0],["2024-02-29T00:00:00+00:00",3,2,0],["2024-04-01T00:00:00+00:00",3,2,0],["2024-05-03T00:00:00+00:00",3,2,0],["2024-07-06T00:00:00+00:00",3,2,0],["2024-09-06T00:00:00+00:00",3,2,0],["2024-12-01T00:00:00+00:00",3,2,0],["2025-02-25T00:00:00+00:00",3,2,0],["2025-04-04T00:00:00+00:00",3,2,0],["2025-07-08T00:00:00+00:00",3,2,0],["2025-09-22T00:00:00+00:00",3,2,0]]},"geometry":{"type":"Point","coordinates":[34.449976,31.509615]}},{"type":"Feature","properties":{"site_id":26,"event_code":"CE20231007PSE","latest_date":"2025-09-22T00:00:00+00:00","latest_class":2,"pass_count":13,"h":[["2023-11-07T00:00:00+00:00",2,1,3],["2023-11-26T00:00:00+00:00",2,1,0],["2024-01-06T00:00:00+00:00",2,1,0],["2024-02-29T00:00:00+00:00",2,1,0],["2024-04-01T00:00:00+00:00",2,1,0],["2024-05-03T00:00:00+00:00",2,1,0],["2024-07-06T00:00:00+00:00",2,1,0],["2024-09-06T00:00:00+00:00",2,1,0],["2024-12-01T00:00:00+00:00",2,1,0],["2025-02-25T00:00:00+00:00",2,1,0],["2025-04-04T00:00:00+00:00",2,1,0],["2025-07-08T00:00:00+00:00",2,1,0],["2025-09-22T00:00:00+00:00",2,1,0]]},"geometry":{"type":"Point","coordinates":[34.450103,31.509703]}},{"type":"Feature","properties":{"site_id":26,"event_code":"CE20231007PSE","latest_date":"2025-09-22T00:00:00+00:00","latest_class":3,"pass_count":13,"h":[["2023-11-07T00:00:00+00:00",3,2,3],["2023-11-26T00:00:00+00:00",3,2,0],["2024-01-06T00:00:00+00:00",3,2,0],["2024-02-29T00:00:00+00:00",3,2,0],["2024-04-01T00:00:00+00:00",3,2,0],["2024-05-03T00:00:00+00:00",3,2,0],["2024-07-06T00:00:00+00:00",3,2,0],["2024-09-06T00:00:00+00:00",3,2,0],["2024-12-01T00:00:00+00:00",3,2,0],["2025-02-25T00:00:00+00:00",3,2,0],["2025-04-04T00:00:00+00:00",3,2,0],["2025-07-08T00:00:00+00:00",3,2,0],["2025-09-22T00:00:00+00:00",3,2,0]]},"geometry":{"type":"Point","coordinates":[34.450013,31.509764]}},{"type":"Feature","properties":{"site_id":26,"event_code":"CE20231007PSE","latest_date":"2025-09-22T00:00:00+00:00","latest_class":3,"pass_count":13,"h":[["2023-11-07T00:00:00+00:00",3,2,3],["2023-11-26T00:00:00+00:00",3,2,0],["2024-01-06T00:00:00+00:00",3,2,0],["2024-02-29T00:00:00+00:00",3,2,0],["2024-04-01T00:00:00+00:00",3,2,0],["2024-05-03T00:00:00+00:00",3,2,0],["2024-07-06T00:00:00+00:00",3,2,0],["2024-09-06T00:00:00+00:00",3,2,0],["2024-12-01T00:00:00+00:00",3,2,0],["2025-02-25T00:00:00+00:00",3,2,0],["2025-04-04T00:00:00+00:00",3,2,0],["2025-07-08T00:00:00+00:00",3,2,0],["2025-09-22T00:00:00+00:00",3,2,0]]},"geometry":{"type":"Point","coordinates":[34.450124,31.50949]}},{"type":"Feature","properties":{"site_id":26,"event_code":"CE20231007PSE","latest_date":"2025-09-22T00:00:00+00:00","latest_class":3,"pass_count":13,"h":[["2023-11-07T00:00:00+00:00",3,2,3],["2023-11-26T00:00:00+00:00",3,2,0],["2024-01-06T00:00:00+00:00",3,2,0],["2024-02-29T00:00:00+00:00",3,2,0],["2024-04-01T00:00:00+00:00",3,2,0],["2024-05-03T00:00:00+00:00",3,2,0],["2024-07-06T00:00:00+00:00",3,2,0],["2024-09-06T00:00:00+00:00",3,2,0],["2024-12-01T00:00:00+00:00",3,2,0],["2025-02-25T00:00:00+00:00",3,2,0],["2025-04-04T00:00:00+00:00",3,2,0],["2025-07-08T00:00:00+00:00",3,2,0],["2025-09-22T00:00:00+00:00",3,2,0]]},"geometry":{"type":"Point","coordinates":[34.449849,31.509688]}},{"type":"Feature","properties":{"site_id":26,"event_code":"CE20231007PSE","latest_date":"2025-09-22T00:00:00+00:00","latest_class":3,"pass_count":13,"h":[["2023-11-07T00:00:00+00:00",3,2,3],["2023-11-26T00:00:00+00:00",3,2,0],["2024-01-06T00:00:00+00:00",3,2,0],["2024-02-29T00:00:00+00:00",3,2,0],["2024-04-01T00:00:00+00:00",3,2,0],["2024-05-03T00:00:00+00:00",3,2,0],["2024-07-06T00:00:00+00:00",3,2,0],["2024-09-06T00:00:00+00:00",3,2,0],["2024-12-01T00:00:00+00:00",3,2,0],["2025-02-25T00:00:00+00:00",3,2,0],["2025-04-04T00:00:00+00:00",3,2,0],["2025-07-08T00:00:00+00:00",3,2,0],["2025-09-22T00:00:00+00:00",3,2,0]]},"geometry":{"type":"Point","coordinates":[34.450233,31.509633]}},{"type":"Feature","properties":{"site_id":26,"event_code":"CE20231007PSE","latest_date":"2025-09-22T00:00:00+00:00","latest_class":3,"pass_count":13,"h":[["2023-11-07T00:00:00+00:00",3,2,3],["2023-11-26T00:00:00+00:00",3,2,0],["2024-01-06T00:00:00+00:00",3,2,0],["2024-02-29T00:00:00+00:00",3,2,0],["2024-04-01T00:00:00+00:00",3,2,0],["2024-05-03T00:00:00+00:00",3,2,0],["2024-07-06T00:00:00+00:00",3,2,0],["2024-09-06T00:00:00+00:00",3,2,0],["2024-12-01T00:00:00+00:00",3,2,0],["2025-02-25T00:00:00+00:00",3,2,0],["2025-04-04T00:00:00+00:00",3,2,0],["2025-07-08T00:00:00+00:00",3,2,0],["2025-09-22T00:00:00+00:00",3,2,0]]},"geometry":{"type":"Point","coordinates":[34.450217,31.509828]}},{"type":"Feature","properties":{"site_id":26,"event_code":"CE20231007PSE","latest_date":"2025-09-22T00:00:00+00:00","latest_class":3,"pass_count":13,"h":[["2023-11-07T00:00:00+00:00",3,2,3],["2023-11-26T00:00:00+00:00",3,2,0],["2024-01-06T00:00:00+00:00",3,2,0],["2024-02-29T00:00:00+00:00",3,2,0],["2024-04-01T00:00:00+00:00",3,2,0],["2024-05-03T00:00:00+00:00",3,2,0],["2024-07-06T00:00:00+00:00",3,2,0],["2024-09-06T00:00:00+00:00",3,2,0],["2024-12-01T00:00:00+00:00",3,2,0],["2025-02-25T00:00:00+00:00",3,2,0],["2025-04-04T00:00:00+00:00",3,2,0],["2025-07-08T00:00:00+00:00",3,2,0],["2025-09-22T00:00:00+00:00",3,2,0]]},"geometry":{"type":"Point","coordinates":[34.450112,31.509962]}},{"type":"Feature","properties":{"site_id":26,"event_code":"CE20231007PSE","latest_date":"2025-09-22T00:00:00+00:00","latest_class":3,"pass_count":13,"h":[["2023-11-07T00:00:00+00:00",3,2,3],["2023-11-26T00:00:00+00:00",3,2,0],["2024-01-06T00:00:00+00:00",3,2,0],["2024-02-29T00:00:00+00:00",3,2,0],["2024-04-01T00:00:00+00:00",3,2,0],["2024-05-03T00:00:00+00:00",3,2,0],["2024-07-06T00:00:00+00:00",3,2,0],["2024-09-06T00:00:00+00:00",3,2,0],["2024-12-01T00:00:00+00:00",3,2,0],["2025-02-25T00:00:00+00:00",3,2,0],["2025-04-04T00:00:00+00:00",3,2,0],["2025-07-08T00:00:00+00:00",3,2,0],["2025-09-22T00:00:00+00:00",3,2,0]]},"geometry":{"type":"Point","coordinates":[34.450342,31.509749]}},{"type":"Feature","properties":{"site_id":26,"event_code":"CE20231007PSE","latest_date":"2025-09-22T00:00:00+00:00","latest_class":2,"pass_count":13,"h":[["2023-11-07T00:00:00+00:00",2,1,3],["2023-11-26T00:00:00+00:00",2,1,0],["2024-01-06T00:00:00+00:00",2,1,0],["2024-02-29T00:00:00+00:00",2,1,0],["2024-04-01T00:00:00+00:00",2,1,0],["2024-05-03T00:00:00+00:00",2,1,0],["2024-07-06T00:00:00+00:00",2,1,0],["2024-09-06T00:00:00+00:00",2,1,0],["2024-12-01T00:00:00+00:00",2,1,0],["2025-02-25T00:00:00+00:00",2,1,0],["2025-04-04T00:00:00+00:00",2,1,0],["2025-07-08T00:00:00+00:00",2,1,0],["2025-09-22T00:00:00+00:00",2,1,0]]},"geometry":{"type":"Point","coordinates":[34.456056,31.506592]}},{"type":"Feature","properties":{"site_id":26,"event_code":"CE20231007PSE","latest_date":"2025-09-22T00:00:00+00:00","latest_class":2,"pass_count":13,"h":[["2023-11-07T00:00:00+00:00",2,1,3],["2023-11-26T00:00:00+00:00",2,1,0],["2024-01-06T00:00:00+00:00",2,1,0],["2024-02-29T00:00:00+00:00",2,1,0],["2024-04-01T00:00:00+00:00",2,1,0],["2024-05-03T00:00:00+00:00",2,1,0],["2024-07-06T00:00:00+00:00",2,1,0],["2024-09-06T00:00:00+00:00",2,1,0],["2024-12-01T00:00:00+00:00",2,1,0],["2025-02-25T00:00:00+00:00",2,1,0],["2025-04-04T00:00:00+00:00",2,1,0],["2025-07-08T00:00:00+00:00",2,1,0],["2025-09-22T00:00:00+00:00",2,1,0]]},"geometry":{"type":"Point","coordinates":[34.456167,31.50672]}},{"type":"Feature","properties":{"site_id":26,"event_code":"CE20231007PSE","latest_date":"2025-09-22T00:00:00+00:00","latest_class":2,"pass_count":13,"h":[["2023-11-07T00:00:00+00:00",2,1,3],["2023-11-26T00:00:00+00:00",2,1,0],["2024-01-06T00:00:00+00:00",2,1,0],["2024-02-29T00:00:00+00:00",2,1,0],["2024-04-01T00:00:00+00:00",2,1,0],["2024-05-03T00:00:00+00:00",2,1,0],["2024-07-06T00:00:00+00:00",2,1,0],["2024-09-06T00:00:00+00:00",2,1,0],["2024-12-01T00:00:00+00:00",2,1,0],["2025-02-25T00:00:00+00:00",2,1,0],["2025-04-04T00:00:00+00:00",2,1,0],["2025-07-08T00:00:00+00:00",2,1,0],["2025-09-22T00:00:00+00:00",2,1,0]]},"geometry":{"type":"Point","coordinates":[34.455917,31.506687]}},{"type":"Feature","properties":{"site_id":26,"event_code":"CE20231007PSE","latest_date":"2025-09-22T00:00:00+00:00","latest_class":3,"pass_count":13,"h":[["2023-11-07T00:00:00+00:00",3,2,3],["2023-11-26T00:00:00+00:00",3,2,0],["2024-01-06T00:00:00+00:00",3,2,0],["2024-02-29T00:00:00+00:00",3,2,0],["2024-04-01T00:00:00+00:00",3,2,0],["2024-05-03T00:00:00+00:00",3,2,0],["2024-07-06T00:00:00+00:00",3,2,0],["2024-09-06T00:00:00+00:00",3,2,0],["2024-12-01T00:00:00+00:00",3,2,0],["2025-02-25T00:00:00+00:00",3,2,0],["2025-04-04T00:00:00+00:00",3,2,0],["2025-07-08T00:00:00+00:00",3,2,0],["2025-09-22T00:00:00+00:00",3,2,0]]},"geometry":{"type":"Point","coordinates":[34.456047,31.506779]}},{"type":"Feature","properties":{"site_id":26,"event_code":"CE20231007PSE","latest_date":"2025-09-22T00:00:00+00:00","latest_class":3,"pass_count":12,"h":[["2023-11-26T00:00:00+00:00",3,2,3],["2024-01-06T00:00:00+00:00",3,2,0],["2024-02-29T00:00:00+00:00",3,2,0],["2024-04-01T00:00:00+00:00",3,2,0],["2024-05-03T00:00:00+00:00",3,2,0],["2024-07-06T00:00:00+00:00",3,2,0],["2024-09-06T00:00:00+00:00",3,2,0],["2024-12-01T00:00:00+00:00",3,2,0],["2025-02-25T00:00:00+00:00",3,2,0],["2025-04-04T00:00:00+00:00",3,2,0],["2025-07-08T00:00:00+00:00",3,2,0],["2025-09-22T00:00:00+00:00",3,2,0]]},"geometry":{"type":"Point","coordinates":[34.448084,31.511339]}},{"type":"Feature","properties":{"site_id":26,"event_code":"CE20231007PSE","latest_date":"2025-09-22T00:00:00+00:00","latest_class":1,"pass_count":12,"h":[["2023-11-26T00:00:00+00:00",1,1,3],["2024-01-06T00:00:00+00:00",1,1,0],["2024-02-29T00:00:00+00:00",1,1,0],["2024-04-01T00:00:00+00:00",1,1,0],["2024-05-03T00:00:00+00:00",1,1,0],["2024-07-06T00:00:00+00:00",1,1,0],["2024-09-06T00:00:00+00:00",1,1,0],["2024-12-01T00:00:00+00:00",1,1,0],["2025-02-25T00:00:00+00:00",1,1,0],["2025-04-04T00:00:00+00:00",1,1,0],["2025-07-08T00:00:00+00:00",1,1,0],["2025-09-22T00:00:00+00:00",1,1,0]]},"geometry":{"type":"Point","coordinates":[34.449158,31.512164]}},{"type":"Feature","properties":{"site_id":26,"event_code":"CE20231007PSE","latest_date":"2025-09-22T00:00:00+00:00","latest_class":1,"pass_count":12,"h":[["2023-11-26T00:00:00+00:00",2,1,3],["2024-01-06T00:00:00+00:00",1,1,1],["2024-02-29T00:00:00+00:00",1,1,0],["2024-04-01T00:00:00+00:00",1,1,0],["2024-05-03T00:00:00+00:00",1,1,0],["2024-07-06T00:00:00+00:00",1,1,0],["2024-09-06T00:00:00+00:00",1,1,0],["2024-12-01T00:00:00+00:00",1,1,0],["2025-02-25T00:00:00+00:00",1,1,0],["2025-04-04T00:00:00+00:00",1,1,0],["2025-07-08T00:00:00+00:00",1,1,0],["2025-09-22T00:00:00+00:00",1,1,0]]},"geometry":{"type":"Point","coordinates":[34.448836,31.510759]}},{"type":"Feature","properties":{"site_id":26,"event_code":"CE20231007PSE","latest_date":"2025-09-22T00:00:00+00:00","latest_class":3,"pass_count":12,"h":[["2023-11-26T00:00:00+00:00",3,2,3],["2024-01-06T00:00:00+00:00",3,2,0],["2024-02-29T00:00:00+00:00",3,2,0],["2024-04-01T00:00:00+00:00",3,2,0],["2024-05-03T00:00:00+00:00",3,2,0],["2024-07-06T00:00:00+00:00",3,2,0],["2024-09-06T00:00:00+00:00",3,2,0],["2024-12-01T00:00:00+00:00",3,2,0],["2025-02-25T00:00:00+00:00",3,2,0],["2025-04-04T00:00:00+00:00",3,2,0],["2025-07-08T00:00:00+00:00",3,2,0],["2025-09-22T00:00:00+00:00",3,2,0]]},"geometry":{"type":"Point","coordinates":[34.449118,31.51107]}},{"type":"Feature","properties":{"site_id":26,"event_code":"CE20231007PSE","latest_date":"2025-09-22T00:00:00+00:00","latest_class":3,"pass_count":12,"h":[["2023-11-26T00:00:00+00:00",3,2,3],["2024-01-06T00:00:00+00:00",3,2,0],["2024-02-29T00:00:00+00:00",3,2,0],["2024-04-01T00:00:00+00:00",3,2,0],["2024-05-03T00:00:00+00:00",3,2,0],["2024-07-06T00:00:00+00:00",3,2,0],["2024-09-06T00:00:00+00:00",3,2,0],["2024-12-01T00:00:00+00:00",3,2,0],["2025-02-25T00:00:00+00:00",3,2,0],["2025-04-04T00:00:00+00:00",3,2,0],["2025-07-08T00:00:00+00:00",3,2,0],["2025-09-22T00:00:00+00:00",3,2,0]]},"geometry":{"type":"Point","coordinates":[34.44871,31.51097]}},{"type":"Feature","properties":{"site_id":26,"event_code":"CE20231007PSE","latest_date":"2025-09-22T00:00:00+00:00","latest_class":3,"pass_count":12,"h":[["2023-11-26T00:00:00+00:00",3,2,3],["2024-01-06T00:00:00+00:00",3,2,0],["2024-02-29T00:00:00+00:00",3,2,0],["2024-04-01T00:00:00+00:00",3,2,0],["2024-05-03T00:00:00+00:00",3,2,0],["2024-07-06T00:00:00+00:00",3,2,0],["2024-09-06T00:00:00+00:00",3,2,0],["2024-12-01T00:00:00+00:00",3,2,0],["2025-02-25T00:00:00+00:00",3,2,0],["2025-04-04T00:00:00+00:00",3,2,0],["2025-07-08T00:00:00+00:00",3,2,0],["2025-09-22T00:00:00+00:00",3,2,0]]},"geometry":{"type":"Point","coordinates":[34.448546,31.510756]}},{"type":"Feature","properties":{"site_id":28,"event_code":"CE20231007PSE","latest_date":"2025-09-22T00:00:00+00:00","latest_class":3,"pass_count":12,"h":[["2023-11-26T00:00:00+00:00",3,2,3],["2024-01-06T00:00:00+00:00",3,2,0],["2024-02-29T00:00:00+00:00",3,2,0],["2024-04-01T00:00:00+00:00",3,2,0],["2024-05-03T00:00:00+00:00",3,2,0],["2024-07-06T00:00:00+00:00",3,2,0],["2024-09-06T00:00:00+00:00",3,2,0],["2024-12-01T00:00:00+00:00",3,2,0],["2025-02-25T00:00:00+00:00",3,2,0],["2025-04-04T00:00:00+00:00",3,2,0],["2025-07-08T00:00:00+00:00",3,2,0],["2025-09-22T00:00:00+00:00",3,2,0]]},"geometry":{"type":"Point","coordinates":[34.450915,31.508997]}},{"type":"Feature","properties":{"site_id":28,"event_code":"CE20231007PSE","latest_date":"2025-09-22T00:00:00+00:00","latest_class":3,"pass_count":12,"h":[["2023-11-26T00:00:00+00:00",3,2,3],["2024-01-06T00:00:00+00:00",3,2,0],["2024-02-29T00:00:00+00:00",3,2,0],["2024-04-01T00:00:00+00:00",3,2,0],["2024-05-03T00:00:00+00:00",3,2,0],["2024-07-06T00:00:00+00:00",3,2,0],["2024-09-06T00:00:00+00:00",3,2,0],["2024-12-01T00:00:00+00:00",3,2,0],["2025-02-25T00:00:00+00:00",3,2,0],["2025-04-04T00:00:00+00:00",3,2,0],["2025-07-08T00:00:00+00:00",3,2,0],["2025-09-22T00:00:00+00:00",3,2,0]]},"geometry":{"type":"Point","coordinates":[34.451071,31.508935]}},{"type":"Feature","properties":{"site_id":26,"event_code":"CE20231007PSE","latest_date":"2025-09-22T00:00:00+00:00","latest_class":2,"pass_count":12,"h":[["2023-11-26T00:00:00+00:00",2,2,3],["2024-01-06T00:00:00+00:00",2,2,0],["2024-02-29T00:00:00+00:00",2,2,0],["2024-04-01T00:00:00+00:00",2,2,0],["2024-05-03T00:00:00+00:00",2,2,0],["2024-07-06T00:00:00+00:00",2,2,0],["2024-09-06T00:00:00+00:00",2,2,0],["2024-12-01T00:00:00+00:00",2,2,0],["2025-02-25T00:00:00+00:00",2,2,0],["2025-04-04T00:00:00+00:00",2,2,0],["2025-07-08T00:00:00+00:00",2,2,0],["2025-09-22T00:00:00+00:00",2,2,0]]},"geometry":{"type":"Point","coordinates":[34.451223,31.508828]}},{"type":"Feature","properties":{"site_id":26,"event_code":"CE20231007PSE","latest_date":"2025-09-22T00:00:00+00:00","latest_class":3,"pass_count":11,"h":[["2024-01-06T00:00:00+00:00",3,2,3],["2024-02-29T00:00:00+00:00",3,2,0],["2024-04-01T00:00:00+00:00",3,2,0],["2024-05-03T00:00:00+00:00",3,2,0],["2024-07-06T00:00:00+00:00",3,2,0],["2024-09-06T00:00:00+00:00",3,2,0],["2024-12-01T00:00:00+00:00",3,2,0],["2025-02-25T00:00:00+00:00",3,2,0],["2025-04-04T00:00:00+00:00",3,2,0],["2025-07-08T00:00:00+00:00",3,2,0],["2025-09-22T00:00:00+00:00",3,2,0]]},"geometry":{"type":"Point","coordinates":[34.456259,31.508482]}},{"type":"Feature","properties":{"site_id":26,"event_code":"CE20231007PSE","latest_date":"2025-09-22T00:00:00+00:00","latest_class":3,"pass_count":11,"h":[["2024-01-06T00:00:00+00:00",3,2,3],["2024-02-29T00:00:00+00:00",3,2,0],["2024-04-01T00:00:00+00:00",3,2,0],["2024-05-03T00:00:00+00:00",3,2,0],["2024-07-06T00:00:00+00:00",3,2,0],["2024-09-06T00:00:00+00:00",3,2,0],["2024-12-01T00:00:00+00:00",3,2,0],["2025-02-25T00:00:00+00:00",3,2,0],["2025-04-04T00:00:00+00:00",3,2,0],["2025-07-08T00:00:00+00:00",3,2,0],["2025-09-22T00:00:00+00:00",3,2,0]]},"geometry":{"type":"Point","coordinates":[34.456041,31.508196]}},{"type":"Feature","properties":{"site_id":26,"event_code":"CE20231007PSE","latest_date":"2025-09-22T00:00:00+00:00","latest_class":3,"pass_count":11,"h":[["2024-01-06T00:00:00+00:00",3,2,3],["2024-02-29T00:00:00+00:00",3,2,0],["2024-04-01T00:00:00+00:00",3,2,0],["2024-05-03T00:00:00+00:00",3,2,0],["2024-07-06T00:00:00+00:00",3,2,0],["2024-09-06T00:00:00+00:00",3,2,0],["2024-12-01T00:00:00+00:00",3,2,0],["2025-02-25T00:00:00+00:00",3,2,0],["2025-04-04T00:00:00+00:00",3,2,0],["2025-07-08T00:00:00+00:00",3,2,0],["2025-09-22T00:00:00+00:00",3,2,0]]},"geometry":{"type":"Point","coordinates":[34.455931,31.508639]}},{"type":"Feature","properties":{"site_id":26,"event_code":"CE20231007PSE","latest_date":"2025-09-22T00:00:00+00:00","latest_class":3,"pass_count":11,"h":[["2024-01-06T00:00:00+00:00",3,2,3],["2024-02-29T00:00:00+00:00",3,2,0],["2024-04-01T00:00:00+00:00",3,2,0],["2024-05-03T00:00:00+00:00",3,2,0],["2024-07-06T00:00:00+00:00",3,2,0],["2024-09-06T00:00:00+00:00",3,2,0],["2024-12-01T00:00:00+00:00",3,2,0],["2025-02-25T00:00:00+00:00",3,2,0],["2025-04-04T00:00:00+00:00",3,2,0],["2025-07-08T00:00:00+00:00",3,2,0],["2025-09-22T00:00:00+00:00",3,2,0]]},"geometry":{"type":"Point","coordinates":[34.455744,31.508552]}},{"type":"Feature","properties":{"site_id":26,"event_code":"CE20231007PSE","latest_date":"2025-09-22T00:00:00+00:00","latest_class":3,"pass_count":11,"h":[["2024-01-06T00:00:00+00:00",3,2,3],["2024-02-29T00:00:00+00:00",3,2,0],["2024-04-01T00:00:00+00:00",3,2,0],["2024-05-03T00:00:00+00:00",3,2,0],["2024-07-06T00:00:00+00:00",3,2,0],["2024-09-06T00:00:00+00:00",3,2,0],["2024-12-01T00:00:00+00:00",3,2,0],["2025-02-25T00:00:00+00:00",3,2,0],["2025-04-04T00:00:00+00:00",3,2,0],["2025-07-08T00:00:00+00:00",3,2,0],["2025-09-22T00:00:00+00:00",3,2,0]]},"geometry":{"type":"Point","coordinates":[34.455941,31.508339]}},{"type":"Feature","properties":{"site_id":26,"event_code":"CE20231007PSE","latest_date":"2025-09-22T00:00:00+00:00","latest_class":2,"pass_count":11,"h":[["2024-01-06T00:00:00+00:00",2,1,3],["2024-02-29T00:00:00+00:00",2,1,0],["2024-04-01T00:00:00+00:00",2,1,0],["2024-05-03T00:00:00+00:00",2,1,0],["2024-07-06T00:00:00+00:00",2,1,0],["2024-09-06T00:00:00+00:00",2,1,0],["2024-12-01T00:00:00+00:00",2,1,0],["2025-02-25T00:00:00+00:00",2,1,0],["2025-04-04T00:00:00+00:00",2,1,0],["2025-07-08T00:00:00+00:00",2,1,0],["2025-09-22T00:00:00+00:00",2,1,0]]},"geometry":{"type":"Point","coordinates":[34.455805,31.508732]}},{"type":"Feature","properties":{"site_id":26,"event_code":"CE20231007PSE","latest_date":"2025-09-22T00:00:00+00:00","latest_class":1,"pass_count":11,"h":[["2024-01-06T00:00:00+00:00",1,1,3],["2024-02-29T00:00:00+00:00",1,1,0],["2024-04-01T00:00:00+00:00",1,1,0],["2024-05-03T00:00:00+00:00",1,1,0],["2024-07-06T00:00:00+00:00",1,1,0],["2024-09-06T00:00:00+00:00",1,1,0],["2024-12-01T00:00:00+00:00",1,1,0],["2025-02-25T00:00:00+00:00",1,1,0],["2025-04-04T00:00:00+00:00",1,1,0],["2025-07-08T00:00:00+00:00",1,1,0],["2025-09-22T00:00:00+00:00",1,1,0]]},"geometry":{"type":"Point","coordinates":[34.455989,31.50847]}},{"type":"Feature","properties":{"site_id":26,"event_code":"CE20231007PSE","latest_date":"2025-09-22T00:00:00+00:00","latest_class":3,"pass_count":11,"h":[["2024-01-06T00:00:00+00:00",3,2,3],["2024-02-29T00:00:00+00:00",3,2,0],["2024-04-01T00:00:00+00:00",3,2,0],["2024-05-03T00:00:00+00:00",3,2,0],["2024-07-06T00:00:00+00:00",3,2,0],["2024-09-06T00:00:00+00:00",3,2,0],["2024-12-01T00:00:00+00:00",3,2,0],["2025-02-25T00:00:00+00:00",3,2,0],["2025-04-04T00:00:00+00:00",3,2,0],["2025-07-08T00:00:00+00:00",3,2,0],["2025-09-22T00:00:00+00:00",3,2,0]]},"geometry":{"type":"Point","coordinates":[34.454365,31.509356]}},{"type":"Feature","properties":{"site_id":26,"event_code":"CE20231007PSE","latest_date":"2025-09-22T00:00:00+00:00","latest_class":3,"pass_count":11,"h":[["2024-01-06T00:00:00+00:00",3,2,3],["2024-02-29T00:00:00+00:00",3,2,0],["2024-04-01T00:00:00+00:00",3,2,0],["2024-05-03T00:00:00+00:00",3,2,0],["2024-07-06T00:00:00+00:00",3,2,0],["2024-09-06T00:00:00+00:00",3,2,0],["2024-12-01T00:00:00+00:00",3,2,0],["2025-02-25T00:00:00+00:00",3,2,0],["2025-04-04T00:00:00+00:00",3,2,0],["2025-07-08T00:00:00+00:00",3,2,0],["2025-09-22T00:00:00+00:00",3,2,0]]},"geometry":{"type":"Point","coordinates":[34.454277,31.509029]}},{"type":"Feature","properties":{"site_id":26,"event_code":"CE20231007PSE","latest_date":"2025-09-22T00:00:00+00:00","latest_class":3,"pass_count":11,"h":[["2024-01-06T00:00:00+00:00",3,2,3],["2024-02-29T00:00:00+00:00",3,2,0],["2024-04-01T00:00:00+00:00",3,2,0],["2024-05-03T00:00:00+00:00",3,2,0],["2024-07-06T00:00:00+00:00",3,2,0],["2024-09-06T00:00:00+00:00",3,2,0],["2024-12-01T00:00:00+00:00",3,2,0],["2025-02-25T00:00:00+00:00",3,2,0],["2025-04-04T00:00:00+00:00",3,2,0],["2025-07-08T00:00:00+00:00",3,2,0],["2025-09-22T00:00:00+00:00",3,2,0]]},"geometry":{"type":"Point","coordinates":[34.454498,31.508926]}},{"type":"Feature","properties":{"site_id":26,"event_code":"CE20231007PSE","latest_date":"2025-09-22T00:00:00+00:00","latest_class":2,"pass_count":11,"h":[["2024-01-06T00:00:00+00:00",2,1,3],["2024-02-29T00:00:00+00:00",2,1,0],["2024-04-01T00:00:00+00:00",2,1,0],["2024-05-03T00:00:00+00:00",2,1,0],["2024-07-06T00:00:00+00:00",2,1,0],["2024-09-06T00:00:00+00:00",2,1,0],["2024-12-01T00:00:00+00:00",2,1,0],["2025-02-25T00:00:00+00:00",2,1,0],["2025-04-04T00:00:00+00:00",2,1,0],["2025-07-08T00:00:00+00:00",2,1,0],["2025-09-22T00:00:00+00:00",2,1,0]]},"geometry":{"type":"Point","coordinates":[34.453228,31.507784]}},{"type":"Feature","properties":{"site_id":26,"event_code":"CE20231007PSE","latest_date":"2025-09-22T00:00:00+00:00","latest_class":3,"pass_count":11,"h":[["2024-01-06T00:00:00+00:00",3,2,3],["2024-02-29T00:00:00+00:00",3,2,0],["2024-04-01T00:00:00+00:00",3,2,0],["2024-05-03T00:00:00+00:00",3,2,0],["2024-07-06T00:00:00+00:00",3,2,0],["2024-09-06T00:00:00+00:00",3,2,0],["2024-12-01T00:00:00+00:00",3,2,0],["2025-02-25T00:00:00+00:00",3,2,0],["2025-04-04T00:00:00+00:00",3,2,0],["2025-07-08T00:00:00+00:00",3,2,0],["2025-09-22T00:00:00+00:00",3,2,0]]},"geometry":{"type":"Point","coordinates":[34.453051,31.507995]}},{"type":"Feature","properties":{"site_id":26,"event_code":"CE20231007PSE","latest_date":"2025-09-22T00:00:00+00:00","latest_class":3,"pass_count":11,"h":[["2024-01-06T00:00:00+00:00",3,2,3],["2024-02-29T00:00:00+00:00",3,2,0],["2024-04-01T00:00:00+00:00",3,2,0],["2024-05-03T00:00:00+00:00",3,2,0],["2024-07-06T00:00:00+00:00",3,2,0],["2024-09-06T00:00:00+00:00",3,2,0],["2024-12-01T00:00:00+00:00",3,2,0],["2025-02-25T00:00:00+00:00",3,2,0],["2025-04-04T00:00:00+00:00",3,2,0],["2025-07-08T00:00:00+00:00",3,2,0],["2025-09-22T00:00:00+00:00",3,2,0]]},"geometry":{"type":"Point","coordinates":[34.453468,31.507712]}},{"type":"Feature","properties":{"site_id":26,"event_code":"CE20231007PSE","latest_date":"2025-09-22T00:00:00+00:00","latest_class":2,"pass_count":11,"h":[["2024-01-06T00:00:00+00:00",2,1,3],["2024-02-29T00:00:00+00:00",2,1,0],["2024-04-01T00:00:00+00:00",2,1,0],["2024-05-03T00:00:00+00:00",2,1,0],["2024-07-06T00:00:00+00:00",2,1,0],["2024-09-06T00:00:00+00:00",2,1,0],["2024-12-01T00:00:00+00:00",2,1,0],["2025-02-25T00:00:00+00:00",2,1,0],["2025-04-04T00:00:00+00:00",2,1,0],["2025-07-08T00:00:00+00:00",2,1,0],["2025-09-22T00:00:00+00:00",2,1,0]]},"geometry":{"type":"Point","coordinates":[34.45115,31.510122]}},{"type":"Feature","properties":{"site_id":26,"event_code":"CE20231007PSE","latest_date":"2025-09-22T00:00:00+00:00","latest_class":2,"pass_count":11,"h":[["2024-01-06T00:00:00+00:00",2,1,3],["2024-02-29T00:00:00+00:00",2,1,0],["2024-04-01T00:00:00+00:00",2,1,0],["2024-05-03T00:00:00+00:00",2,1,0],["2024-07-06T00:00:00+00:00",2,1,0],["2024-09-06T00:00:00+00:00",2,1,0],["2024-12-01T00:00:00+00:00",2,1,0],["2025-02-25T00:00:00+00:00",2,1,0],["2025-04-04T00:00:00+00:00",2,1,0],["2025-07-08T00:00:00+00:00",2,1,0],["2025-09-22T00:00:00+00:00",2,1,0]]},"geometry":{"type":"Point","coordinates":[34.450951,31.50968]}},{"type":"Feature","properties":{"site_id":26,"event_code":"CE20231007PSE","latest_date":"2025-09-22T00:00:00+00:00","latest_class":1,"pass_count":11,"h":[["2024-01-06T00:00:00+00:00",1,1,3],["2024-02-29T00:00:00+00:00",1,1,0],["2024-04-01T00:00:00+00:00",1,1,0],["2024-05-03T00:00:00+00:00",1,1,0],["2024-07-06T00:00:00+00:00",1,1,0],["2024-09-06T00:00:00+00:00",1,1,0],["2024-12-01T00:00:00+00:00",1,1,0],["2025-02-25T00:00:00+00:00",1,1,0],["2025-04-04T00:00:00+00:00",1,1,0],["2025-07-08T00:00:00+00:00",1,1,0],["2025-09-22T00:00:00+00:00",1,1,0]]},"geometry":{"type":"Point","coordinates":[34.451029,31.509558]}},{"type":"Feature","properties":{"site_id":26,"event_code":"CE20231007PSE","latest_date":"2025-09-22T00:00:00+00:00","latest_class":3,"pass_count":11,"h":[["2024-01-06T00:00:00+00:00",3,2,3],["2024-02-29T00:00:00+00:00",3,2,0],["2024-04-01T00:00:00+00:00",3,2,0],["2024-05-03T00:00:00+00:00",3,2,0],["2024-07-06T00:00:00+00:00",3,2,0],["2024-09-06T00:00:00+00:00",3,2,0],["2024-12-01T00:00:00+00:00",3,2,0],["2025-02-25T00:00:00+00:00",3,2,0],["2025-04-04T00:00:00+00:00",3,2,0],["2025-07-08T00:00:00+00:00",3,2,0],["2025-09-22T00:00:00+00:00",3,2,0]]},"geometry":{"type":"Point","coordinates":[34.451174,31.509661]}},{"type":"Feature","properties":{"site_id":26,"event_code":"CE20231007PSE","latest_date":"2025-09-22T00:00:00+00:00","latest_class":3,"pass_count":11,"h":[["2024-01-06T00:00:00+00:00",3,2,3],["2024-02-29T00:00:00+00:00",3,2,0],["2024-04-01T00:00:00+00:00",3,2,0],["2024-05-03T00:00:00+00:00",3,2,0],["2024-07-06T00:00:00+00:00",3,2,0],["2024-09-06T00:00:00+00:00",3,2,0],["2024-12-01T00:00:00+00:00",3,2,0],["2025-02-25T00:00:00+00:00",3,2,0],["2025-04-04T00:00:00+00:00",3,2,0],["2025-07-08T00:00:00+00:00",3,2,0],["2025-09-22T00:00:00+00:00",3,2,0]]},"geometry":{"type":"Point","coordinates":[34.4511,31.509767]}},{"type":"Feature","properties":{"site_id":26,"event_code":"CE20231007PSE","latest_date":"2025-09-22T00:00:00+00:00","latest_class":3,"pass_count":11,"h":[["2024-01-06T00:00:00+00:00",3,2,3],["2024-02-29T00:00:00+00:00",3,2,0],["2024-04-01T00:00:00+00:00",3,2,0],["2024-05-03T00:00:00+00:00",3,2,0],["2024-07-06T00:00:00+00:00",3,2,0],["2024-09-06T00:00:00+00:00",3,2,0],["2024-12-01T00:00:00+00:00",3,2,0],["2025-02-25T00:00:00+00:00",3,2,0],["2025-04-04T00:00:00+00:00",3,2,0],["2025-07-08T00:00:00+00:00",3,2,0],["2025-09-22T00:00:00+00:00",3,2,0]]},"geometry":{"type":"Point","coordinates":[34.450988,31.509857]}},{"type":"Feature","properties":{"site_id":26,"event_code":"CE20231007PSE","latest_date":"2025-09-22T00:00:00+00:00","latest_class":3,"pass_count":11,"h":[["2024-01-06T00:00:00+00:00",3,2,3],["2024-02-29T00:00:00+00:00",3,2,0],["2024-04-01T00:00:00+00:00",3,2,0],["2024-05-03T00:00:00+00:00",3,2,0],["2024-07-06T00:00:00+00:00",3,2,0],["2024-09-06T00:00:00+00:00",3,2,0],["2024-12-01T00:00:00+00:00",3,2,0],["2025-02-25T00:00:00+00:00",3,2,0],["2025-04-04T00:00:00+00:00",3,2,0],["2025-07-08T00:00:00+00:00",3,2,0],["2025-09-22T00:00:00+00:00",3,2,0]]},"geometry":{"type":"Point","coordinates":[34.450886,31.50948]}},{"type":"Feature","properties":{"site_id":26,"event_code":"CE20231007PSE","latest_date":"2025-09-22T00:00:00+00:00","latest_class":1,"pass_count":11,"h":[["2024-01-06T00:00:00+00:00",3,2,3],["2024-02-29T00:00:00+00:00",3,2,0],["2024-04-01T00:00:00+00:00",3,2,0],["2024-05-03T00:00:00+00:00",3,2,0],["2024-07-06T00:00:00+00:00",3,2,0],["2024-09-06T00:00:00+00:00",1,1,1],["2024-12-01T00:00:00+00:00",1,1,0],["2025-02-25T00:00:00+00:00",1,1,0],["2025-04-04T00:00:00+00:00",1,1,0],["2025-07-08T00:00:00+00:00",1,1,0],["2025-09-22T00:00:00+00:00",1,1,0]]},"geometry":{"type":"Point","coordinates":[34.450788,31.50955]}},{"type":"Feature","properties":{"site_id":26,"event_code":"CE20231007PSE","latest_date":"2025-09-22T00:00:00+00:00","latest_class":3,"pass_count":11,"h":[["2024-01-06T00:00:00+00:00",3,2,3],["2024-02-29T00:00:00+00:00",3,2,0],["2024-04-01T00:00:00+00:00",3,2,0],["2024-05-03T00:00:00+00:00",3,2,0],["2024-07-06T00:00:00+00:00",3,2,0],["2024-09-06T00:00:00+00:00",3,2,0],["2024-12-01T00:00:00+00:00",3,2,0],["2025-02-25T00:00:00+00:00",3,2,0],["2025-04-04T00:00:00+00:00",3,2,0],["2025-07-08T00:00:00+00:00",3,2,0],["2025-09-22T00:00:00+00:00",3,2,0]]},"geometry":{"type":"Point","coordinates":[34.45077,31.509433]}},{"type":"Feature","properties":{"site_id":26,"event_code":"CE20231007PSE","latest_date":"2025-09-22T00:00:00+00:00","latest_class":3,"pass_count":11,"h":[["2024-01-06T00:00:00+00:00",3,2,3],["2024-02-29T00:00:00+00:00",3,2,0],["2024-04-01T00:00:00+00:00",3,2,0],["2024-05-03T00:00:00+00:00",3,2,0],["2024-07-06T00:00:00+00:00",3,2,0],["2024-09-06T00:00:00+00:00",3,2,0],["2024-12-01T00:00:00+00:00",3,2,0],["2025-02-25T00:00:00+00:00",3,2,0],["2025-04-04T00:00:00+00:00",3,2,0],["2025-07-08T00:00:00+00:00",3,2,0],["2025-09-22T00:00:00+00:00",3,2,0]]},"geometry":{"type":"Point","coordinates":[34.450694,31.509686]}},{"type":"Feature","properties":{"site_id":26,"event_code":"CE20231007PSE","latest_date":"2025-09-22T00:00:00+00:00","latest_class":3,"pass_count":11,"h":[["2024-01-06T00:00:00+00:00",3,2,3],["2024-02-29T00:00:00+00:00",3,2,0],["2024-04-01T00:00:00+00:00",3,2,0],["2024-05-03T00:00:00+00:00",3,2,0],["2024-07-06T00:00:00+00:00",3,2,0],["2024-09-06T00:00:00+00:00",3,2,0],["2024-12-01T00:00:00+00:00",3,2,0],["2025-02-25T00:00:00+00:00",3,2,0],["2025-04-04T00:00:00+00:00",3,2,0],["2025-07-08T00:00:00+00:00",3,2,0],["2025-09-22T00:00:00+00:00",3,2,0]]},"geometry":{"type":"Point","coordinates":[34.451347,31.509957]}},{"type":"Feature","properties":{"site_id":26,"event_code":"CE20231007PSE","latest_date":"2025-09-22T00:00:00+00:00","latest_class":2,"pass_count":11,"h":[["2024-01-06T00:00:00+00:00",2,1,3],["2024-02-29T00:00:00+00:00",2,1,0],["2024-04-01T00:00:00+00:00",2,1,0],["2024-05-03T00:00:00+00:00",2,1,0],["2024-07-06T00:00:00+00:00",2,1,0],["2024-09-06T00:00:00+00:00",2,1,0],["2024-12-01T00:00:00+00:00",2,1,0],["2025-02-25T00:00:00+00:00",2,1,0],["2025-04-04T00:00:00+00:00",2,1,0],["2025-07-08T00:00:00+00:00",2,1,0],["2025-09-22T00:00:00+00:00",2,1,0]]},"geometry":{"type":"Point","coordinates":[34.451356,31.510187]}},{"type":"Feature","properties":{"site_id":26,"event_code":"CE20231007PSE","latest_date":"2025-09-22T00:00:00+00:00","latest_class":3,"pass_count":11,"h":[["2024-01-06T00:00:00+00:00",3,2,3],["2024-02-29T00:00:00+00:00",3,2,0],["2024-04-01T00:00:00+00:00",3,2,0],["2024-05-03T00:00:00+00:00",3,2,0],["2024-07-06T00:00:00+00:00",3,2,0],["2024-09-06T00:00:00+00:00",3,2,0],["2024-12-01T00:00:00+00:00",3,2,0],["2025-02-25T00:00:00+00:00",3,2,0],["2025-04-04T00:00:00+00:00",3,2,0],["2025-07-08T00:00:00+00:00",3,2,0],["2025-09-22T00:00:00+00:00",3,2,0]]},"geometry":{"type":"Point","coordinates":[34.450848,31.510317]}},{"type":"Feature","properties":{"site_id":26,"event_code":"CE20231007PSE","latest_date":"2025-09-22T00:00:00+00:00","latest_class":3,"pass_count":11,"h":[["2024-01-06T00:00:00+00:00",3,2,3],["2024-02-29T00:00:00+00:00",3,2,0],["2024-04-01T00:00:00+00:00",3,2,0],["2024-05-03T00:00:00+00:00",3,2,0],["2024-07-06T00:00:00+00:00",3,2,0],["2024-09-06T00:00:00+00:00",3,2,0],["2024-12-01T00:00:00+00:00",3,2,0],["2025-02-25T00:00:00+00:00",3,2,0],["2025-04-04T00:00:00+00:00",3,2,0],["2025-07-08T00:00:00+00:00",3,2,0],["2025-09-22T00:00:00+00:00",3,2,0]]},"geometry":{"type":"Point","coordinates":[34.451526,31.509475]}},{"type":"Feature","properties":{"site_id":26,"event_code":"CE20231007PSE","latest_date":"2025-09-22T00:00:00+00:00","latest_class":2,"pass_count":11,"h":[["2024-01-06T00:00:00+00:00",2,1,3],["2024-02-29T00:00:00+00:00",2,1,0],["2024-04-01T00:00:00+00:00",2,1,0],["2024-05-03T00:00:00+00:00",2,1,0],["2024-07-06T00:00:00+00:00",2,1,0],["2024-09-06T00:00:00+00:00",2,1,0],["2024-12-01T00:00:00+00:00",2,1,0],["2025-02-25T00:00:00+00:00",2,1,0],["2025-04-04T00:00:00+00:00",2,1,0],["2025-07-08T00:00:00+00:00",2,1,0],["2025-09-22T00:00:00+00:00",2,1,0]]},"geometry":{"type":"Point","coordinates":[34.45124,31.510554]}},{"type":"Feature","properties":{"site_id":26,"event_code":"CE20231007PSE","latest_date":"2025-09-22T00:00:00+00:00","latest_class":3,"pass_count":11,"h":[["2024-01-06T00:00:00+00:00",3,2,3],["2024-02-29T00:00:00+00:00",3,2,0],["2024-04-01T00:00:00+00:00",3,2,0],["2024-05-03T00:00:00+00:00",3,2,0],["2024-07-06T00:00:00+00:00",3,2,0],["2024-09-06T00:00:00+00:00",3,2,0],["2024-12-01T00:00:00+00:00",3,2,0],["2025-02-25T00:00:00+00:00",3,2,0],["2025-04-04T00:00:00+00:00",3,2,0],["2025-07-08T00:00:00+00:00",3,2,0],["2025-09-22T00:00:00+00:00",3,2,0]]},"geometry":{"type":"Point","coordinates":[34.451056,31.510472]}},{"type":"Feature","properties":{"site_id":26,"event_code":"CE20231007PSE","latest_date":"2025-09-22T00:00:00+00:00","latest_class":3,"pass_count":11,"h":[["2024-01-06T00:00:00+00:00",3,2,3],["2024-02-29T00:00:00+00:00",3,2,0],["2024-04-01T00:00:00+00:00",3,2,0],["2024-05-03T00:00:00+00:00",3,2,0],["2024-07-06T00:00:00+00:00",3,2,0],["2024-09-06T00:00:00+00:00",3,2,0],["2024-12-01T00:00:00+00:00",3,2,0],["2025-02-25T00:00:00+00:00",3,2,0],["2025-04-04T00:00:00+00:00",3,2,0],["2025-07-08T00:00:00+00:00",3,2,0],["2025-09-22T00:00:00+00:00",3,2,0]]},"geometry":{"type":"Point","coordinates":[34.450913,31.510582]}},{"type":"Feature","properties":{"site_id":26,"event_code":"CE20231007PSE","latest_date":"2025-09-22T00:00:00+00:00","latest_class":2,"pass_count":11,"h":[["2024-01-06T00:00:00+00:00",2,1,3],["2024-02-29T00:00:00+00:00",2,1,0],["2024-04-01T00:00:00+00:00",2,1,0],["2024-05-03T00:00:00+00:00",2,1,0],["2024-07-06T00:00:00+00:00",2,1,0],["2024-09-06T00:00:00+00:00",2,1,0],["2024-12-01T00:00:00+00:00",2,1,0],["2025-02-25T00:00:00+00:00",2,1,0],["2025-04-04T00:00:00+00:00",2,1,0],["2025-07-08T00:00:00+00:00",2,1,0],["2025-09-22T00:00:00+00:00",2,1,0]]},"geometry":{"type":"Point","coordinates":[34.450245,31.510974]}},{"type":"Feature","properties":{"site_id":26,"event_code":"CE20231007PSE","latest_date":"2025-09-22T00:00:00+00:00","latest_class":3,"pass_count":11,"h":[["2024-01-06T00:00:00+00:00",3,2,3],["2024-02-29T00:00:00+00:00",3,2,0],["2024-04-01T00:00:00+00:00",3,2,0],["2024-05-03T00:00:00+00:00",3,2,0],["2024-07-06T00:00:00+00:00",3,2,0],["2024-09-06T00:00:00+00:00",3,2,0],["2024-12-01T00:00:00+00:00",3,2,0],["2025-02-25T00:00:00+00:00",3,2,0],["2025-04-04T00:00:00+00:00",3,2,0],["2025-07-08T00:00:00+00:00",3,2,0],["2025-09-22T00:00:00+00:00",3,2,0]]},"geometry":{"type":"Point","coordinates":[34.450373,31.511276]}},{"type":"Feature","properties":{"site_id":26,"event_code":"CE20231007PSE","latest_date":"2025-09-22T00:00:00+00:00","latest_class":3,"pass_count":11,"h":[["2024-01-06T00:00:00+00:00",3,2,3],["2024-02-29T00:00:00+00:00",3,2,0],["2024-04-01T00:00:00+00:00",3,2,0],["2024-05-03T00:00:00+00:00",3,2,0],["2024-07-06T00:00:00+00:00",3,2,0],["2024-09-06T00:00:00+00:00",3,2,0],["2024-12-01T00:00:00+00:00",3,2,0],["2025-02-25T00:00:00+00:00",3,2,0],["2025-04-04T00:00:00+00:00",3,2,0],["2025-07-08T00:00:00+00:00",3,2,0],["2025-09-22T00:00:00+00:00",3,2,0]]},"geometry":{"type":"Point","coordinates":[34.450048,31.510909]}},{"type":"Feature","properties":{"site_id":26,"event_code":"CE20231007PSE","latest_date":"2025-09-22T00:00:00+00:00","latest_class":2,"pass_count":11,"h":[["2024-01-06T00:00:00+00:00",2,1,3],["2024-02-29T00:00:00+00:00",2,1,0],["2024-04-01T00:00:00+00:00",2,1,0],["2024-05-03T00:00:00+00:00",2,1,0],["2024-07-06T00:00:00+00:00",2,1,0],["2024-09-06T00:00:00+00:00",2,1,0],["2024-12-01T00:00:00+00:00",2,1,0],["2025-02-25T00:00:00+00:00",2,1,0],["2025-04-04T00:00:00+00:00",2,1,0],["2025-07-08T00:00:00+00:00",2,1,0],["2025-09-22T00:00:00+00:00",2,1,0]]},"geometry":{"type":"Point","coordinates":[34.449934,31.510995]}},{"type":"Feature","properties":{"site_id":26,"event_code":"CE20231007PSE","latest_date":"2025-09-22T00:00:00+00:00","latest_class":3,"pass_count":11,"h":[["2024-01-06T00:00:00+00:00",3,2,3],["2024-02-29T00:00:00+00:00",3,2,0],["2024-04-01T00:00:00+00:00",3,2,0],["2024-05-03T00:00:00+00:00",3,2,0],["2024-07-06T00:00:00+00:00",3,2,0],["2024-09-06T00:00:00+00:00",3,2,0],["2024-12-01T00:00:00+00:00",3,2,0],["2025-02-25T00:00:00+00:00",3,2,0],["2025-04-04T00:00:00+00:00",3,2,0],["2025-07-08T00:00:00+00:00",3,2,0],["2025-09-22T00:00:00+00:00",3,2,0]]},"geometry":{"type":"Point","coordinates":[34.450764,31.512171]}},{"type":"Feature","properties":{"site_id":26,"event_code":"CE20231007PSE","latest_date":"2025-09-22T00:00:00+00:00","latest_class":2,"pass_count":11,"h":[["2024-01-06T00:00:00+00:00",2,1,3],["2024-02-29T00:00:00+00:00",2,1,0],["2024-04-01T00:00:00+00:00",2,1,0],["2024-05-03T00:00:00+00:00",2,1,0],["2024-07-06T00:00:00+00:00",2,1,0],["2024-09-06T00:00:00+00:00",2,1,0],["2024-12-01T00:00:00+00:00",2,1,0],["2025-02-25T00:00:00+00:00",2,1,0],["2025-04-04T00:00:00+00:00",2,1,0],["2025-07-08T00:00:00+00:00",2,1,0],["2025-09-22T00:00:00+00:00",2,1,0]]},"geometry":{"type":"Point","coordinates":[34.452689,31.511074]}},{"type":"Feature","properties":{"site_id":26,"event_code":"CE20231007PSE","latest_date":"2025-09-22T00:00:00+00:00","latest_class":3,"pass_count":11,"h":[["2024-01-06T00:00:00+00:00",3,2,3],["2024-02-29T00:00:00+00:00",3,2,0],["2024-04-01T00:00:00+00:00",3,2,0],["2024-05-03T00:00:00+00:00",3,2,0],["2024-07-06T00:00:00+00:00",3,2,0],["2024-09-06T00:00:00+00:00",3,2,0],["2024-12-01T00:00:00+00:00",3,2,0],["2025-02-25T00:00:00+00:00",3,2,0],["2025-04-04T00:00:00+00:00",3,2,0],["2025-07-08T00:00:00+00:00",3,2,0],["2025-09-22T00:00:00+00:00",3,2,0]]},"geometry":{"type":"Point","coordinates":[34.452493,31.51101]}},{"type":"Feature","properties":{"site_id":26,"event_code":"CE20231007PSE","latest_date":"2025-09-22T00:00:00+00:00","latest_class":3,"pass_count":11,"h":[["2024-01-06T00:00:00+00:00",3,2,3],["2024-02-29T00:00:00+00:00",3,2,0],["2024-04-01T00:00:00+00:00",3,2,0],["2024-05-03T00:00:00+00:00",3,2,0],["2024-07-06T00:00:00+00:00",3,2,0],["2024-09-06T00:00:00+00:00",3,2,0],["2024-12-01T00:00:00+00:00",3,2,0],["2025-02-25T00:00:00+00:00",3,2,0],["2025-04-04T00:00:00+00:00",3,2,0],["2025-07-08T00:00:00+00:00",3,2,0],["2025-09-22T00:00:00+00:00",3,2,0]]},"geometry":{"type":"Point","coordinates":[34.452647,31.510892]}},{"type":"Feature","properties":{"site_id":26,"event_code":"CE20231007PSE","latest_date":"2025-09-22T00:00:00+00:00","latest_class":3,"pass_count":11,"h":[["2024-01-06T00:00:00+00:00",3,2,3],["2024-02-29T00:00:00+00:00",3,2,0],["2024-04-01T00:00:00+00:00",3,2,0],["2024-05-03T00:00:00+00:00",3,2,0],["2024-07-06T00:00:00+00:00",3,2,0],["2024-09-06T00:00:00+00:00",3,2,0],["2024-12-01T00:00:00+00:00",3,2,0],["2025-02-25T00:00:00+00:00",3,2,0],["2025-04-04T00:00:00+00:00",3,2,0],["2025-07-08T00:00:00+00:00",3,2,0],["2025-09-22T00:00:00+00:00",3,2,0]]},"geometry":{"type":"Point","coordinates":[34.45245,31.512108]}},{"type":"Feature","properties":{"site_id":26,"event_code":"CE20231007PSE","latest_date":"2025-09-22T00:00:00+00:00","latest_class":1,"pass_count":11,"h":[["2024-01-06T00:00:00+00:00",1,1,3],["2024-02-29T00:00:00+00:00",1,1,0],["2024-04-01T00:00:00+00:00",1,1,0],["2024-05-03T00:00:00+00:00",1,1,0],["2024-07-06T00:00:00+00:00",1,1,0],["2024-09-06T00:00:00+00:00",1,1,0],["2024-12-01T00:00:00+00:00",1,1,0],["2025-02-25T00:00:00+00:00",1,1,0],["2025-04-04T00:00:00+00:00",1,1,0],["2025-07-08T00:00:00+00:00",1,1,0],["2025-09-22T00:00:00+00:00",1,1,0]]},"geometry":{"type":"Point","coordinates":[34.449823,31.510787]}},{"type":"Feature","properties":{"site_id":26,"event_code":"CE20231007PSE","latest_date":"2025-09-22T00:00:00+00:00","latest_class":1,"pass_count":11,"h":[["2024-01-06T00:00:00+00:00",1,1,3],["2024-02-29T00:00:00+00:00",1,1,0],["2024-04-01T00:00:00+00:00",1,1,0],["2024-05-03T00:00:00+00:00",1,1,0],["2024-07-06T00:00:00+00:00",1,1,0],["2024-09-06T00:00:00+00:00",1,1,0],["2024-12-01T00:00:00+00:00",1,1,0],["2025-02-25T00:00:00+00:00",1,1,0],["2025-04-04T00:00:00+00:00",1,1,0],["2025-07-08T00:00:00+00:00",1,1,0],["2025-09-22T00:00:00+00:00",1,1,0]]},"geometry":{"type":"Point","coordinates":[34.449753,31.510832]}},{"type":"Feature","properties":{"site_id":26,"event_code":"CE20231007PSE","latest_date":"2025-09-22T00:00:00+00:00","latest_class":3,"pass_count":11,"h":[["2024-01-06T00:00:00+00:00",3,2,3],["2024-02-29T00:00:00+00:00",3,2,0],["2024-04-01T00:00:00+00:00",3,2,0],["2024-05-03T00:00:00+00:00",3,2,0],["2024-07-06T00:00:00+00:00",3,2,0],["2024-09-06T00:00:00+00:00",3,2,0],["2024-12-01T00:00:00+00:00",3,2,0],["2025-02-25T00:00:00+00:00",3,2,0],["2025-04-04T00:00:00+00:00",3,2,0],["2025-07-08T00:00:00+00:00",3,2,0],["2025-09-22T00:00:00+00:00",3,2,0]]},"geometry":{"type":"Point","coordinates":[34.449959,31.510686]}},{"type":"Feature","properties":{"site_id":26,"event_code":"CE20231007PSE","latest_date":"2025-09-22T00:00:00+00:00","latest_class":2,"pass_count":11,"h":[["2024-01-06T00:00:00+00:00",2,1,3],["2024-02-29T00:00:00+00:00",2,1,0],["2024-04-01T00:00:00+00:00",2,1,0],["2024-05-03T00:00:00+00:00",2,1,0],["2024-07-06T00:00:00+00:00",2,1,0],["2024-09-06T00:00:00+00:00",2,1,0],["2024-12-01T00:00:00+00:00",2,1,0],["2025-02-25T00:00:00+00:00",2,1,0],["2025-04-04T00:00:00+00:00",2,1,0],["2025-07-08T00:00:00+00:00",2,1,0],["2025-09-22T00:00:00+00:00",2,1,0]]},"geometry":{"type":"Point","coordinates":[34.44975,31.510641]}},{"type":"Feature","properties":{"site_id":26,"event_code":"CE20231007PSE","latest_date":"2025-09-22T00:00:00+00:00","latest_class":3,"pass_count":11,"h":[["2024-01-06T00:00:00+00:00",3,2,3],["2024-02-29T00:00:00+00:00",3,2,0],["2024-04-01T00:00:00+00:00",3,2,0],["2024-05-03T00:00:00+00:00",3,2,0],["2024-07-06T00:00:00+00:00",3,2,0],["2024-09-06T00:00:00+00:00",3,2,0],["2024-12-01T00:00:00+00:00",3,2,0],["2025-02-25T00:00:00+00:00",3,2,0],["2025-04-04T00:00:00+00:00",3,2,0],["2025-07-08T00:00:00+00:00",3,2,0],["2025-09-22T00:00:00+00:00",3,2,0]]},"geometry":{"type":"Point","coordinates":[34.449024,31.510448]}},{"type":"Feature","properties":{"site_id":54,"event_code":"CE20231007PSE","latest_date":"2025-09-22T00:00:00+00:00","latest_class":3,"pass_count":11,"h":[["2024-01-06T00:00:00+00:00",3,2,3],["2024-02-29T00:00:00+00:00",3,2,0],["2024-04-01T00:00:00+00:00",3,2,0],["2024-05-03T00:00:00+00:00",3,2,0],["2024-07-06T00:00:00+00:00",3,2,0],["2024-09-06T00:00:00+00:00",3,2,0],["2024-12-01T00:00:00+00:00",3,2,0],["2025-02-25T00:00:00+00:00",3,2,0],["2025-04-04T00:00:00+00:00",3,2,0],["2025-07-08T00:00:00+00:00",3,2,0],["2025-09-22T00:00:00+00:00",3,2,0]]},"geometry":{"type":"Point","coordinates":[34.448433,31.511893]}},{"type":"Feature","properties":{"site_id":26,"event_code":"CE20231007PSE","latest_date":"2025-09-22T00:00:00+00:00","latest_class":3,"pass_count":13,"h":[["2023-11-07T00:00:00+00:00",4,3,3],["2023-11-26T00:00:00+00:00",4,3,0],["2024-01-06T00:00:00+00:00",3,2,1],["2024-02-29T00:00:00+00:00",3,2,0],["2024-04-01T00:00:00+00:00",3,2,0],["2024-05-03T00:00:00+00:00",3,2,0],["2024-07-06T00:00:00+00:00",3,2,0],["2024-09-06T00:00:00+00:00",3,2,0],["2024-12-01T00:00:00+00:00",3,2,0],["2025-02-25T00:00:00+00:00",3,2,0],["2025-04-04T00:00:00+00:00",3,2,0],["2025-07-08T00:00:00+00:00",3,2,0],["2025-09-22T00:00:00+00:00",3,2,0]]},"geometry":{"type":"Point","coordinates":[34.450297,31.509442]}},{"type":"Feature","properties":{"site_id":26,"event_code":"CE20231007PSE","latest_date":"2025-09-22T00:00:00+00:00","latest_class":3,"pass_count":12,"h":[["2023-11-26T00:00:00+00:00",4,3,3],["2024-01-06T00:00:00+00:00",3,2,1],["2024-02-29T00:00:00+00:00",3,2,0],["2024-04-01T00:00:00+00:00",3,2,0],["2024-05-03T00:00:00+00:00",3,2,0],["2024-07-06T00:00:00+00:00",3,2,0],["2024-09-06T00:00:00+00:00",3,2,0],["2024-12-01T00:00:00+00:00",3,2,0],["2025-02-25T00:00:00+00:00",3,2,0],["2025-04-04T00:00:00+00:00",3,2,0],["2025-07-08T00:00:00+00:00",3,2,0],["2025-09-22T00:00:00+00:00",3,2,0]]},"geometry":{"type":"Point","coordinates":[34.448326,31.510912]}},{"type":"Feature","properties":{"site_id":26,"event_code":"CE20231007PSE","latest_date":"2025-09-22T00:00:00+00:00","latest_class":1,"pass_count":12,"h":[["2023-11-26T00:00:00+00:00",4,3,3],["2024-01-06T00:00:00+00:00",1,2,1],["2024-02-29T00:00:00+00:00",1,2,0],["2024-04-01T00:00:00+00:00",1,2,0],["2024-05-03T00:00:00+00:00",1,2,0],["2024-07-06T00:00:00+00:00",1,2,0],["2024-09-06T00:00:00+00:00",1,2,0],["2024-12-01T00:00:00+00:00",1,2,0],["2025-02-25T00:00:00+00:00",1,2,0],["2025-04-04T00:00:00+00:00",1,2,0],["2025-07-08T00:00:00+00:00",1,2,0],["2025-09-22T00:00:00+00:00",1,2,0]]},"geometry":{"type":"Point","coordinates":[34.448457,31.511038]}},{"type":"Feature","properties":{"site_id":26,"event_code":"CE20231007PSE","latest_date":"2025-09-22T00:00:00+00:00","latest_class":3,"pass_count":12,"h":[["2023-11-26T00:00:00+00:00",4,3,3],["2024-01-06T00:00:00+00:00",3,2,1],["2024-02-29T00:00:00+00:00",3,2,0],["2024-04-01T00:00:00+00:00",3,2,0],["2024-05-03T00:00:00+00:00",3,2,0],["2024-07-06T00:00:00+00:00",3,2,0],["2024-09-06T00:00:00+00:00",3,2,0],["2024-12-01T00:00:00+00:00",3,2,0],["2025-02-25T00:00:00+00:00",3,2,0],["2025-04-04T00:00:00+00:00",3,2,0],["2025-07-08T00:00:00+00:00",3,2,0],["2025-09-22T00:00:00+00:00",3,2,0]]},"geometry":{"type":"Point","coordinates":[34.448193,31.511264]}},{"type":"Feature","properties":{"site_id":26,"event_code":"CE20231007PSE","latest_date":"2025-09-22T00:00:00+00:00","latest_class":3,"pass_count":12,"h":[["2023-11-26T00:00:00+00:00",4,3,3],["2024-01-06T00:00:00+00:00",3,2,1],["2024-02-29T00:00:00+00:00",3,2,0],["2024-04-01T00:00:00+00:00",3,2,0],["2024-05-03T00:00:00+00:00",3,2,0],["2024-07-06T00:00:00+00:00",3,2,0],["2024-09-06T00:00:00+00:00",3,2,0],["2024-12-01T00:00:00+00:00",3,2,0],["2025-02-25T00:00:00+00:00",3,2,0],["2025-04-04T00:00:00+00:00",3,2,0],["2025-07-08T00:00:00+00:00",3,2,0],["2025-09-22T00:00:00+00:00",3,2,0]]},"geometry":{"type":"Point","coordinates":[34.448311,31.511194]}},{"type":"Feature","properties":{"site_id":26,"event_code":"CE20231007PSE","latest_date":"2025-09-22T00:00:00+00:00","latest_class":2,"pass_count":11,"h":[["2024-01-06T00:00:00+00:00",2,1,3],["2024-02-29T00:00:00+00:00",2,1,0],["2024-04-01T00:00:00+00:00",2,1,0],["2024-05-03T00:00:00+00:00",2,1,0],["2024-07-06T00:00:00+00:00",2,1,0],["2024-09-06T00:00:00+00:00",2,1,0],["2024-12-01T00:00:00+00:00",2,1,0],["2025-02-25T00:00:00+00:00",2,1,0],["2025-04-04T00:00:00+00:00",2,1,0],["2025-07-08T00:00:00+00:00",2,1,0],["2025-09-22T00:00:00+00:00",2,1,0]]},"geometry":{"type":"Point","coordinates":[34.451877,31.511879]}},{"type":"Feature","properties":{"site_id":26,"event_code":"CE20231007PSE","latest_date":"2025-09-22T00:00:00+00:00","latest_class":3,"pass_count":11,"h":[["2024-01-06T00:00:00+00:00",3,2,3],["2024-02-29T00:00:00+00:00",3,2,0],["2024-04-01T00:00:00+00:00",3,2,0],["2024-05-03T00:00:00+00:00",3,2,0],["2024-07-06T00:00:00+00:00",3,2,0],["2024-09-06T00:00:00+00:00",3,2,0],["2024-12-01T00:00:00+00:00",3,2,0],["2025-02-25T00:00:00+00:00",3,2,0],["2025-04-04T00:00:00+00:00",3,2,0],["2025-07-08T00:00:00+00:00",3,2,0],["2025-09-22T00:00:00+00:00",3,2,0]]},"geometry":{"type":"Point","coordinates":[34.451685,31.512062]}},{"type":"Feature","properties":{"site_id":26,"event_code":"CE20231007PSE","latest_date":"2025-09-22T00:00:00+00:00","latest_class":3,"pass_count":11,"h":[["2024-01-06T00:00:00+00:00",3,2,3],["2024-02-29T00:00:00+00:00",3,2,0],["2024-04-01T00:00:00+00:00",3,2,0],["2024-05-03T00:00:00+00:00",3,2,0],["2024-07-06T00:00:00+00:00",3,2,0],["2024-09-06T00:00:00+00:00",3,2,0],["2024-12-01T00:00:00+00:00",3,2,0],["2025-02-25T00:00:00+00:00",3,2,0],["2025-04-04T00:00:00+00:00",3,2,0],["2025-07-08T00:00:00+00:00",3,2,0],["2025-09-22T00:00:00+00:00",3,2,0]]},"geometry":{"type":"Point","coordinates":[34.451478,31.511569]}},{"type":"Feature","properties":{"site_id":26,"event_code":"CE20231007PSE","latest_date":"2025-09-22T00:00:00+00:00","latest_class":3,"pass_count":11,"h":[["2024-01-06T00:00:00+00:00",3,2,3],["2024-02-29T00:00:00+00:00",3,2,0],["2024-04-01T00:00:00+00:00",3,2,0],["2024-05-03T00:00:00+00:00",3,2,0],["2024-07-06T00:00:00+00:00",3,2,0],["2024-09-06T00:00:00+00:00",3,2,0],["2024-12-01T00:00:00+00:00",3,2,0],["2025-02-25T00:00:00+00:00",3,2,0],["2025-04-04T00:00:00+00:00",3,2,0],["2025-07-08T00:00:00+00:00",3,2,0],["2025-09-22T00:00:00+00:00",3,2,0]]},"geometry":{"type":"Point","coordinates":[34.45163,31.511704]}},{"type":"Feature","properties":{"site_id":26,"event_code":"CE20231007PSE","latest_date":"2025-09-22T00:00:00+00:00","latest_class":3,"pass_count":11,"h":[["2024-01-06T00:00:00+00:00",3,2,3],["2024-02-29T00:00:00+00:00",3,2,0],["2024-04-01T00:00:00+00:00",3,2,0],["2024-05-03T00:00:00+00:00",3,2,0],["2024-07-06T00:00:00+00:00",3,2,0],["2024-09-06T00:00:00+00:00",3,2,0],["2024-12-01T00:00:00+00:00",3,2,0],["2025-02-25T00:00:00+00:00",3,2,0],["2025-04-04T00:00:00+00:00",3,2,0],["2025-07-08T00:00:00+00:00",3,2,0],["2025-09-22T00:00:00+00:00",3,2,0]]},"geometry":{"type":"Point","coordinates":[34.452267,31.511557]}},{"type":"Feature","properties":{"site_id":26,"event_code":"CE20231007PSE","latest_date":"2025-09-22T00:00:00+00:00","latest_class":3,"pass_count":11,"h":[["2024-01-06T00:00:00+00:00",3,2,3],["2024-02-29T00:00:00+00:00",3,2,0],["2024-04-01T00:00:00+00:00",3,2,0],["2024-05-03T00:00:00+00:00",3,2,0],["2024-07-06T00:00:00+00:00",3,2,0],["2024-09-06T00:00:00+00:00",3,2,0],["2024-12-01T00:00:00+00:00",3,2,0],["2025-02-25T00:00:00+00:00",3,2,0],["2025-04-04T00:00:00+00:00",3,2,0],["2025-07-08T00:00:00+00:00",3,2,0],["2025-09-22T00:00:00+00:00",3,2,0]]},"geometry":{"type":"Point","coordinates":[34.452383,31.511451]}},{"type":"Feature","properties":{"site_id":26,"event_code":"CE20231007PSE","latest_date":"2025-09-22T00:00:00+00:00","latest_class":3,"pass_count":11,"h":[["2024-01-06T00:00:00+00:00",3,2,3],["2024-02-29T00:00:00+00:00",3,2,0],["2024-04-01T00:00:00+00:00",3,2,0],["2024-05-03T00:00:00+00:00",3,2,0],["2024-07-06T00:00:00+00:00",3,2,0],["2024-09-06T00:00:00+00:00",3,2,0],["2024-12-01T00:00:00+00:00",3,2,0],["2025-02-25T00:00:00+00:00",3,2,0],["2025-04-04T00:00:00+00:00",3,2,0],["2025-07-08T00:00:00+00:00",3,2,0],["2025-09-22T00:00:00+00:00",3,2,0]]},"geometry":{"type":"Point","coordinates":[34.450374,31.510707]}},{"type":"Feature","properties":{"site_id":26,"event_code":"CE20231007PSE","latest_date":"2025-09-22T00:00:00+00:00","latest_class":3,"pass_count":11,"h":[["2024-01-06T00:00:00+00:00",3,2,3],["2024-02-29T00:00:00+00:00",3,2,0],["2024-04-01T00:00:00+00:00",3,2,0],["2024-05-03T00:00:00+00:00",3,2,0],["2024-07-06T00:00:00+00:00",3,2,0],["2024-09-06T00:00:00+00:00",3,2,0],["2024-12-01T00:00:00+00:00",3,2,0],["2025-02-25T00:00:00+00:00",3,2,0],["2025-04-04T00:00:00+00:00",3,2,0],["2025-07-08T00:00:00+00:00",3,2,0],["2025-09-22T00:00:00+00:00",3,2,0]]},"geometry":{"type":"Point","coordinates":[34.450494,31.510852]}},{"type":"Feature","properties":{"site_id":26,"event_code":"CE20231007PSE","latest_date":"2025-09-22T00:00:00+00:00","latest_class":1,"pass_count":12,"h":[["2023-11-26T00:00:00+00:00",4,3,3],["2024-01-06T00:00:00+00:00",1,1,1],["2024-02-29T00:00:00+00:00",1,1,0],["2024-04-01T00:00:00+00:00",1,1,0],["2024-05-03T00:00:00+00:00",1,1,0],["2024-07-06T00:00:00+00:00",1,1,0],["2024-09-06T00:00:00+00:00",1,1,0],["2024-12-01T00:00:00+00:00",1,1,0],["2025-02-25T00:00:00+00:00",1,1,0],["2025-04-04T00:00:00+00:00",1,1,0],["2025-07-08T00:00:00+00:00",1,1,0],["2025-09-22T00:00:00+00:00",1,1,0]]},"geometry":{"type":"Point","coordinates":[34.450875,31.509177]}},{"type":"Feature","properties":{"site_id":26,"event_code":"CE20231007PSE","latest_date":"2025-09-22T00:00:00+00:00","latest_class":1,"pass_count":9,"h":[["2024-04-01T00:00:00+00:00",1,1,3],["2024-05-03T00:00:00+00:00",1,1,0],["2024-07-06T00:00:00+00:00",1,1,0],["2024-09-06T00:00:00+00:00",1,1,0],["2024-12-01T00:00:00+00:00",1,1,0],["2025-02-25T00:00:00+00:00",1,1,0],["2025-04-04T00:00:00+00:00",1,1,0],["2025-07-08T00:00:00+00:00",1,1,0],["2025-09-22T00:00:00+00:00",1,1,0]]},"geometry":{"type":"Point","coordinates":[34.451326,31.511989]}},{"type":"Feature","properties":{"site_id":26,"event_code":"CE20231007PSE","latest_date":"2025-09-22T00:00:00+00:00","latest_class":3,"pass_count":9,"h":[["2024-04-01T00:00:00+00:00",3,2,3],["2024-05-03T00:00:00+00:00",3,2,0],["2024-07-06T00:00:00+00:00",3,2,0],["2024-09-06T00:00:00+00:00",3,2,0],["2024-12-01T00:00:00+00:00",3,2,0],["2025-02-25T00:00:00+00:00",3,2,0],["2025-04-04T00:00:00+00:00",3,2,0],["2025-07-08T00:00:00+00:00",3,2,0],["2025-09-22T00:00:00+00:00",3,2,0]]},"geometry":{"type":"Point","coordinates":[34.451076,31.512158]}},{"type":"Feature","properties":{"site_id":53,"event_code":"CE20231007PSE","latest_date":"2025-09-22T00:00:00+00:00","latest_class":3,"pass_count":13,"h":[["2023-11-07T00:00:00+00:00",3,2,3],["2023-11-26T00:00:00+00:00",3,2,0],["2024-01-06T00:00:00+00:00",3,2,0],["2024-02-29T00:00:00+00:00",3,2,0],["2024-04-01T00:00:00+00:00",3,2,0],["2024-05-03T00:00:00+00:00",3,2,0],["2024-07-06T00:00:00+00:00",3,2,0],["2024-09-06T00:00:00+00:00",3,2,0],["2024-12-01T00:00:00+00:00",3,2,0],["2025-02-25T00:00:00+00:00",3,2,0],["2025-04-04T00:00:00+00:00",3,2,0],["2025-07-08T00:00:00+00:00",3,2,0],["2025-09-22T00:00:00+00:00",3,2,0]]},"geometry":{"type":"Point","coordinates":[34.456392,31.506398]}},{"type":"Feature","properties":{"site_id":26,"event_code":"CE20231007PSE","latest_date":"2025-09-22T00:00:00+00:00","latest_class":3,"pass_count":13,"h":[["2023-11-07T00:00:00+00:00",3,2,3],["2023-11-26T00:00:00+00:00",3,2,0],["2024-01-06T00:00:00+00:00",3,2,0],["2024-02-29T00:00:00+00:00",3,2,0],["2024-04-01T00:00:00+00:00",3,2,0],["2024-05-03T00:00:00+00:00",3,2,0],["2024-07-06T00:00:00+00:00",3,2,0],["2024-09-06T00:00:00+00:00",3,2,0],["2024-12-01T00:00:00+00:00",3,2,0],["2025-02-25T00:00:00+00:00",3,2,0],["2025-04-04T00:00:00+00:00",3,2,0],["2025-07-08T00:00:00+00:00",3,2,0],["2025-09-22T00:00:00+00:00",3,2,0]]},"geometry":{"type":"Point","coordinates":[34.45636,31.506679]}},{"type":"Feature","properties":{"site_id":53,"event_code":"CE20231007PSE","latest_date":"2025-09-22T00:00:00+00:00","latest_class":3,"pass_count":13,"h":[["2023-11-07T00:00:00+00:00",3,2,3],["2023-11-26T00:00:00+00:00",3,2,0],["2024-01-06T00:00:00+00:00",3,2,0],["2024-02-29T00:00:00+00:00",3,2,0],["2024-04-01T00:00:00+00:00",3,2,0],["2024-05-03T00:00:00+00:00",3,2,0],["2024-07-06T00:00:00+00:00",3,2,0],["2024-09-06T00:00:00+00:00",3,2,0],["2024-12-01T00:00:00+00:00",3,2,0],["2025-02-25T00:00:00+00:00",3,2,0],["2025-04-04T00:00:00+00:00",3,2,0],["2025-07-08T00:00:00+00:00",3,2,0],["2025-09-22T00:00:00+00:00",3,2,0]]},"geometry":{"type":"Point","coordinates":[34.456575,31.506466]}},{"type":"Feature","properties":{"site_id":26,"event_code":"CE20231007PSE","latest_date":"2025-09-22T00:00:00+00:00","latest_class":2,"pass_count":13,"h":[["2023-11-07T00:00:00+00:00",2,1,3],["2023-11-26T00:00:00+00:00",2,1,0],["2024-01-06T00:00:00+00:00",2,1,0],["2024-02-29T00:00:00+00:00",2,1,0],["2024-04-01T00:00:00+00:00",2,1,0],["2024-05-03T00:00:00+00:00",2,1,0],["2024-07-06T00:00:00+00:00",2,1,0],["2024-09-06T00:00:00+00:00",2,1,0],["2024-12-01T00:00:00+00:00",2,1,0],["2025-02-25T00:00:00+00:00",2,1,0],["2025-04-04T00:00:00+00:00",2,1,0],["2025-07-08T00:00:00+00:00",2,1,0],["2025-09-22T00:00:00+00:00",2,1,0]]},"geometry":{"type":"Point","coordinates":[34.456464,31.506873]}},{"type":"Feature","properties":{"site_id":26,"event_code":"CE20231007PSE","latest_date":"2025-09-22T00:00:00+00:00","latest_class":3,"pass_count":13,"h":[["2023-11-07T00:00:00+00:00",3,2,3],["2023-11-26T00:00:00+00:00",3,2,0],["2024-01-06T00:00:00+00:00",3,2,0],["2024-02-29T00:00:00+00:00",3,2,0],["2024-04-01T00:00:00+00:00",3,2,0],["2024-05-03T00:00:00+00:00",3,2,0],["2024-07-06T00:00:00+00:00",3,2,0],["2024-09-06T00:00:00+00:00",3,2,0],["2024-12-01T00:00:00+00:00",3,2,0],["2025-02-25T00:00:00+00:00",3,2,0],["2025-04-04T00:00:00+00:00",3,2,0],["2025-07-08T00:00:00+00:00",3,2,0],["2025-09-22T00:00:00+00:00",3,2,0]]},"geometry":{"type":"Point","coordinates":[34.456585,31.506934]}},{"type":"Feature","properties":{"site_id":26,"event_code":"CE20231007PSE","latest_date":"2025-09-22T00:00:00+00:00","latest_class":3,"pass_count":12,"h":[["2023-11-26T00:00:00+00:00",3,2,3],["2024-01-06T00:00:00+00:00",3,2,0],["2024-02-29T00:00:00+00:00",3,2,0],["2024-04-01T00:00:00+00:00",3,2,0],["2024-05-03T00:00:00+00:00",3,2,0],["2024-07-06T00:00:00+00:00",3,2,0],["2024-09-06T00:00:00+00:00",3,2,0],["2024-12-01T00:00:00+00:00",3,2,0],["2025-02-25T00:00:00+00:00",3,2,0],["2025-04-04T00:00:00+00:00",3,2,0],["2025-07-08T00:00:00+00:00",3,2,0],["2025-09-22T00:00:00+00:00",3,2,0]]},"geometry":{"type":"Point","coordinates":[34.45641,31.507361]}},{"type":"Feature","properties":{"site_id":26,"event_code":"CE20231007PSE","latest_date":"2025-09-22T00:00:00+00:00","latest_class":3,"pass_count":11,"h":[["2024-01-06T00:00:00+00:00",3,2,3],["2024-02-29T00:00:00+00:00",3,2,0],["2024-04-01T00:00:00+00:00",3,2,0],["2024-05-03T00:00:00+00:00",3,2,0],["2024-07-06T00:00:00+00:00",3,2,0],["2024-09-06T00:00:00+00:00",3,2,0],["2024-12-01T00:00:00+00:00",3,2,0],["2025-02-25T00:00:00+00:00",3,2,0],["2025-04-04T00:00:00+00:00",3,2,0],["2025-07-08T00:00:00+00:00",3,2,0],["2025-09-22T00:00:00+00:00",3,2,0]]},"geometry":{"type":"Point","coordinates":[34.456623,31.506148]}},{"type":"Feature","properties":{"site_id":26,"event_code":"CE20231007PSE","latest_date":"2025-09-22T00:00:00+00:00","latest_class":3,"pass_count":13,"h":[["2023-11-07T00:00:00+00:00",4,3,3],["2023-11-26T00:00:00+00:00",3,2,1],["2024-01-06T00:00:00+00:00",3,2,0],["2024-02-29T00:00:00+00:00",3,2,0],["2024-04-01T00:00:00+00:00",3,2,0],["2024-05-03T00:00:00+00:00",3,2,0],["2024-07-06T00:00:00+00:00",3,2,0],["2024-09-06T00:00:00+00:00",3,2,0],["2024-12-01T00:00:00+00:00",3,2,0],["2025-02-25T00:00:00+00:00",3,2,0],["2025-04-04T00:00:00+00:00",3,2,0],["2025-07-08T00:00:00+00:00",3,2,0],["2025-09-22T00:00:00+00:00",3,2,0]]},"geometry":{"type":"Point","coordinates":[34.45669,31.507075]}},{"type":"Feature","properties":{"site_id":26,"event_code":"CE20231007PSE","latest_date":"2025-09-22T00:00:00+00:00","latest_class":1,"pass_count":13,"h":[["2023-11-07T00:00:00+00:00",1,1,3],["2023-11-26T00:00:00+00:00",1,1,0],["2024-01-06T00:00:00+00:00",1,1,0],["2024-02-29T00:00:00+00:00",1,1,0],["2024-04-01T00:00:00+00:00",1,1,0],["2024-05-03T00:00:00+00:00",1,1,0],["2024-07-06T00:00:00+00:00",1,1,0],["2024-09-06T00:00:00+00:00",1,1,0],["2024-12-01T00:00:00+00:00",1,1,0],["2025-02-25T00:00:00+00:00",1,1,0],["2025-04-04T00:00:00+00:00",1,1,0],["2025-07-08T00:00:00+00:00",1,1,0],["2025-09-22T00:00:00+00:00",1,1,0]]},"geometry":{"type":"Point","coordinates":[34.458515,31.508064]}},{"type":"Feature","properties":{"site_id":26,"event_code":"CE20231007PSE","latest_date":"2025-09-22T00:00:00+00:00","latest_class":1,"pass_count":13,"h":[["2023-11-07T00:00:00+00:00",1,1,3],["2023-11-26T00:00:00+00:00",1,1,0],["2024-01-06T00:00:00+00:00",1,1,0],["2024-02-29T00:00:00+00:00",1,1,0],["2024-04-01T00:00:00+00:00",1,1,0],["2024-05-03T00:00:00+00:00",1,1,0],["2024-07-06T00:00:00+00:00",1,1,0],["2024-09-06T00:00:00+00:00",1,1,0],["2024-12-01T00:00:00+00:00",1,1,0],["2025-02-25T00:00:00+00:00",1,1,0],["2025-04-04T00:00:00+00:00",1,1,0],["2025-07-08T00:00:00+00:00",1,1,0],["2025-09-22T00:00:00+00:00",1,1,0]]},"geometry":{"type":"Point","coordinates":[34.458692,31.507934]}},{"type":"Feature","properties":{"site_id":26,"event_code":"CE20231007PSE","latest_date":"2025-09-22T00:00:00+00:00","latest_class":1,"pass_count":13,"h":[["2023-11-07T00:00:00+00:00",1,1,3],["2023-11-26T00:00:00+00:00",1,1,0],["2024-01-06T00:00:00+00:00",1,1,0],["2024-02-29T00:00:00+00:00",1,1,0],["2024-04-01T00:00:00+00:00",1,1,0],["2024-05-03T00:00:00+00:00",1,1,0],["2024-07-06T00:00:00+00:00",1,1,0],["2024-09-06T00:00:00+00:00",1,1,0],["2024-12-01T00:00:00+00:00",1,1,0],["2025-02-25T00:00:00+00:00",1,1,0],["2025-04-04T00:00:00+00:00",1,1,0],["2025-07-08T00:00:00+00:00",1,1,0],["2025-09-22T00:00:00+00:00",1,1,0]]},"geometry":{"type":"Point","coordinates":[34.45894,31.507766]}},{"type":"Feature","properties":{"site_id":26,"event_code":"CE20231007PSE","latest_date":"2025-09-22T00:00:00+00:00","latest_class":1,"pass_count":13,"h":[["2023-11-07T00:00:00+00:00",1,1,3],["2023-11-26T00:00:00+00:00",1,1,0],["2024-01-06T00:00:00+00:00",1,1,0],["2024-02-29T00:00:00+00:00",1,1,0],["2024-04-01T00:00:00+00:00",1,1,0],["2024-05-03T00:00:00+00:00",1,1,0],["2024-07-06T00:00:00+00:00",1,1,0],["2024-09-06T00:00:00+00:00",1,1,0],["2024-12-01T00:00:00+00:00",1,1,0],["2025-02-25T00:00:00+00:00",1,1,0],["2025-04-04T00:00:00+00:00",1,1,0],["2025-07-08T00:00:00+00:00",1,1,0],["2025-09-22T00:00:00+00:00",1,1,0]]},"geometry":{"type":"Point","coordinates":[34.458144,31.508302]}},{"type":"Feature","properties":{"site_id":26,"event_code":"CE20231007PSE","latest_date":"2025-09-22T00:00:00+00:00","latest_class":2,"pass_count":12,"h":[["2023-11-26T00:00:00+00:00",2,1,3],["2024-01-06T00:00:00+00:00",2,1,0],["2024-02-29T00:00:00+00:00",2,1,0],["2024-04-01T00:00:00+00:00",2,1,0],["2024-05-03T00:00:00+00:00",2,1,0],["2024-07-06T00:00:00+00:00",2,1,0],["2024-09-06T00:00:00+00:00",2,1,0],["2024-12-01T00:00:00+00:00",2,1,0],["2025-02-25T00:00:00+00:00",2,1,0],["2025-04-04T00:00:00+00:00",2,1,0],["2025-07-08T00:00:00+00:00",2,1,0],["2025-09-22T00:00:00+00:00",2,1,0]]},"geometry":{"type":"Point","coordinates":[34.457934,31.506696]}},{"type":"Feature","properties":{"site_id":26,"event_code":"CE20231007PSE","latest_date":"2025-09-22T00:00:00+00:00","latest_class":2,"pass_count":12,"h":[["2023-11-26T00:00:00+00:00",2,1,3],["2024-01-06T00:00:00+00:00",2,1,0],["2024-02-29T00:00:00+00:00",2,1,0],["2024-04-01T00:00:00+00:00",2,1,0],["2024-05-03T00:00:00+00:00",2,1,0],["2024-07-06T00:00:00+00:00",2,1,0],["2024-09-06T00:00:00+00:00",2,1,0],["2024-12-01T00:00:00+00:00",2,1,0],["2025-02-25T00:00:00+00:00",2,1,0],["2025-04-04T00:00:00+00:00",2,1,0],["2025-07-08T00:00:00+00:00",2,1,0],["2025-09-22T00:00:00+00:00",2,1,0]]},"geometry":{"type":"Point","coordinates":[34.457953,31.506409]}},{"type":"Feature","properties":{"site_id":1,"event_code":"CE20231007PSE","latest_date":"2025-09-22T00:00:00+00:00","latest_class":3,"pass_count":12,"h":[["2023-11-26T00:00:00+00:00",3,2,3],["2024-01-06T00:00:00+00:00",3,2,0],["2024-02-29T00:00:00+00:00",3,2,0],["2024-04-01T00:00:00+00:00",3,2,0],["2024-05-03T00:00:00+00:00",3,2,0],["2024-07-06T00:00:00+00:00",3,2,0],["2024-09-06T00:00:00+00:00",3,2,0],["2024-12-01T00:00:00+00:00",3,2,0],["2025-02-25T00:00:00+00:00",3,2,0],["2025-04-04T00:00:00+00:00",3,2,0],["2025-07-08T00:00:00+00:00",3,2,0],["2025-09-22T00:00:00+00:00",3,2,0]]},"geometry":{"type":"Point","coordinates":[34.456982,31.507286]}},{"type":"Feature","properties":{"site_id":26,"event_code":"CE20231007PSE","latest_date":"2025-09-22T00:00:00+00:00","latest_class":2,"pass_count":12,"h":[["2023-11-26T00:00:00+00:00",2,1,3],["2024-01-06T00:00:00+00:00",2,1,0],["2024-02-29T00:00:00+00:00",2,1,0],["2024-04-01T00:00:00+00:00",2,1,0],["2024-05-03T00:00:00+00:00",2,1,0],["2024-07-06T00:00:00+00:00",2,1,0],["2024-09-06T00:00:00+00:00",2,1,0],["2024-12-01T00:00:00+00:00",2,1,0],["2025-02-25T00:00:00+00:00",2,1,0],["2025-04-04T00:00:00+00:00",2,1,0],["2025-07-08T00:00:00+00:00",2,1,0],["2025-09-22T00:00:00+00:00",2,1,0]]},"geometry":{"type":"Point","coordinates":[34.458146,31.505883]}},{"type":"Feature","properties":{"site_id":26,"event_code":"CE20231007PSE","latest_date":"2025-09-22T00:00:00+00:00","latest_class":1,"pass_count":12,"h":[["2023-11-26T00:00:00+00:00",1,1,3],["2024-01-06T00:00:00+00:00",1,1,0],["2024-02-29T00:00:00+00:00",1,1,0],["2024-04-01T00:00:00+00:00",1,1,0],["2024-05-03T00:00:00+00:00",1,1,0],["2024-07-06T00:00:00+00:00",1,1,0],["2024-09-06T00:00:00+00:00",1,1,0],["2024-12-01T00:00:00+00:00",1,1,0],["2025-02-25T00:00:00+00:00",1,1,0],["2025-04-04T00:00:00+00:00",1,1,0],["2025-07-08T00:00:00+00:00",1,1,0],["2025-09-22T00:00:00+00:00",1,1,0]]},"geometry":{"type":"Point","coordinates":[34.457317,31.506776]}},{"type":"Feature","properties":{"site_id":26,"event_code":"CE20231007PSE","latest_date":"2025-09-22T00:00:00+00:00","latest_class":3,"pass_count":12,"h":[["2023-11-26T00:00:00+00:00",3,2,3],["2024-01-06T00:00:00+00:00",3,2,0],["2024-02-29T00:00:00+00:00",3,2,0],["2024-04-01T00:00:00+00:00",3,2,0],["2024-05-03T00:00:00+00:00",3,2,0],["2024-07-06T00:00:00+00:00",3,2,0],["2024-09-06T00:00:00+00:00",3,2,0],["2024-12-01T00:00:00+00:00",3,2,0],["2025-02-25T00:00:00+00:00",3,2,0],["2025-04-04T00:00:00+00:00",3,2,0],["2025-07-08T00:00:00+00:00",3,2,0],["2025-09-22T00:00:00+00:00",3,2,0]]},"geometry":{"type":"Point","coordinates":[34.457426,31.507005]}},{"type":"Feature","properties":{"site_id":26,"event_code":"CE20231007PSE","latest_date":"2025-09-22T00:00:00+00:00","latest_class":3,"pass_count":12,"h":[["2023-11-26T00:00:00+00:00",3,2,3],["2024-01-06T00:00:00+00:00",3,2,0],["2024-02-29T00:00:00+00:00",3,2,0],["2024-04-01T00:00:00+00:00",3,2,0],["2024-05-03T00:00:00+00:00",3,2,0],["2024-07-06T00:00:00+00:00",3,2,0],["2024-09-06T00:00:00+00:00",3,2,0],["2024-12-01T00:00:00+00:00",3,2,0],["2025-02-25T00:00:00+00:00",3,2,0],["2025-04-04T00:00:00+00:00",3,2,0],["2025-07-08T00:00:00+00:00",3,2,0],["2025-09-22T00:00:00+00:00",3,2,0]]},"geometry":{"type":"Point","coordinates":[34.457589,31.506788]}},{"type":"Feature","properties":{"site_id":26,"event_code":"CE20231007PSE","latest_date":"2025-09-22T00:00:00+00:00","latest_class":3,"pass_count":12,"h":[["2023-11-26T00:00:00+00:00",3,2,3],["2024-01-06T00:00:00+00:00",3,2,0],["2024-02-29T00:00:00+00:00",3,2,0],["2024-04-01T00:00:00+00:00",3,2,0],["2024-05-03T00:00:00+00:00",3,2,0],["2024-07-06T00:00:00+00:00",3,2,0],["2024-09-06T00:00:00+00:00",3,2,0],["2024-12-01T00:00:00+00:00",3,2,0],["2025-02-25T00:00:00+00:00",3,2,0],["2025-04-04T00:00:00+00:00",3,2,0],["2025-07-08T00:00:00+00:00",3,2,0],["2025-09-22T00:00:00+00:00",3,2,0]]},"geometry":{"type":"Point","coordinates":[34.458555,31.504755]}},{"type":"Feature","properties":{"site_id":26,"event_code":"CE20231007PSE","latest_date":"2025-09-22T00:00:00+00:00","latest_class":3,"pass_count":12,"h":[["2023-11-26T00:00:00+00:00",3,2,3],["2024-01-06T00:00:00+00:00",3,2,0],["2024-02-29T00:00:00+00:00",3,2,0],["2024-04-01T00:00:00+00:00",3,2,0],["2024-05-03T00:00:00+00:00",3,2,0],["2024-07-06T00:00:00+00:00",3,2,0],["2024-09-06T00:00:00+00:00",3,2,0],["2024-12-01T00:00:00+00:00",3,2,0],["2025-02-25T00:00:00+00:00",3,2,0],["2025-04-04T00:00:00+00:00",3,2,0],["2025-07-08T00:00:00+00:00",3,2,0],["2025-09-22T00:00:00+00:00",3,2,0]]},"geometry":{"type":"Point","coordinates":[34.458632,31.504865]}},{"type":"Feature","properties":{"site_id":5,"event_code":"CE20231007PSE","latest_date":"2025-09-22T00:00:00+00:00","latest_class":2,"pass_count":11,"h":[["2024-01-06T00:00:00+00:00",2,1,3],["2024-02-29T00:00:00+00:00",2,1,0],["2024-04-01T00:00:00+00:00",2,1,0],["2024-05-03T00:00:00+00:00",2,1,0],["2024-07-06T00:00:00+00:00",2,1,0],["2024-09-06T00:00:00+00:00",2,1,0],["2024-12-01T00:00:00+00:00",2,1,0],["2025-02-25T00:00:00+00:00",2,1,0],["2025-04-04T00:00:00+00:00",2,1,0],["2025-07-08T00:00:00+00:00",2,1,0],["2025-09-22T00:00:00+00:00",2,1,0]]},"geometry":{"type":"Point","coordinates":[34.457597,31.508194]}},{"type":"Feature","properties":{"site_id":5,"event_code":"CE20231007PSE","latest_date":"2025-09-22T00:00:00+00:00","latest_class":2,"pass_count":11,"h":[["2024-01-06T00:00:00+00:00",2,1,3],["2024-02-29T00:00:00+00:00",2,1,0],["2024-04-01T00:00:00+00:00",2,1,0],["2024-05-03T00:00:00+00:00",2,1,0],["2024-07-06T00:00:00+00:00",2,1,0],["2024-09-06T00:00:00+00:00",2,1,0],["2024-12-01T00:00:00+00:00",2,1,0],["2025-02-25T00:00:00+00:00",2,1,0],["2025-04-04T00:00:00+00:00",2,1,0],["2025-07-08T00:00:00+00:00",2,1,0],["2025-09-22T00:00:00+00:00",2,1,0]]},"geometry":{"type":"Point","coordinates":[34.457694,31.507349]}},{"type":"Feature","properties":{"site_id":26,"event_code":"CE20231007PSE","latest_date":"2025-09-22T00:00:00+00:00","latest_class":3,"pass_count":11,"h":[["2024-01-06T00:00:00+00:00",3,2,3],["2024-02-29T00:00:00+00:00",3,2,0],["2024-04-01T00:00:00+00:00",3,2,0],["2024-05-03T00:00:00+00:00",3,2,0],["2024-07-06T00:00:00+00:00",3,2,0],["2024-09-06T00:00:00+00:00",3,2,0],["2024-12-01T00:00:00+00:00",3,2,0],["2025-02-25T00:00:00+00:00",3,2,0],["2025-04-04T00:00:00+00:00",3,2,0],["2025-07-08T00:00:00+00:00",3,2,0],["2025-09-22T00:00:00+00:00",3,2,0]]},"geometry":{"type":"Point","coordinates":[34.457407,31.506149]}},{"type":"Feature","properties":{"site_id":26,"event_code":"CE20231007PSE","latest_date":"2025-09-22T00:00:00+00:00","latest_class":2,"pass_count":11,"h":[["2024-01-06T00:00:00+00:00",2,1,3],["2024-02-29T00:00:00+00:00",2,1,0],["2024-04-01T00:00:00+00:00",2,1,0],["2024-05-03T00:00:00+00:00",2,1,0],["2024-07-06T00:00:00+00:00",2,1,0],["2024-09-06T00:00:00+00:00",2,1,0],["2024-12-01T00:00:00+00:00",2,1,0],["2025-02-25T00:00:00+00:00",2,1,0],["2025-04-04T00:00:00+00:00",2,1,0],["2025-07-08T00:00:00+00:00",2,1,0],["2025-09-22T00:00:00+00:00",2,1,0]]},"geometry":{"type":"Point","coordinates":[34.458797,31.505828]}},{"type":"Feature","properties":{"site_id":26,"event_code":"CE20231007PSE","latest_date":"2025-09-22T00:00:00+00:00","latest_class":3,"pass_count":11,"h":[["2024-01-06T00:00:00+00:00",3,2,3],["2024-02-29T00:00:00+00:00",3,2,0],["2024-04-01T00:00:00+00:00",3,2,0],["2024-05-03T00:00:00+00:00",3,2,0],["2024-07-06T00:00:00+00:00",3,2,0],["2024-09-06T00:00:00+00:00",3,2,0],["2024-12-01T00:00:00+00:00",3,2,0],["2025-02-25T00:00:00+00:00",3,2,0],["2025-04-04T00:00:00+00:00",3,2,0],["2025-07-08T00:00:00+00:00",3,2,0],["2025-09-22T00:00:00+00:00",3,2,0]]},"geometry":{"type":"Point","coordinates":[34.458877,31.50607]}},{"type":"Feature","properties":{"site_id":26,"event_code":"CE20231007PSE","latest_date":"2025-09-22T00:00:00+00:00","latest_class":3,"pass_count":11,"h":[["2024-01-06T00:00:00+00:00",3,2,3],["2024-02-29T00:00:00+00:00",3,2,0],["2024-04-01T00:00:00+00:00",3,2,0],["2024-05-03T00:00:00+00:00",3,2,0],["2024-07-06T00:00:00+00:00",3,2,0],["2024-09-06T00:00:00+00:00",3,2,0],["2024-12-01T00:00:00+00:00",3,2,0],["2025-02-25T00:00:00+00:00",3,2,0],["2025-04-04T00:00:00+00:00",3,2,0],["2025-07-08T00:00:00+00:00",3,2,0],["2025-09-22T00:00:00+00:00",3,2,0]]},"geometry":{"type":"Point","coordinates":[34.458943,31.506206]}},{"type":"Feature","properties":{"site_id":26,"event_code":"CE20231007PSE","latest_date":"2025-09-22T00:00:00+00:00","latest_class":2,"pass_count":12,"h":[["2023-11-26T00:00:00+00:00",4,3,3],["2024-01-06T00:00:00+00:00",2,1,1],["2024-02-29T00:00:00+00:00",2,1,0],["2024-04-01T00:00:00+00:00",2,1,0],["2024-05-03T00:00:00+00:00",2,1,0],["2024-07-06T00:00:00+00:00",2,1,0],["2024-09-06T00:00:00+00:00",2,1,0],["2024-12-01T00:00:00+00:00",2,1,0],["2025-02-25T00:00:00+00:00",2,1,0],["2025-04-04T00:00:00+00:00",2,1,0],["2025-07-08T00:00:00+00:00",2,1,0],["2025-09-22T00:00:00+00:00",2,1,0]]},"geometry":{"type":"Point","coordinates":[34.458091,31.506615]}},{"type":"Feature","properties":{"site_id":26,"event_code":"CE20231007PSE","latest_date":"2025-09-22T00:00:00+00:00","latest_class":1,"pass_count":11,"h":[["2024-01-06T00:00:00+00:00",2,1,3],["2024-02-29T00:00:00+00:00",1,1,1],["2024-04-01T00:00:00+00:00",1,1,0],["2024-05-03T00:00:00+00:00",1,1,0],["2024-07-06T00:00:00+00:00",1,1,0],["2024-09-06T00:00:00+00:00",1,1,0],["2024-12-01T00:00:00+00:00",1,1,0],["2025-02-25T00:00:00+00:00",1,1,0],["2025-04-04T00:00:00+00:00",1,1,0],["2025-07-08T00:00:00+00:00",1,1,0],["2025-09-22T00:00:00+00:00",1,1,0]]},"geometry":{"type":"Point","coordinates":[34.458306,31.506469]}},{"type":"Feature","properties":{"site_id":26,"event_code":"CE20231007PSE","latest_date":"2025-09-22T00:00:00+00:00","latest_class":3,"pass_count":11,"h":[["2024-01-06T00:00:00+00:00",3,2,3],["2024-02-29T00:00:00+00:00",3,2,0],["2024-04-01T00:00:00+00:00",3,2,0],["2024-05-03T00:00:00+00:00",3,2,0],["2024-07-06T00:00:00+00:00",3,2,0],["2024-09-06T00:00:00+00:00",3,2,0],["2024-12-01T00:00:00+00:00",3,2,0],["2025-02-25T00:00:00+00:00",3,2,0],["2025-04-04T00:00:00+00:00",3,2,0],["2025-07-08T00:00:00+00:00",3,2,0],["2025-09-22T00:00:00+00:00",3,2,0]]},"geometry":{"type":"Point","coordinates":[34.458297,31.506235]}},{"type":"Feature","properties":{"site_id":26,"event_code":"CE20231007PSE","latest_date":"2025-09-22T00:00:00+00:00","latest_class":3,"pass_count":11,"h":[["2024-01-06T00:00:00+00:00",3,2,3],["2024-02-29T00:00:00+00:00",3,2,0],["2024-04-01T00:00:00+00:00",3,2,0],["2024-05-03T00:00:00+00:00",3,2,0],["2024-07-06T00:00:00+00:00",3,2,0],["2024-09-06T00:00:00+00:00",3,2,0],["2024-12-01T00:00:00+00:00",3,2,0],["2025-02-25T00:00:00+00:00",3,2,0],["2025-04-04T00:00:00+00:00",3,2,0],["2025-07-08T00:00:00+00:00",3,2,0],["2025-09-22T00:00:00+00:00",3,2,0]]},"geometry":{"type":"Point","coordinates":[34.457889,31.50608]}},{"type":"Feature","properties":{"site_id":26,"event_code":"CE20231007PSE","latest_date":"2025-09-22T00:00:00+00:00","latest_class":3,"pass_count":12,"h":[["2023-11-26T00:00:00+00:00",4,3,3],["2024-01-06T00:00:00+00:00",3,2,1],["2024-02-29T00:00:00+00:00",3,2,0],["2024-04-01T00:00:00+00:00",3,2,0],["2024-05-03T00:00:00+00:00",3,2,0],["2024-07-06T00:00:00+00:00",3,2,0],["2024-09-06T00:00:00+00:00",3,2,0],["2024-12-01T00:00:00+00:00",3,2,0],["2025-02-25T00:00:00+00:00",3,2,0],["2025-04-04T00:00:00+00:00",3,2,0],["2025-07-08T00:00:00+00:00",3,2,0],["2025-09-22T00:00:00+00:00",3,2,0]]},"geometry":{"type":"Point","coordinates":[34.457985,31.50572]}},{"type":"Feature","properties":{"site_id":26,"event_code":"CE20231007PSE","latest_date":"2025-09-22T00:00:00+00:00","latest_class":3,"pass_count":12,"h":[["2023-11-26T00:00:00+00:00",4,3,3],["2024-01-06T00:00:00+00:00",3,2,1],["2024-02-29T00:00:00+00:00",3,2,0],["2024-04-01T00:00:00+00:00",3,2,0],["2024-05-03T00:00:00+00:00",3,2,0],["2024-07-06T00:00:00+00:00",3,2,0],["2024-09-06T00:00:00+00:00",3,2,0],["2024-12-01T00:00:00+00:00",3,2,0],["2025-02-25T00:00:00+00:00",3,2,0],["2025-04-04T00:00:00+00:00",3,2,0],["2025-07-08T00:00:00+00:00",3,2,0],["2025-09-22T00:00:00+00:00",3,2,0]]},"geometry":{"type":"Point","coordinates":[34.457839,31.505532]}},{"type":"Feature","properties":{"site_id":26,"event_code":"CE20231007PSE","latest_date":"2025-09-22T00:00:00+00:00","latest_class":3,"pass_count":11,"h":[["2024-01-06T00:00:00+00:00",3,2,3],["2024-02-29T00:00:00+00:00",3,2,0],["2024-04-01T00:00:00+00:00",3,2,0],["2024-05-03T00:00:00+00:00",3,2,0],["2024-07-06T00:00:00+00:00",3,2,0],["2024-09-06T00:00:00+00:00",3,2,0],["2024-12-01T00:00:00+00:00",3,2,0],["2025-02-25T00:00:00+00:00",3,2,0],["2025-04-04T00:00:00+00:00",3,2,0],["2025-07-08T00:00:00+00:00",3,2,0],["2025-09-22T00:00:00+00:00",3,2,0]]},"geometry":{"type":"Point","coordinates":[34.457957,31.50546]}},{"type":"Feature","properties":{"site_id":26,"event_code":"CE20231007PSE","latest_date":"2025-09-22T00:00:00+00:00","latest_class":1,"pass_count":10,"h":[["2024-02-29T00:00:00+00:00",1,1,3],["2024-04-01T00:00:00+00:00",1,1,0],["2024-05-03T00:00:00+00:00",1,1,0],["2024-07-06T00:00:00+00:00",1,1,0],["2024-09-06T00:00:00+00:00",1,1,0],["2024-12-01T00:00:00+00:00",1,1,0],["2025-02-25T00:00:00+00:00",1,1,0],["2025-04-04T00:00:00+00:00",1,1,0],["2025-07-08T00:00:00+00:00",1,1,0],["2025-09-22T00:00:00+00:00",1,1,0]]},"geometry":{"type":"Point","coordinates":[34.45839,31.507198]}},{"type":"Feature","properties":{"site_id":26,"event_code":"CE20231007PSE","latest_date":"2025-09-22T00:00:00+00:00","latest_class":1,"pass_count":10,"h":[["2024-02-29T00:00:00+00:00",1,1,3],["2024-04-01T00:00:00+00:00",1,1,0],["2024-05-03T00:00:00+00:00",1,1,0],["2024-07-06T00:00:00+00:00",1,1,0],["2024-09-06T00:00:00+00:00",1,1,0],["2024-12-01T00:00:00+00:00",1,1,0],["2025-02-25T00:00:00+00:00",1,1,0],["2025-04-04T00:00:00+00:00",1,1,0],["2025-07-08T00:00:00+00:00",1,1,0],["2025-09-22T00:00:00+00:00",1,1,0]]},"geometry":{"type":"Point","coordinates":[34.458272,31.506973]}},{"type":"Feature","properties":{"site_id":26,"event_code":"CE20231007PSE","latest_date":"2025-09-22T00:00:00+00:00","latest_class":1,"pass_count":10,"h":[["2024-02-29T00:00:00+00:00",3,2,3],["2024-04-01T00:00:00+00:00",3,2,0],["2024-05-03T00:00:00+00:00",3,2,0],["2024-07-06T00:00:00+00:00",3,2,0],["2024-09-06T00:00:00+00:00",3,2,0],["2024-12-01T00:00:00+00:00",1,1,1],["2025-02-25T00:00:00+00:00",1,1,0],["2025-04-04T00:00:00+00:00",1,1,0],["2025-07-08T00:00:00+00:00",1,1,0],["2025-09-22T00:00:00+00:00",1,1,0]]},"geometry":{"type":"Point","coordinates":[34.458718,31.5071]}},{"type":"Feature","properties":{"site_id":26,"event_code":"CE20231007PSE","latest_date":"2025-09-22T00:00:00+00:00","latest_class":3,"pass_count":10,"h":[["2024-02-29T00:00:00+00:00",3,2,3],["2024-04-01T00:00:00+00:00",3,2,0],["2024-05-03T00:00:00+00:00",3,2,0],["2024-07-06T00:00:00+00:00",3,2,0],["2024-09-06T00:00:00+00:00",3,2,0],["2024-12-01T00:00:00+00:00",3,2,0],["2025-02-25T00:00:00+00:00",3,2,0],["2025-04-04T00:00:00+00:00",3,2,0],["2025-07-08T00:00:00+00:00",3,2,0],["2025-09-22T00:00:00+00:00",3,2,0]]},"geometry":{"type":"Point","coordinates":[34.458375,31.506794]}},{"type":"Feature","properties":{"site_id":26,"event_code":"CE20231007PSE","latest_date":"2025-09-22T00:00:00+00:00","latest_class":1,"pass_count":10,"h":[["2024-02-29T00:00:00+00:00",1,1,3],["2024-04-01T00:00:00+00:00",1,1,0],["2024-05-03T00:00:00+00:00",1,1,0],["2024-07-06T00:00:00+00:00",1,1,0],["2024-09-06T00:00:00+00:00",1,1,0],["2024-12-01T00:00:00+00:00",1,1,0],["2025-02-25T00:00:00+00:00",1,1,0],["2025-04-04T00:00:00+00:00",1,1,0],["2025-07-08T00:00:00+00:00",1,1,0],["2025-09-22T00:00:00+00:00",1,1,0]]},"geometry":{"type":"Point","coordinates":[34.458523,31.507152]}},{"type":"Feature","properties":{"site_id":26,"event_code":"CE20231007PSE","latest_date":"2025-09-22T00:00:00+00:00","latest_class":1,"pass_count":10,"h":[["2024-02-29T00:00:00+00:00",1,1,3],["2024-04-01T00:00:00+00:00",1,1,0],["2024-05-03T00:00:00+00:00",1,1,0],["2024-07-06T00:00:00+00:00",1,1,0],["2024-09-06T00:00:00+00:00",1,1,0],["2024-12-01T00:00:00+00:00",1,1,0],["2025-02-25T00:00:00+00:00",1,1,0],["2025-04-04T00:00:00+00:00",1,1,0],["2025-07-08T00:00:00+00:00",1,1,0],["2025-09-22T00:00:00+00:00",1,1,0]]},"geometry":{"type":"Point","coordinates":[34.458442,31.506912]}},{"type":"Feature","properties":{"site_id":26,"event_code":"CE20231007PSE","latest_date":"2025-09-22T00:00:00+00:00","latest_class":3,"pass_count":11,"h":[["2024-01-06T00:00:00+00:00",3,2,3],["2024-02-29T00:00:00+00:00",3,2,0],["2024-04-01T00:00:00+00:00",3,2,0],["2024-05-03T00:00:00+00:00",3,2,0],["2024-07-06T00:00:00+00:00",3,2,0],["2024-09-06T00:00:00+00:00",3,2,0],["2024-12-01T00:00:00+00:00",3,2,0],["2025-02-25T00:00:00+00:00",3,2,0],["2025-04-04T00:00:00+00:00",3,2,0],["2025-07-08T00:00:00+00:00",3,2,0],["2025-09-22T00:00:00+00:00",3,2,0]]},"geometry":{"type":"Point","coordinates":[34.458527,31.506025]}},{"type":"Feature","properties":{"site_id":26,"event_code":"CE20231007PSE","latest_date":"2025-09-22T00:00:00+00:00","latest_class":1,"pass_count":14,"h":[["2023-10-15T00:00:00+00:00",1,1,null],["2023-11-07T00:00:00+00:00",1,1,0],["2023-11-26T00:00:00+00:00",1,1,0],["2024-01-06T00:00:00+00:00",1,1,0],["2024-02-29T00:00:00+00:00",1,1,0],["2024-04-01T00:00:00+00:00",1,1,0],["2024-05-03T00:00:00+00:00",1,1,0],["2024-07-06T00:00:00+00:00",1,1,0],["2024-09-06T00:00:00+00:00",1,1,0],["2024-12-01T00:00:00+00:00",1,1,0],["2025-02-25T00:00:00+00:00",1,1,0],["2025-04-04T00:00:00+00:00",1,1,0],["2025-07-08T00:00:00+00:00",1,1,0],["2025-09-22T00:00:00+00:00",1,1,0]]},"geometry":{"type":"Point","coordinates":[34.451617,31.512853]}},{"type":"Feature","properties":{"site_id":26,"event_code":"CE20231007PSE","latest_date":"2025-09-22T00:00:00+00:00","latest_class":2,"pass_count":14,"h":[["2023-10-15T00:00:00+00:00",2,1,null],["2023-11-07T00:00:00+00:00",2,1,0],["2023-11-26T00:00:00+00:00",2,1,0],["2024-01-06T00:00:00+00:00",2,1,0],["2024-02-29T00:00:00+00:00",2,1,0],["2024-04-01T00:00:00+00:00",2,1,0],["2024-05-03T00:00:00+00:00",2,1,0],["2024-07-06T00:00:00+00:00",2,1,0],["2024-09-06T00:00:00+00:00",2,1,0],["2024-12-01T00:00:00+00:00",2,1,0],["2025-02-25T00:00:00+00:00",2,1,0],["2025-04-04T00:00:00+00:00",2,1,0],["2025-07-08T00:00:00+00:00",2,1,0],["2025-09-22T00:00:00+00:00",2,1,0]]},"geometry":{"type":"Point","coordinates":[34.451404,31.512974]}},{"type":"Feature","properties":{"site_id":26,"event_code":"CE20231007PSE","latest_date":"2025-09-22T00:00:00+00:00","latest_class":3,"pass_count":14,"h":[["2023-10-15T00:00:00+00:00",3,2,null],["2023-11-07T00:00:00+00:00",3,2,0],["2023-11-26T00:00:00+00:00",3,2,0],["2024-01-06T00:00:00+00:00",3,2,0],["2024-02-29T00:00:00+00:00",3,2,0],["2024-04-01T00:00:00+00:00",3,2,0],["2024-05-03T00:00:00+00:00",3,2,0],["2024-07-06T00:00:00+00:00",3,2,0],["2024-09-06T00:00:00+00:00",3,2,0],["2024-12-01T00:00:00+00:00",3,2,0],["2025-02-25T00:00:00+00:00",3,2,0],["2025-04-04T00:00:00+00:00",3,2,0],["2025-07-08T00:00:00+00:00",3,2,0],["2025-09-22T00:00:00+00:00",3,2,0]]},"geometry":{"type":"Point","coordinates":[34.451539,31.513103]}},{"type":"Feature","properties":{"site_id":26,"event_code":"CE20231007PSE","latest_date":"2025-09-22T00:00:00+00:00","latest_class":3,"pass_count":14,"h":[["2023-10-15T00:00:00+00:00",3,2,null],["2023-11-07T00:00:00+00:00",3,2,0],["2023-11-26T00:00:00+00:00",3,2,0],["2024-01-06T00:00:00+00:00",3,2,0],["2024-02-29T00:00:00+00:00",3,2,0],["2024-04-01T00:00:00+00:00",3,2,0],["2024-05-03T00:00:00+00:00",3,2,0],["2024-07-06T00:00:00+00:00",3,2,0],["2024-09-06T00:00:00+00:00",3,2,0],["2024-12-01T00:00:00+00:00",3,2,0],["2025-02-25T00:00:00+00:00",3,2,0],["2025-04-04T00:00:00+00:00",3,2,0],["2025-07-08T00:00:00+00:00",3,2,0],["2025-09-22T00:00:00+00:00",3,2,0]]},"geometry":{"type":"Point","coordinates":[34.451784,31.513146]}},{"type":"Feature","properties":{"site_id":26,"event_code":"CE20231007PSE","latest_date":"2025-09-22T00:00:00+00:00","latest_class":3,"pass_count":14,"h":[["2023-10-15T00:00:00+00:00",3,2,null],["2023-11-07T00:00:00+00:00",3,2,0],["2023-11-26T00:00:00+00:00",3,2,0],["2024-01-06T00:00:00+00:00",3,2,0],["2024-02-29T00:00:00+00:00",3,2,0],["2024-04-01T00:00:00+00:00",3,2,0],["2024-05-03T00:00:00+00:00",3,2,0],["2024-07-06T00:00:00+00:00",3,2,0],["2024-09-06T00:00:00+00:00",3,2,0],["2024-12-01T00:00:00+00:00",3,2,0],["2025-02-25T00:00:00+00:00",3,2,0],["2025-04-04T00:00:00+00:00",3,2,0],["2025-07-08T00:00:00+00:00",3,2,0],["2025-09-22T00:00:00+00:00",3,2,0]]},"geometry":{"type":"Point","coordinates":[34.451915,31.512993]}},{"type":"Feature","properties":{"site_id":26,"event_code":"CE20231007PSE","latest_date":"2025-09-22T00:00:00+00:00","latest_class":3,"pass_count":14,"h":[["2023-10-15T00:00:00+00:00",3,2,null],["2023-11-07T00:00:00+00:00",3,2,0],["2023-11-26T00:00:00+00:00",3,2,0],["2024-01-06T00:00:00+00:00",3,2,0],["2024-02-29T00:00:00+00:00",3,2,0],["2024-04-01T00:00:00+00:00",3,2,0],["2024-05-03T00:00:00+00:00",3,2,0],["2024-07-06T00:00:00+00:00",3,2,0],["2024-09-06T00:00:00+00:00",3,2,0],["2024-12-01T00:00:00+00:00",3,2,0],["2025-02-25T00:00:00+00:00",3,2,0],["2025-04-04T00:00:00+00:00",3,2,0],["2025-07-08T00:00:00+00:00",3,2,0],["2025-09-22T00:00:00+00:00",3,2,0]]},"geometry":{"type":"Point","coordinates":[34.451873,31.512665]}},{"type":"Feature","properties":{"site_id":26,"event_code":"CE20231007PSE","latest_date":"2025-09-22T00:00:00+00:00","latest_class":3,"pass_count":14,"h":[["2023-10-15T00:00:00+00:00",3,2,null],["2023-11-07T00:00:00+00:00",3,2,0],["2023-11-26T00:00:00+00:00",3,2,0],["2024-01-06T00:00:00+00:00",3,2,0],["2024-02-29T00:00:00+00:00",3,2,0],["2024-04-01T00:00:00+00:00",3,2,0],["2024-05-03T00:00:00+00:00",3,2,0],["2024-07-06T00:00:00+00:00",3,2,0],["2024-09-06T00:00:00+00:00",3,2,0],["2024-12-01T00:00:00+00:00",3,2,0],["2025-02-25T00:00:00+00:00",3,2,0],["2025-04-04T00:00:00+00:00",3,2,0],["2025-07-08T00:00:00+00:00",3,2,0],["2025-09-22T00:00:00+00:00",3,2,0]]},"geometry":{"type":"Point","coordinates":[34.451366,31.51266]}},{"type":"Feature","properties":{"site_id":26,"event_code":"CE20231007PSE","latest_date":"2025-09-22T00:00:00+00:00","latest_class":3,"pass_count":14,"h":[["2023-10-15T00:00:00+00:00",3,2,null],["2023-11-07T00:00:00+00:00",3,2,0],["2023-11-26T00:00:00+00:00",3,2,0],["2024-01-06T00:00:00+00:00",3,2,0],["2024-02-29T00:00:00+00:00",3,2,0],["2024-04-01T00:00:00+00:00",3,2,0],["2024-05-03T00:00:00+00:00",3,2,0],["2024-07-06T00:00:00+00:00",3,2,0],["2024-09-06T00:00:00+00:00",3,2,0],["2024-12-01T00:00:00+00:00",3,2,0],["2025-02-25T00:00:00+00:00",3,2,0],["2025-04-04T00:00:00+00:00",3,2,0],["2025-07-08T00:00:00+00:00",3,2,0],["2025-09-22T00:00:00+00:00",3,2,0]]},"geometry":{"type":"Point","coordinates":[34.451219,31.5128]}},{"type":"Feature","properties":{"site_id":26,"event_code":"CE20231007PSE","latest_date":"2025-09-22T00:00:00+00:00","latest_class":2,"pass_count":14,"h":[["2023-10-15T00:00:00+00:00",2,1,null],["2023-11-07T00:00:00+00:00",2,1,0],["2023-11-26T00:00:00+00:00",2,1,0],["2024-01-06T00:00:00+00:00",2,1,0],["2024-02-29T00:00:00+00:00",2,1,0],["2024-04-01T00:00:00+00:00",2,1,0],["2024-05-03T00:00:00+00:00",2,1,0],["2024-07-06T00:00:00+00:00",2,1,0],["2024-09-06T00:00:00+00:00",2,1,0],["2024-12-01T00:00:00+00:00",2,1,0],["2025-02-25T00:00:00+00:00",2,1,0],["2025-04-04T00:00:00+00:00",2,1,0],["2025-07-08T00:00:00+00:00",2,1,0],["2025-09-22T00:00:00+00:00",2,1,0]]},"geometry":{"type":"Point","coordinates":[34.450345,31.512529]}},{"type":"Feature","properties":{"site_id":26,"event_code":"CE20231007PSE","latest_date":"2025-09-22T00:00:00+00:00","latest_class":1,"pass_count":14,"h":[["2023-10-15T00:00:00+00:00",3,2,null],["2023-11-07T00:00:00+00:00",2,1,1],["2023-11-26T00:00:00+00:00",2,1,0],["2024-01-06T00:00:00+00:00",1,1,1],["2024-02-29T00:00:00+00:00",1,1,0],["2024-04-01T00:00:00+00:00",1,1,0],["2024-05-03T00:00:00+00:00",1,1,0],["2024-07-06T00:00:00+00:00",1,1,0],["2024-09-06T00:00:00+00:00",1,1,0],["2024-12-01T00:00:00+00:00",1,1,0],["2025-02-25T00:00:00+00:00",1,1,0],["2025-04-04T00:00:00+00:00",1,1,0],["2025-07-08T00:00:00+00:00",1,1,0],["2025-09-22T00:00:00+00:00",1,1,0]]},"geometry":{"type":"Point","coordinates":[34.450606,31.512948]}},{"type":"Feature","properties":{"site_id":26,"event_code":"CE20231007PSE","latest_date":"2025-09-22T00:00:00+00:00","latest_class":3,"pass_count":14,"h":[["2023-10-15T00:00:00+00:00",3,2,null],["2023-11-07T00:00:00+00:00",3,2,0],["2023-11-26T00:00:00+00:00",3,2,0],["2024-01-06T00:00:00+00:00",3,2,0],["2024-02-29T00:00:00+00:00",3,2,0],["2024-04-01T00:00:00+00:00",3,2,0],["2024-05-03T00:00:00+00:00",3,2,0],["2024-07-06T00:00:00+00:00",3,2,0],["2024-09-06T00:00:00+00:00",3,2,0],["2024-12-01T00:00:00+00:00",3,2,0],["2025-02-25T00:00:00+00:00",3,2,0],["2025-04-04T00:00:00+00:00",3,2,0],["2025-07-08T00:00:00+00:00",3,2,0],["2025-09-22T00:00:00+00:00",3,2,0]]},"geometry":{"type":"Point","coordinates":[34.450145,31.512822]}},{"type":"Feature","properties":{"site_id":26,"event_code":"CE20231007PSE","latest_date":"2025-09-22T00:00:00+00:00","latest_class":3,"pass_count":14,"h":[["2023-10-15T00:00:00+00:00",3,2,null],["2023-11-07T00:00:00+00:00",3,2,0],["2023-11-26T00:00:00+00:00",3,2,0],["2024-01-06T00:00:00+00:00",3,2,0],["2024-02-29T00:00:00+00:00",3,2,0],["2024-04-01T00:00:00+00:00",3,2,0],["2024-05-03T00:00:00+00:00",3,2,0],["2024-07-06T00:00:00+00:00",3,2,0],["2024-09-06T00:00:00+00:00",3,2,0],["2024-12-01T00:00:00+00:00",3,2,0],["2025-02-25T00:00:00+00:00",3,2,0],["2025-04-04T00:00:00+00:00",3,2,0],["2025-07-08T00:00:00+00:00",3,2,0],["2025-09-22T00:00:00+00:00",3,2,0]]},"geometry":{"type":"Point","coordinates":[34.450491,31.512435]}},{"type":"Feature","properties":{"site_id":1,"event_code":"CE20231007PSE","latest_date":"2025-09-22T00:00:00+00:00","latest_class":2,"pass_count":12,"h":[["2023-11-26T00:00:00+00:00",3,2,3],["2024-01-06T00:00:00+00:00",2,1,1],["2024-02-29T00:00:00+00:00",2,1,0],["2024-04-01T00:00:00+00:00",2,1,0],["2024-05-03T00:00:00+00:00",2,1,0],["2024-07-06T00:00:00+00:00",2,1,0],["2024-09-06T00:00:00+00:00",2,1,0],["2024-12-01T00:00:00+00:00",2,1,0],["2025-02-25T00:00:00+00:00",2,1,0],["2025-04-04T00:00:00+00:00",2,1,0],["2025-07-08T00:00:00+00:00",2,1,0],["2025-09-22T00:00:00+00:00",2,1,0]]},"geometry":{"type":"Point","coordinates":[34.45134,31.513555]}},{"type":"Feature","properties":{"site_id":26,"event_code":"CE20231007PSE","latest_date":"2025-09-22T00:00:00+00:00","latest_class":1,"pass_count":12,"h":[["2023-11-26T00:00:00+00:00",2,1,3],["2024-01-06T00:00:00+00:00",1,1,1],["2024-02-29T00:00:00+00:00",1,1,0],["2024-04-01T00:00:00+00:00",1,1,0],["2024-05-03T00:00:00+00:00",1,1,0],["2024-07-06T00:00:00+00:00",1,1,0],["2024-09-06T00:00:00+00:00",1,1,0],["2024-12-01T00:00:00+00:00",1,1,0],["2025-02-25T00:00:00+00:00",1,1,0],["2025-04-04T00:00:00+00:00",1,1,0],["2025-07-08T00:00:00+00:00",1,1,0],["2025-09-22T00:00:00+00:00",1,1,0]]},"geometry":{"type":"Point","coordinates":[34.44866,31.512321]}},{"type":"Feature","properties":{"site_id":26,"event_code":"CE20231007PSE","latest_date":"2025-09-22T00:00:00+00:00","latest_class":1,"pass_count":12,"h":[["2023-11-26T00:00:00+00:00",2,1,3],["2024-01-06T00:00:00+00:00",1,1,1],["2024-02-29T00:00:00+00:00",1,1,0],["2024-04-01T00:00:00+00:00",1,1,0],["2024-05-03T00:00:00+00:00",1,1,0],["2024-07-06T00:00:00+00:00",1,1,0],["2024-09-06T00:00:00+00:00",1,1,0],["2024-12-01T00:00:00+00:00",1,1,0],["2025-02-25T00:00:00+00:00",1,1,0],["2025-04-04T00:00:00+00:00",1,1,0],["2025-07-08T00:00:00+00:00",1,1,0],["2025-09-22T00:00:00+00:00",1,1,0]]},"geometry":{"type":"Point","coordinates":[34.448768,31.512212]}},{"type":"Feature","properties":{"site_id":26,"event_code":"CE20231007PSE","latest_date":"2025-09-22T00:00:00+00:00","latest_class":1,"pass_count":12,"h":[["2023-11-26T00:00:00+00:00",1,1,3],["2024-01-06T00:00:00+00:00",1,1,0],["2024-02-29T00:00:00+00:00",1,1,0],["2024-04-01T00:00:00+00:00",1,1,0],["2024-05-03T00:00:00+00:00",1,1,0],["2024-07-06T00:00:00+00:00",1,1,0],["2024-09-06T00:00:00+00:00",1,1,0],["2024-12-01T00:00:00+00:00",1,1,0],["2025-02-25T00:00:00+00:00",1,1,0],["2025-04-04T00:00:00+00:00",1,1,0],["2025-07-08T00:00:00+00:00",1,1,0],["2025-09-22T00:00:00+00:00",1,1,0]]},"geometry":{"type":"Point","coordinates":[34.448904,31.512423]}},{"type":"Feature","properties":{"site_id":26,"event_code":"CE20231007PSE","latest_date":"2025-09-22T00:00:00+00:00","latest_class":1,"pass_count":12,"h":[["2023-11-26T00:00:00+00:00",1,1,3],["2024-01-06T00:00:00+00:00",1,1,0],["2024-02-29T00:00:00+00:00",1,1,0],["2024-04-01T00:00:00+00:00",1,1,0],["2024-05-03T00:00:00+00:00",1,1,0],["2024-07-06T00:00:00+00:00",1,1,0],["2024-09-06T00:00:00+00:00",1,1,0],["2024-12-01T00:00:00+00:00",1,1,0],["2025-02-25T00:00:00+00:00",1,1,0],["2025-04-04T00:00:00+00:00",1,1,0],["2025-07-08T00:00:00+00:00",1,1,0],["2025-09-22T00:00:00+00:00",1,1,0]]},"geometry":{"type":"Point","coordinates":[34.449773,31.512739]}},{"type":"Feature","properties":{"site_id":26,"event_code":"CE20231007PSE","latest_date":"2025-09-22T00:00:00+00:00","latest_class":1,"pass_count":12,"h":[["2023-11-26T00:00:00+00:00",2,1,3],["2024-01-06T00:00:00+00:00",1,1,1],["2024-02-29T00:00:00+00:00",1,1,0],["2024-04-01T00:00:00+00:00",1,1,0],["2024-05-03T00:00:00+00:00",1,1,0],["2024-07-06T00:00:00+00:00",1,1,0],["2024-09-06T00:00:00+00:00",1,1,0],["2024-12-01T00:00:00+00:00",1,1,0],["2025-02-25T00:00:00+00:00",1,1,0],["2025-04-04T00:00:00+00:00",1,1,0],["2025-07-08T00:00:00+00:00",1,1,0],["2025-09-22T00:00:00+00:00",1,1,0]]},"geometry":{"type":"Point","coordinates":[34.449544,31.512993]}},{"type":"Feature","properties":{"site_id":26,"event_code":"CE20231007PSE","latest_date":"2025-09-22T00:00:00+00:00","latest_class":3,"pass_count":11,"h":[["2024-01-06T00:00:00+00:00",3,2,3],["2024-02-29T00:00:00+00:00",3,2,0],["2024-04-01T00:00:00+00:00",3,2,0],["2024-05-03T00:00:00+00:00",3,2,0],["2024-07-06T00:00:00+00:00",3,2,0],["2024-09-06T00:00:00+00:00",3,2,0],["2024-12-01T00:00:00+00:00",3,2,0],["2025-02-25T00:00:00+00:00",3,2,0],["2025-04-04T00:00:00+00:00",3,2,0],["2025-07-08T00:00:00+00:00",3,2,0],["2025-09-22T00:00:00+00:00",3,2,0]]},"geometry":{"type":"Point","coordinates":[34.450688,31.512265]}},{"type":"Feature","properties":{"site_id":26,"event_code":"CE20231007PSE","latest_date":"2025-09-22T00:00:00+00:00","latest_class":3,"pass_count":11,"h":[["2024-01-06T00:00:00+00:00",3,2,3],["2024-02-29T00:00:00+00:00",3,2,0],["2024-04-01T00:00:00+00:00",3,2,0],["2024-05-03T00:00:00+00:00",3,2,0],["2024-07-06T00:00:00+00:00",3,2,0],["2024-09-06T00:00:00+00:00",3,2,0],["2024-12-01T00:00:00+00:00",3,2,0],["2025-02-25T00:00:00+00:00",3,2,0],["2025-04-04T00:00:00+00:00",3,2,0],["2025-07-08T00:00:00+00:00",3,2,0],["2025-09-22T00:00:00+00:00",3,2,0]]},"geometry":{"type":"Point","coordinates":[34.450843,31.512417]}},{"type":"Feature","properties":{"site_id":26,"event_code":"CE20231007PSE","latest_date":"2025-09-22T00:00:00+00:00","latest_class":3,"pass_count":11,"h":[["2024-01-06T00:00:00+00:00",3,2,3],["2024-02-29T00:00:00+00:00",3,2,0],["2024-04-01T00:00:00+00:00",3,2,0],["2024-05-03T00:00:00+00:00",3,2,0],["2024-07-06T00:00:00+00:00",3,2,0],["2024-09-06T00:00:00+00:00",3,2,0],["2024-12-01T00:00:00+00:00",3,2,0],["2025-02-25T00:00:00+00:00",3,2,0],["2025-04-04T00:00:00+00:00",3,2,0],["2025-07-08T00:00:00+00:00",3,2,0],["2025-09-22T00:00:00+00:00",3,2,0]]},"geometry":{"type":"Point","coordinates":[34.450924,31.512479]}},{"type":"Feature","properties":{"site_id":26,"event_code":"CE20231007PSE","latest_date":"2025-09-22T00:00:00+00:00","latest_class":1,"pass_count":11,"h":[["2024-01-06T00:00:00+00:00",1,1,3],["2024-02-29T00:00:00+00:00",1,1,0],["2024-04-01T00:00:00+00:00",1,1,0],["2024-05-03T00:00:00+00:00",1,1,0],["2024-07-06T00:00:00+00:00",1,1,0],["2024-09-06T00:00:00+00:00",1,1,0],["2024-12-01T00:00:00+00:00",1,1,0],["2025-02-25T00:00:00+00:00",1,1,0],["2025-04-04T00:00:00+00:00",1,1,0],["2025-07-08T00:00:00+00:00",1,1,0],["2025-09-22T00:00:00+00:00",1,1,0]]},"geometry":{"type":"Point","coordinates":[34.452619,31.512239]}},{"type":"Feature","properties":{"site_id":26,"event_code":"CE20231007PSE","latest_date":"2025-09-22T00:00:00+00:00","latest_class":3,"pass_count":11,"h":[["2024-01-06T00:00:00+00:00",3,2,3],["2024-02-29T00:00:00+00:00",3,2,0],["2024-04-01T00:00:00+00:00",3,2,0],["2024-05-03T00:00:00+00:00",3,2,0],["2024-07-06T00:00:00+00:00",3,2,0],["2024-09-06T00:00:00+00:00",3,2,0],["2024-12-01T00:00:00+00:00",3,2,0],["2025-02-25T00:00:00+00:00",3,2,0],["2025-04-04T00:00:00+00:00",3,2,0],["2025-07-08T00:00:00+00:00",3,2,0],["2025-09-22T00:00:00+00:00",3,2,0]]},"geometry":{"type":"Point","coordinates":[34.452321,31.51227]}},{"type":"Feature","properties":{"site_id":26,"event_code":"CE20231007PSE","latest_date":"2025-09-22T00:00:00+00:00","latest_class":2,"pass_count":11,"h":[["2024-01-06T00:00:00+00:00",2,1,3],["2024-02-29T00:00:00+00:00",2,1,0],["2024-04-01T00:00:00+00:00",2,1,0],["2024-05-03T00:00:00+00:00",2,1,0],["2024-07-06T00:00:00+00:00",2,1,0],["2024-09-06T00:00:00+00:00",2,1,0],["2024-12-01T00:00:00+00:00",2,1,0],["2025-02-25T00:00:00+00:00",2,1,0],["2025-04-04T00:00:00+00:00",2,1,0],["2025-07-08T00:00:00+00:00",2,1,0],["2025-09-22T00:00:00+00:00",2,1,0]]},"geometry":{"type":"Point","coordinates":[34.451238,31.513194]}},{"type":"Feature","properties":{"site_id":26,"event_code":"CE20231007PSE","latest_date":"2025-09-22T00:00:00+00:00","latest_class":2,"pass_count":12,"h":[["2023-11-26T00:00:00+00:00",4,3,3],["2024-01-06T00:00:00+00:00",4,3,0],["2024-02-29T00:00:00+00:00",2,1,1],["2024-04-01T00:00:00+00:00",2,1,0],["2024-05-03T00:00:00+00:00",2,1,0],["2024-07-06T00:00:00+00:00",2,1,0],["2024-09-06T00:00:00+00:00",2,1,0],["2024-12-01T00:00:00+00:00",2,1,0],["2025-02-25T00:00:00+00:00",2,1,0],["2025-04-04T00:00:00+00:00",2,1,0],["2025-07-08T00:00:00+00:00",2,1,0],["2025-09-22T00:00:00+00:00",2,1,0]]},"geometry":{"type":"Point","coordinates":[34.447922,31.511565]}},{"type":"Feature","properties":{"site_id":26,"event_code":"CE20231007PSE","latest_date":"2025-09-22T00:00:00+00:00","latest_class":3,"pass_count":10,"h":[["2024-02-29T00:00:00+00:00",3,2,3],["2024-04-01T00:00:00+00:00",3,2,0],["2024-05-03T00:00:00+00:00",3,2,0],["2024-07-06T00:00:00+00:00",3,2,0],["2024-09-06T00:00:00+00:00",3,2,0],["2024-12-01T00:00:00+00:00",3,2,0],["2025-02-25T00:00:00+00:00",3,2,0],["2025-04-04T00:00:00+00:00",3,2,0],["2025-07-08T00:00:00+00:00",3,2,0],["2025-09-22T00:00:00+00:00",3,2,0]]},"geometry":{"type":"Point","coordinates":[34.448018,31.511448]}},{"type":"Feature","properties":{"site_id":26,"event_code":"CE20231007PSE","latest_date":"2025-09-22T00:00:00+00:00","latest_class":3,"pass_count":12,"h":[["2023-11-26T00:00:00+00:00",4,3,3],["2024-01-06T00:00:00+00:00",4,3,0],["2024-02-29T00:00:00+00:00",3,2,1],["2024-04-01T00:00:00+00:00",3,2,0],["2024-05-03T00:00:00+00:00",3,2,0],["2024-07-06T00:00:00+00:00",3,2,0],["2024-09-06T00:00:00+00:00",3,2,0],["2024-12-01T00:00:00+00:00",3,2,0],["2025-02-25T00:00:00+00:00",3,2,0],["2025-04-04T00:00:00+00:00",3,2,0],["2025-07-08T00:00:00+00:00",3,2,0],["2025-09-22T00:00:00+00:00",3,2,0]]},"geometry":{"type":"Point","coordinates":[34.448071,31.511692]}},{"type":"Feature","properties":{"site_id":26,"event_code":"CE20231007PSE","latest_date":"2025-09-22T00:00:00+00:00","latest_class":3,"pass_count":13,"h":[["2023-11-07T00:00:00+00:00",3,2,3],["2023-11-26T00:00:00+00:00",3,2,0],["2024-01-06T00:00:00+00:00",3,2,0],["2024-02-29T00:00:00+00:00",3,2,0],["2024-04-01T00:00:00+00:00",3,2,0],["2024-05-03T00:00:00+00:00",3,2,0],["2024-07-06T00:00:00+00:00",3,2,0],["2024-09-06T00:00:00+00:00",3,2,0],["2024-12-01T00:00:00+00:00",3,2,0],["2025-02-25T00:00:00+00:00",3,2,0],["2025-04-04T00:00:00+00:00",3,2,0],["2025-07-08T00:00:00+00:00",3,2,0],["2025-09-22T00:00:00+00:00",3,2,0]]},"geometry":{"type":"Point","coordinates":[34.449251,31.511694]}},{"type":"Feature","properties":{"site_id":26,"event_code":"CE20231007PSE","latest_date":"2025-09-22T00:00:00+00:00","latest_class":3,"pass_count":11,"h":[["2024-01-06T00:00:00+00:00",3,2,3],["2024-02-29T00:00:00+00:00",3,2,0],["2024-04-01T00:00:00+00:00",3,2,0],["2024-05-03T00:00:00+00:00",3,2,0],["2024-07-06T00:00:00+00:00",3,2,0],["2024-09-06T00:00:00+00:00",3,2,0],["2024-12-01T00:00:00+00:00",3,2,0],["2025-02-25T00:00:00+00:00",3,2,0],["2025-04-04T00:00:00+00:00",3,2,0],["2025-07-08T00:00:00+00:00",3,2,0],["2025-09-22T00:00:00+00:00",3,2,0]]},"geometry":{"type":"Point","coordinates":[34.448616,31.511835]}},{"type":"Feature","properties":{"site_id":26,"event_code":"CE20231007PSE","latest_date":"2025-09-22T00:00:00+00:00","latest_class":3,"pass_count":11,"h":[["2024-01-06T00:00:00+00:00",3,2,3],["2024-02-29T00:00:00+00:00",3,2,0],["2024-04-01T00:00:00+00:00",3,2,0],["2024-05-03T00:00:00+00:00",3,2,0],["2024-07-06T00:00:00+00:00",3,2,0],["2024-09-06T00:00:00+00:00",3,2,0],["2024-12-01T00:00:00+00:00",3,2,0],["2025-02-25T00:00:00+00:00",3,2,0],["2025-04-04T00:00:00+00:00",3,2,0],["2025-07-08T00:00:00+00:00",3,2,0],["2025-09-22T00:00:00+00:00",3,2,0]]},"geometry":{"type":"Point","coordinates":[34.44893,31.511583]}},{"type":"Feature","properties":{"site_id":26,"event_code":"CE20231007PSE","latest_date":"2025-09-22T00:00:00+00:00","latest_class":3,"pass_count":11,"h":[["2024-01-06T00:00:00+00:00",3,2,3],["2024-02-29T00:00:00+00:00",3,2,0],["2024-04-01T00:00:00+00:00",3,2,0],["2024-05-03T00:00:00+00:00",3,2,0],["2024-07-06T00:00:00+00:00",3,2,0],["2024-09-06T00:00:00+00:00",3,2,0],["2024-12-01T00:00:00+00:00",3,2,0],["2025-02-25T00:00:00+00:00",3,2,0],["2025-04-04T00:00:00+00:00",3,2,0],["2025-07-08T00:00:00+00:00",3,2,0],["2025-09-22T00:00:00+00:00",3,2,0]]},"geometry":{"type":"Point","coordinates":[34.449034,31.511414]}},{"type":"Feature","properties":{"site_id":26,"event_code":"CE20231007PSE","latest_date":"2025-09-22T00:00:00+00:00","latest_class":3,"pass_count":9,"h":[["2024-04-01T00:00:00+00:00",3,2,3],["2024-05-03T00:00:00+00:00",3,2,0],["2024-07-06T00:00:00+00:00",3,2,0],["2024-09-06T00:00:00+00:00",3,2,0],["2024-12-01T00:00:00+00:00",3,2,0],["2025-02-25T00:00:00+00:00",3,2,0],["2025-04-04T00:00:00+00:00",3,2,0],["2025-07-08T00:00:00+00:00",3,2,0],["2025-09-22T00:00:00+00:00",3,2,0]]},"geometry":{"type":"Point","coordinates":[34.450866,31.512059]}},{"type":"Feature","properties":{"site_id":26,"event_code":"CE20231007PSE","latest_date":"2025-09-22T00:00:00+00:00","latest_class":3,"pass_count":9,"h":[["2024-04-01T00:00:00+00:00",3,2,3],["2024-05-03T00:00:00+00:00",3,2,0],["2024-07-06T00:00:00+00:00",3,2,0],["2024-09-06T00:00:00+00:00",3,2,0],["2024-12-01T00:00:00+00:00",3,2,0],["2025-02-25T00:00:00+00:00",3,2,0],["2025-04-04T00:00:00+00:00",3,2,0],["2025-07-08T00:00:00+00:00",3,2,0],["2025-09-22T00:00:00+00:00",3,2,0]]},"geometry":{"type":"Point","coordinates":[34.451038,31.511809]}},{"type":"Feature","properties":{"site_id":26,"event_code":"CE20231007PSE","latest_date":"2025-09-22T00:00:00+00:00","latest_class":3,"pass_count":9,"h":[["2024-04-01T00:00:00+00:00",3,2,3],["2024-05-03T00:00:00+00:00",3,2,0],["2024-07-06T00:00:00+00:00",3,2,0],["2024-09-06T00:00:00+00:00",3,2,0],["2024-12-01T00:00:00+00:00",3,2,0],["2025-02-25T00:00:00+00:00",3,2,0],["2025-04-04T00:00:00+00:00",3,2,0],["2025-07-08T00:00:00+00:00",3,2,0],["2025-09-22T00:00:00+00:00",3,2,0]]},"geometry":{"type":"Point","coordinates":[34.451534,31.512237]}},{"type":"Feature","properties":{"site_id":26,"event_code":"CE20231007PSE","latest_date":"2025-09-22T00:00:00+00:00","latest_class":3,"pass_count":11,"h":[["2024-01-06T00:00:00+00:00",4,3,3],["2024-02-29T00:00:00+00:00",4,3,0],["2024-04-01T00:00:00+00:00",3,2,1],["2024-05-03T00:00:00+00:00",3,2,0],["2024-07-06T00:00:00+00:00",3,2,0],["2024-09-06T00:00:00+00:00",3,2,0],["2024-12-01T00:00:00+00:00",3,2,0],["2025-02-25T00:00:00+00:00",3,2,0],["2025-04-04T00:00:00+00:00",3,2,0],["2025-07-08T00:00:00+00:00",3,2,0],["2025-09-22T00:00:00+00:00",3,2,0]]},"geometry":{"type":"Point","coordinates":[34.450956,31.51237]}},{"type":"Feature","properties":{"site_id":26,"event_code":"CE20231007PSE","latest_date":"2025-09-22T00:00:00+00:00","latest_class":3,"pass_count":14,"h":[["2023-10-15T00:00:00+00:00",4,3,null],["2023-11-07T00:00:00+00:00",4,3,0],["2023-11-26T00:00:00+00:00",4,3,0],["2024-01-06T00:00:00+00:00",4,3,0],["2024-02-29T00:00:00+00:00",4,3,0],["2024-04-01T00:00:00+00:00",3,2,1],["2024-05-03T00:00:00+00:00",3,2,0],["2024-07-06T00:00:00+00:00",3,2,0],["2024-09-06T00:00:00+00:00",3,2,0],["2024-12-01T00:00:00+00:00",3,2,0],["2025-02-25T00:00:00+00:00",3,2,0],["2025-04-04T00:00:00+00:00",3,2,0],["2025-07-08T00:00:00+00:00",3,2,0],["2025-09-22T00:00:00+00:00",3,2,0]]},"geometry":{"type":"Point","coordinates":[34.451397,31.512389]}},{"type":"Feature","properties":{"site_id":26,"event_code":"CE20231007PSE","latest_date":"2025-09-22T00:00:00+00:00","latest_class":3,"pass_count":14,"h":[["2023-10-15T00:00:00+00:00",4,3,null],["2023-11-07T00:00:00+00:00",4,3,0],["2023-11-26T00:00:00+00:00",4,3,0],["2024-01-06T00:00:00+00:00",4,3,0],["2024-02-29T00:00:00+00:00",4,3,0],["2024-04-01T00:00:00+00:00",3,2,1],["2024-05-03T00:00:00+00:00",3,2,0],["2024-07-06T00:00:00+00:00",3,2,0],["2024-09-06T00:00:00+00:00",3,2,0],["2024-12-01T00:00:00+00:00",3,2,0],["2025-02-25T00:00:00+00:00",3,2,0],["2025-04-04T00:00:00+00:00",3,2,0],["2025-07-08T00:00:00+00:00",3,2,0],["2025-09-22T00:00:00+00:00",3,2,0]]},"geometry":{"type":"Point","coordinates":[34.451232,31.512531]}},{"type":"Feature","properties":{"site_id":26,"event_code":"CE20231007PSE","latest_date":"2025-09-22T00:00:00+00:00","latest_class":3,"pass_count":14,"h":[["2023-10-15T00:00:00+00:00",4,3,null],["2023-11-07T00:00:00+00:00",4,3,0],["2023-11-26T00:00:00+00:00",4,3,0],["2024-01-06T00:00:00+00:00",4,3,0],["2024-02-29T00:00:00+00:00",4,3,0],["2024-04-01T00:00:00+00:00",3,2,1],["2024-05-03T00:00:00+00:00",3,2,0],["2024-07-06T00:00:00+00:00",3,2,0],["2024-09-06T00:00:00+00:00",3,2,0],["2024-12-01T00:00:00+00:00",3,2,0],["2025-02-25T00:00:00+00:00",3,2,0],["2025-04-04T00:00:00+00:00",3,2,0],["2025-07-08T00:00:00+00:00",3,2,0],["2025-09-22T00:00:00+00:00",3,2,0]]},"geometry":{"type":"Point","coordinates":[34.451104,31.512665]}},{"type":"Feature","properties":{"site_id":26,"event_code":"CE20231007PSE","latest_date":"2025-09-22T00:00:00+00:00","latest_class":3,"pass_count":11,"h":[["2024-01-06T00:00:00+00:00",3,2,3],["2024-02-29T00:00:00+00:00",3,2,0],["2024-04-01T00:00:00+00:00",3,2,0],["2024-05-03T00:00:00+00:00",3,2,0],["2024-07-06T00:00:00+00:00",3,2,0],["2024-09-06T00:00:00+00:00",3,2,0],["2024-12-01T00:00:00+00:00",3,2,0],["2025-02-25T00:00:00+00:00",3,2,0],["2025-04-04T00:00:00+00:00",3,2,0],["2025-07-08T00:00:00+00:00",3,2,0],["2025-09-22T00:00:00+00:00",3,2,0]]},"geometry":{"type":"Point","coordinates":[34.451092,31.510706]}},{"type":"Feature","properties":{"site_id":26,"event_code":"CE20231007PSE","latest_date":"2025-09-22T00:00:00+00:00","latest_class":3,"pass_count":11,"h":[["2024-01-06T00:00:00+00:00",3,2,3],["2024-02-29T00:00:00+00:00",3,2,0],["2024-04-01T00:00:00+00:00",3,2,0],["2024-05-03T00:00:00+00:00",3,2,0],["2024-07-06T00:00:00+00:00",3,2,0],["2024-09-06T00:00:00+00:00",3,2,0],["2024-12-01T00:00:00+00:00",3,2,0],["2025-02-25T00:00:00+00:00",3,2,0],["2025-04-04T00:00:00+00:00",3,2,0],["2025-07-08T00:00:00+00:00",3,2,0],["2025-09-22T00:00:00+00:00",3,2,0]]},"geometry":{"type":"Point","coordinates":[34.45129,31.510801]}},{"type":"Feature","properties":{"site_id":26,"event_code":"CE20231007PSE","latest_date":"2025-09-22T00:00:00+00:00","latest_class":1,"pass_count":13,"h":[["2023-11-07T00:00:00+00:00",1,1,3],["2023-11-26T00:00:00+00:00",1,1,0],["2024-01-06T00:00:00+00:00",1,1,0],["2024-02-29T00:00:00+00:00",1,1,0],["2024-04-01T00:00:00+00:00",1,1,0],["2024-05-03T00:00:00+00:00",1,1,0],["2024-07-06T00:00:00+00:00",1,1,0],["2024-09-06T00:00:00+00:00",1,1,0],["2024-12-01T00:00:00+00:00",1,1,0],["2025-02-25T00:00:00+00:00",1,1,0],["2025-04-04T00:00:00+00:00",1,1,0],["2025-07-08T00:00:00+00:00",1,1,0],["2025-09-22T00:00:00+00:00",1,1,0]]},"geometry":{"type":"Point","coordinates":[34.454217,31.51086]}},{"type":"Feature","properties":{"site_id":26,"event_code":"CE20231007PSE","latest_date":"2025-09-22T00:00:00+00:00","latest_class":3,"pass_count":13,"h":[["2023-11-07T00:00:00+00:00",3,2,3],["2023-11-26T00:00:00+00:00",3,2,0],["2024-01-06T00:00:00+00:00",3,2,0],["2024-02-29T00:00:00+00:00",3,2,0],["2024-04-01T00:00:00+00:00",3,2,0],["2024-05-03T00:00:00+00:00",3,2,0],["2024-07-06T00:00:00+00:00",3,2,0],["2024-09-06T00:00:00+00:00",3,2,0],["2024-12-01T00:00:00+00:00",3,2,0],["2025-02-25T00:00:00+00:00",3,2,0],["2025-04-04T00:00:00+00:00",3,2,0],["2025-07-08T00:00:00+00:00",3,2,0],["2025-09-22T00:00:00+00:00",3,2,0]]},"geometry":{"type":"Point","coordinates":[34.454083,31.510744]}},{"type":"Feature","properties":{"site_id":26,"event_code":"CE20231007PSE","latest_date":"2025-09-22T00:00:00+00:00","latest_class":3,"pass_count":13,"h":[["2023-11-07T00:00:00+00:00",3,2,3],["2023-11-26T00:00:00+00:00",3,2,0],["2024-01-06T00:00:00+00:00",3,2,0],["2024-02-29T00:00:00+00:00",3,2,0],["2024-04-01T00:00:00+00:00",3,2,0],["2024-05-03T00:00:00+00:00",3,2,0],["2024-07-06T00:00:00+00:00",3,2,0],["2024-09-06T00:00:00+00:00",3,2,0],["2024-12-01T00:00:00+00:00",3,2,0],["2025-02-25T00:00:00+00:00",3,2,0],["2025-04-04T00:00:00+00:00",3,2,0],["2025-07-08T00:00:00+00:00",3,2,0],["2025-09-22T00:00:00+00:00",3,2,0]]},"geometry":{"type":"Point","coordinates":[34.45432,31.511]}},{"type":"Feature","properties":{"site_id":26,"event_code":"CE20231007PSE","latest_date":"2025-09-22T00:00:00+00:00","latest_class":3,"pass_count":13,"h":[["2023-11-07T00:00:00+00:00",3,2,3],["2023-11-26T00:00:00+00:00",3,2,0],["2024-01-06T00:00:00+00:00",3,2,0],["2024-02-29T00:00:00+00:00",3,2,0],["2024-04-01T00:00:00+00:00",3,2,0],["2024-05-03T00:00:00+00:00",3,2,0],["2024-07-06T00:00:00+00:00",3,2,0],["2024-09-06T00:00:00+00:00",3,2,0],["2024-12-01T00:00:00+00:00",3,2,0],["2025-02-25T00:00:00+00:00",3,2,0],["2025-04-04T00:00:00+00:00",3,2,0],["2025-07-08T00:00:00+00:00",3,2,0],["2025-09-22T00:00:00+00:00",3,2,0]]},"geometry":{"type":"Point","coordinates":[34.454207,31.511082]}},{"type":"Feature","properties":{"site_id":26,"event_code":"CE20231007PSE","latest_date":"2025-09-22T00:00:00+00:00","latest_class":3,"pass_count":13,"h":[["2023-11-07T00:00:00+00:00",3,2,3],["2023-11-26T00:00:00+00:00",3,2,0],["2024-01-06T00:00:00+00:00",3,2,0],["2024-02-29T00:00:00+00:00",3,2,0],["2024-04-01T00:00:00+00:00",3,2,0],["2024-05-03T00:00:00+00:00",3,2,0],["2024-07-06T00:00:00+00:00",3,2,0],["2024-09-06T00:00:00+00:00",3,2,0],["2024-12-01T00:00:00+00:00",3,2,0],["2025-02-25T00:00:00+00:00",3,2,0],["2025-04-04T00:00:00+00:00",3,2,0],["2025-07-08T00:00:00+00:00",3,2,0],["2025-09-22T00:00:00+00:00",3,2,0]]},"geometry":{"type":"Point","coordinates":[34.454512,31.510781]}},{"type":"Feature","properties":{"site_id":26,"event_code":"CE20231007PSE","latest_date":"2025-09-22T00:00:00+00:00","latest_class":3,"pass_count":13,"h":[["2023-11-07T00:00:00+00:00",3,2,3],["2023-11-26T00:00:00+00:00",3,2,0],["2024-01-06T00:00:00+00:00",3,2,0],["2024-02-29T00:00:00+00:00",3,2,0],["2024-04-01T00:00:00+00:00",3,2,0],["2024-05-03T00:00:00+00:00",3,2,0],["2024-07-06T00:00:00+00:00",3,2,0],["2024-09-06T00:00:00+00:00",3,2,0],["2024-12-01T00:00:00+00:00",3,2,0],["2025-02-25T00:00:00+00:00",3,2,0],["2025-04-04T00:00:00+00:00",3,2,0],["2025-07-08T00:00:00+00:00",3,2,0],["2025-09-22T00:00:00+00:00",3,2,0]]},"geometry":{"type":"Point","coordinates":[34.454351,31.510657]}},{"type":"Feature","properties":{"site_id":26,"event_code":"CE20231007PSE","latest_date":"2025-09-22T00:00:00+00:00","latest_class":3,"pass_count":13,"h":[["2023-11-07T00:00:00+00:00",3,2,3],["2023-11-26T00:00:00+00:00",3,2,0],["2024-01-06T00:00:00+00:00",3,2,0],["2024-02-29T00:00:00+00:00",3,2,0],["2024-04-01T00:00:00+00:00",3,2,0],["2024-05-03T00:00:00+00:00",3,2,0],["2024-07-06T00:00:00+00:00",3,2,0],["2024-09-06T00:00:00+00:00",3,2,0],["2024-12-01T00:00:00+00:00",3,2,0],["2025-02-25T00:00:00+00:00",3,2,0],["2025-04-04T00:00:00+00:00",3,2,0],["2025-07-08T00:00:00+00:00",3,2,0],["2025-09-22T00:00:00+00:00",3,2,0]]},"geometry":{"type":"Point","coordinates":[34.453949,31.511025]}},{"type":"Feature","properties":{"site_id":26,"event_code":"CE20231007PSE","latest_date":"2025-09-22T00:00:00+00:00","latest_class":3,"pass_count":13,"h":[["2023-11-07T00:00:00+00:00",3,2,3],["2023-11-26T00:00:00+00:00",3,2,0],["2024-01-06T00:00:00+00:00",3,2,0],["2024-02-29T00:00:00+00:00",3,2,0],["2024-04-01T00:00:00+00:00",3,2,0],["2024-05-03T00:00:00+00:00",3,2,0],["2024-07-06T00:00:00+00:00",3,2,0],["2024-09-06T00:00:00+00:00",3,2,0],["2024-12-01T00:00:00+00:00",3,2,0],["2025-02-25T00:00:00+00:00",3,2,0],["2025-04-04T00:00:00+00:00",3,2,0],["2025-07-08T00:00:00+00:00",3,2,0],["2025-09-22T00:00:00+00:00",3,2,0]]},"geometry":{"type":"Point","coordinates":[34.453921,31.510798]}},{"type":"Feature","properties":{"site_id":26,"event_code":"CE20231007PSE","latest_date":"2025-09-22T00:00:00+00:00","latest_class":3,"pass_count":13,"h":[["2023-11-07T00:00:00+00:00",3,2,3],["2023-11-26T00:00:00+00:00",3,2,0],["2024-01-06T00:00:00+00:00",3,2,0],["2024-02-29T00:00:00+00:00",3,2,0],["2024-04-01T00:00:00+00:00",3,2,0],["2024-05-03T00:00:00+00:00",3,2,0],["2024-07-06T00:00:00+00:00",3,2,0],["2024-09-06T00:00:00+00:00",3,2,0],["2024-12-01T00:00:00+00:00",3,2,0],["2025-02-25T00:00:00+00:00",3,2,0],["2025-04-04T00:00:00+00:00",3,2,0],["2025-07-08T00:00:00+00:00",3,2,0],["2025-09-22T00:00:00+00:00",3,2,0]]},"geometry":{"type":"Point","coordinates":[34.454155,31.510628]}},{"type":"Feature","properties":{"site_id":26,"event_code":"CE20231007PSE","latest_date":"2025-09-22T00:00:00+00:00","latest_class":3,"pass_count":11,"h":[["2024-01-06T00:00:00+00:00",3,2,3],["2024-02-29T00:00:00+00:00",3,2,0],["2024-04-01T00:00:00+00:00",3,2,0],["2024-05-03T00:00:00+00:00",3,2,0],["2024-07-06T00:00:00+00:00",3,2,0],["2024-09-06T00:00:00+00:00",3,2,0],["2024-12-01T00:00:00+00:00",3,2,0],["2025-02-25T00:00:00+00:00",3,2,0],["2025-04-04T00:00:00+00:00",3,2,0],["2025-07-08T00:00:00+00:00",3,2,0],["2025-09-22T00:00:00+00:00",3,2,0]]},"geometry":{"type":"Point","coordinates":[34.458753,31.505577]}},{"type":"Feature","properties":{"site_id":26,"event_code":"CE20231007PSE","latest_date":"2025-09-22T00:00:00+00:00","latest_class":3,"pass_count":11,"h":[["2024-01-06T00:00:00+00:00",3,2,3],["2024-02-29T00:00:00+00:00",3,2,0],["2024-04-01T00:00:00+00:00",3,2,0],["2024-05-03T00:00:00+00:00",3,2,0],["2024-07-06T00:00:00+00:00",3,2,0],["2024-09-06T00:00:00+00:00",3,2,0],["2024-12-01T00:00:00+00:00",3,2,0],["2025-02-25T00:00:00+00:00",3,2,0],["2025-04-04T00:00:00+00:00",3,2,0],["2025-07-08T00:00:00+00:00",3,2,0],["2025-09-22T00:00:00+00:00",3,2,0]]},"geometry":{"type":"Point","coordinates":[34.458209,31.505498]}},{"type":"Feature","properties":{"site_id":26,"event_code":"CE20231007PSE","latest_date":"2025-09-22T00:00:00+00:00","latest_class":3,"pass_count":11,"h":[["2024-01-06T00:00:00+00:00",3,2,3],["2024-02-29T00:00:00+00:00",3,2,0],["2024-04-01T00:00:00+00:00",3,2,0],["2024-05-03T00:00:00+00:00",3,2,0],["2024-07-06T00:00:00+00:00",3,2,0],["2024-09-06T00:00:00+00:00",3,2,0],["2024-12-01T00:00:00+00:00",3,2,0],["2025-02-25T00:00:00+00:00",3,2,0],["2025-04-04T00:00:00+00:00",3,2,0],["2025-07-08T00:00:00+00:00",3,2,0],["2025-09-22T00:00:00+00:00",3,2,0]]},"geometry":{"type":"Point","coordinates":[34.458341,31.505395]}},{"type":"Feature","properties":{"site_id":26,"event_code":"CE20231007PSE","latest_date":"2025-09-22T00:00:00+00:00","latest_class":3,"pass_count":11,"h":[["2024-01-06T00:00:00+00:00",3,2,3],["2024-02-29T00:00:00+00:00",3,2,0],["2024-04-01T00:00:00+00:00",3,2,0],["2024-05-03T00:00:00+00:00",3,2,0],["2024-07-06T00:00:00+00:00",3,2,0],["2024-09-06T00:00:00+00:00",3,2,0],["2024-12-01T00:00:00+00:00",3,2,0],["2025-02-25T00:00:00+00:00",3,2,0],["2025-04-04T00:00:00+00:00",3,2,0],["2025-07-08T00:00:00+00:00",3,2,0],["2025-09-22T00:00:00+00:00",3,2,0]]},"geometry":{"type":"Point","coordinates":[34.453864,31.507676]}},{"type":"Feature","properties":{"site_id":26,"event_code":"CE20231007PSE","latest_date":"2025-09-22T00:00:00+00:00","latest_class":3,"pass_count":11,"h":[["2024-01-06T00:00:00+00:00",3,2,3],["2024-02-29T00:00:00+00:00",3,2,0],["2024-04-01T00:00:00+00:00",3,2,0],["2024-05-03T00:00:00+00:00",3,2,0],["2024-07-06T00:00:00+00:00",3,2,0],["2024-09-06T00:00:00+00:00",3,2,0],["2024-12-01T00:00:00+00:00",3,2,0],["2025-02-25T00:00:00+00:00",3,2,0],["2025-04-04T00:00:00+00:00",3,2,0],["2025-07-08T00:00:00+00:00",3,2,0],["2025-09-22T00:00:00+00:00",3,2,0]]},"geometry":{"type":"Point","coordinates":[34.456954,31.508791]}},{"type":"Feature","properties":{"site_id":26,"event_code":"CE20231007PSE","latest_date":"2025-09-22T00:00:00+00:00","latest_class":3,"pass_count":11,"h":[["2024-01-06T00:00:00+00:00",3,2,3],["2024-02-29T00:00:00+00:00",3,2,0],["2024-04-01T00:00:00+00:00",3,2,0],["2024-05-03T00:00:00+00:00",3,2,0],["2024-07-06T00:00:00+00:00",3,2,0],["2024-09-06T00:00:00+00:00",3,2,0],["2024-12-01T00:00:00+00:00",3,2,0],["2025-02-25T00:00:00+00:00",3,2,0],["2025-04-04T00:00:00+00:00",3,2,0],["2025-07-08T00:00:00+00:00",3,2,0],["2025-09-22T00:00:00+00:00",3,2,0]]},"geometry":{"type":"Point","coordinates":[34.456401,31.509206]}},{"type":"Feature","properties":{"site_id":26,"event_code":"CE20231007PSE","latest_date":"2025-09-22T00:00:00+00:00","latest_class":3,"pass_count":10,"h":[["2024-02-29T00:00:00+00:00",3,2,3],["2024-04-01T00:00:00+00:00",3,2,0],["2024-05-03T00:00:00+00:00",3,2,0],["2024-07-06T00:00:00+00:00",3,2,0],["2024-09-06T00:00:00+00:00",3,2,0],["2024-12-01T00:00:00+00:00",3,2,0],["2025-02-25T00:00:00+00:00",3,2,0],["2025-04-04T00:00:00+00:00",3,2,0],["2025-07-08T00:00:00+00:00",3,2,0],["2025-09-22T00:00:00+00:00",3,2,0]]},"geometry":{"type":"Point","coordinates":[34.454594,31.510381]}},{"type":"Feature","properties":{"site_id":26,"event_code":"CE20231007PSE","latest_date":"2025-09-22T00:00:00+00:00","latest_class":3,"pass_count":12,"h":[["2023-11-26T00:00:00+00:00",3,2,3],["2024-01-06T00:00:00+00:00",3,2,0],["2024-02-29T00:00:00+00:00",3,2,0],["2024-04-01T00:00:00+00:00",3,2,0],["2024-05-03T00:00:00+00:00",3,2,0],["2024-07-06T00:00:00+00:00",3,2,0],["2024-09-06T00:00:00+00:00",3,2,0],["2024-12-01T00:00:00+00:00",3,2,0],["2025-02-25T00:00:00+00:00",3,2,0],["2025-04-04T00:00:00+00:00",3,2,0],["2025-07-08T00:00:00+00:00",3,2,0],["2025-09-22T00:00:00+00:00",3,2,0]]},"geometry":{"type":"Point","coordinates":[34.456519,31.508292]}},{"type":"Feature","properties":{"site_id":26,"event_code":"CE20231007PSE","latest_date":"2025-09-22T00:00:00+00:00","latest_class":3,"pass_count":12,"h":[["2023-11-26T00:00:00+00:00",4,3,3],["2024-01-06T00:00:00+00:00",3,2,1],["2024-02-29T00:00:00+00:00",3,2,0],["2024-04-01T00:00:00+00:00",3,2,0],["2024-05-03T00:00:00+00:00",3,2,0],["2024-07-06T00:00:00+00:00",3,2,0],["2024-09-06T00:00:00+00:00",3,2,0],["2024-12-01T00:00:00+00:00",3,2,0],["2025-02-25T00:00:00+00:00",3,2,0],["2025-04-04T00:00:00+00:00",3,2,0],["2025-07-08T00:00:00+00:00",3,2,0],["2025-09-22T00:00:00+00:00",3,2,0]]},"geometry":{"type":"Point","coordinates":[34.448116,31.511141]}},{"type":"Feature","properties":{"site_id":26,"event_code":"CE20231007PSE","latest_date":"2025-09-22T00:00:00+00:00","latest_class":3,"pass_count":12,"h":[["2023-11-26T00:00:00+00:00",4,3,3],["2024-01-06T00:00:00+00:00",3,2,1],["2024-02-29T00:00:00+00:00",3,2,0],["2024-04-01T00:00:00+00:00",3,2,0],["2024-05-03T00:00:00+00:00",3,2,0],["2024-07-06T00:00:00+00:00",3,2,0],["2024-09-06T00:00:00+00:00",3,2,0],["2024-12-01T00:00:00+00:00",3,2,0],["2025-02-25T00:00:00+00:00",3,2,0],["2025-04-04T00:00:00+00:00",3,2,0],["2025-07-08T00:00:00+00:00",3,2,0],["2025-09-22T00:00:00+00:00",3,2,0]]},"geometry":{"type":"Point","coordinates":[34.448385,31.510979]}},{"type":"Feature","properties":{"site_id":26,"event_code":"CE20231007PSE","latest_date":"2025-09-22T00:00:00+00:00","latest_class":3,"pass_count":12,"h":[["2023-11-26T00:00:00+00:00",4,3,3],["2024-01-06T00:00:00+00:00",3,2,1],["2024-02-29T00:00:00+00:00",3,2,0],["2024-04-01T00:00:00+00:00",3,2,0],["2024-05-03T00:00:00+00:00",3,2,0],["2024-07-06T00:00:00+00:00",3,2,0],["2024-09-06T00:00:00+00:00",3,2,0],["2024-12-01T00:00:00+00:00",3,2,0],["2025-02-25T00:00:00+00:00",3,2,0],["2025-04-04T00:00:00+00:00",3,2,0],["2025-07-08T00:00:00+00:00",3,2,0],["2025-09-22T00:00:00+00:00",3,2,0]]},"geometry":{"type":"Point","coordinates":[34.448566,31.511169]}},{"type":"Feature","properties":{"site_id":26,"event_code":"CE20231007PSE","latest_date":"2025-09-22T00:00:00+00:00","latest_class":3,"pass_count":12,"h":[["2023-11-26T00:00:00+00:00",4,3,3],["2024-01-06T00:00:00+00:00",3,2,1],["2024-02-29T00:00:00+00:00",3,2,0],["2024-04-01T00:00:00+00:00",3,2,0],["2024-05-03T00:00:00+00:00",3,2,0],["2024-07-06T00:00:00+00:00",3,2,0],["2024-09-06T00:00:00+00:00",3,2,0],["2024-12-01T00:00:00+00:00",3,2,0],["2025-02-25T00:00:00+00:00",3,2,0],["2025-04-04T00:00:00+00:00",3,2,0],["2025-07-08T00:00:00+00:00",3,2,0],["2025-09-22T00:00:00+00:00",3,2,0]]},"geometry":{"type":"Point","coordinates":[34.448409,31.510824]}},{"type":"Feature","properties":{"site_id":26,"event_code":"CE20231007PSE","latest_date":"2025-09-22T00:00:00+00:00","latest_class":3,"pass_count":12,"h":[["2023-11-26T00:00:00+00:00",4,3,3],["2024-01-06T00:00:00+00:00",3,2,1],["2024-02-29T00:00:00+00:00",3,2,0],["2024-04-01T00:00:00+00:00",3,2,0],["2024-05-03T00:00:00+00:00",3,2,0],["2024-07-06T00:00:00+00:00",3,2,0],["2024-09-06T00:00:00+00:00",3,2,0],["2024-12-01T00:00:00+00:00",3,2,0],["2025-02-25T00:00:00+00:00",3,2,0],["2025-04-04T00:00:00+00:00",3,2,0],["2025-07-08T00:00:00+00:00",3,2,0],["2025-09-22T00:00:00+00:00",3,2,0]]},"geometry":{"type":"Point","coordinates":[34.448379,31.511277]}},{"type":"Feature","properties":{"site_id":26,"event_code":"CE20231007PSE","latest_date":"2025-09-22T00:00:00+00:00","latest_class":2,"pass_count":11,"h":[["2024-01-06T00:00:00+00:00",3,2,3],["2024-02-29T00:00:00+00:00",3,2,0],["2024-04-01T00:00:00+00:00",3,2,0],["2024-05-03T00:00:00+00:00",3,2,0],["2024-07-06T00:00:00+00:00",3,2,0],["2024-09-06T00:00:00+00:00",3,2,0],["2024-12-01T00:00:00+00:00",3,2,0],["2025-02-25T00:00:00+00:00",2,1,1],["2025-04-04T00:00:00+00:00",2,1,0],["2025-07-08T00:00:00+00:00",2,1,0],["2025-09-22T00:00:00+00:00",2,1,0]]},"geometry":{"type":"Point","coordinates":[34.450095,31.511462]}},{"type":"Feature","properties":{"site_id":26,"event_code":"CE20231007PSE","latest_date":"2025-09-22T00:00:00+00:00","latest_class":3,"pass_count":14,"h":[["2023-10-15T00:00:00+00:00",3,2,null],["2023-11-07T00:00:00+00:00",3,2,0],["2023-11-26T00:00:00+00:00",3,2,0],["2024-01-06T00:00:00+00:00",3,2,0],["2024-02-29T00:00:00+00:00",3,2,0],["2024-04-01T00:00:00+00:00",3,2,0],["2024-05-03T00:00:00+00:00",3,2,0],["2024-07-06T00:00:00+00:00",3,2,0],["2024-09-06T00:00:00+00:00",3,2,0],["2024-12-01T00:00:00+00:00",3,2,0],["2025-02-25T00:00:00+00:00",3,2,0],["2025-04-04T00:00:00+00:00",3,2,0],["2025-07-08T00:00:00+00:00",3,2,0],["2025-09-22T00:00:00+00:00",3,2,0]]},"geometry":{"type":"Point","coordinates":[34.452316,31.512565]}},{"type":"Feature","properties":{"site_id":26,"event_code":"CE20231007PSE","latest_date":"2025-09-22T00:00:00+00:00","latest_class":3,"pass_count":14,"h":[["2023-10-15T00:00:00+00:00",3,2,null],["2023-11-07T00:00:00+00:00",3,2,0],["2023-11-26T00:00:00+00:00",3,2,0],["2024-01-06T00:00:00+00:00",3,2,0],["2024-02-29T00:00:00+00:00",3,2,0],["2024-04-01T00:00:00+00:00",3,2,0],["2024-05-03T00:00:00+00:00",3,2,0],["2024-07-06T00:00:00+00:00",3,2,0],["2024-09-06T00:00:00+00:00",3,2,0],["2024-12-01T00:00:00+00:00",3,2,0],["2025-02-25T00:00:00+00:00",3,2,0],["2025-04-04T00:00:00+00:00",3,2,0],["2025-07-08T00:00:00+00:00",3,2,0],["2025-09-22T00:00:00+00:00",3,2,0]]},"geometry":{"type":"Point","coordinates":[34.452222,31.512666]}},{"type":"Feature","properties":{"site_id":26,"event_code":"CE20231007PSE","latest_date":"2025-09-22T00:00:00+00:00","latest_class":3,"pass_count":11,"h":[["2024-01-06T00:00:00+00:00",3,2,3],["2024-02-29T00:00:00+00:00",3,2,0],["2024-04-01T00:00:00+00:00",3,2,0],["2024-05-03T00:00:00+00:00",3,2,0],["2024-07-06T00:00:00+00:00",3,2,0],["2024-09-06T00:00:00+00:00",3,2,0],["2024-12-01T00:00:00+00:00",3,2,0],["2025-02-25T00:00:00+00:00",3,2,0],["2025-04-04T00:00:00+00:00",3,2,0],["2025-07-08T00:00:00+00:00",3,2,0],["2025-09-22T00:00:00+00:00",3,2,0]]},"geometry":{"type":"Point","coordinates":[34.452661,31.510425]}},{"type":"Feature","properties":{"site_id":26,"event_code":"CE20231007PSE","latest_date":"2025-09-22T00:00:00+00:00","latest_class":3,"pass_count":11,"h":[["2024-01-06T00:00:00+00:00",3,2,3],["2024-02-29T00:00:00+00:00",3,2,0],["2024-04-01T00:00:00+00:00",3,2,0],["2024-05-03T00:00:00+00:00",3,2,0],["2024-07-06T00:00:00+00:00",3,2,0],["2024-09-06T00:00:00+00:00",3,2,0],["2024-12-01T00:00:00+00:00",3,2,0],["2025-02-25T00:00:00+00:00",3,2,0],["2025-04-04T00:00:00+00:00",3,2,0],["2025-07-08T00:00:00+00:00",3,2,0],["2025-09-22T00:00:00+00:00",3,2,0]]},"geometry":{"type":"Point","coordinates":[34.452815,31.5106]}},{"type":"Feature","properties":{"site_id":26,"event_code":"CE20231007PSE","latest_date":"2025-09-22T00:00:00+00:00","latest_class":3,"pass_count":11,"h":[["2024-01-06T00:00:00+00:00",3,2,3],["2024-02-29T00:00:00+00:00",3,2,0],["2024-04-01T00:00:00+00:00",3,2,0],["2024-05-03T00:00:00+00:00",3,2,0],["2024-07-06T00:00:00+00:00",3,2,0],["2024-09-06T00:00:00+00:00",3,2,0],["2024-12-01T00:00:00+00:00",3,2,0],["2025-02-25T00:00:00+00:00",3,2,0],["2025-04-04T00:00:00+00:00",3,2,0],["2025-07-08T00:00:00+00:00",3,2,0],["2025-09-22T00:00:00+00:00",3,2,0]]},"geometry":{"type":"Point","coordinates":[34.452582,31.510514]}},{"type":"Feature","properties":{"site_id":26,"event_code":"CE20231007PSE","latest_date":"2025-09-22T00:00:00+00:00","latest_class":3,"pass_count":13,"h":[["2023-11-07T00:00:00+00:00",3,2,3],["2023-11-26T00:00:00+00:00",3,2,0],["2024-01-06T00:00:00+00:00",3,2,0],["2024-02-29T00:00:00+00:00",3,2,0],["2024-04-01T00:00:00+00:00",3,2,0],["2024-05-03T00:00:00+00:00",3,2,0],["2024-07-06T00:00:00+00:00",3,2,0],["2024-09-06T00:00:00+00:00",3,2,0],["2024-12-01T00:00:00+00:00",3,2,0],["2025-02-25T00:00:00+00:00",3,2,0],["2025-04-04T00:00:00+00:00",3,2,0],["2025-07-08T00:00:00+00:00",3,2,0],["2025-09-22T00:00:00+00:00",3,2,0]]},"geometry":{"type":"Point","coordinates":[34.456183,31.507176]}},{"type":"Feature","properties":{"site_id":26,"event_code":"CE20231007PSE","latest_date":"2025-09-22T00:00:00+00:00","latest_class":3,"pass_count":12,"h":[["2023-11-26T00:00:00+00:00",3,2,3],["2024-01-06T00:00:00+00:00",3,2,0],["2024-02-29T00:00:00+00:00",3,2,0],["2024-04-01T00:00:00+00:00",3,2,0],["2024-05-03T00:00:00+00:00",3,2,0],["2024-07-06T00:00:00+00:00",3,2,0],["2024-09-06T00:00:00+00:00",3,2,0],["2024-12-01T00:00:00+00:00",3,2,0],["2025-02-25T00:00:00+00:00",3,2,0],["2025-04-04T00:00:00+00:00",3,2,0],["2025-07-08T00:00:00+00:00",3,2,0],["2025-09-22T00:00:00+00:00",3,2,0]]},"geometry":{"type":"Point","coordinates":[34.457027,31.508287]}},{"type":"Feature","properties":{"site_id":26,"event_code":"CE20231007PSE","latest_date":"2025-09-22T00:00:00+00:00","latest_class":3,"pass_count":12,"h":[["2023-11-26T00:00:00+00:00",3,2,3],["2024-01-06T00:00:00+00:00",3,2,0],["2024-02-29T00:00:00+00:00",3,2,0],["2024-04-01T00:00:00+00:00",3,2,0],["2024-05-03T00:00:00+00:00",3,2,0],["2024-07-06T00:00:00+00:00",3,2,0],["2024-09-06T00:00:00+00:00",3,2,0],["2024-12-01T00:00:00+00:00",3,2,0],["2025-02-25T00:00:00+00:00",3,2,0],["2025-04-04T00:00:00+00:00",3,2,0],["2025-07-08T00:00:00+00:00",3,2,0],["2025-09-22T00:00:00+00:00",3,2,0]]},"geometry":{"type":"Point","coordinates":[34.456864,31.508049]}},{"type":"Feature","properties":{"site_id":26,"event_code":"CE20231007PSE","latest_date":"2025-09-22T00:00:00+00:00","latest_class":3,"pass_count":12,"h":[["2023-11-26T00:00:00+00:00",3,2,3],["2024-01-06T00:00:00+00:00",3,2,0],["2024-02-29T00:00:00+00:00",3,2,0],["2024-04-01T00:00:00+00:00",3,2,0],["2024-05-03T00:00:00+00:00",3,2,0],["2024-07-06T00:00:00+00:00",3,2,0],["2024-09-06T00:00:00+00:00",3,2,0],["2024-12-01T00:00:00+00:00",3,2,0],["2025-02-25T00:00:00+00:00",3,2,0],["2025-04-04T00:00:00+00:00",3,2,0],["2025-07-08T00:00:00+00:00",3,2,0],["2025-09-22T00:00:00+00:00",3,2,0]]},"geometry":{"type":"Point","coordinates":[34.457489,31.50871]}},{"type":"Feature","properties":{"site_id":26,"event_code":"CE20231007PSE","latest_date":"2025-09-22T00:00:00+00:00","latest_class":1,"pass_count":6,"h":[["2024-09-06T00:00:00+00:00",1,1,3],["2024-12-01T00:00:00+00:00",1,1,0],["2025-02-25T00:00:00+00:00",1,1,0],["2025-04-04T00:00:00+00:00",1,1,0],["2025-07-08T00:00:00+00:00",1,1,0],["2025-09-22T00:00:00+00:00",1,1,0]]},"geometry":{"type":"Point","coordinates":[34.455532,31.508998]}},{"type":"Feature","properties":{"site_id":26,"event_code":"CE20231007PSE","latest_date":"2025-09-22T00:00:00+00:00","latest_class":3,"pass_count":6,"h":[["2024-09-06T00:00:00+00:00",3,3,3],["2024-12-01T00:00:00+00:00",3,3,0],["2025-02-25T00:00:00+00:00",3,3,0],["2025-04-04T00:00:00+00:00",3,3,0],["2025-07-08T00:00:00+00:00",3,3,0],["2025-09-22T00:00:00+00:00",3,3,0]]},"geometry":{"type":"Point","coordinates":[34.455277,31.5091]}},{"type":"Feature","properties":{"site_id":26,"event_code":"CE20231007PSE","latest_date":"2025-09-22T00:00:00+00:00","latest_class":3,"pass_count":10,"h":[["2024-02-29T00:00:00+00:00",3,2,3],["2024-04-01T00:00:00+00:00",3,2,0],["2024-05-03T00:00:00+00:00",3,2,0],["2024-07-06T00:00:00+00:00",3,2,0],["2024-09-06T00:00:00+00:00",3,2,0],["2024-12-01T00:00:00+00:00",3,2,0],["2025-02-25T00:00:00+00:00",3,2,0],["2025-04-04T00:00:00+00:00",3,2,0],["2025-07-08T00:00:00+00:00",3,2,0],["2025-09-22T00:00:00+00:00",3,2,0]]},"geometry":{"type":"Point","coordinates":[34.451754,31.511265]}},{"type":"Feature","properties":{"site_id":26,"event_code":"CE20231007PSE","latest_date":"2025-09-22T00:00:00+00:00","latest_class":1,"pass_count":11,"h":[["2024-01-06T00:00:00+00:00",4,3,3],["2024-02-29T00:00:00+00:00",4,3,0],["2024-04-01T00:00:00+00:00",4,3,0],["2024-05-03T00:00:00+00:00",4,3,0],["2024-07-06T00:00:00+00:00",4,3,0],["2024-09-06T00:00:00+00:00",4,3,0],["2024-12-01T00:00:00+00:00",4,3,0],["2025-02-25T00:00:00+00:00",1,1,1],["2025-04-04T00:00:00+00:00",1,1,0],["2025-07-08T00:00:00+00:00",1,1,0],["2025-09-22T00:00:00+00:00",1,1,0]]},"geometry":{"type":"Point","coordinates":[34.449861,31.511437]}},{"type":"Feature","properties":{"site_id":26,"event_code":"CE20231007PSE","latest_date":"2025-09-22T00:00:00+00:00","latest_class":1,"pass_count":3,"h":[["2025-04-04T00:00:00+00:00",1,1,3],["2025-07-08T00:00:00+00:00",1,1,0],["2025-09-22T00:00:00+00:00",1,1,0]]},"geometry":{"type":"Point","coordinates":[34.451595,31.509754]}},{"type":"Feature","properties":{"site_id":26,"event_code":"CE20231007PSE","latest_date":"2025-09-22T00:00:00+00:00","latest_class":3,"pass_count":3,"h":[["2025-04-04T00:00:00+00:00",3,2,3],["2025-07-08T00:00:00+00:00",3,2,0],["2025-09-22T00:00:00+00:00",3,2,0]]},"geometry":{"type":"Point","coordinates":[34.451704,31.509863]}},{"type":"Feature","properties":{"site_id":26,"event_code":"CE20231007PSE","latest_date":"2025-09-22T00:00:00+00:00","latest_class":3,"pass_count":12,"h":[["2023-11-26T00:00:00+00:00",3,2,3],["2024-01-06T00:00:00+00:00",3,2,0],["2024-02-29T00:00:00+00:00",3,2,0],["2024-04-01T00:00:00+00:00",3,2,0],["2024-05-03T00:00:00+00:00",3,2,0],["2024-07-06T00:00:00+00:00",3,2,0],["2024-09-06T00:00:00+00:00",3,2,0],["2024-12-01T00:00:00+00:00",3,2,0],["2025-02-25T00:00:00+00:00",3,2,0],["2025-04-04T00:00:00+00:00",3,2,0],["2025-07-08T00:00:00+00:00",3,2,0],["2025-09-22T00:00:00+00:00",3,2,0]]},"geometry":{"type":"Point","coordinates":[34.458667,31.504965]}},{"type":"Feature","properties":{"site_id":26,"event_code":"CE20231007PSE","latest_date":"2025-09-22T00:00:00+00:00","latest_class":2,"pass_count":1,"h":[["2025-09-22T00:00:00+00:00",2,1,3]]},"geometry":{"type":"Point","coordinates":[34.455691,31.507913]}},{"type":"Feature","properties":{"site_id":26,"event_code":"CE20231007PSE","latest_date":"2025-09-22T00:00:00+00:00","latest_class":3,"pass_count":1,"h":[["2025-09-22T00:00:00+00:00",3,2,3]]},"geometry":{"type":"Point","coordinates":[34.455585,31.507829]}},{"type":"Feature","properties":{"site_id":26,"event_code":"CE20231007PSE","latest_date":"2025-09-22T00:00:00+00:00","latest_class":3,"pass_count":1,"h":[["2025-09-22T00:00:00+00:00",3,2,3]]},"geometry":{"type":"Point","coordinates":[34.455549,31.507969]}},{"type":"Feature","properties":{"site_id":26,"event_code":"CE20231007PSE","latest_date":"2025-09-22T00:00:00+00:00","latest_class":4,"pass_count":7,"h":[["2024-07-06T00:00:00+00:00",4,3,3],["2024-09-06T00:00:00+00:00",4,3,0],["2024-12-01T00:00:00+00:00",4,3,0],["2025-02-25T00:00:00+00:00",4,3,0],["2025-04-04T00:00:00+00:00",4,3,0],["2025-07-08T00:00:00+00:00",4,3,0],["2025-09-22T00:00:00+00:00",4,3,0]]},"geometry":{"type":"Point","coordinates":[34.441108,31.504811]}},{"type":"Feature","properties":{"site_id":26,"event_code":"CE20231007PSE","latest_date":"2025-09-22T00:00:00+00:00","latest_class":4,"pass_count":1,"h":[["2025-09-22T00:00:00+00:00",4,3,3]]},"geometry":{"type":"Point","coordinates":[34.44203,31.504314]}},{"type":"Feature","properties":{"site_id":26,"event_code":"CE20231007PSE","latest_date":"2025-09-22T00:00:00+00:00","latest_class":4,"pass_count":1,"h":[["2025-09-22T00:00:00+00:00",4,3,3]]},"geometry":{"type":"Point","coordinates":[34.442309,31.504273]}},{"type":"Feature","properties":{"site_id":26,"event_code":"CE20231007PSE","latest_date":"2025-09-22T00:00:00+00:00","latest_class":4,"pass_count":1,"h":[["2025-09-22T00:00:00+00:00",4,3,3]]},"geometry":{"type":"Point","coordinates":[34.443019,31.504817]}},{"type":"Feature","properties":{"site_id":26,"event_code":"CE20231007PSE","latest_date":"2025-09-22T00:00:00+00:00","latest_class":4,"pass_count":12,"h":[["2023-11-26T00:00:00+00:00",4,3,3],["2024-01-06T00:00:00+00:00",4,3,0],["2024-02-29T00:00:00+00:00",4,3,0],["2024-04-01T00:00:00+00:00",4,3,0],["2024-05-03T00:00:00+00:00",4,3,0],["2024-07-06T00:00:00+00:00",4,3,0],["2024-09-06T00:00:00+00:00",4,3,0],["2024-12-01T00:00:00+00:00",4,3,0],["2025-02-25T00:00:00+00:00",4,3,0],["2025-04-04T00:00:00+00:00",4,3,0],["2025-07-08T00:00:00+00:00",4,3,0],["2025-09-22T00:00:00+00:00",4,3,0]]},"geometry":{"type":"Point","coordinates":[34.44727,31.506115]}},{"type":"Feature","properties":{"site_id":26,"event_code":"CE20231007PSE","latest_date":"2025-09-22T00:00:00+00:00","latest_class":4,"pass_count":11,"h":[["2024-01-06T00:00:00+00:00",4,3,3],["2024-02-29T00:00:00+00:00",4,3,0],["2024-04-01T00:00:00+00:00",4,3,0],["2024-05-03T00:00:00+00:00",4,3,0],["2024-07-06T00:00:00+00:00",4,3,0],["2024-09-06T00:00:00+00:00",4,3,0],["2024-12-01T00:00:00+00:00",4,3,0],["2025-02-25T00:00:00+00:00",4,3,0],["2025-04-04T00:00:00+00:00",4,3,0],["2025-07-08T00:00:00+00:00",4,3,0],["2025-09-22T00:00:00+00:00",4,3,0]]},"geometry":{"type":"Point","coordinates":[34.452289,31.504165]}},{"type":"Feature","properties":{"site_id":26,"event_code":"CE20231007PSE","latest_date":"2025-09-22T00:00:00+00:00","latest_class":4,"pass_count":14,"h":[["2023-10-15T00:00:00+00:00",4,3,null],["2023-11-07T00:00:00+00:00",4,3,0],["2023-11-26T00:00:00+00:00",4,3,0],["2024-01-06T00:00:00+00:00",4,3,0],["2024-02-29T00:00:00+00:00",4,3,0],["2024-04-01T00:00:00+00:00",4,3,0],["2024-05-03T00:00:00+00:00",4,3,0],["2024-07-06T00:00:00+00:00",4,3,0],["2024-09-06T00:00:00+00:00",4,3,0],["2024-12-01T00:00:00+00:00",4,3,0],["2025-02-25T00:00:00+00:00",4,3,0],["2025-04-04T00:00:00+00:00",4,3,0],["2025-07-08T00:00:00+00:00",4,3,0],["2025-09-22T00:00:00+00:00",4,3,0]]},"geometry":{"type":"Point","coordinates":[34.452809,31.504039]}},{"type":"Feature","properties":{"site_id":26,"event_code":"CE20231007PSE","latest_date":"2025-09-22T00:00:00+00:00","latest_class":4,"pass_count":11,"h":[["2024-01-06T00:00:00+00:00",4,3,3],["2024-02-29T00:00:00+00:00",4,3,0],["2024-04-01T00:00:00+00:00",4,3,0],["2024-05-03T00:00:00+00:00",4,3,0],["2024-07-06T00:00:00+00:00",4,3,0],["2024-09-06T00:00:00+00:00",4,3,0],["2024-12-01T00:00:00+00:00",4,3,0],["2025-02-25T00:00:00+00:00",4,3,0],["2025-04-04T00:00:00+00:00",4,3,0],["2025-07-08T00:00:00+00:00",4,3,0],["2025-09-22T00:00:00+00:00",4,3,0]]},"geometry":{"type":"Point","coordinates":[34.458607,31.506194]}},{"type":"Feature","properties":{"site_id":26,"event_code":"CE20231007PSE","latest_date":"2025-09-22T00:00:00+00:00","latest_class":4,"pass_count":12,"h":[["2023-11-26T00:00:00+00:00",4,3,3],["2024-01-06T00:00:00+00:00",4,3,0],["2024-02-29T00:00:00+00:00",4,3,0],["2024-04-01T00:00:00+00:00",4,3,0],["2024-05-03T00:00:00+00:00",4,3,0],["2024-07-06T00:00:00+00:00",4,3,0],["2024-09-06T00:00:00+00:00",4,3,0],["2024-12-01T00:00:00+00:00",4,3,0],["2025-02-25T00:00:00+00:00",4,3,0],["2025-04-04T00:00:00+00:00",4,3,0],["2025-07-08T00:00:00+00:00",4,3,0],["2025-09-22T00:00:00+00:00",4,3,0]]},"geometry":{"type":"Point","coordinates":[34.457532,31.506666]}},{"type":"Feature","properties":{"site_id":26,"event_code":"CE20231007PSE","latest_date":"2025-09-22T00:00:00+00:00","latest_class":4,"pass_count":11,"h":[["2024-01-06T00:00:00+00:00",4,3,3],["2024-02-29T00:00:00+00:00",4,3,0],["2024-04-01T00:00:00+00:00",4,3,0],["2024-05-03T00:00:00+00:00",4,3,0],["2024-07-06T00:00:00+00:00",4,3,0],["2024-09-06T00:00:00+00:00",4,3,0],["2024-12-01T00:00:00+00:00",4,3,0],["2025-02-25T00:00:00+00:00",4,3,0],["2025-04-04T00:00:00+00:00",4,3,0],["2025-07-08T00:00:00+00:00",4,3,0],["2025-09-22T00:00:00+00:00",4,3,0]]},"geometry":{"type":"Point","coordinates":[34.457009,31.508625]}},{"type":"Feature","properties":{"site_id":26,"event_code":"CE20231007PSE","latest_date":"2025-09-22T00:00:00+00:00","latest_class":4,"pass_count":13,"h":[["2023-11-07T00:00:00+00:00",4,3,3],["2023-11-26T00:00:00+00:00",4,3,0],["2024-01-06T00:00:00+00:00",4,3,0],["2024-02-29T00:00:00+00:00",4,3,0],["2024-04-01T00:00:00+00:00",4,3,0],["2024-05-03T00:00:00+00:00",4,3,0],["2024-07-06T00:00:00+00:00",4,3,0],["2024-09-06T00:00:00+00:00",4,3,0],["2024-12-01T00:00:00+00:00",4,3,0],["2025-02-25T00:00:00+00:00",4,3,0],["2025-04-04T00:00:00+00:00",4,3,0],["2025-07-08T00:00:00+00:00",4,3,0],["2025-09-22T00:00:00+00:00",4,3,0]]},"geometry":{"type":"Point","coordinates":[34.456686,31.506617]}},{"type":"Feature","properties":{"site_id":26,"event_code":"CE20231007PSE","latest_date":"2025-09-22T00:00:00+00:00","latest_class":4,"pass_count":13,"h":[["2023-11-07T00:00:00+00:00",4,3,3],["2023-11-26T00:00:00+00:00",4,3,0],["2024-01-06T00:00:00+00:00",4,3,0],["2024-02-29T00:00:00+00:00",4,3,0],["2024-04-01T00:00:00+00:00",4,3,0],["2024-05-03T00:00:00+00:00",4,3,0],["2024-07-06T00:00:00+00:00",4,3,0],["2024-09-06T00:00:00+00:00",4,3,0],["2024-12-01T00:00:00+00:00",4,3,0],["2025-02-25T00:00:00+00:00",4,3,0],["2025-04-04T00:00:00+00:00",4,3,0],["2025-07-08T00:00:00+00:00",4,3,0],["2025-09-22T00:00:00+00:00",4,3,0]]},"geometry":{"type":"Point","coordinates":[34.456464,31.506523]}},{"type":"Feature","properties":{"site_id":26,"event_code":"CE20231007PSE","latest_date":"2025-09-22T00:00:00+00:00","latest_class":4,"pass_count":13,"h":[["2023-11-07T00:00:00+00:00",4,3,3],["2023-11-26T00:00:00+00:00",4,3,0],["2024-01-06T00:00:00+00:00",4,3,0],["2024-02-29T00:00:00+00:00",4,3,0],["2024-04-01T00:00:00+00:00",4,3,0],["2024-05-03T00:00:00+00:00",4,3,0],["2024-07-06T00:00:00+00:00",4,3,0],["2024-09-06T00:00:00+00:00",4,3,0],["2024-12-01T00:00:00+00:00",4,3,0],["2025-02-25T00:00:00+00:00",4,3,0],["2025-04-04T00:00:00+00:00",4,3,0],["2025-07-08T00:00:00+00:00",4,3,0],["2025-09-22T00:00:00+00:00",4,3,0]]},"geometry":{"type":"Point","coordinates":[34.453895,31.511208]}},{"type":"Feature","properties":{"site_id":26,"event_code":"CE20231007PSE","latest_date":"2025-09-22T00:00:00+00:00","latest_class":4,"pass_count":13,"h":[["2023-11-07T00:00:00+00:00",4,3,3],["2023-11-26T00:00:00+00:00",4,3,0],["2024-01-06T00:00:00+00:00",4,3,0],["2024-02-29T00:00:00+00:00",4,3,0],["2024-04-01T00:00:00+00:00",4,3,0],["2024-05-03T00:00:00+00:00",4,3,0],["2024-07-06T00:00:00+00:00",4,3,0],["2024-09-06T00:00:00+00:00",4,3,0],["2024-12-01T00:00:00+00:00",4,3,0],["2025-02-25T00:00:00+00:00",4,3,0],["2025-04-04T00:00:00+00:00",4,3,0],["2025-07-08T00:00:00+00:00",4,3,0],["2025-09-22T00:00:00+00:00",4,3,0]]},"geometry":{"type":"Point","coordinates":[34.453762,31.511052]}},{"type":"Feature","properties":{"site_id":26,"event_code":"CE20231007PSE","latest_date":"2025-09-22T00:00:00+00:00","latest_class":4,"pass_count":13,"h":[["2023-11-07T00:00:00+00:00",4,3,3],["2023-11-26T00:00:00+00:00",4,3,0],["2024-01-06T00:00:00+00:00",4,3,0],["2024-02-29T00:00:00+00:00",4,3,0],["2024-04-01T00:00:00+00:00",4,3,0],["2024-05-03T00:00:00+00:00",4,3,0],["2024-07-06T00:00:00+00:00",4,3,0],["2024-09-06T00:00:00+00:00",4,3,0],["2024-12-01T00:00:00+00:00",4,3,0],["2025-02-25T00:00:00+00:00",4,3,0],["2025-04-04T00:00:00+00:00",4,3,0],["2025-07-08T00:00:00+00:00",4,3,0],["2025-09-22T00:00:00+00:00",4,3,0]]},"geometry":{"type":"Point","coordinates":[34.453699,31.51086]}},{"type":"Feature","properties":{"site_id":26,"event_code":"CE20231007PSE","latest_date":"2025-09-22T00:00:00+00:00","latest_class":4,"pass_count":11,"h":[["2024-01-06T00:00:00+00:00",4,3,3],["2024-02-29T00:00:00+00:00",4,3,0],["2024-04-01T00:00:00+00:00",4,3,0],["2024-05-03T00:00:00+00:00",4,3,0],["2024-07-06T00:00:00+00:00",4,3,0],["2024-09-06T00:00:00+00:00",4,3,0],["2024-12-01T00:00:00+00:00",4,3,0],["2025-02-25T00:00:00+00:00",4,3,0],["2025-04-04T00:00:00+00:00",4,3,0],["2025-07-08T00:00:00+00:00",4,3,0],["2025-09-22T00:00:00+00:00",4,3,0]]},"geometry":{"type":"Point","coordinates":[34.452724,31.511176]}},{"type":"Feature","properties":{"site_id":26,"event_code":"CE20231007PSE","latest_date":"2025-09-22T00:00:00+00:00","latest_class":4,"pass_count":11,"h":[["2024-01-06T00:00:00+00:00",4,3,3],["2024-02-29T00:00:00+00:00",4,3,0],["2024-04-01T00:00:00+00:00",4,3,0],["2024-05-03T00:00:00+00:00",4,3,0],["2024-07-06T00:00:00+00:00",4,3,0],["2024-09-06T00:00:00+00:00",4,3,0],["2024-12-01T00:00:00+00:00",4,3,0],["2025-02-25T00:00:00+00:00",4,3,0],["2025-04-04T00:00:00+00:00",4,3,0],["2025-07-08T00:00:00+00:00",4,3,0],["2025-09-22T00:00:00+00:00",4,3,0]]},"geometry":{"type":"Point","coordinates":[34.451499,31.510806]}},{"type":"Feature","properties":{"site_id":26,"event_code":"CE20231007PSE","latest_date":"2025-09-22T00:00:00+00:00","latest_class":4,"pass_count":2,"h":[["2025-07-08T00:00:00+00:00",4,3,3],["2025-09-22T00:00:00+00:00",4,3,0]]},"geometry":{"type":"Point","coordinates":[34.45528,31.505047]}},{"type":"Feature","properties":{"site_id":26,"event_code":"CE20231007PSE","latest_date":"2025-09-22T00:00:00+00:00","latest_class":4,"pass_count":1,"h":[["2025-09-22T00:00:00+00:00",4,3,3]]},"geometry":{"type":"Point","coordinates":[34.455028,31.503342]}},{"type":"Feature","properties":{"site_id":26,"event_code":"CE20231007PSE","latest_date":"2025-09-22T00:00:00+00:00","latest_class":4,"pass_count":13,"h":[["2023-11-07T00:00:00+00:00",4,3,3],["2023-11-26T00:00:00+00:00",4,3,0],["2024-01-06T00:00:00+00:00",4,3,0],["2024-02-29T00:00:00+00:00",4,3,0],["2024-04-01T00:00:00+00:00",4,3,0],["2024-05-03T00:00:00+00:00",4,3,0],["2024-07-06T00:00:00+00:00",4,3,0],["2024-09-06T00:00:00+00:00",4,3,0],["2024-12-01T00:00:00+00:00",4,3,0],["2025-02-25T00:00:00+00:00",4,3,0],["2025-04-04T00:00:00+00:00",4,3,0],["2025-07-08T00:00:00+00:00",4,3,0],["2025-09-22T00:00:00+00:00",4,3,0]]},"geometry":{"type":"Point","coordinates":[34.452042,31.505483]}},{"type":"Feature","properties":{"site_id":26,"event_code":"CE20231007PSE","latest_date":"2025-09-22T00:00:00+00:00","latest_class":4,"pass_count":11,"h":[["2024-01-06T00:00:00+00:00",4,3,3],["2024-02-29T00:00:00+00:00",4,3,0],["2024-04-01T00:00:00+00:00",4,3,0],["2024-05-03T00:00:00+00:00",4,3,0],["2024-07-06T00:00:00+00:00",4,3,0],["2024-09-06T00:00:00+00:00",4,3,0],["2024-12-01T00:00:00+00:00",4,3,0],["2025-02-25T00:00:00+00:00",4,3,0],["2025-04-04T00:00:00+00:00",4,3,0],["2025-07-08T00:00:00+00:00",4,3,0],["2025-09-22T00:00:00+00:00",4,3,0]]},"geometry":{"type":"Point","coordinates":[34.441719,31.50809]}},{"type":"Feature","properties":{"site_id":26,"event_code":"CE20231007PSE","latest_date":"2025-09-22T00:00:00+00:00","latest_class":4,"pass_count":12,"h":[["2023-11-26T00:00:00+00:00",4,3,3],["2024-01-06T00:00:00+00:00",4,3,0],["2024-02-29T00:00:00+00:00",4,3,0],["2024-04-01T00:00:00+00:00",4,3,0],["2024-05-03T00:00:00+00:00",4,3,0],["2024-07-06T00:00:00+00:00",4,3,0],["2024-09-06T00:00:00+00:00",4,3,0],["2024-12-01T00:00:00+00:00",4,3,0],["2025-02-25T00:00:00+00:00",4,3,0],["2025-04-04T00:00:00+00:00",4,3,0],["2025-07-08T00:00:00+00:00",4,3,0],["2025-09-22T00:00:00+00:00",4,3,0]]},"geometry":{"type":"Point","coordinates":[34.443591,31.508297]}},{"type":"Feature","properties":{"site_id":26,"event_code":"CE20231007PSE","latest_date":"2025-09-22T00:00:00+00:00","latest_class":4,"pass_count":11,"h":[["2024-01-06T00:00:00+00:00",4,3,3],["2024-02-29T00:00:00+00:00",4,3,0],["2024-04-01T00:00:00+00:00",4,3,0],["2024-05-03T00:00:00+00:00",4,3,0],["2024-07-06T00:00:00+00:00",4,3,0],["2024-09-06T00:00:00+00:00",4,3,0],["2024-12-01T00:00:00+00:00",4,3,0],["2025-02-25T00:00:00+00:00",4,3,0],["2025-04-04T00:00:00+00:00",4,3,0],["2025-07-08T00:00:00+00:00",4,3,0],["2025-09-22T00:00:00+00:00",4,3,0]]},"geometry":{"type":"Point","coordinates":[34.444282,31.509316]}},{"type":"Feature","properties":{"site_id":26,"event_code":"CE20231007PSE","latest_date":"2025-09-22T00:00:00+00:00","latest_class":4,"pass_count":13,"h":[["2023-11-07T00:00:00+00:00",4,3,3],["2023-11-26T00:00:00+00:00",4,3,0],["2024-01-06T00:00:00+00:00",4,3,0],["2024-02-29T00:00:00+00:00",4,3,0],["2024-04-01T00:00:00+00:00",4,3,0],["2024-05-03T00:00:00+00:00",4,3,0],["2024-07-06T00:00:00+00:00",4,3,0],["2024-09-06T00:00:00+00:00",4,3,0],["2024-12-01T00:00:00+00:00",4,3,0],["2025-02-25T00:00:00+00:00",4,3,0],["2025-04-04T00:00:00+00:00",4,3,0],["2025-07-08T00:00:00+00:00",4,3,0],["2025-09-22T00:00:00+00:00",4,3,0]]},"geometry":{"type":"Point","coordinates":[34.443925,31.50988]}},{"type":"Feature","properties":{"site_id":26,"event_code":"CE20231007PSE","latest_date":"2025-09-22T00:00:00+00:00","latest_class":4,"pass_count":12,"h":[["2023-11-26T00:00:00+00:00",4,3,3],["2024-01-06T00:00:00+00:00",4,3,0],["2024-02-29T00:00:00+00:00",4,3,0],["2024-04-01T00:00:00+00:00",4,3,0],["2024-05-03T00:00:00+00:00",4,3,0],["2024-07-06T00:00:00+00:00",4,3,0],["2024-09-06T00:00:00+00:00",4,3,0],["2024-12-01T00:00:00+00:00",4,3,0],["2025-02-25T00:00:00+00:00",4,3,0],["2025-04-04T00:00:00+00:00",4,3,0],["2025-07-08T00:00:00+00:00",4,3,0],["2025-09-22T00:00:00+00:00",4,3,0]]},"geometry":{"type":"Point","coordinates":[34.445294,31.511113]}},{"type":"Feature","properties":{"site_id":26,"event_code":"CE20231007PSE","latest_date":"2025-09-22T00:00:00+00:00","latest_class":4,"pass_count":13,"h":[["2023-11-07T00:00:00+00:00",4,3,3],["2023-11-26T00:00:00+00:00",4,3,0],["2024-01-06T00:00:00+00:00",4,3,0],["2024-02-29T00:00:00+00:00",4,3,0],["2024-04-01T00:00:00+00:00",4,3,0],["2024-05-03T00:00:00+00:00",4,3,0],["2024-07-06T00:00:00+00:00",4,3,0],["2024-09-06T00:00:00+00:00",4,3,0],["2024-12-01T00:00:00+00:00",4,3,0],["2025-02-25T00:00:00+00:00",4,3,0],["2025-04-04T00:00:00+00:00",4,3,0],["2025-07-08T00:00:00+00:00",4,3,0],["2025-09-22T00:00:00+00:00",4,3,0]]},"geometry":{"type":"Point","coordinates":[34.444779,31.511032]}},{"type":"Feature","properties":{"site_id":26,"event_code":"CE20231007PSE","latest_date":"2025-09-22T00:00:00+00:00","latest_class":4,"pass_count":13,"h":[["2023-11-07T00:00:00+00:00",4,3,3],["2023-11-26T00:00:00+00:00",4,3,0],["2024-01-06T00:00:00+00:00",4,3,0],["2024-02-29T00:00:00+00:00",4,3,0],["2024-04-01T00:00:00+00:00",4,3,0],["2024-05-03T00:00:00+00:00",4,3,0],["2024-07-06T00:00:00+00:00",4,3,0],["2024-09-06T00:00:00+00:00",4,3,0],["2024-12-01T00:00:00+00:00",4,3,0],["2025-02-25T00:00:00+00:00",4,3,0],["2025-04-04T00:00:00+00:00",4,3,0],["2025-07-08T00:00:00+00:00",4,3,0],["2025-09-22T00:00:00+00:00",4,3,0]]},"geometry":{"type":"Point","coordinates":[34.449784,31.51214]}},{"type":"Feature","properties":{"site_id":26,"event_code":"CE20231007PSE","latest_date":"2025-09-22T00:00:00+00:00","latest_class":4,"pass_count":12,"h":[["2023-11-26T00:00:00+00:00",4,3,3],["2024-01-06T00:00:00+00:00",4,3,0],["2024-02-29T00:00:00+00:00",4,3,0],["2024-04-01T00:00:00+00:00",4,3,0],["2024-05-03T00:00:00+00:00",4,3,0],["2024-07-06T00:00:00+00:00",4,3,0],["2024-09-06T00:00:00+00:00",4,3,0],["2024-12-01T00:00:00+00:00",4,3,0],["2025-02-25T00:00:00+00:00",4,3,0],["2025-04-04T00:00:00+00:00",4,3,0],["2025-07-08T00:00:00+00:00",4,3,0],["2025-09-22T00:00:00+00:00",4,3,0]]},"geometry":{"type":"Point","coordinates":[34.44918,31.512069]}},{"type":"Feature","properties":{"site_id":26,"event_code":"CE20231007PSE","latest_date":"2025-09-22T00:00:00+00:00","latest_class":4,"pass_count":12,"h":[["2023-11-26T00:00:00+00:00",4,3,3],["2024-01-06T00:00:00+00:00",4,3,0],["2024-02-29T00:00:00+00:00",4,3,0],["2024-04-01T00:00:00+00:00",4,3,0],["2024-05-03T00:00:00+00:00",4,3,0],["2024-07-06T00:00:00+00:00",4,3,0],["2024-09-06T00:00:00+00:00",4,3,0],["2024-12-01T00:00:00+00:00",4,3,0],["2025-02-25T00:00:00+00:00",4,3,0],["2025-04-04T00:00:00+00:00",4,3,0],["2025-07-08T00:00:00+00:00",4,3,0],["2025-09-22T00:00:00+00:00",4,3,0]]},"geometry":{"type":"Point","coordinates":[34.449035,31.512089]}},{"type":"Feature","properties":{"site_id":26,"event_code":"CE20231007PSE","latest_date":"2025-09-22T00:00:00+00:00","latest_class":4,"pass_count":14,"h":[["2023-10-15T00:00:00+00:00",4,3,null],["2023-11-07T00:00:00+00:00",4,3,0],["2023-11-26T00:00:00+00:00",4,3,0],["2024-01-06T00:00:00+00:00",4,3,0],["2024-02-29T00:00:00+00:00",4,3,0],["2024-04-01T00:00:00+00:00",4,3,0],["2024-05-03T00:00:00+00:00",4,3,0],["2024-07-06T00:00:00+00:00",4,3,0],["2024-09-06T00:00:00+00:00",4,3,0],["2024-12-01T00:00:00+00:00",4,3,0],["2025-02-25T00:00:00+00:00",4,3,0],["2025-04-04T00:00:00+00:00",4,3,0],["2025-07-08T00:00:00+00:00",4,3,0],["2025-09-22T00:00:00+00:00",4,3,0]]},"geometry":{"type":"Point","coordinates":[34.450033,31.512805]}},{"type":"Feature","properties":{"site_id":26,"event_code":"CE20231007PSE","latest_date":"2025-09-22T00:00:00+00:00","latest_class":4,"pass_count":12,"h":[["2023-11-26T00:00:00+00:00",4,3,3],["2024-01-06T00:00:00+00:00",4,3,0],["2024-02-29T00:00:00+00:00",4,3,0],["2024-04-01T00:00:00+00:00",4,3,0],["2024-05-03T00:00:00+00:00",4,3,0],["2024-07-06T00:00:00+00:00",4,3,0],["2024-09-06T00:00:00+00:00",4,3,0],["2024-12-01T00:00:00+00:00",4,3,0],["2025-02-25T00:00:00+00:00",4,3,0],["2025-04-04T00:00:00+00:00",4,3,0],["2025-07-08T00:00:00+00:00",4,3,0],["2025-09-22T00:00:00+00:00",4,3,0]]},"geometry":{"type":"Point","coordinates":[34.449399,31.513122]}},{"type":"Feature","properties":{"site_id":26,"event_code":"CE20231007PSE","latest_date":"2025-09-22T00:00:00+00:00","latest_class":4,"pass_count":10,"h":[["2024-02-29T00:00:00+00:00",4,3,3],["2024-04-01T00:00:00+00:00",4,3,0],["2024-05-03T00:00:00+00:00",4,3,0],["2024-07-06T00:00:00+00:00",4,3,0],["2024-09-06T00:00:00+00:00",4,3,0],["2024-12-01T00:00:00+00:00",4,3,0],["2025-02-25T00:00:00+00:00",4,3,0],["2025-04-04T00:00:00+00:00",4,3,0],["2025-07-08T00:00:00+00:00",4,3,0],["2025-09-22T00:00:00+00:00",4,3,0]]},"geometry":{"type":"Point","coordinates":[34.448191,31.51153]}},{"type":"Feature","properties":{"site_id":26,"event_code":"CE20231007PSE","latest_date":"2025-09-22T00:00:00+00:00","latest_class":4,"pass_count":12,"h":[["2023-11-26T00:00:00+00:00",4,3,3],["2024-01-06T00:00:00+00:00",4,3,0],["2024-02-29T00:00:00+00:00",4,3,0],["2024-04-01T00:00:00+00:00",4,3,0],["2024-05-03T00:00:00+00:00",4,3,0],["2024-07-06T00:00:00+00:00",4,3,0],["2024-09-06T00:00:00+00:00",4,3,0],["2024-12-01T00:00:00+00:00",4,3,0],["2025-02-25T00:00:00+00:00",4,3,0],["2025-04-04T00:00:00+00:00",4,3,0],["2025-07-08T00:00:00+00:00",4,3,0],["2025-09-22T00:00:00+00:00",4,3,0]]},"geometry":{"type":"Point","coordinates":[34.448831,31.512115]}},{"type":"Feature","properties":{"site_id":26,"event_code":"CE20231007PSE","latest_date":"2025-09-22T00:00:00+00:00","latest_class":4,"pass_count":13,"h":[["2023-11-07T00:00:00+00:00",4,3,3],["2023-11-26T00:00:00+00:00",4,3,0],["2024-01-06T00:00:00+00:00",4,3,0],["2024-02-29T00:00:00+00:00",4,3,0],["2024-04-01T00:00:00+00:00",4,3,0],["2024-05-03T00:00:00+00:00",4,3,0],["2024-07-06T00:00:00+00:00",4,3,0],["2024-09-06T00:00:00+00:00",4,3,0],["2024-12-01T00:00:00+00:00",4,3,0],["2025-02-25T00:00:00+00:00",4,3,0],["2025-04-04T00:00:00+00:00",4,3,0],["2025-07-08T00:00:00+00:00",4,3,0],["2025-09-22T00:00:00+00:00",4,3,0]]},"geometry":{"type":"Point","coordinates":[34.45022,31.512144]}},{"type":"Feature","properties":{"site_id":26,"event_code":"CE20231007PSE","latest_date":"2025-09-22T00:00:00+00:00","latest_class":4,"pass_count":1,"h":[["2025-09-22T00:00:00+00:00",4,3,3]]},"geometry":{"type":"Point","coordinates":[34.445204,31.506204]}},{"type":"Feature","properties":{"site_id":26,"event_code":"CE20231007PSE","latest_date":"2025-09-22T00:00:00+00:00","latest_class":4,"pass_count":12,"h":[["2023-11-26T00:00:00+00:00",4,3,3],["2024-01-06T00:00:00+00:00",4,3,0],["2024-02-29T00:00:00+00:00",4,3,0],["2024-04-01T00:00:00+00:00",4,3,0],["2024-05-03T00:00:00+00:00",4,3,0],["2024-07-06T00:00:00+00:00",4,3,0],["2024-09-06T00:00:00+00:00",4,3,0],["2024-12-01T00:00:00+00:00",4,3,0],["2025-02-25T00:00:00+00:00",4,3,0],["2025-04-04T00:00:00+00:00",4,3,0],["2025-07-08T00:00:00+00:00",4,3,0],["2025-09-22T00:00:00+00:00",4,3,0]]},"geometry":{"type":"Point","coordinates":[34.452805,31.507342]}},{"type":"Feature","properties":{"site_id":26,"event_code":"CE20231007PSE","latest_date":"2025-09-22T00:00:00+00:00","latest_class":4,"pass_count":11,"h":[["2024-01-06T00:00:00+00:00",4,3,3],["2024-02-29T00:00:00+00:00",4,3,0],["2024-04-01T00:00:00+00:00",4,3,0],["2024-05-03T00:00:00+00:00",4,3,0],["2024-07-06T00:00:00+00:00",4,3,0],["2024-09-06T00:00:00+00:00",4,3,0],["2024-12-01T00:00:00+00:00",4,3,0],["2025-02-25T00:00:00+00:00",4,3,0],["2025-04-04T00:00:00+00:00",4,3,0],["2025-07-08T00:00:00+00:00",4,3,0],["2025-09-22T00:00:00+00:00",4,3,0]]},"geometry":{"type":"Point","coordinates":[34.455294,31.505713]}},{"type":"Feature","properties":{"site_id":26,"event_code":"CE20231007PSE","latest_date":"2025-09-22T00:00:00+00:00","latest_class":4,"pass_count":1,"h":[["2025-09-22T00:00:00+00:00",4,3,3]]},"geometry":{"type":"Point","coordinates":[34.455263,31.503226]}},{"type":"Feature","properties":{"site_id":26,"event_code":"CE20231007PSE","latest_date":"2025-09-22T00:00:00+00:00","latest_class":4,"pass_count":12,"h":[["2023-11-26T00:00:00+00:00",4,3,3],["2024-01-06T00:00:00+00:00",4,3,0],["2024-02-29T00:00:00+00:00",4,3,0],["2024-04-01T00:00:00+00:00",4,3,0],["2024-05-03T00:00:00+00:00",4,3,0],["2024-07-06T00:00:00+00:00",4,3,0],["2024-09-06T00:00:00+00:00",4,3,0],["2024-12-01T00:00:00+00:00",4,3,0],["2025-02-25T00:00:00+00:00",4,3,0],["2025-04-04T00:00:00+00:00",4,3,0],["2025-07-08T00:00:00+00:00",4,3,0],["2025-09-22T00:00:00+00:00",4,3,0]]},"geometry":{"type":"Point","coordinates":[34.448529,31.508931]}},{"type":"Feature","properties":{"site_id":26,"event_code":"CE20231007PSE","latest_date":"2025-09-22T00:00:00+00:00","latest_class":4,"pass_count":12,"h":[["2023-11-26T00:00:00+00:00",4,3,3],["2024-01-06T00:00:00+00:00",4,3,0],["2024-02-29T00:00:00+00:00",4,3,0],["2024-04-01T00:00:00+00:00",4,3,0],["2024-05-03T00:00:00+00:00",4,3,0],["2024-07-06T00:00:00+00:00",4,3,0],["2024-09-06T00:00:00+00:00",4,3,0],["2024-12-01T00:00:00+00:00",4,3,0],["2025-02-25T00:00:00+00:00",4,3,0],["2025-04-04T00:00:00+00:00",4,3,0],["2025-07-08T00:00:00+00:00",4,3,0],["2025-09-22T00:00:00+00:00",4,3,0]]},"geometry":{"type":"Point","coordinates":[34.456349,31.507272]}},{"type":"Feature","properties":{"site_id":26,"event_code":"CE20231007PSE","latest_date":"2025-09-22T00:00:00+00:00","latest_class":4,"pass_count":12,"h":[["2023-11-26T00:00:00+00:00",4,3,3],["2024-01-06T00:00:00+00:00",4,3,0],["2024-02-29T00:00:00+00:00",4,3,0],["2024-04-01T00:00:00+00:00",4,3,0],["2024-05-03T00:00:00+00:00",4,3,0],["2024-07-06T00:00:00+00:00",4,3,0],["2024-09-06T00:00:00+00:00",4,3,0],["2024-12-01T00:00:00+00:00",4,3,0],["2025-02-25T00:00:00+00:00",4,3,0],["2025-04-04T00:00:00+00:00",4,3,0],["2025-07-08T00:00:00+00:00",4,3,0],["2025-09-22T00:00:00+00:00",4,3,0]]},"geometry":{"type":"Point","coordinates":[34.457762,31.506644]}},{"type":"Feature","properties":{"site_id":26,"event_code":"CE20231007PSE","latest_date":"2025-09-22T00:00:00+00:00","latest_class":4,"pass_count":12,"h":[["2023-11-26T00:00:00+00:00",4,3,3],["2024-01-06T00:00:00+00:00",4,3,0],["2024-02-29T00:00:00+00:00",4,3,0],["2024-04-01T00:00:00+00:00",4,3,0],["2024-05-03T00:00:00+00:00",4,3,0],["2024-07-06T00:00:00+00:00",4,3,0],["2024-09-06T00:00:00+00:00",4,3,0],["2024-12-01T00:00:00+00:00",4,3,0],["2025-02-25T00:00:00+00:00",4,3,0],["2025-04-04T00:00:00+00:00",4,3,0],["2025-07-08T00:00:00+00:00",4,3,0],["2025-09-22T00:00:00+00:00",4,3,0]]},"geometry":{"type":"Point","coordinates":[34.453979,31.506329]}},{"type":"Feature","properties":{"site_id":26,"event_code":"CE20231007PSE","latest_date":"2025-09-22T00:00:00+00:00","latest_class":4,"pass_count":11,"h":[["2024-01-06T00:00:00+00:00",4,3,3],["2024-02-29T00:00:00+00:00",4,3,0],["2024-04-01T00:00:00+00:00",4,3,0],["2024-05-03T00:00:00+00:00",4,3,0],["2024-07-06T00:00:00+00:00",4,3,0],["2024-09-06T00:00:00+00:00",4,3,0],["2024-12-01T00:00:00+00:00",4,3,0],["2025-02-25T00:00:00+00:00",4,3,0],["2025-04-04T00:00:00+00:00",4,3,0],["2025-07-08T00:00:00+00:00",4,3,0],["2025-09-22T00:00:00+00:00",4,3,0]]},"geometry":{"type":"Point","coordinates":[34.451232,31.504245]}},{"type":"Feature","properties":{"site_id":26,"event_code":"CE20231007PSE","latest_date":"2025-09-22T00:00:00+00:00","latest_class":4,"pass_count":12,"h":[["2023-11-26T00:00:00+00:00",4,3,3],["2024-01-06T00:00:00+00:00",4,3,0],["2024-02-29T00:00:00+00:00",4,3,0],["2024-04-01T00:00:00+00:00",4,3,0],["2024-05-03T00:00:00+00:00",4,3,0],["2024-07-06T00:00:00+00:00",4,3,0],["2024-09-06T00:00:00+00:00",4,3,0],["2024-12-01T00:00:00+00:00",4,3,0],["2025-02-25T00:00:00+00:00",4,3,0],["2025-04-04T00:00:00+00:00",4,3,0],["2025-07-08T00:00:00+00:00",4,3,0],["2025-09-22T00:00:00+00:00",4,3,0]]},"geometry":{"type":"Point","coordinates":[34.448578,31.509183]}},{"type":"Feature","properties":{"site_id":26,"event_code":"CE20231007PSE","latest_date":"2025-09-22T00:00:00+00:00","latest_class":4,"pass_count":12,"h":[["2023-11-26T00:00:00+00:00",4,3,3],["2024-01-06T00:00:00+00:00",4,3,0],["2024-02-29T00:00:00+00:00",4,3,0],["2024-04-01T00:00:00+00:00",4,3,0],["2024-05-03T00:00:00+00:00",4,3,0],["2024-07-06T00:00:00+00:00",4,3,0],["2024-09-06T00:00:00+00:00",4,3,0],["2024-12-01T00:00:00+00:00",4,3,0],["2025-02-25T00:00:00+00:00",4,3,0],["2025-04-04T00:00:00+00:00",4,3,0],["2025-07-08T00:00:00+00:00",4,3,0],["2025-09-22T00:00:00+00:00",4,3,0]]},"geometry":{"type":"Point","coordinates":[34.446861,31.507936]}},{"type":"Feature","properties":{"site_id":26,"event_code":"CE20231007PSE","latest_date":"2025-09-22T00:00:00+00:00","latest_class":4,"pass_count":11,"h":[["2024-01-06T00:00:00+00:00",4,3,3],["2024-02-29T00:00:00+00:00",4,3,0],["2024-04-01T00:00:00+00:00",4,3,0],["2024-05-03T00:00:00+00:00",4,3,0],["2024-07-06T00:00:00+00:00",4,3,0],["2024-09-06T00:00:00+00:00",4,3,0],["2024-12-01T00:00:00+00:00",4,3,0],["2025-02-25T00:00:00+00:00",4,3,0],["2025-04-04T00:00:00+00:00",4,3,0],["2025-07-08T00:00:00+00:00",4,3,0],["2025-09-22T00:00:00+00:00",4,3,0]]},"geometry":{"type":"Point","coordinates":[34.450049,31.510615]}},{"type":"Feature","properties":{"site_id":26,"event_code":"CE20231007PSE","latest_date":"2025-09-22T00:00:00+00:00","latest_class":4,"pass_count":13,"h":[["2023-11-07T00:00:00+00:00",4,3,3],["2023-11-26T00:00:00+00:00",4,3,0],["2024-01-06T00:00:00+00:00",4,3,0],["2024-02-29T00:00:00+00:00",4,3,0],["2024-04-01T00:00:00+00:00",4,3,0],["2024-05-03T00:00:00+00:00",4,3,0],["2024-07-06T00:00:00+00:00",4,3,0],["2024-09-06T00:00:00+00:00",4,3,0],["2024-12-01T00:00:00+00:00",4,3,0],["2025-02-25T00:00:00+00:00",4,3,0],["2025-04-04T00:00:00+00:00",4,3,0],["2025-07-08T00:00:00+00:00",4,3,0],["2025-09-22T00:00:00+00:00",4,3,0]]},"geometry":{"type":"Point","coordinates":[34.451738,31.505209]}},{"type":"Feature","properties":{"site_id":26,"event_code":"CE20231007PSE","latest_date":"2025-09-22T00:00:00+00:00","latest_class":4,"pass_count":10,"h":[["2024-02-29T00:00:00+00:00",4,3,3],["2024-04-01T00:00:00+00:00",4,3,0],["2024-05-03T00:00:00+00:00",4,3,0],["2024-07-06T00:00:00+00:00",4,3,0],["2024-09-06T00:00:00+00:00",4,3,0],["2024-12-01T00:00:00+00:00",4,3,0],["2025-02-25T00:00:00+00:00",4,3,0],["2025-04-04T00:00:00+00:00",4,3,0],["2025-07-08T00:00:00+00:00",4,3,0],["2025-09-22T00:00:00+00:00",4,3,0]]},"geometry":{"type":"Point","coordinates":[34.447236,31.511081]}},{"type":"Feature","properties":{"site_id":26,"event_code":"CE20231007PSE","latest_date":"2025-09-22T00:00:00+00:00","latest_class":4,"pass_count":12,"h":[["2023-11-26T00:00:00+00:00",4,3,3],["2024-01-06T00:00:00+00:00",4,3,0],["2024-02-29T00:00:00+00:00",4,3,0],["2024-04-01T00:00:00+00:00",4,3,0],["2024-05-03T00:00:00+00:00",4,3,0],["2024-07-06T00:00:00+00:00",4,3,0],["2024-09-06T00:00:00+00:00",4,3,0],["2024-12-01T00:00:00+00:00",4,3,0],["2025-02-25T00:00:00+00:00",4,3,0],["2025-04-04T00:00:00+00:00",4,3,0],["2025-07-08T00:00:00+00:00",4,3,0],["2025-09-22T00:00:00+00:00",4,3,0]]},"geometry":{"type":"Point","coordinates":[34.457167,31.5027]}},{"type":"Feature","properties":{"site_id":26,"event_code":"CE20231007PSE","latest_date":"2025-09-22T00:00:00+00:00","latest_class":4,"pass_count":1,"h":[["2025-09-22T00:00:00+00:00",4,3,3]]},"geometry":{"type":"Point","coordinates":[34.444064,31.506354]}},{"type":"Feature","properties":{"site_id":26,"event_code":"CE20231007PSE","latest_date":"2025-09-22T00:00:00+00:00","latest_class":4,"pass_count":13,"h":[["2023-11-07T00:00:00+00:00",4,3,3],["2023-11-26T00:00:00+00:00",4,3,0],["2024-01-06T00:00:00+00:00",4,3,0],["2024-02-29T00:00:00+00:00",4,3,0],["2024-04-01T00:00:00+00:00",4,3,0],["2024-05-03T00:00:00+00:00",4,3,0],["2024-07-06T00:00:00+00:00",4,3,0],["2024-09-06T00:00:00+00:00",4,3,0],["2024-12-01T00:00:00+00:00",4,3,0],["2025-02-25T00:00:00+00:00",4,3,0],["2025-04-04T00:00:00+00:00",4,3,0],["2025-07-08T00:00:00+00:00",4,3,0],["2025-09-22T00:00:00+00:00",4,3,0]]},"geometry":{"type":"Point","coordinates":[34.443341,31.509492]}},{"type":"Feature","properties":{"site_id":26,"event_code":"CE20231007PSE","latest_date":"2025-09-22T00:00:00+00:00","latest_class":4,"pass_count":10,"h":[["2024-02-29T00:00:00+00:00",4,3,3],["2024-04-01T00:00:00+00:00",4,3,0],["2024-05-03T00:00:00+00:00",4,3,0],["2024-07-06T00:00:00+00:00",4,3,0],["2024-09-06T00:00:00+00:00",4,3,0],["2024-12-01T00:00:00+00:00",4,3,0],["2025-02-25T00:00:00+00:00",4,3,0],["2025-04-04T00:00:00+00:00",4,3,0],["2025-07-08T00:00:00+00:00",4,3,0],["2025-09-22T00:00:00+00:00",4,3,0]]},"geometry":{"type":"Point","coordinates":[34.451874,31.511357]}},{"type":"Feature","properties":{"site_id":26,"event_code":"CE20231007PSE","latest_date":"2025-09-22T00:00:00+00:00","latest_class":4,"pass_count":11,"h":[["2024-01-06T00:00:00+00:00",4,3,3],["2024-02-29T00:00:00+00:00",4,3,0],["2024-04-01T00:00:00+00:00",4,3,0],["2024-05-03T00:00:00+00:00",4,3,0],["2024-07-06T00:00:00+00:00",4,3,0],["2024-09-06T00:00:00+00:00",4,3,0],["2024-12-01T00:00:00+00:00",4,3,0],["2025-02-25T00:00:00+00:00",4,3,0],["2025-04-04T00:00:00+00:00",4,3,0],["2025-07-08T00:00:00+00:00",4,3,0],["2025-09-22T00:00:00+00:00",4,3,0]]},"geometry":{"type":"Point","coordinates":[34.441514,31.507942]}},{"type":"Feature","properties":{"site_id":26,"event_code":"CE20231007PSE","latest_date":"2025-09-22T00:00:00+00:00","latest_class":4,"pass_count":10,"h":[["2024-02-29T00:00:00+00:00",4,3,3],["2024-04-01T00:00:00+00:00",4,3,0],["2024-05-03T00:00:00+00:00",4,3,0],["2024-07-06T00:00:00+00:00",4,3,0],["2024-09-06T00:00:00+00:00",4,3,0],["2024-12-01T00:00:00+00:00",4,3,0],["2025-02-25T00:00:00+00:00",4,3,0],["2025-04-04T00:00:00+00:00",4,3,0],["2025-07-08T00:00:00+00:00",4,3,0],["2025-09-22T00:00:00+00:00",4,3,0]]},"geometry":{"type":"Point","coordinates":[34.446925,31.511045]}},{"type":"Feature","properties":{"site_id":26,"event_code":"CE20231007PSE","latest_date":"2025-09-22T00:00:00+00:00","latest_class":4,"pass_count":12,"h":[["2023-11-26T00:00:00+00:00",4,3,3],["2024-01-06T00:00:00+00:00",4,3,0],["2024-02-29T00:00:00+00:00",4,3,0],["2024-04-01T00:00:00+00:00",4,3,0],["2024-05-03T00:00:00+00:00",4,3,0],["2024-07-06T00:00:00+00:00",4,3,0],["2024-09-06T00:00:00+00:00",4,3,0],["2024-12-01T00:00:00+00:00",4,3,0],["2025-02-25T00:00:00+00:00",4,3,0],["2025-04-04T00:00:00+00:00",4,3,0],["2025-07-08T00:00:00+00:00",4,3,0],["2025-09-22T00:00:00+00:00",4,3,0]]},"geometry":{"type":"Point","coordinates":[34.452674,31.50544]}},{"type":"Feature","properties":{"site_id":26,"event_code":"CE20231007PSE","latest_date":"2025-09-22T00:00:00+00:00","latest_class":4,"pass_count":12,"h":[["2023-11-26T00:00:00+00:00",4,3,3],["2024-01-06T00:00:00+00:00",4,3,0],["2024-02-29T00:00:00+00:00",4,3,0],["2024-04-01T00:00:00+00:00",4,3,0],["2024-05-03T00:00:00+00:00",4,3,0],["2024-07-06T00:00:00+00:00",4,3,0],["2024-09-06T00:00:00+00:00",4,3,0],["2024-12-01T00:00:00+00:00",4,3,0],["2025-02-25T00:00:00+00:00",4,3,0],["2025-04-04T00:00:00+00:00",4,3,0],["2025-07-08T00:00:00+00:00",4,3,0],["2025-09-22T00:00:00+00:00",4,3,0]]},"geometry":{"type":"Point","coordinates":[34.45377,31.505893]}},{"type":"Feature","properties":{"site_id":26,"event_code":"CE20231007PSE","latest_date":"2025-09-22T00:00:00+00:00","latest_class":4,"pass_count":13,"h":[["2023-11-07T00:00:00+00:00",4,3,3],["2023-11-26T00:00:00+00:00",4,3,0],["2024-01-06T00:00:00+00:00",4,3,0],["2024-02-29T00:00:00+00:00",4,3,0],["2024-04-01T00:00:00+00:00",4,3,0],["2024-05-03T00:00:00+00:00",4,3,0],["2024-07-06T00:00:00+00:00",4,3,0],["2024-09-06T00:00:00+00:00",4,3,0],["2024-12-01T00:00:00+00:00",4,3,0],["2025-02-25T00:00:00+00:00",4,3,0],["2025-04-04T00:00:00+00:00",4,3,0],["2025-07-08T00:00:00+00:00",4,3,0],["2025-09-22T00:00:00+00:00",4,3,0]]},"geometry":{"type":"Point","coordinates":[34.454477,31.510913]}},{"type":"Feature","properties":{"site_id":26,"event_code":"CE20231007PSE","latest_date":"2025-09-22T00:00:00+00:00","latest_class":4,"pass_count":11,"h":[["2024-01-06T00:00:00+00:00",4,3,3],["2024-02-29T00:00:00+00:00",4,3,0],["2024-04-01T00:00:00+00:00",4,3,0],["2024-05-03T00:00:00+00:00",4,3,0],["2024-07-06T00:00:00+00:00",4,3,0],["2024-09-06T00:00:00+00:00",4,3,0],["2024-12-01T00:00:00+00:00",4,3,0],["2025-02-25T00:00:00+00:00",4,3,0],["2025-04-04T00:00:00+00:00",4,3,0],["2025-07-08T00:00:00+00:00",4,3,0],["2025-09-22T00:00:00+00:00",4,3,0]]},"geometry":{"type":"Point","coordinates":[34.455998,31.504632]}},{"type":"Feature","properties":{"site_id":26,"event_code":"CE20231007PSE","latest_date":"2025-09-22T00:00:00+00:00","latest_class":4,"pass_count":12,"h":[["2023-11-26T00:00:00+00:00",4,3,3],["2024-01-06T00:00:00+00:00",4,3,0],["2024-02-29T00:00:00+00:00",4,3,0],["2024-04-01T00:00:00+00:00",4,3,0],["2024-05-03T00:00:00+00:00",4,3,0],["2024-07-06T00:00:00+00:00",4,3,0],["2024-09-06T00:00:00+00:00",4,3,0],["2024-12-01T00:00:00+00:00",4,3,0],["2025-02-25T00:00:00+00:00",4,3,0],["2025-04-04T00:00:00+00:00",4,3,0],["2025-07-08T00:00:00+00:00",4,3,0],["2025-09-22T00:00:00+00:00",4,3,0]]},"geometry":{"type":"Point","coordinates":[34.45191,31.506]}},{"type":"Feature","properties":{"site_id":26,"event_code":"CE20231007PSE","latest_date":"2025-09-22T00:00:00+00:00","latest_class":4,"pass_count":1,"h":[["2025-09-22T00:00:00+00:00",4,3,3]]},"geometry":{"type":"Point","coordinates":[34.455467,31.507875]}},{"type":"Feature","properties":{"site_id":26,"event_code":"CE20231007PSE","latest_date":"2025-09-22T00:00:00+00:00","latest_class":4,"pass_count":1,"h":[["2025-09-22T00:00:00+00:00",4,3,3]]},"geometry":{"type":"Point","coordinates":[34.455148,31.503479]}},{"type":"Feature","properties":{"site_id":26,"event_code":"CE20231007PSE","latest_date":"2025-09-22T00:00:00+00:00","latest_class":4,"pass_count":12,"h":[["2023-11-26T00:00:00+00:00",4,3,3],["2024-01-06T00:00:00+00:00",4,3,0],["2024-02-29T00:00:00+00:00",4,3,0],["2024-04-01T00:00:00+00:00",4,3,0],["2024-05-03T00:00:00+00:00",4,3,0],["2024-07-06T00:00:00+00:00",4,3,0],["2024-09-06T00:00:00+00:00",4,3,0],["2024-12-01T00:00:00+00:00",4,3,0],["2025-02-25T00:00:00+00:00",4,3,0],["2025-04-04T00:00:00+00:00",4,3,0],["2025-07-08T00:00:00+00:00",4,3,0],["2025-09-22T00:00:00+00:00",4,3,0]]},"geometry":{"type":"Point","coordinates":[34.444888,31.511229]}},{"type":"Feature","properties":{"site_id":26,"event_code":"CE20231007PSE","latest_date":"2025-09-22T00:00:00+00:00","latest_class":4,"pass_count":11,"h":[["2024-01-06T00:00:00+00:00",4,3,3],["2024-02-29T00:00:00+00:00",4,3,0],["2024-04-01T00:00:00+00:00",4,3,0],["2024-05-03T00:00:00+00:00",4,3,0],["2024-07-06T00:00:00+00:00",4,3,0],["2024-09-06T00:00:00+00:00",4,3,0],["2024-12-01T00:00:00+00:00",4,3,0],["2025-02-25T00:00:00+00:00",4,3,0],["2025-04-04T00:00:00+00:00",4,3,0],["2025-07-08T00:00:00+00:00",4,3,0],["2025-09-22T00:00:00+00:00",4,3,0]]},"geometry":{"type":"Point","coordinates":[34.455864,31.506139]}},{"type":"Feature","properties":{"site_id":26,"event_code":"CE20231007PSE","latest_date":"2025-09-22T00:00:00+00:00","latest_class":4,"pass_count":11,"h":[["2024-01-06T00:00:00+00:00",4,3,3],["2024-02-29T00:00:00+00:00",4,3,0],["2024-04-01T00:00:00+00:00",4,3,0],["2024-05-03T00:00:00+00:00",4,3,0],["2024-07-06T00:00:00+00:00",4,3,0],["2024-09-06T00:00:00+00:00",4,3,0],["2024-12-01T00:00:00+00:00",4,3,0],["2025-02-25T00:00:00+00:00",4,3,0],["2025-04-04T00:00:00+00:00",4,3,0],["2025-07-08T00:00:00+00:00",4,3,0],["2025-09-22T00:00:00+00:00",4,3,0]]},"geometry":{"type":"Point","coordinates":[34.451582,31.507]}},{"type":"Feature","properties":{"site_id":26,"event_code":"CE20231007PSE","latest_date":"2025-09-22T00:00:00+00:00","latest_class":4,"pass_count":12,"h":[["2023-11-26T00:00:00+00:00",4,3,3],["2024-01-06T00:00:00+00:00",4,3,0],["2024-02-29T00:00:00+00:00",4,3,0],["2024-04-01T00:00:00+00:00",4,3,0],["2024-05-03T00:00:00+00:00",4,3,0],["2024-07-06T00:00:00+00:00",4,3,0],["2024-09-06T00:00:00+00:00",4,3,0],["2024-12-01T00:00:00+00:00",4,3,0],["2025-02-25T00:00:00+00:00",4,3,0],["2025-04-04T00:00:00+00:00",4,3,0],["2025-07-08T00:00:00+00:00",4,3,0],["2025-09-22T00:00:00+00:00",4,3,0]]},"geometry":{"type":"Point","coordinates":[34.451551,31.504744]}},{"type":"Feature","properties":{"site_id":26,"event_code":"CE20231007PSE","latest_date":"2025-09-22T00:00:00+00:00","latest_class":4,"pass_count":13,"h":[["2023-11-07T00:00:00+00:00",4,3,3],["2023-11-26T00:00:00+00:00",4,3,0],["2024-01-06T00:00:00+00:00",4,3,0],["2024-02-29T00:00:00+00:00",4,3,0],["2024-04-01T00:00:00+00:00",4,3,0],["2024-05-03T00:00:00+00:00",4,3,0],["2024-07-06T00:00:00+00:00",4,3,0],["2024-09-06T00:00:00+00:00",4,3,0],["2024-12-01T00:00:00+00:00",4,3,0],["2025-02-25T00:00:00+00:00",4,3,0],["2025-04-04T00:00:00+00:00",4,3,0],["2025-07-08T00:00:00+00:00",4,3,0],["2025-09-22T00:00:00+00:00",4,3,0]]},"geometry":{"type":"Point","coordinates":[34.456348,31.506863]}},{"type":"Feature","properties":{"site_id":26,"event_code":"CE20231007PSE","latest_date":"2025-09-22T00:00:00+00:00","latest_class":4,"pass_count":11,"h":[["2024-01-06T00:00:00+00:00",4,3,3],["2024-02-29T00:00:00+00:00",4,3,0],["2024-04-01T00:00:00+00:00",4,3,0],["2024-05-03T00:00:00+00:00",4,3,0],["2024-07-06T00:00:00+00:00",4,3,0],["2024-09-06T00:00:00+00:00",4,3,0],["2024-12-01T00:00:00+00:00",4,3,0],["2025-02-25T00:00:00+00:00",4,3,0],["2025-04-04T00:00:00+00:00",4,3,0],["2025-07-08T00:00:00+00:00",4,3,0],["2025-09-22T00:00:00+00:00",4,3,0]]},"geometry":{"type":"Point","coordinates":[34.451766,31.511565]}},{"type":"Feature","properties":{"site_id":26,"event_code":"CE20231007PSE","latest_date":"2025-09-22T00:00:00+00:00","latest_class":4,"pass_count":5,"h":[["2024-12-01T00:00:00+00:00",4,3,3],["2025-02-25T00:00:00+00:00",4,3,0],["2025-04-04T00:00:00+00:00",4,3,0],["2025-07-08T00:00:00+00:00",4,3,0],["2025-09-22T00:00:00+00:00",4,3,0]]},"geometry":{"type":"Point","coordinates":[34.44836,31.506729]}},{"type":"Feature","properties":{"site_id":26,"event_code":"CE20231007PSE","latest_date":"2025-09-22T00:00:00+00:00","latest_class":4,"pass_count":12,"h":[["2023-11-26T00:00:00+00:00",4,3,3],["2024-01-06T00:00:00+00:00",4,3,0],["2024-02-29T00:00:00+00:00",4,3,0],["2024-04-01T00:00:00+00:00",4,3,0],["2024-05-03T00:00:00+00:00",4,3,0],["2024-07-06T00:00:00+00:00",4,3,0],["2024-09-06T00:00:00+00:00",4,3,0],["2024-12-01T00:00:00+00:00",4,3,0],["2025-02-25T00:00:00+00:00",4,3,0],["2025-04-04T00:00:00+00:00",4,3,0],["2025-07-08T00:00:00+00:00",4,3,0],["2025-09-22T00:00:00+00:00",4,3,0]]},"geometry":{"type":"Point","coordinates":[34.453588,31.505216]}},{"type":"Feature","properties":{"site_id":26,"event_code":"CE20231007PSE","latest_date":"2025-09-22T00:00:00+00:00","latest_class":4,"pass_count":11,"h":[["2024-01-06T00:00:00+00:00",4,3,3],["2024-02-29T00:00:00+00:00",4,3,0],["2024-04-01T00:00:00+00:00",4,3,0],["2024-05-03T00:00:00+00:00",4,3,0],["2024-07-06T00:00:00+00:00",4,3,0],["2024-09-06T00:00:00+00:00",4,3,0],["2024-12-01T00:00:00+00:00",4,3,0],["2025-02-25T00:00:00+00:00",4,3,0],["2025-04-04T00:00:00+00:00",4,3,0],["2025-07-08T00:00:00+00:00",4,3,0],["2025-09-22T00:00:00+00:00",4,3,0]]},"geometry":{"type":"Point","coordinates":[34.444092,31.50974]}},{"type":"Feature","properties":{"site_id":26,"event_code":"CE20231007PSE","latest_date":"2025-09-22T00:00:00+00:00","latest_class":4,"pass_count":1,"h":[["2025-09-22T00:00:00+00:00",4,3,3]]},"geometry":{"type":"Point","coordinates":[34.455191,31.502946]}},{"type":"Feature","properties":{"site_id":26,"event_code":"CE20231007PSE","latest_date":"2025-09-22T00:00:00+00:00","latest_class":4,"pass_count":12,"h":[["2023-11-26T00:00:00+00:00",4,3,3],["2024-01-06T00:00:00+00:00",4,3,0],["2024-02-29T00:00:00+00:00",4,3,0],["2024-04-01T00:00:00+00:00",4,3,0],["2024-05-03T00:00:00+00:00",4,3,0],["2024-07-06T00:00:00+00:00",4,3,0],["2024-09-06T00:00:00+00:00",4,3,0],["2024-12-01T00:00:00+00:00",4,3,0],["2025-02-25T00:00:00+00:00",4,3,0],["2025-04-04T00:00:00+00:00",4,3,0],["2025-07-08T00:00:00+00:00",4,3,0],["2025-09-22T00:00:00+00:00",4,3,0]]},"geometry":{"type":"Point","coordinates":[34.448836,31.505384]}},{"type":"Feature","properties":{"site_id":26,"event_code":"CE20231007PSE","latest_date":"2025-09-22T00:00:00+00:00","latest_class":4,"pass_count":13,"h":[["2023-11-07T00:00:00+00:00",4,3,3],["2023-11-26T00:00:00+00:00",4,3,0],["2024-01-06T00:00:00+00:00",4,3,0],["2024-02-29T00:00:00+00:00",4,3,0],["2024-04-01T00:00:00+00:00",4,3,0],["2024-05-03T00:00:00+00:00",4,3,0],["2024-07-06T00:00:00+00:00",4,3,0],["2024-09-06T00:00:00+00:00",4,3,0],["2024-12-01T00:00:00+00:00",4,3,0],["2025-02-25T00:00:00+00:00",4,3,0],["2025-04-04T00:00:00+00:00",4,3,0],["2025-07-08T00:00:00+00:00",4,3,0],["2025-09-22T00:00:00+00:00",4,3,0]]},"geometry":{"type":"Point","coordinates":[34.443889,31.506548]}},{"type":"Feature","properties":{"site_id":26,"event_code":"CE20231007PSE","latest_date":"2025-09-22T00:00:00+00:00","latest_class":4,"pass_count":13,"h":[["2023-11-07T00:00:00+00:00",4,3,3],["2023-11-26T00:00:00+00:00",4,3,0],["2024-01-06T00:00:00+00:00",4,3,0],["2024-02-29T00:00:00+00:00",4,3,0],["2024-04-01T00:00:00+00:00",4,3,0],["2024-05-03T00:00:00+00:00",4,3,0],["2024-07-06T00:00:00+00:00",4,3,0],["2024-09-06T00:00:00+00:00",4,3,0],["2024-12-01T00:00:00+00:00",4,3,0],["2025-02-25T00:00:00+00:00",4,3,0],["2025-04-04T00:00:00+00:00",4,3,0],["2025-07-08T00:00:00+00:00",4,3,0],["2025-09-22T00:00:00+00:00",4,3,0]]},"geometry":{"type":"Point","coordinates":[34.443828,31.506674]}},{"type":"Feature","properties":{"site_id":26,"event_code":"CE20231007PSE","latest_date":"2025-09-22T00:00:00+00:00","latest_class":4,"pass_count":13,"h":[["2023-11-07T00:00:00+00:00",4,3,3],["2023-11-26T00:00:00+00:00",4,3,0],["2024-01-06T00:00:00+00:00",4,3,0],["2024-02-29T00:00:00+00:00",4,3,0],["2024-04-01T00:00:00+00:00",4,3,0],["2024-05-03T00:00:00+00:00",4,3,0],["2024-07-06T00:00:00+00:00",4,3,0],["2024-09-06T00:00:00+00:00",4,3,0],["2024-12-01T00:00:00+00:00",4,3,0],["2025-02-25T00:00:00+00:00",4,3,0],["2025-04-04T00:00:00+00:00",4,3,0],["2025-07-08T00:00:00+00:00",4,3,0],["2025-09-22T00:00:00+00:00",4,3,0]]},"geometry":{"type":"Point","coordinates":[34.443429,31.506982]}},{"type":"Feature","properties":{"site_id":26,"event_code":"CE20231007PSE","latest_date":"2025-09-22T00:00:00+00:00","latest_class":4,"pass_count":11,"h":[["2024-01-06T00:00:00+00:00",4,3,3],["2024-02-29T00:00:00+00:00",4,3,0],["2024-04-01T00:00:00+00:00",4,3,0],["2024-05-03T00:00:00+00:00",4,3,0],["2024-07-06T00:00:00+00:00",4,3,0],["2024-09-06T00:00:00+00:00",4,3,0],["2024-12-01T00:00:00+00:00",4,3,0],["2025-02-25T00:00:00+00:00",4,3,0],["2025-04-04T00:00:00+00:00",4,3,0],["2025-07-08T00:00:00+00:00",4,3,0],["2025-09-22T00:00:00+00:00",4,3,0]]},"geometry":{"type":"Point","coordinates":[34.451655,31.506777]}},{"type":"Feature","properties":{"site_id":26,"event_code":"CE20231007PSE","latest_date":"2025-09-22T00:00:00+00:00","latest_class":4,"pass_count":11,"h":[["2024-01-06T00:00:00+00:00",4,3,3],["2024-02-29T00:00:00+00:00",4,3,0],["2024-04-01T00:00:00+00:00",4,3,0],["2024-05-03T00:00:00+00:00",4,3,0],["2024-07-06T00:00:00+00:00",4,3,0],["2024-09-06T00:00:00+00:00",4,3,0],["2024-12-01T00:00:00+00:00",4,3,0],["2025-02-25T00:00:00+00:00",4,3,0],["2025-04-04T00:00:00+00:00",4,3,0],["2025-07-08T00:00:00+00:00",4,3,0],["2025-09-22T00:00:00+00:00",4,3,0]]},"geometry":{"type":"Point","coordinates":[34.450542,31.50511]}},{"type":"Feature","properties":{"site_id":26,"event_code":"CE20231007PSE","latest_date":"2025-09-22T00:00:00+00:00","latest_class":4,"pass_count":14,"h":[["2023-10-15T00:00:00+00:00",4,3,null],["2023-11-07T00:00:00+00:00",4,3,0],["2023-11-26T00:00:00+00:00",4,3,0],["2024-01-06T00:00:00+00:00",4,3,0],["2024-02-29T00:00:00+00:00",4,3,0],["2024-04-01T00:00:00+00:00",4,3,0],["2024-05-03T00:00:00+00:00",4,3,0],["2024-07-06T00:00:00+00:00",4,3,0],["2024-09-06T00:00:00+00:00",4,3,0],["2024-12-01T00:00:00+00:00",4,3,0],["2025-02-25T00:00:00+00:00",4,3,0],["2025-04-04T00:00:00+00:00",4,3,0],["2025-07-08T00:00:00+00:00",4,3,0],["2025-09-22T00:00:00+00:00",4,3,0]]},"geometry":{"type":"Point","coordinates":[34.441336,31.507922]}},{"type":"Feature","properties":{"site_id":26,"event_code":"CE20231007PSE","latest_date":"2025-09-22T00:00:00+00:00","latest_class":4,"pass_count":11,"h":[["2024-01-06T00:00:00+00:00",4,3,3],["2024-02-29T00:00:00+00:00",4,3,0],["2024-04-01T00:00:00+00:00",4,3,0],["2024-05-03T00:00:00+00:00",4,3,0],["2024-07-06T00:00:00+00:00",4,3,0],["2024-09-06T00:00:00+00:00",4,3,0],["2024-12-01T00:00:00+00:00",4,3,0],["2025-02-25T00:00:00+00:00",4,3,0],["2025-04-04T00:00:00+00:00",4,3,0],["2025-07-08T00:00:00+00:00",4,3,0],["2025-09-22T00:00:00+00:00",4,3,0]]},"geometry":{"type":"Point","coordinates":[34.447562,31.508839]}},{"type":"Feature","properties":{"site_id":26,"event_code":"CE20231007PSE","latest_date":"2025-09-22T00:00:00+00:00","latest_class":4,"pass_count":11,"h":[["2024-01-06T00:00:00+00:00",4,3,3],["2024-02-29T00:00:00+00:00",4,3,0],["2024-04-01T00:00:00+00:00",4,3,0],["2024-05-03T00:00:00+00:00",4,3,0],["2024-07-06T00:00:00+00:00",4,3,0],["2024-09-06T00:00:00+00:00",4,3,0],["2024-12-01T00:00:00+00:00",4,3,0],["2025-02-25T00:00:00+00:00",4,3,0],["2025-04-04T00:00:00+00:00",4,3,0],["2025-07-08T00:00:00+00:00",4,3,0],["2025-09-22T00:00:00+00:00",4,3,0]]},"geometry":{"type":"Point","coordinates":[34.442475,31.506629]}},{"type":"Feature","properties":{"site_id":26,"event_code":"CE20231007PSE","latest_date":"2025-09-22T00:00:00+00:00","latest_class":4,"pass_count":10,"h":[["2024-02-29T00:00:00+00:00",4,3,3],["2024-04-01T00:00:00+00:00",4,3,0],["2024-05-03T00:00:00+00:00",4,3,0],["2024-07-06T00:00:00+00:00",4,3,0],["2024-09-06T00:00:00+00:00",4,3,0],["2024-12-01T00:00:00+00:00",4,3,0],["2025-02-25T00:00:00+00:00",4,3,0],["2025-04-04T00:00:00+00:00",4,3,0],["2025-07-08T00:00:00+00:00",4,3,0],["2025-09-22T00:00:00+00:00",4,3,0]]},"geometry":{"type":"Point","coordinates":[34.450863,31.506122]}},{"type":"Feature","properties":{"site_id":26,"event_code":"CE20231007PSE","latest_date":"2025-09-22T00:00:00+00:00","latest_class":4,"pass_count":11,"h":[["2024-01-06T00:00:00+00:00",4,3,3],["2024-02-29T00:00:00+00:00",4,3,0],["2024-04-01T00:00:00+00:00",4,3,0],["2024-05-03T00:00:00+00:00",4,3,0],["2024-07-06T00:00:00+00:00",4,3,0],["2024-09-06T00:00:00+00:00",4,3,0],["2024-12-01T00:00:00+00:00",4,3,0],["2025-02-25T00:00:00+00:00",4,3,0],["2025-04-04T00:00:00+00:00",4,3,0],["2025-07-08T00:00:00+00:00",4,3,0],["2025-09-22T00:00:00+00:00",4,3,0]]},"geometry":{"type":"Point","coordinates":[34.453208,31.506362]}},{"type":"Feature","properties":{"site_id":26,"event_code":"CE20231007PSE","latest_date":"2025-09-22T00:00:00+00:00","latest_class":4,"pass_count":4,"h":[["2025-02-25T00:00:00+00:00",4,3,3],["2025-04-04T00:00:00+00:00",4,3,0],["2025-07-08T00:00:00+00:00",4,3,0],["2025-09-22T00:00:00+00:00",4,3,0]]},"geometry":{"type":"Point","coordinates":[34.441802,31.504491]}},{"type":"Feature","properties":{"site_id":26,"event_code":"CE20231007PSE","latest_date":"2025-09-22T00:00:00+00:00","latest_class":4,"pass_count":13,"h":[["2023-11-07T00:00:00+00:00",4,3,3],["2023-11-26T00:00:00+00:00",4,3,0],["2024-01-06T00:00:00+00:00",4,3,0],["2024-02-29T00:00:00+00:00",4,3,0],["2024-04-01T00:00:00+00:00",4,3,0],["2024-05-03T00:00:00+00:00",4,3,0],["2024-07-06T00:00:00+00:00",4,3,0],["2024-09-06T00:00:00+00:00",4,3,0],["2024-12-01T00:00:00+00:00",4,3,0],["2025-02-25T00:00:00+00:00",4,3,0],["2025-04-04T00:00:00+00:00",4,3,0],["2025-07-08T00:00:00+00:00",4,3,0],["2025-09-22T00:00:00+00:00",4,3,0]]},"geometry":{"type":"Point","coordinates":[34.44464,31.510423]}},{"type":"Feature","properties":{"site_id":26,"event_code":"CE20231007PSE","latest_date":"2025-09-22T00:00:00+00:00","latest_class":4,"pass_count":13,"h":[["2023-11-07T00:00:00+00:00",4,3,3],["2023-11-26T00:00:00+00:00",4,3,0],["2024-01-06T00:00:00+00:00",4,3,0],["2024-02-29T00:00:00+00:00",4,3,0],["2024-04-01T00:00:00+00:00",4,3,0],["2024-05-03T00:00:00+00:00",4,3,0],["2024-07-06T00:00:00+00:00",4,3,0],["2024-09-06T00:00:00+00:00",4,3,0],["2024-12-01T00:00:00+00:00",4,3,0],["2025-02-25T00:00:00+00:00",4,3,0],["2025-04-04T00:00:00+00:00",4,3,0],["2025-07-08T00:00:00+00:00",4,3,0],["2025-09-22T00:00:00+00:00",4,3,0]]},"geometry":{"type":"Point","coordinates":[34.443546,31.506893]}},{"type":"Feature","properties":{"site_id":26,"event_code":"CE20231007PSE","latest_date":"2025-09-22T00:00:00+00:00","latest_class":4,"pass_count":12,"h":[["2023-11-26T00:00:00+00:00",4,3,3],["2024-01-06T00:00:00+00:00",4,3,0],["2024-02-29T00:00:00+00:00",4,3,0],["2024-04-01T00:00:00+00:00",4,3,0],["2024-05-03T00:00:00+00:00",4,3,0],["2024-07-06T00:00:00+00:00",4,3,0],["2024-09-06T00:00:00+00:00",4,3,0],["2024-12-01T00:00:00+00:00",4,3,0],["2025-02-25T00:00:00+00:00",4,3,0],["2025-04-04T00:00:00+00:00",4,3,0],["2025-07-08T00:00:00+00:00",4,3,0],["2025-09-22T00:00:00+00:00",4,3,0]]},"geometry":{"type":"Point","coordinates":[34.453317,31.505697]}},{"type":"Feature","properties":{"site_id":26,"event_code":"CE20231007PSE","latest_date":"2025-09-22T00:00:00+00:00","latest_class":4,"pass_count":13,"h":[["2023-11-07T00:00:00+00:00",4,3,3],["2023-11-26T00:00:00+00:00",4,3,0],["2024-01-06T00:00:00+00:00",4,3,0],["2024-02-29T00:00:00+00:00",4,3,0],["2024-04-01T00:00:00+00:00",4,3,0],["2024-05-03T00:00:00+00:00",4,3,0],["2024-07-06T00:00:00+00:00",4,3,0],["2024-09-06T00:00:00+00:00",4,3,0],["2024-12-01T00:00:00+00:00",4,3,0],["2025-02-25T00:00:00+00:00",4,3,0],["2025-04-04T00:00:00+00:00",4,3,0],["2025-07-08T00:00:00+00:00",4,3,0],["2025-09-22T00:00:00+00:00",4,3,0]]},"geometry":{"type":"Point","coordinates":[34.452859,31.504739]}},{"type":"Feature","properties":{"site_id":26,"event_code":"CE20231007PSE","latest_date":"2025-09-22T00:00:00+00:00","latest_class":4,"pass_count":13,"h":[["2023-11-07T00:00:00+00:00",4,3,3],["2023-11-26T00:00:00+00:00",4,3,0],["2024-01-06T00:00:00+00:00",4,3,0],["2024-02-29T00:00:00+00:00",4,3,0],["2024-04-01T00:00:00+00:00",4,3,0],["2024-05-03T00:00:00+00:00",4,3,0],["2024-07-06T00:00:00+00:00",4,3,0],["2024-09-06T00:00:00+00:00",4,3,0],["2024-12-01T00:00:00+00:00",4,3,0],["2025-02-25T00:00:00+00:00",4,3,0],["2025-04-04T00:00:00+00:00",4,3,0],["2025-07-08T00:00:00+00:00",4,3,0],["2025-09-22T00:00:00+00:00",4,3,0]]},"geometry":{"type":"Point","coordinates":[34.450717,31.511794]}},{"type":"Feature","properties":{"site_id":26,"event_code":"CE20231007PSE","latest_date":"2025-09-22T00:00:00+00:00","latest_class":4,"pass_count":12,"h":[["2023-11-26T00:00:00+00:00",4,3,3],["2024-01-06T00:00:00+00:00",4,3,0],["2024-02-29T00:00:00+00:00",4,3,0],["2024-04-01T00:00:00+00:00",4,3,0],["2024-05-03T00:00:00+00:00",4,3,0],["2024-07-06T00:00:00+00:00",4,3,0],["2024-09-06T00:00:00+00:00",4,3,0],["2024-12-01T00:00:00+00:00",4,3,0],["2025-02-25T00:00:00+00:00",4,3,0],["2025-04-04T00:00:00+00:00",4,3,0],["2025-07-08T00:00:00+00:00",4,3,0],["2025-09-22T00:00:00+00:00",4,3,0]]},"geometry":{"type":"Point","coordinates":[34.452141,31.506419]}},{"type":"Feature","properties":{"site_id":26,"event_code":"CE20231007PSE","latest_date":"2025-09-22T00:00:00+00:00","latest_class":4,"pass_count":13,"h":[["2023-11-07T00:00:00+00:00",4,3,3],["2023-11-26T00:00:00+00:00",4,3,0],["2024-01-06T00:00:00+00:00",4,3,0],["2024-02-29T00:00:00+00:00",4,3,0],["2024-04-01T00:00:00+00:00",4,3,0],["2024-05-03T00:00:00+00:00",4,3,0],["2024-07-06T00:00:00+00:00",4,3,0],["2024-09-06T00:00:00+00:00",4,3,0],["2024-12-01T00:00:00+00:00",4,3,0],["2025-02-25T00:00:00+00:00",4,3,0],["2025-04-04T00:00:00+00:00",4,3,0],["2025-07-08T00:00:00+00:00",4,3,0],["2025-09-22T00:00:00+00:00",4,3,0]]},"geometry":{"type":"Point","coordinates":[34.444435,31.510312]}},{"type":"Feature","properties":{"site_id":26,"event_code":"CE20231007PSE","latest_date":"2025-09-22T00:00:00+00:00","latest_class":4,"pass_count":12,"h":[["2023-11-26T00:00:00+00:00",4,3,3],["2024-01-06T00:00:00+00:00",4,3,0],["2024-02-29T00:00:00+00:00",4,3,0],["2024-04-01T00:00:00+00:00",4,3,0],["2024-05-03T00:00:00+00:00",4,3,0],["2024-07-06T00:00:00+00:00",4,3,0],["2024-09-06T00:00:00+00:00",4,3,0],["2024-12-01T00:00:00+00:00",4,3,0],["2025-02-25T00:00:00+00:00",4,3,0],["2025-04-04T00:00:00+00:00",4,3,0],["2025-07-08T00:00:00+00:00",4,3,0],["2025-09-22T00:00:00+00:00",4,3,0]]},"geometry":{"type":"Point","coordinates":[34.44928,31.511163]}},{"type":"Feature","properties":{"site_id":26,"event_code":"CE20231007PSE","latest_date":"2025-09-22T00:00:00+00:00","latest_class":4,"pass_count":11,"h":[["2024-01-06T00:00:00+00:00",4,3,3],["2024-02-29T00:00:00+00:00",4,3,0],["2024-04-01T00:00:00+00:00",4,3,0],["2024-05-03T00:00:00+00:00",4,3,0],["2024-07-06T00:00:00+00:00",4,3,0],["2024-09-06T00:00:00+00:00",4,3,0],["2024-12-01T00:00:00+00:00",4,3,0],["2025-02-25T00:00:00+00:00",4,3,0],["2025-04-04T00:00:00+00:00",4,3,0],["2025-07-08T00:00:00+00:00",4,3,0],["2025-09-22T00:00:00+00:00",4,3,0]]},"geometry":{"type":"Point","coordinates":[34.452408,31.505852]}},{"type":"Feature","properties":{"site_id":26,"event_code":"CE20231007PSE","latest_date":"2025-09-22T00:00:00+00:00","latest_class":4,"pass_count":14,"h":[["2023-10-15T00:00:00+00:00",4,3,null],["2023-11-07T00:00:00+00:00",4,3,0],["2023-11-26T00:00:00+00:00",4,3,0],["2024-01-06T00:00:00+00:00",4,3,0],["2024-02-29T00:00:00+00:00",4,3,0],["2024-04-01T00:00:00+00:00",4,3,0],["2024-05-03T00:00:00+00:00",4,3,0],["2024-07-06T00:00:00+00:00",4,3,0],["2024-09-06T00:00:00+00:00",4,3,0],["2024-12-01T00:00:00+00:00",4,3,0],["2025-02-25T00:00:00+00:00",4,3,0],["2025-04-04T00:00:00+00:00",4,3,0],["2025-07-08T00:00:00+00:00",4,3,0],["2025-09-22T00:00:00+00:00",4,3,0]]},"geometry":{"type":"Point","coordinates":[34.453287,31.508729]}},{"type":"Feature","properties":{"site_id":26,"event_code":"CE20231007PSE","latest_date":"2025-09-22T00:00:00+00:00","latest_class":4,"pass_count":12,"h":[["2023-11-26T00:00:00+00:00",4,3,3],["2024-01-06T00:00:00+00:00",4,3,0],["2024-02-29T00:00:00+00:00",4,3,0],["2024-04-01T00:00:00+00:00",4,3,0],["2024-05-03T00:00:00+00:00",4,3,0],["2024-07-06T00:00:00+00:00",4,3,0],["2024-09-06T00:00:00+00:00",4,3,0],["2024-12-01T00:00:00+00:00",4,3,0],["2025-02-25T00:00:00+00:00",4,3,0],["2025-04-04T00:00:00+00:00",4,3,0],["2025-07-08T00:00:00+00:00",4,3,0],["2025-09-22T00:00:00+00:00",4,3,0]]},"geometry":{"type":"Point","coordinates":[34.452856,31.507208]}},{"type":"Feature","properties":{"site_id":26,"event_code":"CE20231007PSE","latest_date":"2025-09-22T00:00:00+00:00","latest_class":4,"pass_count":10,"h":[["2024-02-29T00:00:00+00:00",4,3,3],["2024-04-01T00:00:00+00:00",4,3,0],["2024-05-03T00:00:00+00:00",4,3,0],["2024-07-06T00:00:00+00:00",4,3,0],["2024-09-06T00:00:00+00:00",4,3,0],["2024-12-01T00:00:00+00:00",4,3,0],["2025-02-25T00:00:00+00:00",4,3,0],["2025-04-04T00:00:00+00:00",4,3,0],["2025-07-08T00:00:00+00:00",4,3,0],["2025-09-22T00:00:00+00:00",4,3,0]]},"geometry":{"type":"Point","coordinates":[34.458477,31.507339]}},{"type":"Feature","properties":{"site_id":26,"event_code":"CE20231007PSE","latest_date":"2025-09-22T00:00:00+00:00","latest_class":4,"pass_count":12,"h":[["2023-11-26T00:00:00+00:00",4,3,3],["2024-01-06T00:00:00+00:00",4,3,0],["2024-02-29T00:00:00+00:00",4,3,0],["2024-04-01T00:00:00+00:00",4,3,0],["2024-05-03T00:00:00+00:00",4,3,0],["2024-07-06T00:00:00+00:00",4,3,0],["2024-09-06T00:00:00+00:00",4,3,0],["2024-12-01T00:00:00+00:00",4,3,0],["2025-02-25T00:00:00+00:00",4,3,0],["2025-04-04T00:00:00+00:00",4,3,0],["2025-07-08T00:00:00+00:00",4,3,0],["2025-09-22T00:00:00+00:00",4,3,0]]},"geometry":{"type":"Point","coordinates":[34.447688,31.506722]}},{"type":"Feature","properties":{"site_id":26,"event_code":"CE20231007PSE","latest_date":"2025-09-22T00:00:00+00:00","latest_class":4,"pass_count":1,"h":[["2025-09-22T00:00:00+00:00",4,3,3]]},"geometry":{"type":"Point","coordinates":[34.455607,31.504632]}},{"type":"Feature","properties":{"site_id":26,"event_code":"CE20231007PSE","latest_date":"2025-09-22T00:00:00+00:00","latest_class":4,"pass_count":12,"h":[["2023-11-26T00:00:00+00:00",4,3,3],["2024-01-06T00:00:00+00:00",4,3,0],["2024-02-29T00:00:00+00:00",4,3,0],["2024-04-01T00:00:00+00:00",4,3,0],["2024-05-03T00:00:00+00:00",4,3,0],["2024-07-06T00:00:00+00:00",4,3,0],["2024-09-06T00:00:00+00:00",4,3,0],["2024-12-01T00:00:00+00:00",4,3,0],["2025-02-25T00:00:00+00:00",4,3,0],["2025-04-04T00:00:00+00:00",4,3,0],["2025-07-08T00:00:00+00:00",4,3,0],["2025-09-22T00:00:00+00:00",4,3,0]]},"geometry":{"type":"Point","coordinates":[34.453593,31.506885]}},{"type":"Feature","properties":{"site_id":26,"event_code":"CE20231007PSE","latest_date":"2025-09-22T00:00:00+00:00","latest_class":4,"pass_count":12,"h":[["2023-11-26T00:00:00+00:00",4,3,3],["2024-01-06T00:00:00+00:00",4,3,0],["2024-02-29T00:00:00+00:00",4,3,0],["2024-04-01T00:00:00+00:00",4,3,0],["2024-05-03T00:00:00+00:00",4,3,0],["2024-07-06T00:00:00+00:00",4,3,0],["2024-09-06T00:00:00+00:00",4,3,0],["2024-12-01T00:00:00+00:00",4,3,0],["2025-02-25T00:00:00+00:00",4,3,0],["2025-04-04T00:00:00+00:00",4,3,0],["2025-07-08T00:00:00+00:00",4,3,0],["2025-09-22T00:00:00+00:00",4,3,0]]},"geometry":{"type":"Point","coordinates":[34.452451,31.507568]}},{"type":"Feature","properties":{"site_id":26,"event_code":"CE20231007PSE","latest_date":"2025-09-22T00:00:00+00:00","latest_class":4,"pass_count":12,"h":[["2023-11-26T00:00:00+00:00",4,3,3],["2024-01-06T00:00:00+00:00",4,3,0],["2024-02-29T00:00:00+00:00",4,3,0],["2024-04-01T00:00:00+00:00",4,3,0],["2024-05-03T00:00:00+00:00",4,3,0],["2024-07-06T00:00:00+00:00",4,3,0],["2024-09-06T00:00:00+00:00",4,3,0],["2024-12-01T00:00:00+00:00",4,3,0],["2025-02-25T00:00:00+00:00",4,3,0],["2025-04-04T00:00:00+00:00",4,3,0],["2025-07-08T00:00:00+00:00",4,3,0],["2025-09-22T00:00:00+00:00",4,3,0]]},"geometry":{"type":"Point","coordinates":[34.449914,31.506459]}},{"type":"Feature","properties":{"site_id":26,"event_code":"CE20231007PSE","latest_date":"2025-09-22T00:00:00+00:00","latest_class":4,"pass_count":11,"h":[["2024-01-06T00:00:00+00:00",4,3,3],["2024-02-29T00:00:00+00:00",4,3,0],["2024-04-01T00:00:00+00:00",4,3,0],["2024-05-03T00:00:00+00:00",4,3,0],["2024-07-06T00:00:00+00:00",4,3,0],["2024-09-06T00:00:00+00:00",4,3,0],["2024-12-01T00:00:00+00:00",4,3,0],["2025-02-25T00:00:00+00:00",4,3,0],["2025-04-04T00:00:00+00:00",4,3,0],["2025-07-08T00:00:00+00:00",4,3,0],["2025-09-22T00:00:00+00:00",4,3,0]]},"geometry":{"type":"Point","coordinates":[34.457921,31.505262]}},{"type":"Feature","properties":{"site_id":26,"event_code":"CE20231007PSE","latest_date":"2025-09-22T00:00:00+00:00","latest_class":4,"pass_count":10,"h":[["2024-02-29T00:00:00+00:00",4,3,3],["2024-04-01T00:00:00+00:00",4,3,0],["2024-05-03T00:00:00+00:00",4,3,0],["2024-07-06T00:00:00+00:00",4,3,0],["2024-09-06T00:00:00+00:00",4,3,0],["2024-12-01T00:00:00+00:00",4,3,0],["2025-02-25T00:00:00+00:00",4,3,0],["2025-04-04T00:00:00+00:00",4,3,0],["2025-07-08T00:00:00+00:00",4,3,0],["2025-09-22T00:00:00+00:00",4,3,0]]},"geometry":{"type":"Point","coordinates":[34.44895,31.507692]}},{"type":"Feature","properties":{"site_id":26,"event_code":"CE20231007PSE","latest_date":"2025-09-22T00:00:00+00:00","latest_class":4,"pass_count":12,"h":[["2023-11-26T00:00:00+00:00",4,3,3],["2024-01-06T00:00:00+00:00",4,3,0],["2024-02-29T00:00:00+00:00",4,3,0],["2024-04-01T00:00:00+00:00",4,3,0],["2024-05-03T00:00:00+00:00",4,3,0],["2024-07-06T00:00:00+00:00",4,3,0],["2024-09-06T00:00:00+00:00",4,3,0],["2024-12-01T00:00:00+00:00",4,3,0],["2025-02-25T00:00:00+00:00",4,3,0],["2025-04-04T00:00:00+00:00",4,3,0],["2025-07-08T00:00:00+00:00",4,3,0],["2025-09-22T00:00:00+00:00",4,3,0]]},"geometry":{"type":"Point","coordinates":[34.448443,31.509289]}},{"type":"Feature","properties":{"site_id":26,"event_code":"CE20231007PSE","latest_date":"2025-09-22T00:00:00+00:00","latest_class":4,"pass_count":11,"h":[["2024-01-06T00:00:00+00:00",4,3,3],["2024-02-29T00:00:00+00:00",4,3,0],["2024-04-01T00:00:00+00:00",4,3,0],["2024-05-03T00:00:00+00:00",4,3,0],["2024-07-06T00:00:00+00:00",4,3,0],["2024-09-06T00:00:00+00:00",4,3,0],["2024-12-01T00:00:00+00:00",4,3,0],["2025-02-25T00:00:00+00:00",4,3,0],["2025-04-04T00:00:00+00:00",4,3,0],["2025-07-08T00:00:00+00:00",4,3,0],["2025-09-22T00:00:00+00:00",4,3,0]]},"geometry":{"type":"Point","coordinates":[34.455219,31.506113]}},{"type":"Feature","properties":{"site_id":26,"event_code":"CE20231007PSE","latest_date":"2025-09-22T00:00:00+00:00","latest_class":4,"pass_count":10,"h":[["2024-02-29T00:00:00+00:00",4,3,3],["2024-04-01T00:00:00+00:00",4,3,0],["2024-05-03T00:00:00+00:00",4,3,0],["2024-07-06T00:00:00+00:00",4,3,0],["2024-09-06T00:00:00+00:00",4,3,0],["2024-12-01T00:00:00+00:00",4,3,0],["2025-02-25T00:00:00+00:00",4,3,0],["2025-04-04T00:00:00+00:00",4,3,0],["2025-07-08T00:00:00+00:00",4,3,0],["2025-09-22T00:00:00+00:00",4,3,0]]},"geometry":{"type":"Point","coordinates":[34.450936,31.50639]}},{"type":"Feature","properties":{"site_id":26,"event_code":"CE20231007PSE","latest_date":"2025-09-22T00:00:00+00:00","latest_class":4,"pass_count":2,"h":[["2025-07-08T00:00:00+00:00",4,3,3],["2025-09-22T00:00:00+00:00",4,3,0]]},"geometry":{"type":"Point","coordinates":[34.45579,31.505336]}},{"type":"Feature","properties":{"site_id":26,"event_code":"CE20231007PSE","latest_date":"2025-09-22T00:00:00+00:00","latest_class":4,"pass_count":1,"h":[["2025-09-22T00:00:00+00:00",4,3,3]]},"geometry":{"type":"Point","coordinates":[34.451491,31.505305]}},{"type":"Feature","properties":{"site_id":26,"event_code":"CE20231007PSE","latest_date":"2025-09-22T00:00:00+00:00","latest_class":4,"pass_count":12,"h":[["2023-11-26T00:00:00+00:00",4,3,3],["2024-01-06T00:00:00+00:00",4,3,0],["2024-02-29T00:00:00+00:00",4,3,0],["2024-04-01T00:00:00+00:00",4,3,0],["2024-05-03T00:00:00+00:00",4,3,0],["2024-07-06T00:00:00+00:00",4,3,0],["2024-09-06T00:00:00+00:00",4,3,0],["2024-12-01T00:00:00+00:00",4,3,0],["2025-02-25T00:00:00+00:00",4,3,0],["2025-04-04T00:00:00+00:00",4,3,0],["2025-07-08T00:00:00+00:00",4,3,0],["2025-09-22T00:00:00+00:00",4,3,0]]},"geometry":{"type":"Point","coordinates":[34.438462,31.506226]}},{"type":"Feature","properties":{"site_id":26,"event_code":"CE20231007PSE","latest_date":"2025-09-22T00:00:00+00:00","latest_class":4,"pass_count":13,"h":[["2023-11-07T00:00:00+00:00",4,3,3],["2023-11-26T00:00:00+00:00",4,3,0],["2024-01-06T00:00:00+00:00",4,3,0],["2024-02-29T00:00:00+00:00",4,3,0],["2024-04-01T00:00:00+00:00",4,3,0],["2024-05-03T00:00:00+00:00",4,3,0],["2024-07-06T00:00:00+00:00",4,3,0],["2024-09-06T00:00:00+00:00",4,3,0],["2024-12-01T00:00:00+00:00",4,3,0],["2025-02-25T00:00:00+00:00",4,3,0],["2025-04-04T00:00:00+00:00",4,3,0],["2025-07-08T00:00:00+00:00",4,3,0],["2025-09-22T00:00:00+00:00",4,3,0]]},"geometry":{"type":"Point","coordinates":[34.452087,31.507991]}},{"type":"Feature","properties":{"site_id":26,"event_code":"CE20231007PSE","latest_date":"2025-09-22T00:00:00+00:00","latest_class":4,"pass_count":11,"h":[["2024-01-06T00:00:00+00:00",4,3,3],["2024-02-29T00:00:00+00:00",4,3,0],["2024-04-01T00:00:00+00:00",4,3,0],["2024-05-03T00:00:00+00:00",4,3,0],["2024-07-06T00:00:00+00:00",4,3,0],["2024-09-06T00:00:00+00:00",4,3,0],["2024-12-01T00:00:00+00:00",4,3,0],["2025-02-25T00:00:00+00:00",4,3,0],["2025-04-04T00:00:00+00:00",4,3,0],["2025-07-08T00:00:00+00:00",4,3,0],["2025-09-22T00:00:00+00:00",4,3,0]]},"geometry":{"type":"Point","coordinates":[34.450198,31.508673]}},{"type":"Feature","properties":{"site_id":26,"event_code":"CE20231007PSE","latest_date":"2025-09-22T00:00:00+00:00","latest_class":4,"pass_count":10,"h":[["2024-02-29T00:00:00+00:00",4,3,3],["2024-04-01T00:00:00+00:00",4,3,0],["2024-05-03T00:00:00+00:00",4,3,0],["2024-07-06T00:00:00+00:00",4,3,0],["2024-09-06T00:00:00+00:00",4,3,0],["2024-12-01T00:00:00+00:00",4,3,0],["2025-02-25T00:00:00+00:00",4,3,0],["2025-04-04T00:00:00+00:00",4,3,0],["2025-07-08T00:00:00+00:00",4,3,0],["2025-09-22T00:00:00+00:00",4,3,0]]},"geometry":{"type":"Point","coordinates":[34.447145,31.511134]}},{"type":"Feature","properties":{"site_id":26,"event_code":"CE20231007PSE","latest_date":"2025-09-22T00:00:00+00:00","latest_class":4,"pass_count":12,"h":[["2023-11-26T00:00:00+00:00",4,3,3],["2024-01-06T00:00:00+00:00",4,3,0],["2024-02-29T00:00:00+00:00",4,3,0],["2024-04-01T00:00:00+00:00",4,3,0],["2024-05-03T00:00:00+00:00",4,3,0],["2024-07-06T00:00:00+00:00",4,3,0],["2024-09-06T00:00:00+00:00",4,3,0],["2024-12-01T00:00:00+00:00",4,3,0],["2025-02-25T00:00:00+00:00",4,3,0],["2025-04-04T00:00:00+00:00",4,3,0],["2025-07-08T00:00:00+00:00",4,3,0],["2025-09-22T00:00:00+00:00",4,3,0]]},"geometry":{"type":"Point","coordinates":[34.453501,31.506283]}},{"type":"Feature","properties":{"site_id":26,"event_code":"CE20231007PSE","latest_date":"2025-09-22T00:00:00+00:00","latest_class":4,"pass_count":11,"h":[["2024-01-06T00:00:00+00:00",4,3,3],["2024-02-29T00:00:00+00:00",4,3,0],["2024-04-01T00:00:00+00:00",4,3,0],["2024-05-03T00:00:00+00:00",4,3,0],["2024-07-06T00:00:00+00:00",4,3,0],["2024-09-06T00:00:00+00:00",4,3,0],["2024-12-01T00:00:00+00:00",4,3,0],["2025-02-25T00:00:00+00:00",4,3,0],["2025-04-04T00:00:00+00:00",4,3,0],["2025-07-08T00:00:00+00:00",4,3,0],["2025-09-22T00:00:00+00:00",4,3,0]]},"geometry":{"type":"Point","coordinates":[34.448504,31.511396]}},{"type":"Feature","properties":{"site_id":26,"event_code":"CE20231007PSE","latest_date":"2025-09-22T00:00:00+00:00","latest_class":4,"pass_count":13,"h":[["2023-11-07T00:00:00+00:00",4,3,3],["2023-11-26T00:00:00+00:00",4,3,0],["2024-01-06T00:00:00+00:00",4,3,0],["2024-02-29T00:00:00+00:00",4,3,0],["2024-04-01T00:00:00+00:00",4,3,0],["2024-05-03T00:00:00+00:00",4,3,0],["2024-07-06T00:00:00+00:00",4,3,0],["2024-09-06T00:00:00+00:00",4,3,0],["2024-12-01T00:00:00+00:00",4,3,0],["2025-02-25T00:00:00+00:00",4,3,0],["2025-04-04T00:00:00+00:00",4,3,0],["2025-07-08T00:00:00+00:00",4,3,0],["2025-09-22T00:00:00+00:00",4,3,0]]},"geometry":{"type":"Point","coordinates":[34.447143,31.51068]}},{"type":"Feature","properties":{"site_id":26,"event_code":"CE20231007PSE","latest_date":"2025-09-22T00:00:00+00:00","latest_class":4,"pass_count":1,"h":[["2025-09-22T00:00:00+00:00",4,3,3]]},"geometry":{"type":"Point","coordinates":[34.443104,31.504906]}},{"type":"Feature","properties":{"site_id":26,"event_code":"CE20231007PSE","latest_date":"2025-09-22T00:00:00+00:00","latest_class":4,"pass_count":12,"h":[["2023-11-26T00:00:00+00:00",4,3,3],["2024-01-06T00:00:00+00:00",4,3,0],["2024-02-29T00:00:00+00:00",4,3,0],["2024-04-01T00:00:00+00:00",4,3,0],["2024-05-03T00:00:00+00:00",4,3,0],["2024-07-06T00:00:00+00:00",4,3,0],["2024-09-06T00:00:00+00:00",4,3,0],["2024-12-01T00:00:00+00:00",4,3,0],["2025-02-25T00:00:00+00:00",4,3,0],["2025-04-04T00:00:00+00:00",4,3,0],["2025-07-08T00:00:00+00:00",4,3,0],["2025-09-22T00:00:00+00:00",4,3,0]]},"geometry":{"type":"Point","coordinates":[34.453581,31.506035]}},{"type":"Feature","properties":{"site_id":26,"event_code":"CE20231007PSE","latest_date":"2025-09-22T00:00:00+00:00","latest_class":4,"pass_count":12,"h":[["2023-11-26T00:00:00+00:00",4,3,3],["2024-01-06T00:00:00+00:00",4,3,0],["2024-02-29T00:00:00+00:00",4,3,0],["2024-04-01T00:00:00+00:00",4,3,0],["2024-05-03T00:00:00+00:00",4,3,0],["2024-07-06T00:00:00+00:00",4,3,0],["2024-09-06T00:00:00+00:00",4,3,0],["2024-12-01T00:00:00+00:00",4,3,0],["2025-02-25T00:00:00+00:00",4,3,0],["2025-04-04T00:00:00+00:00",4,3,0],["2025-07-08T00:00:00+00:00",4,3,0],["2025-09-22T00:00:00+00:00",4,3,0]]},"geometry":{"type":"Point","coordinates":[34.448725,31.505305]}},{"type":"Feature","properties":{"site_id":26,"event_code":"CE20231007PSE","latest_date":"2025-09-22T00:00:00+00:00","latest_class":4,"pass_count":2,"h":[["2025-07-08T00:00:00+00:00",4,3,3],["2025-09-22T00:00:00+00:00",4,3,0]]},"geometry":{"type":"Point","coordinates":[34.455495,31.505134]}},{"type":"Feature","properties":{"site_id":26,"event_code":"CE20231007PSE","latest_date":"2025-09-22T00:00:00+00:00","latest_class":4,"pass_count":1,"h":[["2025-09-22T00:00:00+00:00",4,3,3]]},"geometry":{"type":"Point","coordinates":[34.455631,31.502912]}},{"type":"Feature","properties":{"site_id":26,"event_code":"CE20231007PSE","latest_date":"2025-09-22T00:00:00+00:00","latest_class":4,"pass_count":6,"h":[["2024-09-06T00:00:00+00:00",4,3,3],["2024-12-01T00:00:00+00:00",4,3,0],["2025-02-25T00:00:00+00:00",4,3,0],["2025-04-04T00:00:00+00:00",4,3,0],["2025-07-08T00:00:00+00:00",4,3,0],["2025-09-22T00:00:00+00:00",4,3,0]]},"geometry":{"type":"Point","coordinates":[34.455133,31.50917]}},{"type":"Feature","properties":{"site_id":26,"event_code":"CE20231007PSE","latest_date":"2025-09-22T00:00:00+00:00","latest_class":4,"pass_count":12,"h":[["2023-11-26T00:00:00+00:00",4,3,3],["2024-01-06T00:00:00+00:00",4,3,0],["2024-02-29T00:00:00+00:00",4,3,0],["2024-04-01T00:00:00+00:00",4,3,0],["2024-05-03T00:00:00+00:00",4,3,0],["2024-07-06T00:00:00+00:00",4,3,0],["2024-09-06T00:00:00+00:00",4,3,0],["2024-12-01T00:00:00+00:00",4,3,0],["2025-02-25T00:00:00+00:00",4,3,0],["2025-04-04T00:00:00+00:00",4,3,0],["2025-07-08T00:00:00+00:00",4,3,0],["2025-09-22T00:00:00+00:00",4,3,0]]},"geometry":{"type":"Point","coordinates":[34.452545,31.505776]}},{"type":"Feature","properties":{"site_id":26,"event_code":"CE20231007PSE","latest_date":"2025-09-22T00:00:00+00:00","latest_class":4,"pass_count":12,"h":[["2023-11-26T00:00:00+00:00",4,3,3],["2024-01-06T00:00:00+00:00",4,3,0],["2024-02-29T00:00:00+00:00",4,3,0],["2024-04-01T00:00:00+00:00",4,3,0],["2024-05-03T00:00:00+00:00",4,3,0],["2024-07-06T00:00:00+00:00",4,3,0],["2024-09-06T00:00:00+00:00",4,3,0],["2024-12-01T00:00:00+00:00",4,3,0],["2025-02-25T00:00:00+00:00",4,3,0],["2025-04-04T00:00:00+00:00",4,3,0],["2025-07-08T00:00:00+00:00",4,3,0],["2025-09-22T00:00:00+00:00",4,3,0]]},"geometry":{"type":"Point","coordinates":[34.449778,31.506254]}},{"type":"Feature","properties":{"site_id":26,"event_code":"CE20231007PSE","latest_date":"2025-09-22T00:00:00+00:00","latest_class":4,"pass_count":13,"h":[["2023-11-07T00:00:00+00:00",4,3,3],["2023-11-26T00:00:00+00:00",4,3,0],["2024-01-06T00:00:00+00:00",4,3,0],["2024-02-29T00:00:00+00:00",4,3,0],["2024-04-01T00:00:00+00:00",4,3,0],["2024-05-03T00:00:00+00:00",4,3,0],["2024-07-06T00:00:00+00:00",4,3,0],["2024-09-06T00:00:00+00:00",4,3,0],["2024-12-01T00:00:00+00:00",4,3,0],["2025-02-25T00:00:00+00:00",4,3,0],["2025-04-04T00:00:00+00:00",4,3,0],["2025-07-08T00:00:00+00:00",4,3,0],["2025-09-22T00:00:00+00:00",4,3,0]]},"geometry":{"type":"Point","coordinates":[34.458941,31.507582]}},{"type":"Feature","properties":{"site_id":26,"event_code":"CE20231007PSE","latest_date":"2025-09-22T00:00:00+00:00","latest_class":4,"pass_count":13,"h":[["2023-11-07T00:00:00+00:00",4,3,3],["2023-11-26T00:00:00+00:00",4,3,0],["2024-01-06T00:00:00+00:00",4,3,0],["2024-02-29T00:00:00+00:00",4,3,0],["2024-04-01T00:00:00+00:00",4,3,0],["2024-05-03T00:00:00+00:00",4,3,0],["2024-07-06T00:00:00+00:00",4,3,0],["2024-09-06T00:00:00+00:00",4,3,0],["2024-12-01T00:00:00+00:00",4,3,0],["2025-02-25T00:00:00+00:00",4,3,0],["2025-04-04T00:00:00+00:00",4,3,0],["2025-07-08T00:00:00+00:00",4,3,0],["2025-09-22T00:00:00+00:00",4,3,0]]},"geometry":{"type":"Point","coordinates":[34.457044,31.502559]}},{"type":"Feature","properties":{"site_id":26,"event_code":"CE20231007PSE","latest_date":"2025-09-22T00:00:00+00:00","latest_class":4,"pass_count":1,"h":[["2025-09-22T00:00:00+00:00",4,3,3]]},"geometry":{"type":"Point","coordinates":[34.444682,31.506335]}},{"type":"Feature","properties":{"site_id":26,"event_code":"CE20231007PSE","latest_date":"2025-09-22T00:00:00+00:00","latest_class":4,"pass_count":12,"h":[["2023-11-26T00:00:00+00:00",4,3,3],["2024-01-06T00:00:00+00:00",4,3,0],["2024-02-29T00:00:00+00:00",4,3,0],["2024-04-01T00:00:00+00:00",4,3,0],["2024-05-03T00:00:00+00:00",4,3,0],["2024-07-06T00:00:00+00:00",4,3,0],["2024-09-06T00:00:00+00:00",4,3,0],["2024-12-01T00:00:00+00:00",4,3,0],["2025-02-25T00:00:00+00:00",4,3,0],["2025-04-04T00:00:00+00:00",4,3,0],["2025-07-08T00:00:00+00:00",4,3,0],["2025-09-22T00:00:00+00:00",4,3,0]]},"geometry":{"type":"Point","coordinates":[34.452392,31.507472]}},{"type":"Feature","properties":{"site_id":26,"event_code":"CE20231007PSE","latest_date":"2025-09-22T00:00:00+00:00","latest_class":4,"pass_count":13,"h":[["2023-11-07T00:00:00+00:00",4,3,3],["2023-11-26T00:00:00+00:00",4,3,0],["2024-01-06T00:00:00+00:00",4,3,0],["2024-02-29T00:00:00+00:00",4,3,0],["2024-04-01T00:00:00+00:00",4,3,0],["2024-05-03T00:00:00+00:00",4,3,0],["2024-07-06T00:00:00+00:00",4,3,0],["2024-09-06T00:00:00+00:00",4,3,0],["2024-12-01T00:00:00+00:00",4,3,0],["2025-02-25T00:00:00+00:00",4,3,0],["2025-04-04T00:00:00+00:00",4,3,0],["2025-07-08T00:00:00+00:00",4,3,0],["2025-09-22T00:00:00+00:00",4,3,0]]},"geometry":{"type":"Point","coordinates":[34.447908,31.508556]}},{"type":"Feature","properties":{"site_id":26,"event_code":"CE20231007PSE","latest_date":"2025-09-22T00:00:00+00:00","latest_class":4,"pass_count":14,"h":[["2023-10-15T00:00:00+00:00",4,3,null],["2023-11-07T00:00:00+00:00",4,3,0],["2023-11-26T00:00:00+00:00",4,3,0],["2024-01-06T00:00:00+00:00",4,3,0],["2024-02-29T00:00:00+00:00",4,3,0],["2024-04-01T00:00:00+00:00",4,3,0],["2024-05-03T00:00:00+00:00",4,3,0],["2024-07-06T00:00:00+00:00",4,3,0],["2024-09-06T00:00:00+00:00",4,3,0],["2024-12-01T00:00:00+00:00",4,3,0],["2025-02-25T00:00:00+00:00",4,3,0],["2025-04-04T00:00:00+00:00",4,3,0],["2025-07-08T00:00:00+00:00",4,3,0],["2025-09-22T00:00:00+00:00",4,3,0]]},"geometry":{"type":"Point","coordinates":[34.451523,31.512578]}},{"type":"Feature","properties":{"site_id":26,"event_code":"CE20231007PSE","latest_date":"2025-09-22T00:00:00+00:00","latest_class":4,"pass_count":1,"h":[["2025-09-22T00:00:00+00:00",4,3,3]]},"geometry":{"type":"Point","coordinates":[34.455457,31.508096]}},{"type":"Feature","properties":{"site_id":26,"event_code":"CE20231007PSE","latest_date":"2025-09-22T00:00:00+00:00","latest_class":4,"pass_count":13,"h":[["2023-11-07T00:00:00+00:00",4,3,3],["2023-11-26T00:00:00+00:00",4,3,0],["2024-01-06T00:00:00+00:00",4,3,0],["2024-02-29T00:00:00+00:00",4,3,0],["2024-04-01T00:00:00+00:00",4,3,0],["2024-05-03T00:00:00+00:00",4,3,0],["2024-07-06T00:00:00+00:00",4,3,0],["2024-09-06T00:00:00+00:00",4,3,0],["2024-12-01T00:00:00+00:00",4,3,0],["2025-02-25T00:00:00+00:00",4,3,0],["2025-04-04T00:00:00+00:00",4,3,0],["2025-07-08T00:00:00+00:00",4,3,0],["2025-09-22T00:00:00+00:00",4,3,0]]},"geometry":{"type":"Point","coordinates":[34.456502,31.506734]}},{"type":"Feature","properties":{"site_id":26,"event_code":"CE20231007PSE","latest_date":"2025-09-22T00:00:00+00:00","latest_class":4,"pass_count":1,"h":[["2025-09-22T00:00:00+00:00",4,3,3]]},"geometry":{"type":"Point","coordinates":[34.455177,31.504495]}},{"type":"Feature","properties":{"site_id":26,"event_code":"CE20231007PSE","latest_date":"2025-09-22T00:00:00+00:00","latest_class":4,"pass_count":10,"h":[["2024-02-29T00:00:00+00:00",4,3,3],["2024-04-01T00:00:00+00:00",4,3,0],["2024-05-03T00:00:00+00:00",4,3,0],["2024-07-06T00:00:00+00:00",4,3,0],["2024-09-06T00:00:00+00:00",4,3,0],["2024-12-01T00:00:00+00:00",4,3,0],["2025-02-25T00:00:00+00:00",4,3,0],["2025-04-04T00:00:00+00:00",4,3,0],["2025-07-08T00:00:00+00:00",4,3,0],["2025-09-22T00:00:00+00:00",4,3,0]]},"geometry":{"type":"Point","coordinates":[34.448021,31.510392]}},{"type":"Feature","properties":{"site_id":26,"event_code":"CE20231007PSE","latest_date":"2025-09-22T00:00:00+00:00","latest_class":4,"pass_count":12,"h":[["2023-11-26T00:00:00+00:00",4,3,3],["2024-01-06T00:00:00+00:00",4,3,0],["2024-02-29T00:00:00+00:00",4,3,0],["2024-04-01T00:00:00+00:00",4,3,0],["2024-05-03T00:00:00+00:00",4,3,0],["2024-07-06T00:00:00+00:00",4,3,0],["2024-09-06T00:00:00+00:00",4,3,0],["2024-12-01T00:00:00+00:00",4,3,0],["2025-02-25T00:00:00+00:00",4,3,0],["2025-04-04T00:00:00+00:00",4,3,0],["2025-07-08T00:00:00+00:00",4,3,0],["2025-09-22T00:00:00+00:00",4,3,0]]},"geometry":{"type":"Point","coordinates":[34.458532,31.505085]}},{"type":"Feature","properties":{"site_id":26,"event_code":"CE20231007PSE","latest_date":"2025-09-22T00:00:00+00:00","latest_class":4,"pass_count":13,"h":[["2023-11-07T00:00:00+00:00",4,3,3],["2023-11-26T00:00:00+00:00",4,3,0],["2024-01-06T00:00:00+00:00",4,3,0],["2024-02-29T00:00:00+00:00",4,3,0],["2024-04-01T00:00:00+00:00",4,3,0],["2024-05-03T00:00:00+00:00",4,3,0],["2024-07-06T00:00:00+00:00",4,3,0],["2024-09-06T00:00:00+00:00",4,3,0],["2024-12-01T00:00:00+00:00",4,3,0],["2025-02-25T00:00:00+00:00",4,3,0],["2025-04-04T00:00:00+00:00",4,3,0],["2025-07-08T00:00:00+00:00",4,3,0],["2025-09-22T00:00:00+00:00",4,3,0]]},"geometry":{"type":"Point","coordinates":[34.450537,31.511564]}},{"type":"Feature","properties":{"site_id":26,"event_code":"CE20231007PSE","latest_date":"2025-09-22T00:00:00+00:00","latest_class":4,"pass_count":1,"h":[["2025-09-22T00:00:00+00:00",4,3,3]]},"geometry":{"type":"Point","coordinates":[34.455823,31.508034]}},{"type":"Feature","properties":{"site_id":26,"event_code":"CE20231007PSE","latest_date":"2025-09-22T00:00:00+00:00","latest_class":4,"pass_count":13,"h":[["2023-11-07T00:00:00+00:00",4,3,3],["2023-11-26T00:00:00+00:00",4,3,0],["2024-01-06T00:00:00+00:00",4,3,0],["2024-02-29T00:00:00+00:00",4,3,0],["2024-04-01T00:00:00+00:00",4,3,0],["2024-05-03T00:00:00+00:00",4,3,0],["2024-07-06T00:00:00+00:00",4,3,0],["2024-09-06T00:00:00+00:00",4,3,0],["2024-12-01T00:00:00+00:00",4,3,0],["2025-02-25T00:00:00+00:00",4,3,0],["2025-04-04T00:00:00+00:00",4,3,0],["2025-07-08T00:00:00+00:00",4,3,0],["2025-09-22T00:00:00+00:00",4,3,0]]},"geometry":{"type":"Point","coordinates":[34.4417,31.508718]}},{"type":"Feature","properties":{"site_id":26,"event_code":"CE20231007PSE","latest_date":"2025-09-22T00:00:00+00:00","latest_class":4,"pass_count":11,"h":[["2024-01-06T00:00:00+00:00",4,3,3],["2024-02-29T00:00:00+00:00",4,3,0],["2024-04-01T00:00:00+00:00",4,3,0],["2024-05-03T00:00:00+00:00",4,3,0],["2024-07-06T00:00:00+00:00",4,3,0],["2024-09-06T00:00:00+00:00",4,3,0],["2024-12-01T00:00:00+00:00",4,3,0],["2025-02-25T00:00:00+00:00",4,3,0],["2025-04-04T00:00:00+00:00",4,3,0],["2025-07-08T00:00:00+00:00",4,3,0],["2025-09-22T00:00:00+00:00",4,3,0]]},"geometry":{"type":"Point","coordinates":[34.450684,31.509869]}},{"type":"Feature","properties":{"site_id":26,"event_code":"CE20231007PSE","latest_date":"2025-09-22T00:00:00+00:00","latest_class":4,"pass_count":10,"h":[["2024-02-29T00:00:00+00:00",4,3,3],["2024-04-01T00:00:00+00:00",4,3,0],["2024-05-03T00:00:00+00:00",4,3,0],["2024-07-06T00:00:00+00:00",4,3,0],["2024-09-06T00:00:00+00:00",4,3,0],["2024-12-01T00:00:00+00:00",4,3,0],["2025-02-25T00:00:00+00:00",4,3,0],["2025-04-04T00:00:00+00:00",4,3,0],["2025-07-08T00:00:00+00:00",4,3,0],["2025-09-22T00:00:00+00:00",4,3,0]]},"geometry":{"type":"Point","coordinates":[34.458125,31.504082]}},{"type":"Feature","properties":{"site_id":26,"event_code":"CE20231007PSE","latest_date":"2025-09-22T00:00:00+00:00","latest_class":4,"pass_count":11,"h":[["2024-01-06T00:00:00+00:00",4,3,3],["2024-02-29T00:00:00+00:00",4,3,0],["2024-04-01T00:00:00+00:00",4,3,0],["2024-05-03T00:00:00+00:00",4,3,0],["2024-07-06T00:00:00+00:00",4,3,0],["2024-09-06T00:00:00+00:00",4,3,0],["2024-12-01T00:00:00+00:00",4,3,0],["2025-02-25T00:00:00+00:00",4,3,0],["2025-04-04T00:00:00+00:00",4,3,0],["2025-07-08T00:00:00+00:00",4,3,0],["2025-09-22T00:00:00+00:00",4,3,0]]},"geometry":{"type":"Point","coordinates":[34.452626,31.511172]}},{"type":"Feature","properties":{"site_id":26,"event_code":"CE20231007PSE","latest_date":"2025-09-22T00:00:00+00:00","latest_class":4,"pass_count":6,"h":[["2024-09-06T00:00:00+00:00",4,3,3],["2024-12-01T00:00:00+00:00",4,3,0],["2025-02-25T00:00:00+00:00",4,3,0],["2025-04-04T00:00:00+00:00",4,3,0],["2025-07-08T00:00:00+00:00",4,3,0],["2025-09-22T00:00:00+00:00",4,3,0]]},"geometry":{"type":"Point","coordinates":[34.455166,31.509242]}},{"type":"Feature","properties":{"site_id":26,"event_code":"CE20231007PSE","latest_date":"2025-09-22T00:00:00+00:00","latest_class":4,"pass_count":10,"h":[["2024-02-29T00:00:00+00:00",4,3,3],["2024-04-01T00:00:00+00:00",4,3,0],["2024-05-03T00:00:00+00:00",4,3,0],["2024-07-06T00:00:00+00:00",4,3,0],["2024-09-06T00:00:00+00:00",4,3,0],["2024-12-01T00:00:00+00:00",4,3,0],["2025-02-25T00:00:00+00:00",4,3,0],["2025-04-04T00:00:00+00:00",4,3,0],["2025-07-08T00:00:00+00:00",4,3,0],["2025-09-22T00:00:00+00:00",4,3,0]]},"geometry":{"type":"Point","coordinates":[34.449046,31.507626]}},{"type":"Feature","properties":{"site_id":26,"event_code":"CE20231007PSE","latest_date":"2025-09-22T00:00:00+00:00","latest_class":4,"pass_count":11,"h":[["2024-01-06T00:00:00+00:00",4,3,3],["2024-02-29T00:00:00+00:00",4,3,0],["2024-04-01T00:00:00+00:00",4,3,0],["2024-05-03T00:00:00+00:00",4,3,0],["2024-07-06T00:00:00+00:00",4,3,0],["2024-09-06T00:00:00+00:00",4,3,0],["2024-12-01T00:00:00+00:00",4,3,0],["2025-02-25T00:00:00+00:00",4,3,0],["2025-04-04T00:00:00+00:00",4,3,0],["2025-07-08T00:00:00+00:00",4,3,0],["2025-09-22T00:00:00+00:00",4,3,0]]},"geometry":{"type":"Point","coordinates":[34.452926,31.505998]}},{"type":"Feature","properties":{"site_id":26,"event_code":"CE20231007PSE","latest_date":"2025-09-22T00:00:00+00:00","latest_class":4,"pass_count":13,"h":[["2023-11-07T00:00:00+00:00",4,3,3],["2023-11-26T00:00:00+00:00",4,3,0],["2024-01-06T00:00:00+00:00",4,3,0],["2024-02-29T00:00:00+00:00",4,3,0],["2024-04-01T00:00:00+00:00",4,3,0],["2024-05-03T00:00:00+00:00",4,3,0],["2024-07-06T00:00:00+00:00",4,3,0],["2024-09-06T00:00:00+00:00",4,3,0],["2024-12-01T00:00:00+00:00",4,3,0],["2025-02-25T00:00:00+00:00",4,3,0],["2025-04-04T00:00:00+00:00",4,3,0],["2025-07-08T00:00:00+00:00",4,3,0],["2025-09-22T00:00:00+00:00",4,3,0]]},"geometry":{"type":"Point","coordinates":[34.45307,31.504944]}},{"type":"Feature","properties":{"site_id":26,"event_code":"CE20231007PSE","latest_date":"2025-09-22T00:00:00+00:00","latest_class":4,"pass_count":1,"h":[["2025-09-22T00:00:00+00:00",4,3,3]]},"geometry":{"type":"Point","coordinates":[34.455514,31.507721]}},{"type":"Feature","properties":{"site_id":26,"event_code":"CE20231007PSE","latest_date":"2025-09-22T00:00:00+00:00","latest_class":4,"pass_count":14,"h":[["2023-10-15T00:00:00+00:00",4,3,null],["2023-11-07T00:00:00+00:00",4,3,0],["2023-11-26T00:00:00+00:00",4,3,0],["2024-01-06T00:00:00+00:00",4,3,0],["2024-02-29T00:00:00+00:00",4,3,0],["2024-04-01T00:00:00+00:00",4,3,0],["2024-05-03T00:00:00+00:00",4,3,0],["2024-07-06T00:00:00+00:00",4,3,0],["2024-09-06T00:00:00+00:00",4,3,0],["2024-12-01T00:00:00+00:00",4,3,0],["2025-02-25T00:00:00+00:00",4,3,0],["2025-04-04T00:00:00+00:00",4,3,0],["2025-07-08T00:00:00+00:00",4,3,0],["2025-09-22T00:00:00+00:00",4,3,0]]},"geometry":{"type":"Point","coordinates":[34.452259,31.503457]}},{"type":"Feature","properties":{"site_id":26,"event_code":"CE20231007PSE","latest_date":"2025-09-22T00:00:00+00:00","latest_class":4,"pass_count":11,"h":[["2024-01-06T00:00:00+00:00",4,3,3],["2024-02-29T00:00:00+00:00",4,3,0],["2024-04-01T00:00:00+00:00",4,3,0],["2024-05-03T00:00:00+00:00",4,3,0],["2024-07-06T00:00:00+00:00",4,3,0],["2024-09-06T00:00:00+00:00",4,3,0],["2024-12-01T00:00:00+00:00",4,3,0],["2025-02-25T00:00:00+00:00",4,3,0],["2025-04-04T00:00:00+00:00",4,3,0],["2025-07-08T00:00:00+00:00",4,3,0],["2025-09-22T00:00:00+00:00",4,3,0]]},"geometry":{"type":"Point","coordinates":[34.45051,31.508334]}},{"type":"Feature","properties":{"site_id":26,"event_code":"CE20231007PSE","latest_date":"2025-09-22T00:00:00+00:00","latest_class":4,"pass_count":11,"h":[["2024-01-06T00:00:00+00:00",4,3,3],["2024-02-29T00:00:00+00:00",4,3,0],["2024-04-01T00:00:00+00:00",4,3,0],["2024-05-03T00:00:00+00:00",4,3,0],["2024-07-06T00:00:00+00:00",4,3,0],["2024-09-06T00:00:00+00:00",4,3,0],["2024-12-01T00:00:00+00:00",4,3,0],["2025-02-25T00:00:00+00:00",4,3,0],["2025-04-04T00:00:00+00:00",4,3,0],["2025-07-08T00:00:00+00:00",4,3,0],["2025-09-22T00:00:00+00:00",4,3,0]]},"geometry":{"type":"Point","coordinates":[34.450426,31.509421]}},{"type":"Feature","properties":{"site_id":26,"event_code":"CE20231007PSE","latest_date":"2025-09-22T00:00:00+00:00","latest_class":4,"pass_count":14,"h":[["2023-10-15T00:00:00+00:00",4,3,null],["2023-11-07T00:00:00+00:00",4,3,0],["2023-11-26T00:00:00+00:00",4,3,0],["2024-01-06T00:00:00+00:00",4,3,0],["2024-02-29T00:00:00+00:00",4,3,0],["2024-04-01T00:00:00+00:00",4,3,0],["2024-05-03T00:00:00+00:00",4,3,0],["2024-07-06T00:00:00+00:00",4,3,0],["2024-09-06T00:00:00+00:00",4,3,0],["2024-12-01T00:00:00+00:00",4,3,0],["2025-02-25T00:00:00+00:00",4,3,0],["2025-04-04T00:00:00+00:00",4,3,0],["2025-07-08T00:00:00+00:00",4,3,0],["2025-09-22T00:00:00+00:00",4,3,0]]},"geometry":{"type":"Point","coordinates":[34.453225,31.508537]}},{"type":"Feature","properties":{"site_id":26,"event_code":"CE20231007PSE","latest_date":"2025-09-22T00:00:00+00:00","latest_class":4,"pass_count":12,"h":[["2023-11-26T00:00:00+00:00",4,3,3],["2024-01-06T00:00:00+00:00",4,3,0],["2024-02-29T00:00:00+00:00",4,3,0],["2024-04-01T00:00:00+00:00",4,3,0],["2024-05-03T00:00:00+00:00",4,3,0],["2024-07-06T00:00:00+00:00",4,3,0],["2024-09-06T00:00:00+00:00",4,3,0],["2024-12-01T00:00:00+00:00",4,3,0],["2025-02-25T00:00:00+00:00",4,3,0],["2025-04-04T00:00:00+00:00",4,3,0],["2025-07-08T00:00:00+00:00",4,3,0],["2025-09-22T00:00:00+00:00",4,3,0]]},"geometry":{"type":"Point","coordinates":[34.444687,31.508265]}},{"type":"Feature","properties":{"site_id":26,"event_code":"CE20231007PSE","latest_date":"2025-09-22T00:00:00+00:00","latest_class":4,"pass_count":14,"h":[["2023-10-15T00:00:00+00:00",4,3,null],["2023-11-07T00:00:00+00:00",4,3,0],["2023-11-26T00:00:00+00:00",4,3,0],["2024-01-06T00:00:00+00:00",4,3,0],["2024-02-29T00:00:00+00:00",4,3,0],["2024-04-01T00:00:00+00:00",4,3,0],["2024-05-03T00:00:00+00:00",4,3,0],["2024-07-06T00:00:00+00:00",4,3,0],["2024-09-06T00:00:00+00:00",4,3,0],["2024-12-01T00:00:00+00:00",4,3,0],["2025-02-25T00:00:00+00:00",4,3,0],["2025-04-04T00:00:00+00:00",4,3,0],["2025-07-08T00:00:00+00:00",4,3,0],["2025-09-22T00:00:00+00:00",4,3,0]]},"geometry":{"type":"Point","coordinates":[34.451744,31.513258]}},{"type":"Feature","properties":{"site_id":26,"event_code":"CE20231007PSE","latest_date":"2025-09-22T00:00:00+00:00","latest_class":4,"pass_count":4,"h":[["2025-02-25T00:00:00+00:00",4,3,3],["2025-04-04T00:00:00+00:00",4,3,0],["2025-07-08T00:00:00+00:00",4,3,0],["2025-09-22T00:00:00+00:00",4,3,0]]},"geometry":{"type":"Point","coordinates":[34.448713,31.507389]}},{"type":"Feature","properties":{"site_id":26,"event_code":"CE20231007PSE","latest_date":"2025-09-22T00:00:00+00:00","latest_class":4,"pass_count":1,"h":[["2025-09-22T00:00:00+00:00",4,3,3]]},"geometry":{"type":"Point","coordinates":[34.438372,31.507459]}},{"type":"Feature","properties":{"site_id":26,"event_code":"CE20231007PSE","latest_date":"2025-09-22T00:00:00+00:00","latest_class":4,"pass_count":11,"h":[["2024-01-06T00:00:00+00:00",4,3,3],["2024-02-29T00:00:00+00:00",4,3,0],["2024-04-01T00:00:00+00:00",4,3,0],["2024-05-03T00:00:00+00:00",4,3,0],["2024-07-06T00:00:00+00:00",4,3,0],["2024-09-06T00:00:00+00:00",4,3,0],["2024-12-01T00:00:00+00:00",4,3,0],["2025-02-25T00:00:00+00:00",4,3,0],["2025-04-04T00:00:00+00:00",4,3,0],["2025-07-08T00:00:00+00:00",4,3,0],["2025-09-22T00:00:00+00:00",4,3,0]]},"geometry":{"type":"Point","coordinates":[34.450598,31.508587]}},{"type":"Feature","properties":{"site_id":26,"event_code":"CE20231007PSE","latest_date":"2025-09-22T00:00:00+00:00","latest_class":4,"pass_count":12,"h":[["2023-11-26T00:00:00+00:00",4,3,3],["2024-01-06T00:00:00+00:00",4,3,0],["2024-02-29T00:00:00+00:00",4,3,0],["2024-04-01T00:00:00+00:00",4,3,0],["2024-05-03T00:00:00+00:00",4,3,0],["2024-07-06T00:00:00+00:00",4,3,0],["2024-09-06T00:00:00+00:00",4,3,0],["2024-12-01T00:00:00+00:00",4,3,0],["2025-02-25T00:00:00+00:00",4,3,0],["2025-04-04T00:00:00+00:00",4,3,0],["2025-07-08T00:00:00+00:00",4,3,0],["2025-09-22T00:00:00+00:00",4,3,0]]},"geometry":{"type":"Point","coordinates":[34.443812,31.508547]}},{"type":"Feature","properties":{"site_id":26,"event_code":"CE20231007PSE","latest_date":"2025-09-22T00:00:00+00:00","latest_class":4,"pass_count":11,"h":[["2024-01-06T00:00:00+00:00",4,3,3],["2024-02-29T00:00:00+00:00",4,3,0],["2024-04-01T00:00:00+00:00",4,3,0],["2024-05-03T00:00:00+00:00",4,3,0],["2024-07-06T00:00:00+00:00",4,3,0],["2024-09-06T00:00:00+00:00",4,3,0],["2024-12-01T00:00:00+00:00",4,3,0],["2025-02-25T00:00:00+00:00",4,3,0],["2025-04-04T00:00:00+00:00",4,3,0],["2025-07-08T00:00:00+00:00",4,3,0],["2025-09-22T00:00:00+00:00",4,3,0]]},"geometry":{"type":"Point","coordinates":[34.454463,31.504514]}},{"type":"Feature","properties":{"site_id":26,"event_code":"CE20231007PSE","latest_date":"2025-09-22T00:00:00+00:00","latest_class":4,"pass_count":12,"h":[["2023-11-26T00:00:00+00:00",4,3,3],["2024-01-06T00:00:00+00:00",4,3,0],["2024-02-29T00:00:00+00:00",4,3,0],["2024-04-01T00:00:00+00:00",4,3,0],["2024-05-03T00:00:00+00:00",4,3,0],["2024-07-06T00:00:00+00:00",4,3,0],["2024-09-06T00:00:00+00:00",4,3,0],["2024-12-01T00:00:00+00:00",4,3,0],["2025-02-25T00:00:00+00:00",4,3,0],["2025-04-04T00:00:00+00:00",4,3,0],["2025-07-08T00:00:00+00:00",4,3,0],["2025-09-22T00:00:00+00:00",4,3,0]]},"geometry":{"type":"Point","coordinates":[34.447997,31.506356]}},{"type":"Feature","properties":{"site_id":26,"event_code":"CE20231007PSE","latest_date":"2025-09-22T00:00:00+00:00","latest_class":4,"pass_count":12,"h":[["2023-11-26T00:00:00+00:00",4,3,3],["2024-01-06T00:00:00+00:00",4,3,0],["2024-02-29T00:00:00+00:00",4,3,0],["2024-04-01T00:00:00+00:00",4,3,0],["2024-05-03T00:00:00+00:00",4,3,0],["2024-07-06T00:00:00+00:00",4,3,0],["2024-09-06T00:00:00+00:00",4,3,0],["2024-12-01T00:00:00+00:00",4,3,0],["2025-02-25T00:00:00+00:00",4,3,0],["2025-04-04T00:00:00+00:00",4,3,0],["2025-07-08T00:00:00+00:00",4,3,0],["2025-09-22T00:00:00+00:00",4,3,0]]},"geometry":{"type":"Point","coordinates":[34.451894,31.50684]}},{"type":"Feature","properties":{"site_id":26,"event_code":"CE20231007PSE","latest_date":"2025-09-22T00:00:00+00:00","latest_class":4,"pass_count":11,"h":[["2024-01-06T00:00:00+00:00",4,3,3],["2024-02-29T00:00:00+00:00",4,3,0],["2024-04-01T00:00:00+00:00",4,3,0],["2024-05-03T00:00:00+00:00",4,3,0],["2024-07-06T00:00:00+00:00",4,3,0],["2024-09-06T00:00:00+00:00",4,3,0],["2024-12-01T00:00:00+00:00",4,3,0],["2025-02-25T00:00:00+00:00",4,3,0],["2025-04-04T00:00:00+00:00",4,3,0],["2025-07-08T00:00:00+00:00",4,3,0],["2025-09-22T00:00:00+00:00",4,3,0]]},"geometry":{"type":"Point","coordinates":[34.450703,31.510485]}},{"type":"Feature","properties":{"site_id":26,"event_code":"CE20231007PSE","latest_date":"2025-09-22T00:00:00+00:00","latest_class":4,"pass_count":1,"h":[["2025-09-22T00:00:00+00:00",4,3,3]]},"geometry":{"type":"Point","coordinates":[34.439239,31.507323]}},{"type":"Feature","properties":{"site_id":26,"event_code":"CE20231007PSE","latest_date":"2025-09-22T00:00:00+00:00","latest_class":4,"pass_count":5,"h":[["2024-12-01T00:00:00+00:00",4,3,3],["2025-02-25T00:00:00+00:00",4,3,0],["2025-04-04T00:00:00+00:00",4,3,0],["2025-07-08T00:00:00+00:00",4,3,0],["2025-09-22T00:00:00+00:00",4,3,0]]},"geometry":{"type":"Point","coordinates":[34.45102,31.508299]}},{"type":"Feature","properties":{"site_id":26,"event_code":"CE20231007PSE","latest_date":"2025-09-22T00:00:00+00:00","latest_class":4,"pass_count":5,"h":[["2024-12-01T00:00:00+00:00",4,3,3],["2025-02-25T00:00:00+00:00",4,3,0],["2025-04-04T00:00:00+00:00",4,3,0],["2025-07-08T00:00:00+00:00",4,3,0],["2025-09-22T00:00:00+00:00",4,3,0]]},"geometry":{"type":"Point","coordinates":[34.447901,31.506945]}},{"type":"Feature","properties":{"site_id":26,"event_code":"CE20231007PSE","latest_date":"2025-09-22T00:00:00+00:00","latest_class":4,"pass_count":10,"h":[["2024-02-29T00:00:00+00:00",4,3,3],["2024-04-01T00:00:00+00:00",4,3,0],["2024-05-03T00:00:00+00:00",4,3,0],["2024-07-06T00:00:00+00:00",4,3,0],["2024-09-06T00:00:00+00:00",4,3,0],["2024-12-01T00:00:00+00:00",4,3,0],["2025-02-25T00:00:00+00:00",4,3,0],["2025-04-04T00:00:00+00:00",4,3,0],["2025-07-08T00:00:00+00:00",4,3,0],["2025-09-22T00:00:00+00:00",4,3,0]]},"geometry":{"type":"Point","coordinates":[34.447744,31.510312]}},{"type":"Feature","properties":{"site_id":26,"event_code":"CE20231007PSE","latest_date":"2025-09-22T00:00:00+00:00","latest_class":4,"pass_count":5,"h":[["2024-12-01T00:00:00+00:00",4,3,3],["2025-02-25T00:00:00+00:00",4,3,0],["2025-04-04T00:00:00+00:00",4,3,0],["2025-07-08T00:00:00+00:00",4,3,0],["2025-09-22T00:00:00+00:00",4,3,0]]},"geometry":{"type":"Point","coordinates":[34.44721,31.507462]}},{"type":"Feature","properties":{"site_id":26,"event_code":"CE20231007PSE","latest_date":"2025-09-22T00:00:00+00:00","latest_class":4,"pass_count":13,"h":[["2023-11-07T00:00:00+00:00",4,3,3],["2023-11-26T00:00:00+00:00",4,3,0],["2024-01-06T00:00:00+00:00",4,3,0],["2024-02-29T00:00:00+00:00",4,3,0],["2024-04-01T00:00:00+00:00",4,3,0],["2024-05-03T00:00:00+00:00",4,3,0],["2024-07-06T00:00:00+00:00",4,3,0],["2024-09-06T00:00:00+00:00",4,3,0],["2024-12-01T00:00:00+00:00",4,3,0],["2025-02-25T00:00:00+00:00",4,3,0],["2025-04-04T00:00:00+00:00",4,3,0],["2025-07-08T00:00:00+00:00",4,3,0],["2025-09-22T00:00:00+00:00",4,3,0]]},"geometry":{"type":"Point","coordinates":[34.450631,31.511934]}},{"type":"Feature","properties":{"site_id":26,"event_code":"CE20231007PSE","latest_date":"2025-09-22T00:00:00+00:00","latest_class":4,"pass_count":1,"h":[["2025-09-22T00:00:00+00:00",4,3,3]]},"geometry":{"type":"Point","coordinates":[34.449908,31.504714]}},{"type":"Feature","properties":{"site_id":26,"event_code":"CE20231007PSE","latest_date":"2025-09-22T00:00:00+00:00","latest_class":4,"pass_count":12,"h":[["2023-11-26T00:00:00+00:00",4,3,3],["2024-01-06T00:00:00+00:00",4,3,0],["2024-02-29T00:00:00+00:00",4,3,0],["2024-04-01T00:00:00+00:00",4,3,0],["2024-05-03T00:00:00+00:00",4,3,0],["2024-07-06T00:00:00+00:00",4,3,0],["2024-09-06T00:00:00+00:00",4,3,0],["2024-12-01T00:00:00+00:00",4,3,0],["2025-02-25T00:00:00+00:00",4,3,0],["2025-04-04T00:00:00+00:00",4,3,0],["2025-07-08T00:00:00+00:00",4,3,0],["2025-09-22T00:00:00+00:00",4,3,0]]},"geometry":{"type":"Point","coordinates":[34.450361,31.50664]}},{"type":"Feature","properties":{"site_id":26,"event_code":"CE20231007PSE","latest_date":"2025-09-22T00:00:00+00:00","latest_class":4,"pass_count":12,"h":[["2023-11-26T00:00:00+00:00",4,3,3],["2024-01-06T00:00:00+00:00",4,3,0],["2024-02-29T00:00:00+00:00",4,3,0],["2024-04-01T00:00:00+00:00",4,3,0],["2024-05-03T00:00:00+00:00",4,3,0],["2024-07-06T00:00:00+00:00",4,3,0],["2024-09-06T00:00:00+00:00",4,3,0],["2024-12-01T00:00:00+00:00",4,3,0],["2025-02-25T00:00:00+00:00",4,3,0],["2025-04-04T00:00:00+00:00",4,3,0],["2025-07-08T00:00:00+00:00",4,3,0],["2025-09-22T00:00:00+00:00",4,3,0]]},"geometry":{"type":"Point","coordinates":[34.45257,31.507479]}},{"type":"Feature","properties":{"site_id":26,"event_code":"CE20231007PSE","latest_date":"2025-09-22T00:00:00+00:00","latest_class":4,"pass_count":12,"h":[["2023-11-26T00:00:00+00:00",4,3,3],["2024-01-06T00:00:00+00:00",4,3,0],["2024-02-29T00:00:00+00:00",4,3,0],["2024-04-01T00:00:00+00:00",4,3,0],["2024-05-03T00:00:00+00:00",4,3,0],["2024-07-06T00:00:00+00:00",4,3,0],["2024-09-06T00:00:00+00:00",4,3,0],["2024-12-01T00:00:00+00:00",4,3,0],["2025-02-25T00:00:00+00:00",4,3,0],["2025-04-04T00:00:00+00:00",4,3,0],["2025-07-08T00:00:00+00:00",4,3,0],["2025-09-22T00:00:00+00:00",4,3,0]]},"geometry":{"type":"Point","coordinates":[34.458635,31.504668]}},{"type":"Feature","properties":{"site_id":26,"event_code":"CE20231007PSE","latest_date":"2025-09-22T00:00:00+00:00","latest_class":4,"pass_count":11,"h":[["2024-01-06T00:00:00+00:00",4,3,3],["2024-02-29T00:00:00+00:00",4,3,0],["2024-04-01T00:00:00+00:00",4,3,0],["2024-05-03T00:00:00+00:00",4,3,0],["2024-07-06T00:00:00+00:00",4,3,0],["2024-09-06T00:00:00+00:00",4,3,0],["2024-12-01T00:00:00+00:00",4,3,0],["2025-02-25T00:00:00+00:00",4,3,0],["2025-04-04T00:00:00+00:00",4,3,0],["2025-07-08T00:00:00+00:00",4,3,0],["2025-09-22T00:00:00+00:00",4,3,0]]},"geometry":{"type":"Point","coordinates":[34.455564,31.50572]}},{"type":"Feature","properties":{"site_id":26,"event_code":"CE20231007PSE","latest_date":"2025-09-22T00:00:00+00:00","latest_class":4,"pass_count":14,"h":[["2023-10-15T00:00:00+00:00",4,3,null],["2023-11-07T00:00:00+00:00",4,3,0],["2023-11-26T00:00:00+00:00",4,3,0],["2024-01-06T00:00:00+00:00",4,3,0],["2024-02-29T00:00:00+00:00",4,3,0],["2024-04-01T00:00:00+00:00",4,3,0],["2024-05-03T00:00:00+00:00",4,3,0],["2024-07-06T00:00:00+00:00",4,3,0],["2024-09-06T00:00:00+00:00",4,3,0],["2024-12-01T00:00:00+00:00",4,3,0],["2025-02-25T00:00:00+00:00",4,3,0],["2025-04-04T00:00:00+00:00",4,3,0],["2025-07-08T00:00:00+00:00",4,3,0],["2025-09-22T00:00:00+00:00",4,3,0]]},"geometry":{"type":"Point","coordinates":[34.448262,31.509409]}},{"type":"Feature","properties":{"site_id":26,"event_code":"CE20231007PSE","latest_date":"2025-09-22T00:00:00+00:00","latest_class":4,"pass_count":4,"h":[["2025-02-25T00:00:00+00:00",4,3,3],["2025-04-04T00:00:00+00:00",4,3,0],["2025-07-08T00:00:00+00:00",4,3,0],["2025-09-22T00:00:00+00:00",4,3,0]]},"geometry":{"type":"Point","coordinates":[34.44982,31.511196]}},{"type":"Feature","properties":{"site_id":26,"event_code":"CE20231007PSE","latest_date":"2025-09-22T00:00:00+00:00","latest_class":4,"pass_count":11,"h":[["2024-01-06T00:00:00+00:00",4,3,3],["2024-02-29T00:00:00+00:00",4,3,0],["2024-04-01T00:00:00+00:00",4,3,0],["2024-05-03T00:00:00+00:00",4,3,0],["2024-07-06T00:00:00+00:00",4,3,0],["2024-09-06T00:00:00+00:00",4,3,0],["2024-12-01T00:00:00+00:00",4,3,0],["2025-02-25T00:00:00+00:00",4,3,0],["2025-04-04T00:00:00+00:00",4,3,0],["2025-07-08T00:00:00+00:00",4,3,0],["2025-09-22T00:00:00+00:00",4,3,0]]},"geometry":{"type":"Point","coordinates":[34.447506,31.509648]}},{"type":"Feature","properties":{"site_id":26,"event_code":"CE20231007PSE","latest_date":"2025-09-22T00:00:00+00:00","latest_class":4,"pass_count":11,"h":[["2024-01-06T00:00:00+00:00",4,3,3],["2024-02-29T00:00:00+00:00",4,3,0],["2024-04-01T00:00:00+00:00",4,3,0],["2024-05-03T00:00:00+00:00",4,3,0],["2024-07-06T00:00:00+00:00",4,3,0],["2024-09-06T00:00:00+00:00",4,3,0],["2024-12-01T00:00:00+00:00",4,3,0],["2025-02-25T00:00:00+00:00",4,3,0],["2025-04-04T00:00:00+00:00",4,3,0],["2025-07-08T00:00:00+00:00",4,3,0],["2025-09-22T00:00:00+00:00",4,3,0]]},"geometry":{"type":"Point","coordinates":[34.455897,31.50884]}},{"type":"Feature","properties":{"site_id":26,"event_code":"CE20231007PSE","latest_date":"2025-09-22T00:00:00+00:00","latest_class":4,"pass_count":1,"h":[["2025-09-22T00:00:00+00:00",4,3,3]]},"geometry":{"type":"Point","coordinates":[34.455953,31.502886]}},{"type":"Feature","properties":{"site_id":26,"event_code":"CE20231007PSE","latest_date":"2025-09-22T00:00:00+00:00","latest_class":4,"pass_count":10,"h":[["2024-02-29T00:00:00+00:00",4,3,3],["2024-04-01T00:00:00+00:00",4,3,0],["2024-05-03T00:00:00+00:00",4,3,0],["2024-07-06T00:00:00+00:00",4,3,0],["2024-09-06T00:00:00+00:00",4,3,0],["2024-12-01T00:00:00+00:00",4,3,0],["2025-02-25T00:00:00+00:00",4,3,0],["2025-04-04T00:00:00+00:00",4,3,0],["2025-07-08T00:00:00+00:00",4,3,0],["2025-09-22T00:00:00+00:00",4,3,0]]},"geometry":{"type":"Point","coordinates":[34.445194,31.512129]}},{"type":"Feature","properties":{"site_id":26,"event_code":"CE20231007PSE","latest_date":"2025-09-22T00:00:00+00:00","latest_class":4,"pass_count":14,"h":[["2023-10-15T00:00:00+00:00",4,3,null],["2023-11-07T00:00:00+00:00",4,3,0],["2023-11-26T00:00:00+00:00",4,3,0],["2024-01-06T00:00:00+00:00",4,3,0],["2024-02-29T00:00:00+00:00",4,3,0],["2024-04-01T00:00:00+00:00",4,3,0],["2024-05-03T00:00:00+00:00",4,3,0],["2024-07-06T00:00:00+00:00",4,3,0],["2024-09-06T00:00:00+00:00",4,3,0],["2024-12-01T00:00:00+00:00",4,3,0],["2025-02-25T00:00:00+00:00",4,3,0],["2025-04-04T00:00:00+00:00",4,3,0],["2025-07-08T00:00:00+00:00",4,3,0],["2025-09-22T00:00:00+00:00",4,3,0]]},"geometry":{"type":"Point","coordinates":[34.447407,31.509515]}},{"type":"Feature","properties":{"site_id":26,"event_code":"CE20231007PSE","latest_date":"2025-09-22T00:00:00+00:00","latest_class":4,"pass_count":1,"h":[["2025-09-22T00:00:00+00:00",4,3,3]]},"geometry":{"type":"Point","coordinates":[34.454395,31.504435]}},{"type":"Feature","properties":{"site_id":26,"event_code":"CE20231007PSE","latest_date":"2025-09-22T00:00:00+00:00","latest_class":4,"pass_count":11,"h":[["2024-01-06T00:00:00+00:00",4,3,3],["2024-02-29T00:00:00+00:00",4,3,0],["2024-04-01T00:00:00+00:00",4,3,0],["2024-05-03T00:00:00+00:00",4,3,0],["2024-07-06T00:00:00+00:00",4,3,0],["2024-09-06T00:00:00+00:00",4,3,0],["2024-12-01T00:00:00+00:00",4,3,0],["2025-02-25T00:00:00+00:00",4,3,0],["2025-04-04T00:00:00+00:00",4,3,0],["2025-07-08T00:00:00+00:00",4,3,0],["2025-09-22T00:00:00+00:00",4,3,0]]},"geometry":{"type":"Point","coordinates":[34.453803,31.507783]}},{"type":"Feature","properties":{"site_id":26,"event_code":"CE20231007PSE","latest_date":"2025-09-22T00:00:00+00:00","latest_class":4,"pass_count":11,"h":[["2024-01-06T00:00:00+00:00",4,3,3],["2024-02-29T00:00:00+00:00",4,3,0],["2024-04-01T00:00:00+00:00",4,3,0],["2024-05-03T00:00:00+00:00",4,3,0],["2024-07-06T00:00:00+00:00",4,3,0],["2024-09-06T00:00:00+00:00",4,3,0],["2024-12-01T00:00:00+00:00",4,3,0],["2025-02-25T00:00:00+00:00",4,3,0],["2025-04-04T00:00:00+00:00",4,3,0],["2025-07-08T00:00:00+00:00",4,3,0],["2025-09-22T00:00:00+00:00",4,3,0]]},"geometry":{"type":"Point","coordinates":[34.450596,31.509514]}},{"type":"Feature","properties":{"site_id":26,"event_code":"CE20231007PSE","latest_date":"2025-09-22T00:00:00+00:00","latest_class":4,"pass_count":11,"h":[["2024-01-06T00:00:00+00:00",4,3,3],["2024-02-29T00:00:00+00:00",4,3,0],["2024-04-01T00:00:00+00:00",4,3,0],["2024-05-03T00:00:00+00:00",4,3,0],["2024-07-06T00:00:00+00:00",4,3,0],["2024-09-06T00:00:00+00:00",4,3,0],["2024-12-01T00:00:00+00:00",4,3,0],["2025-02-25T00:00:00+00:00",4,3,0],["2025-04-04T00:00:00+00:00",4,3,0],["2025-07-08T00:00:00+00:00",4,3,0],["2025-09-22T00:00:00+00:00",4,3,0]]},"geometry":{"type":"Point","coordinates":[34.450153,31.51085]}},{"type":"Feature","properties":{"site_id":26,"event_code":"CE20231007PSE","latest_date":"2025-09-22T00:00:00+00:00","latest_class":4,"pass_count":13,"h":[["2023-11-07T00:00:00+00:00",4,3,3],["2023-11-26T00:00:00+00:00",4,3,0],["2024-01-06T00:00:00+00:00",4,3,0],["2024-02-29T00:00:00+00:00",4,3,0],["2024-04-01T00:00:00+00:00",4,3,0],["2024-05-03T00:00:00+00:00",4,3,0],["2024-07-06T00:00:00+00:00",4,3,0],["2024-09-06T00:00:00+00:00",4,3,0],["2024-12-01T00:00:00+00:00",4,3,0],["2025-02-25T00:00:00+00:00",4,3,0],["2025-04-04T00:00:00+00:00",4,3,0],["2025-07-08T00:00:00+00:00",4,3,0],["2025-09-22T00:00:00+00:00",4,3,0]]},"geometry":{"type":"Point","coordinates":[34.456013,31.507158]}},{"type":"Feature","properties":{"site_id":26,"event_code":"CE20231007PSE","latest_date":"2025-09-22T00:00:00+00:00","latest_class":4,"pass_count":1,"h":[["2025-09-22T00:00:00+00:00",4,3,3]]},"geometry":{"type":"Point","coordinates":[34.456967,31.503086]}},{"type":"Feature","properties":{"site_id":26,"event_code":"CE20231007PSE","latest_date":"2025-09-22T00:00:00+00:00","latest_class":4,"pass_count":12,"h":[["2023-11-26T00:00:00+00:00",4,3,3],["2024-01-06T00:00:00+00:00",4,3,0],["2024-02-29T00:00:00+00:00",4,3,0],["2024-04-01T00:00:00+00:00",4,3,0],["2024-05-03T00:00:00+00:00",4,3,0],["2024-07-06T00:00:00+00:00",4,3,0],["2024-09-06T00:00:00+00:00",4,3,0],["2024-12-01T00:00:00+00:00",4,3,0],["2025-02-25T00:00:00+00:00",4,3,0],["2025-04-04T00:00:00+00:00",4,3,0],["2025-07-08T00:00:00+00:00",4,3,0],["2025-09-22T00:00:00+00:00",4,3,0]]},"geometry":{"type":"Point","coordinates":[34.458415,31.504844]}},{"type":"Feature","properties":{"site_id":26,"event_code":"CE20231007PSE","latest_date":"2025-09-22T00:00:00+00:00","latest_class":4,"pass_count":1,"h":[["2025-09-22T00:00:00+00:00",4,3,3]]},"geometry":{"type":"Point","coordinates":[34.452591,31.502974]}},{"type":"Feature","properties":{"site_id":26,"event_code":"CE20231007PSE","latest_date":"2025-09-22T00:00:00+00:00","latest_class":4,"pass_count":5,"h":[["2024-12-01T00:00:00+00:00",4,3,3],["2025-02-25T00:00:00+00:00",4,3,0],["2025-04-04T00:00:00+00:00",4,3,0],["2025-07-08T00:00:00+00:00",4,3,0],["2025-09-22T00:00:00+00:00",4,3,0]]},"geometry":{"type":"Point","coordinates":[34.448008,31.506994]}},{"type":"Feature","properties":{"site_id":26,"event_code":"CE20231007PSE","latest_date":"2025-09-22T00:00:00+00:00","latest_class":4,"pass_count":12,"h":[["2023-11-26T00:00:00+00:00",4,3,3],["2024-01-06T00:00:00+00:00",4,3,0],["2024-02-29T00:00:00+00:00",4,3,0],["2024-04-01T00:00:00+00:00",4,3,0],["2024-05-03T00:00:00+00:00",4,3,0],["2024-07-06T00:00:00+00:00",4,3,0],["2024-09-06T00:00:00+00:00",4,3,0],["2024-12-01T00:00:00+00:00",4,3,0],["2025-02-25T00:00:00+00:00",4,3,0],["2025-04-04T00:00:00+00:00",4,3,0],["2025-07-08T00:00:00+00:00",4,3,0],["2025-09-22T00:00:00+00:00",4,3,0]]},"geometry":{"type":"Point","coordinates":[34.445558,31.511009]}},{"type":"Feature","properties":{"site_id":26,"event_code":"CE20231007PSE","latest_date":"2025-09-22T00:00:00+00:00","latest_class":4,"pass_count":12,"h":[["2023-11-26T00:00:00+00:00",4,3,3],["2024-01-06T00:00:00+00:00",4,3,0],["2024-02-29T00:00:00+00:00",4,3,0],["2024-04-01T00:00:00+00:00",4,3,0],["2024-05-03T00:00:00+00:00",4,3,0],["2024-07-06T00:00:00+00:00",4,3,0],["2024-09-06T00:00:00+00:00",4,3,0],["2024-12-01T00:00:00+00:00",4,3,0],["2025-02-25T00:00:00+00:00",4,3,0],["2025-04-04T00:00:00+00:00",4,3,0],["2025-07-08T00:00:00+00:00",4,3,0],["2025-09-22T00:00:00+00:00",4,3,0]]},"geometry":{"type":"Point","coordinates":[34.450952,31.504383]}},{"type":"Feature","properties":{"site_id":26,"event_code":"CE20231007PSE","latest_date":"2025-09-22T00:00:00+00:00","latest_class":4,"pass_count":12,"h":[["2023-11-26T00:00:00+00:00",4,3,3],["2024-01-06T00:00:00+00:00",4,3,0],["2024-02-29T00:00:00+00:00",4,3,0],["2024-04-01T00:00:00+00:00",4,3,0],["2024-05-03T00:00:00+00:00",4,3,0],["2024-07-06T00:00:00+00:00",4,3,0],["2024-09-06T00:00:00+00:00",4,3,0],["2024-12-01T00:00:00+00:00",4,3,0],["2025-02-25T00:00:00+00:00",4,3,0],["2025-04-04T00:00:00+00:00",4,3,0],["2025-07-08T00:00:00+00:00",4,3,0],["2025-09-22T00:00:00+00:00",4,3,0]]},"geometry":{"type":"Point","coordinates":[34.453216,31.507347]}},{"type":"Feature","properties":{"site_id":26,"event_code":"CE20231007PSE","latest_date":"2025-09-22T00:00:00+00:00","latest_class":4,"pass_count":1,"h":[["2025-09-22T00:00:00+00:00",4,3,3]]},"geometry":{"type":"Point","coordinates":[34.442363,31.504502]}},{"type":"Feature","properties":{"site_id":26,"event_code":"CE20231007PSE","latest_date":"2025-09-22T00:00:00+00:00","latest_class":4,"pass_count":12,"h":[["2023-11-26T00:00:00+00:00",4,3,3],["2024-01-06T00:00:00+00:00",4,3,0],["2024-02-29T00:00:00+00:00",4,3,0],["2024-04-01T00:00:00+00:00",4,3,0],["2024-05-03T00:00:00+00:00",4,3,0],["2024-07-06T00:00:00+00:00",4,3,0],["2024-09-06T00:00:00+00:00",4,3,0],["2024-12-01T00:00:00+00:00",4,3,0],["2025-02-25T00:00:00+00:00",4,3,0],["2025-04-04T00:00:00+00:00",4,3,0],["2025-07-08T00:00:00+00:00",4,3,0],["2025-09-22T00:00:00+00:00",4,3,0]]},"geometry":{"type":"Point","coordinates":[34.451315,31.506711]}},{"type":"Feature","properties":{"site_id":26,"event_code":"CE20231007PSE","latest_date":"2025-09-22T00:00:00+00:00","latest_class":4,"pass_count":12,"h":[["2023-11-26T00:00:00+00:00",4,3,3],["2024-01-06T00:00:00+00:00",4,3,0],["2024-02-29T00:00:00+00:00",4,3,0],["2024-04-01T00:00:00+00:00",4,3,0],["2024-05-03T00:00:00+00:00",4,3,0],["2024-07-06T00:00:00+00:00",4,3,0],["2024-09-06T00:00:00+00:00",4,3,0],["2024-12-01T00:00:00+00:00",4,3,0],["2025-02-25T00:00:00+00:00",4,3,0],["2025-04-04T00:00:00+00:00",4,3,0],["2025-07-08T00:00:00+00:00",4,3,0],["2025-09-22T00:00:00+00:00",4,3,0]]},"geometry":{"type":"Point","coordinates":[34.448263,31.506354]}},{"type":"Feature","properties":{"site_id":26,"event_code":"CE20231007PSE","latest_date":"2025-09-22T00:00:00+00:00","latest_class":4,"pass_count":11,"h":[["2024-01-06T00:00:00+00:00",4,3,3],["2024-02-29T00:00:00+00:00",4,3,0],["2024-04-01T00:00:00+00:00",4,3,0],["2024-05-03T00:00:00+00:00",4,3,0],["2024-07-06T00:00:00+00:00",4,3,0],["2024-09-06T00:00:00+00:00",4,3,0],["2024-12-01T00:00:00+00:00",4,3,0],["2025-02-25T00:00:00+00:00",4,3,0],["2025-04-04T00:00:00+00:00",4,3,0],["2025-07-08T00:00:00+00:00",4,3,0],["2025-09-22T00:00:00+00:00",4,3,0]]},"geometry":{"type":"Point","coordinates":[34.454752,31.504748]}},{"type":"Feature","properties":{"site_id":26,"event_code":"CE20231007PSE","latest_date":"2025-09-22T00:00:00+00:00","latest_class":4,"pass_count":12,"h":[["2023-11-26T00:00:00+00:00",4,3,3],["2024-01-06T00:00:00+00:00",4,3,0],["2024-02-29T00:00:00+00:00",4,3,0],["2024-04-01T00:00:00+00:00",4,3,0],["2024-05-03T00:00:00+00:00",4,3,0],["2024-07-06T00:00:00+00:00",4,3,0],["2024-09-06T00:00:00+00:00",4,3,0],["2024-12-01T00:00:00+00:00",4,3,0],["2025-02-25T00:00:00+00:00",4,3,0],["2025-04-04T00:00:00+00:00",4,3,0],["2025-07-08T00:00:00+00:00",4,3,0],["2025-09-22T00:00:00+00:00",4,3,0]]},"geometry":{"type":"Point","coordinates":[34.451028,31.509084]}},{"type":"Feature","properties":{"site_id":26,"event_code":"CE20231007PSE","latest_date":"2025-09-22T00:00:00+00:00","latest_class":4,"pass_count":12,"h":[["2023-11-26T00:00:00+00:00",4,3,3],["2024-01-06T00:00:00+00:00",4,3,0],["2024-02-29T00:00:00+00:00",4,3,0],["2024-04-01T00:00:00+00:00",4,3,0],["2024-05-03T00:00:00+00:00",4,3,0],["2024-07-06T00:00:00+00:00",4,3,0],["2024-09-06T00:00:00+00:00",4,3,0],["2024-12-01T00:00:00+00:00",4,3,0],["2025-02-25T00:00:00+00:00",4,3,0],["2025-04-04T00:00:00+00:00",4,3,0],["2025-07-08T00:00:00+00:00",4,3,0],["2025-09-22T00:00:00+00:00",4,3,0]]},"geometry":{"type":"Point","coordinates":[34.443675,31.508839]}},{"type":"Feature","properties":{"site_id":26,"event_code":"CE20231007PSE","latest_date":"2025-09-22T00:00:00+00:00","latest_class":4,"pass_count":12,"h":[["2023-11-26T00:00:00+00:00",4,3,3],["2024-01-06T00:00:00+00:00",4,3,0],["2024-02-29T00:00:00+00:00",4,3,0],["2024-04-01T00:00:00+00:00",4,3,0],["2024-05-03T00:00:00+00:00",4,3,0],["2024-07-06T00:00:00+00:00",4,3,0],["2024-09-06T00:00:00+00:00",4,3,0],["2024-12-01T00:00:00+00:00",4,3,0],["2025-02-25T00:00:00+00:00",4,3,0],["2025-04-04T00:00:00+00:00",4,3,0],["2025-07-08T00:00:00+00:00",4,3,0],["2025-09-22T00:00:00+00:00",4,3,0]]},"geometry":{"type":"Point","coordinates":[34.457786,31.502733]}},{"type":"Feature","properties":{"site_id":26,"event_code":"CE20231007PSE","latest_date":"2025-09-22T00:00:00+00:00","latest_class":4,"pass_count":11,"h":[["2024-01-06T00:00:00+00:00",4,3,3],["2024-02-29T00:00:00+00:00",4,3,0],["2024-04-01T00:00:00+00:00",4,3,0],["2024-05-03T00:00:00+00:00",4,3,0],["2024-07-06T00:00:00+00:00",4,3,0],["2024-09-06T00:00:00+00:00",4,3,0],["2024-12-01T00:00:00+00:00",4,3,0],["2025-02-25T00:00:00+00:00",4,3,0],["2025-04-04T00:00:00+00:00",4,3,0],["2025-07-08T00:00:00+00:00",4,3,0],["2025-09-22T00:00:00+00:00",4,3,0]]},"geometry":{"type":"Point","coordinates":[34.451513,31.506927]}},{"type":"Feature","properties":{"site_id":26,"event_code":"CE20231007PSE","latest_date":"2025-09-22T00:00:00+00:00","latest_class":4,"pass_count":12,"h":[["2023-11-26T00:00:00+00:00",4,3,3],["2024-01-06T00:00:00+00:00",4,3,0],["2024-02-29T00:00:00+00:00",4,3,0],["2024-04-01T00:00:00+00:00",4,3,0],["2024-05-03T00:00:00+00:00",4,3,0],["2024-07-06T00:00:00+00:00",4,3,0],["2024-09-06T00:00:00+00:00",4,3,0],["2024-12-01T00:00:00+00:00",4,3,0],["2025-02-25T00:00:00+00:00",4,3,0],["2025-04-04T00:00:00+00:00",4,3,0],["2025-07-08T00:00:00+00:00",4,3,0],["2025-09-22T00:00:00+00:00",4,3,0]]},"geometry":{"type":"Point","coordinates":[34.451689,31.507382]}},{"type":"Feature","properties":{"site_id":26,"event_code":"CE20231007PSE","latest_date":"2025-09-22T00:00:00+00:00","latest_class":4,"pass_count":12,"h":[["2023-11-26T00:00:00+00:00",4,3,3],["2024-01-06T00:00:00+00:00",4,3,0],["2024-02-29T00:00:00+00:00",4,3,0],["2024-04-01T00:00:00+00:00",4,3,0],["2024-05-03T00:00:00+00:00",4,3,0],["2024-07-06T00:00:00+00:00",4,3,0],["2024-09-06T00:00:00+00:00",4,3,0],["2024-12-01T00:00:00+00:00",4,3,0],["2025-02-25T00:00:00+00:00",4,3,0],["2025-04-04T00:00:00+00:00",4,3,0],["2025-07-08T00:00:00+00:00",4,3,0],["2025-09-22T00:00:00+00:00",4,3,0]]},"geometry":{"type":"Point","coordinates":[34.451582,31.507289]}},{"type":"Feature","properties":{"site_id":26,"event_code":"CE20231007PSE","latest_date":"2025-09-22T00:00:00+00:00","latest_class":4,"pass_count":12,"h":[["2023-11-26T00:00:00+00:00",4,3,3],["2024-01-06T00:00:00+00:00",4,3,0],["2024-02-29T00:00:00+00:00",4,3,0],["2024-04-01T00:00:00+00:00",4,3,0],["2024-05-03T00:00:00+00:00",4,3,0],["2024-07-06T00:00:00+00:00",4,3,0],["2024-09-06T00:00:00+00:00",4,3,0],["2024-12-01T00:00:00+00:00",4,3,0],["2025-02-25T00:00:00+00:00",4,3,0],["2025-04-04T00:00:00+00:00",4,3,0],["2025-07-08T00:00:00+00:00",4,3,0],["2025-09-22T00:00:00+00:00",4,3,0]]},"geometry":{"type":"Point","coordinates":[34.45406,31.506055]}},{"type":"Feature","properties":{"site_id":26,"event_code":"CE20231007PSE","latest_date":"2025-09-22T00:00:00+00:00","latest_class":4,"pass_count":11,"h":[["2024-01-06T00:00:00+00:00",4,3,3],["2024-02-29T00:00:00+00:00",4,3,0],["2024-04-01T00:00:00+00:00",4,3,0],["2024-05-03T00:00:00+00:00",4,3,0],["2024-07-06T00:00:00+00:00",4,3,0],["2024-09-06T00:00:00+00:00",4,3,0],["2024-12-01T00:00:00+00:00",4,3,0],["2025-02-25T00:00:00+00:00",4,3,0],["2025-04-04T00:00:00+00:00",4,3,0],["2025-07-08T00:00:00+00:00",4,3,0],["2025-09-22T00:00:00+00:00",4,3,0]]},"geometry":{"type":"Point","coordinates":[34.450692,31.510778]}},{"type":"Feature","properties":{"site_id":26,"event_code":"CE20231007PSE","latest_date":"2025-09-22T00:00:00+00:00","latest_class":4,"pass_count":1,"h":[["2025-09-22T00:00:00+00:00",4,3,3]]},"geometry":{"type":"Point","coordinates":[34.438585,31.507701]}},{"type":"Feature","properties":{"site_id":26,"event_code":"CE20231007PSE","latest_date":"2025-09-22T00:00:00+00:00","latest_class":4,"pass_count":10,"h":[["2024-02-29T00:00:00+00:00",4,3,3],["2024-04-01T00:00:00+00:00",4,3,0],["2024-05-03T00:00:00+00:00",4,3,0],["2024-07-06T00:00:00+00:00",4,3,0],["2024-09-06T00:00:00+00:00",4,3,0],["2024-12-01T00:00:00+00:00",4,3,0],["2025-02-25T00:00:00+00:00",4,3,0],["2025-04-04T00:00:00+00:00",4,3,0],["2025-07-08T00:00:00+00:00",4,3,0],["2025-09-22T00:00:00+00:00",4,3,0]]},"geometry":{"type":"Point","coordinates":[34.449262,31.507354]}},{"type":"Feature","properties":{"site_id":26,"event_code":"CE20231007PSE","latest_date":"2025-09-22T00:00:00+00:00","latest_class":4,"pass_count":5,"h":[["2024-12-01T00:00:00+00:00",4,3,3],["2025-02-25T00:00:00+00:00",4,3,0],["2025-04-04T00:00:00+00:00",4,3,0],["2025-07-08T00:00:00+00:00",4,3,0],["2025-09-22T00:00:00+00:00",4,3,0]]},"geometry":{"type":"Point","coordinates":[34.448116,31.506577]}},{"type":"Feature","properties":{"site_id":26,"event_code":"CE20231007PSE","latest_date":"2025-09-22T00:00:00+00:00","latest_class":4,"pass_count":4,"h":[["2025-02-25T00:00:00+00:00",4,3,3],["2025-04-04T00:00:00+00:00",4,3,0],["2025-07-08T00:00:00+00:00",4,3,0],["2025-09-22T00:00:00+00:00",4,3,0]]},"geometry":{"type":"Point","coordinates":[34.44892,31.50688]}},{"type":"Feature","properties":{"site_id":26,"event_code":"CE20231007PSE","latest_date":"2025-09-22T00:00:00+00:00","latest_class":4,"pass_count":10,"h":[["2024-02-29T00:00:00+00:00",4,3,3],["2024-04-01T00:00:00+00:00",4,3,0],["2024-05-03T00:00:00+00:00",4,3,0],["2024-07-06T00:00:00+00:00",4,3,0],["2024-09-06T00:00:00+00:00",4,3,0],["2024-12-01T00:00:00+00:00",4,3,0],["2025-02-25T00:00:00+00:00",4,3,0],["2025-04-04T00:00:00+00:00",4,3,0],["2025-07-08T00:00:00+00:00",4,3,0],["2025-09-22T00:00:00+00:00",4,3,0]]},"geometry":{"type":"Point","coordinates":[34.449434,31.506871]}},{"type":"Feature","properties":{"site_id":26,"event_code":"CE20231007PSE","latest_date":"2025-09-22T00:00:00+00:00","latest_class":4,"pass_count":10,"h":[["2024-02-29T00:00:00+00:00",4,3,3],["2024-04-01T00:00:00+00:00",4,3,0],["2024-05-03T00:00:00+00:00",4,3,0],["2024-07-06T00:00:00+00:00",4,3,0],["2024-09-06T00:00:00+00:00",4,3,0],["2024-12-01T00:00:00+00:00",4,3,0],["2025-02-25T00:00:00+00:00",4,3,0],["2025-04-04T00:00:00+00:00",4,3,0],["2025-07-08T00:00:00+00:00",4,3,0],["2025-09-22T00:00:00+00:00",4,3,0]]},"geometry":{"type":"Point","coordinates":[34.449528,31.506799]}},{"type":"Feature","properties":{"site_id":26,"event_code":"CE20231007PSE","latest_date":"2025-09-22T00:00:00+00:00","latest_class":4,"pass_count":12,"h":[["2023-11-26T00:00:00+00:00",4,3,3],["2024-01-06T00:00:00+00:00",4,3,0],["2024-02-29T00:00:00+00:00",4,3,0],["2024-04-01T00:00:00+00:00",4,3,0],["2024-05-03T00:00:00+00:00",4,3,0],["2024-07-06T00:00:00+00:00",4,3,0],["2024-09-06T00:00:00+00:00",4,3,0],["2024-12-01T00:00:00+00:00",4,3,0],["2025-02-25T00:00:00+00:00",4,3,0],["2025-04-04T00:00:00+00:00",4,3,0],["2025-07-08T00:00:00+00:00",4,3,0],["2025-09-22T00:00:00+00:00",4,3,0]]},"geometry":{"type":"Point","coordinates":[34.452078,31.50605]}},{"type":"Feature","properties":{"site_id":26,"event_code":"CE20231007PSE","latest_date":"2025-09-22T00:00:00+00:00","latest_class":4,"pass_count":12,"h":[["2023-11-26T00:00:00+00:00",4,3,3],["2024-01-06T00:00:00+00:00",4,3,0],["2024-02-29T00:00:00+00:00",4,3,0],["2024-04-01T00:00:00+00:00",4,3,0],["2024-05-03T00:00:00+00:00",4,3,0],["2024-07-06T00:00:00+00:00",4,3,0],["2024-09-06T00:00:00+00:00",4,3,0],["2024-12-01T00:00:00+00:00",4,3,0],["2025-02-25T00:00:00+00:00",4,3,0],["2025-04-04T00:00:00+00:00",4,3,0],["2025-07-08T00:00:00+00:00",4,3,0],["2025-09-22T00:00:00+00:00",4,3,0]]},"geometry":{"type":"Point","coordinates":[34.446148,31.506632]}},{"type":"Feature","properties":{"site_id":26,"event_code":"CE20231007PSE","latest_date":"2025-09-22T00:00:00+00:00","latest_class":4,"pass_count":10,"h":[["2024-02-29T00:00:00+00:00",4,3,3],["2024-04-01T00:00:00+00:00",4,3,0],["2024-05-03T00:00:00+00:00",4,3,0],["2024-07-06T00:00:00+00:00",4,3,0],["2024-09-06T00:00:00+00:00",4,3,0],["2024-12-01T00:00:00+00:00",4,3,0],["2025-02-25T00:00:00+00:00",4,3,0],["2025-04-04T00:00:00+00:00",4,3,0],["2025-07-08T00:00:00+00:00",4,3,0],["2025-09-22T00:00:00+00:00",4,3,0]]},"geometry":{"type":"Point","coordinates":[34.444917,31.512113]}},{"type":"Feature","properties":{"site_id":26,"event_code":"CE20231007PSE","latest_date":"2025-09-22T00:00:00+00:00","latest_class":4,"pass_count":13,"h":[["2023-11-07T00:00:00+00:00",4,3,3],["2023-11-26T00:00:00+00:00",4,3,0],["2024-01-06T00:00:00+00:00",4,3,0],["2024-02-29T00:00:00+00:00",4,3,0],["2024-04-01T00:00:00+00:00",4,3,0],["2024-05-03T00:00:00+00:00",4,3,0],["2024-07-06T00:00:00+00:00",4,3,0],["2024-09-06T00:00:00+00:00",4,3,0],["2024-12-01T00:00:00+00:00",4,3,0],["2025-02-25T00:00:00+00:00",4,3,0],["2025-04-04T00:00:00+00:00",4,3,0],["2025-07-08T00:00:00+00:00",4,3,0],["2025-09-22T00:00:00+00:00",4,3,0]]},"geometry":{"type":"Point","coordinates":[34.442425,31.510086]}},{"type":"Feature","properties":{"site_id":26,"event_code":"CE20231007PSE","latest_date":"2025-09-22T00:00:00+00:00","latest_class":4,"pass_count":10,"h":[["2024-02-29T00:00:00+00:00",4,3,3],["2024-04-01T00:00:00+00:00",4,3,0],["2024-05-03T00:00:00+00:00",4,3,0],["2024-07-06T00:00:00+00:00",4,3,0],["2024-09-06T00:00:00+00:00",4,3,0],["2024-12-01T00:00:00+00:00",4,3,0],["2025-02-25T00:00:00+00:00",4,3,0],["2025-04-04T00:00:00+00:00",4,3,0],["2025-07-08T00:00:00+00:00",4,3,0],["2025-09-22T00:00:00+00:00",4,3,0]]},"geometry":{"type":"Point","coordinates":[34.451085,31.506148]}},{"type":"Feature","properties":{"site_id":26,"event_code":"CE20231007PSE","latest_date":"2025-09-22T00:00:00+00:00","latest_class":4,"pass_count":12,"h":[["2023-11-26T00:00:00+00:00",4,3,3],["2024-01-06T00:00:00+00:00",4,3,0],["2024-02-29T00:00:00+00:00",4,3,0],["2024-04-01T00:00:00+00:00",4,3,0],["2024-05-03T00:00:00+00:00",4,3,0],["2024-07-06T00:00:00+00:00",4,3,0],["2024-09-06T00:00:00+00:00",4,3,0],["2024-12-01T00:00:00+00:00",4,3,0],["2025-02-25T00:00:00+00:00",4,3,0],["2025-04-04T00:00:00+00:00",4,3,0],["2025-07-08T00:00:00+00:00",4,3,0],["2025-09-22T00:00:00+00:00",4,3,0]]},"geometry":{"type":"Point","coordinates":[34.4514,31.506202]}},{"type":"Feature","properties":{"site_id":26,"event_code":"CE20231007PSE","latest_date":"2025-09-22T00:00:00+00:00","latest_class":4,"pass_count":12,"h":[["2023-11-26T00:00:00+00:00",4,3,3],["2024-01-06T00:00:00+00:00",4,3,0],["2024-02-29T00:00:00+00:00",4,3,0],["2024-04-01T00:00:00+00:00",4,3,0],["2024-05-03T00:00:00+00:00",4,3,0],["2024-07-06T00:00:00+00:00",4,3,0],["2024-09-06T00:00:00+00:00",4,3,0],["2024-12-01T00:00:00+00:00",4,3,0],["2025-02-25T00:00:00+00:00",4,3,0],["2025-04-04T00:00:00+00:00",4,3,0],["2025-07-08T00:00:00+00:00",4,3,0],["2025-09-22T00:00:00+00:00",4,3,0]]},"geometry":{"type":"Point","coordinates":[34.453113,31.50293]}},{"type":"Feature","properties":{"site_id":26,"event_code":"CE20231007PSE","latest_date":"2025-09-22T00:00:00+00:00","latest_class":4,"pass_count":11,"h":[["2024-01-06T00:00:00+00:00",4,3,3],["2024-02-29T00:00:00+00:00",4,3,0],["2024-04-01T00:00:00+00:00",4,3,0],["2024-05-03T00:00:00+00:00",4,3,0],["2024-07-06T00:00:00+00:00",4,3,0],["2024-09-06T00:00:00+00:00",4,3,0],["2024-12-01T00:00:00+00:00",4,3,0],["2025-02-25T00:00:00+00:00",4,3,0],["2025-04-04T00:00:00+00:00",4,3,0],["2025-07-08T00:00:00+00:00",4,3,0],["2025-09-22T00:00:00+00:00",4,3,0]]},"geometry":{"type":"Point","coordinates":[34.452737,31.510762]}},{"type":"Feature","properties":{"site_id":26,"event_code":"CE20231007PSE","latest_date":"2025-09-22T00:00:00+00:00","latest_class":4,"pass_count":10,"h":[["2024-02-29T00:00:00+00:00",4,3,3],["2024-04-01T00:00:00+00:00",4,3,0],["2024-05-03T00:00:00+00:00",4,3,0],["2024-07-06T00:00:00+00:00",4,3,0],["2024-09-06T00:00:00+00:00",4,3,0],["2024-12-01T00:00:00+00:00",4,3,0],["2025-02-25T00:00:00+00:00",4,3,0],["2025-04-04T00:00:00+00:00",4,3,0],["2025-07-08T00:00:00+00:00",4,3,0],["2025-09-22T00:00:00+00:00",4,3,0]]},"geometry":{"type":"Point","coordinates":[34.458252,31.507304]}},{"type":"Feature","properties":{"site_id":26,"event_code":"CE20231007PSE","latest_date":"2025-09-22T00:00:00+00:00","latest_class":4,"pass_count":1,"h":[["2025-09-22T00:00:00+00:00",4,3,3]]},"geometry":{"type":"Point","coordinates":[34.442463,31.504907]}},{"type":"Feature","properties":{"site_id":26,"event_code":"CE20231007PSE","latest_date":"2025-09-22T00:00:00+00:00","latest_class":4,"pass_count":12,"h":[["2023-11-26T00:00:00+00:00",4,3,3],["2024-01-06T00:00:00+00:00",4,3,0],["2024-02-29T00:00:00+00:00",4,3,0],["2024-04-01T00:00:00+00:00",4,3,0],["2024-05-03T00:00:00+00:00",4,3,0],["2024-07-06T00:00:00+00:00",4,3,0],["2024-09-06T00:00:00+00:00",4,3,0],["2024-12-01T00:00:00+00:00",4,3,0],["2025-02-25T00:00:00+00:00",4,3,0],["2025-04-04T00:00:00+00:00",4,3,0],["2025-07-08T00:00:00+00:00",4,3,0],["2025-09-22T00:00:00+00:00",4,3,0]]},"geometry":{"type":"Point","coordinates":[34.446714,31.506964]}},{"type":"Feature","properties":{"site_id":26,"event_code":"CE20231007PSE","latest_date":"2025-09-22T00:00:00+00:00","latest_class":4,"pass_count":13,"h":[["2023-11-07T00:00:00+00:00",4,3,3],["2023-11-26T00:00:00+00:00",4,3,0],["2024-01-06T00:00:00+00:00",4,3,0],["2024-02-29T00:00:00+00:00",4,3,0],["2024-04-01T00:00:00+00:00",4,3,0],["2024-05-03T00:00:00+00:00",4,3,0],["2024-07-06T00:00:00+00:00",4,3,0],["2024-09-06T00:00:00+00:00",4,3,0],["2024-12-01T00:00:00+00:00",4,3,0],["2025-02-25T00:00:00+00:00",4,3,0],["2025-04-04T00:00:00+00:00",4,3,0],["2025-07-08T00:00:00+00:00",4,3,0],["2025-09-22T00:00:00+00:00",4,3,0]]},"geometry":{"type":"Point","coordinates":[34.456287,31.50642]}},{"type":"Feature","properties":{"site_id":26,"event_code":"CE20231007PSE","latest_date":"2025-09-22T00:00:00+00:00","latest_class":4,"pass_count":1,"h":[["2025-09-22T00:00:00+00:00",4,3,3]]},"geometry":{"type":"Point","coordinates":[34.451941,31.503439]}},{"type":"Feature","properties":{"site_id":26,"event_code":"CE20231007PSE","latest_date":"2025-09-22T00:00:00+00:00","latest_class":4,"pass_count":12,"h":[["2023-11-26T00:00:00+00:00",4,3,3],["2024-01-06T00:00:00+00:00",4,3,0],["2024-02-29T00:00:00+00:00",4,3,0],["2024-04-01T00:00:00+00:00",4,3,0],["2024-05-03T00:00:00+00:00",4,3,0],["2024-07-06T00:00:00+00:00",4,3,0],["2024-09-06T00:00:00+00:00",4,3,0],["2024-12-01T00:00:00+00:00",4,3,0],["2025-02-25T00:00:00+00:00",4,3,0],["2025-04-04T00:00:00+00:00",4,3,0],["2025-07-08T00:00:00+00:00",4,3,0],["2025-09-22T00:00:00+00:00",4,3,0]]},"geometry":{"type":"Point","coordinates":[34.450733,31.509053]}},{"type":"Feature","properties":{"site_id":26,"event_code":"CE20231007PSE","latest_date":"2025-09-22T00:00:00+00:00","latest_class":4,"pass_count":12,"h":[["2023-11-26T00:00:00+00:00",4,3,3],["2024-01-06T00:00:00+00:00",4,3,0],["2024-02-29T00:00:00+00:00",4,3,0],["2024-04-01T00:00:00+00:00",4,3,0],["2024-05-03T00:00:00+00:00",4,3,0],["2024-07-06T00:00:00+00:00",4,3,0],["2024-09-06T00:00:00+00:00",4,3,0],["2024-12-01T00:00:00+00:00",4,3,0],["2025-02-25T00:00:00+00:00",4,3,0],["2025-04-04T00:00:00+00:00",4,3,0],["2025-07-08T00:00:00+00:00",4,3,0],["2025-09-22T00:00:00+00:00",4,3,0]]},"geometry":{"type":"Point","coordinates":[34.454187,31.505936]}},{"type":"Feature","properties":{"site_id":26,"event_code":"CE20231007PSE","latest_date":"2025-09-22T00:00:00+00:00","latest_class":4,"pass_count":11,"h":[["2024-01-06T00:00:00+00:00",4,3,3],["2024-02-29T00:00:00+00:00",4,3,0],["2024-04-01T00:00:00+00:00",4,3,0],["2024-05-03T00:00:00+00:00",4,3,0],["2024-07-06T00:00:00+00:00",4,3,0],["2024-09-06T00:00:00+00:00",4,3,0],["2024-12-01T00:00:00+00:00",4,3,0],["2025-02-25T00:00:00+00:00",4,3,0],["2025-04-04T00:00:00+00:00",4,3,0],["2025-07-08T00:00:00+00:00",4,3,0],["2025-09-22T00:00:00+00:00",4,3,0]]},"geometry":{"type":"Point","coordinates":[34.454556,31.504409]}},{"type":"Feature","properties":{"site_id":26,"event_code":"CE20231007PSE","latest_date":"2025-09-22T00:00:00+00:00","latest_class":4,"pass_count":12,"h":[["2023-11-26T00:00:00+00:00",4,3,3],["2024-01-06T00:00:00+00:00",4,3,0],["2024-02-29T00:00:00+00:00",4,3,0],["2024-04-01T00:00:00+00:00",4,3,0],["2024-05-03T00:00:00+00:00",4,3,0],["2024-07-06T00:00:00+00:00",4,3,0],["2024-09-06T00:00:00+00:00",4,3,0],["2024-12-01T00:00:00+00:00",4,3,0],["2025-02-25T00:00:00+00:00",4,3,0],["2025-04-04T00:00:00+00:00",4,3,0],["2025-07-08T00:00:00+00:00",4,3,0],["2025-09-22T00:00:00+00:00",4,3,0]]},"geometry":{"type":"Point","coordinates":[34.454279,31.505875]}},{"type":"Feature","properties":{"site_id":26,"event_code":"CE20231007PSE","latest_date":"2025-09-22T00:00:00+00:00","latest_class":4,"pass_count":13,"h":[["2023-11-07T00:00:00+00:00",4,3,3],["2023-11-26T00:00:00+00:00",4,3,0],["2024-01-06T00:00:00+00:00",4,3,0],["2024-02-29T00:00:00+00:00",4,3,0],["2024-04-01T00:00:00+00:00",4,3,0],["2024-05-03T00:00:00+00:00",4,3,0],["2024-07-06T00:00:00+00:00",4,3,0],["2024-09-06T00:00:00+00:00",4,3,0],["2024-12-01T00:00:00+00:00",4,3,0],["2025-02-25T00:00:00+00:00",4,3,0],["2025-04-04T00:00:00+00:00",4,3,0],["2025-07-08T00:00:00+00:00",4,3,0],["2025-09-22T00:00:00+00:00",4,3,0]]},"geometry":{"type":"Point","coordinates":[34.443931,31.507594]}},{"type":"Feature","properties":{"site_id":26,"event_code":"CE20231007PSE","latest_date":"2025-09-22T00:00:00+00:00","latest_class":4,"pass_count":12,"h":[["2023-11-26T00:00:00+00:00",4,3,3],["2024-01-06T00:00:00+00:00",4,3,0],["2024-02-29T00:00:00+00:00",4,3,0],["2024-04-01T00:00:00+00:00",4,3,0],["2024-05-03T00:00:00+00:00",4,3,0],["2024-07-06T00:00:00+00:00",4,3,0],["2024-09-06T00:00:00+00:00",4,3,0],["2024-12-01T00:00:00+00:00",4,3,0],["2025-02-25T00:00:00+00:00",4,3,0],["2025-04-04T00:00:00+00:00",4,3,0],["2025-07-08T00:00:00+00:00",4,3,0],["2025-09-22T00:00:00+00:00",4,3,0]]},"geometry":{"type":"Point","coordinates":[34.446728,31.508115]}},{"type":"Feature","properties":{"site_id":26,"event_code":"CE20231007PSE","latest_date":"2025-09-22T00:00:00+00:00","latest_class":4,"pass_count":11,"h":[["2024-01-06T00:00:00+00:00",4,3,3],["2024-02-29T00:00:00+00:00",4,3,0],["2024-04-01T00:00:00+00:00",4,3,0],["2024-05-03T00:00:00+00:00",4,3,0],["2024-07-06T00:00:00+00:00",4,3,0],["2024-09-06T00:00:00+00:00",4,3,0],["2024-12-01T00:00:00+00:00",4,3,0],["2025-02-25T00:00:00+00:00",4,3,0],["2025-04-04T00:00:00+00:00",4,3,0],["2025-07-08T00:00:00+00:00",4,3,0],["2025-09-22T00:00:00+00:00",4,3,0]]},"geometry":{"type":"Point","coordinates":[34.456586,31.50423]}},{"type":"Feature","properties":{"site_id":26,"event_code":"CE20231007PSE","latest_date":"2025-09-22T00:00:00+00:00","latest_class":4,"pass_count":14,"h":[["2023-10-15T00:00:00+00:00",4,3,null],["2023-11-07T00:00:00+00:00",4,3,0],["2023-11-26T00:00:00+00:00",4,3,0],["2024-01-06T00:00:00+00:00",4,3,0],["2024-02-29T00:00:00+00:00",4,3,0],["2024-04-01T00:00:00+00:00",4,3,0],["2024-05-03T00:00:00+00:00",4,3,0],["2024-07-06T00:00:00+00:00",4,3,0],["2024-09-06T00:00:00+00:00",4,3,0],["2024-12-01T00:00:00+00:00",4,3,0],["2025-02-25T00:00:00+00:00",4,3,0],["2025-04-04T00:00:00+00:00",4,3,0],["2025-07-08T00:00:00+00:00",4,3,0],["2025-09-22T00:00:00+00:00",4,3,0]]},"geometry":{"type":"Point","coordinates":[34.45271,31.503707]}},{"type":"Feature","properties":{"site_id":26,"event_code":"CE20231007PSE","latest_date":"2025-09-22T00:00:00+00:00","latest_class":4,"pass_count":11,"h":[["2024-01-06T00:00:00+00:00",4,3,3],["2024-02-29T00:00:00+00:00",4,3,0],["2024-04-01T00:00:00+00:00",4,3,0],["2024-05-03T00:00:00+00:00",4,3,0],["2024-07-06T00:00:00+00:00",4,3,0],["2024-09-06T00:00:00+00:00",4,3,0],["2024-12-01T00:00:00+00:00",4,3,0],["2025-02-25T00:00:00+00:00",4,3,0],["2025-04-04T00:00:00+00:00",4,3,0],["2025-07-08T00:00:00+00:00",4,3,0],["2025-09-22T00:00:00+00:00",4,3,0]]},"geometry":{"type":"Point","coordinates":[34.456817,31.508866]}},{"type":"Feature","properties":{"site_id":26,"event_code":"CE20231007PSE","latest_date":"2025-09-22T00:00:00+00:00","latest_class":4,"pass_count":14,"h":[["2023-10-15T00:00:00+00:00",4,3,null],["2023-11-07T00:00:00+00:00",4,3,0],["2023-11-26T00:00:00+00:00",4,3,0],["2024-01-06T00:00:00+00:00",4,3,0],["2024-02-29T00:00:00+00:00",4,3,0],["2024-04-01T00:00:00+00:00",4,3,0],["2024-05-03T00:00:00+00:00",4,3,0],["2024-07-06T00:00:00+00:00",4,3,0],["2024-09-06T00:00:00+00:00",4,3,0],["2024-12-01T00:00:00+00:00",4,3,0],["2025-02-25T00:00:00+00:00",4,3,0],["2025-04-04T00:00:00+00:00",4,3,0],["2025-07-08T00:00:00+00:00",4,3,0],["2025-09-22T00:00:00+00:00",4,3,0]]},"geometry":{"type":"Point","coordinates":[34.452327,31.503523]}},{"type":"Feature","properties":{"site_id":26,"event_code":"CE20231007PSE","latest_date":"2025-09-22T00:00:00+00:00","latest_class":4,"pass_count":13,"h":[["2023-11-07T00:00:00+00:00",4,3,3],["2023-11-26T00:00:00+00:00",4,3,0],["2024-01-06T00:00:00+00:00",4,3,0],["2024-02-29T00:00:00+00:00",4,3,0],["2024-04-01T00:00:00+00:00",4,3,0],["2024-05-03T00:00:00+00:00",4,3,0],["2024-07-06T00:00:00+00:00",4,3,0],["2024-09-06T00:00:00+00:00",4,3,0],["2024-12-01T00:00:00+00:00",4,3,0],["2025-02-25T00:00:00+00:00",4,3,0],["2025-04-04T00:00:00+00:00",4,3,0],["2025-07-08T00:00:00+00:00",4,3,0],["2025-09-22T00:00:00+00:00",4,3,0]]},"geometry":{"type":"Point","coordinates":[34.456886,31.502402]}},{"type":"Feature","properties":{"site_id":26,"event_code":"CE20231007PSE","latest_date":"2025-09-22T00:00:00+00:00","latest_class":4,"pass_count":1,"h":[["2025-09-22T00:00:00+00:00",4,3,3]]},"geometry":{"type":"Point","coordinates":[34.449717,31.504933]}},{"type":"Feature","properties":{"site_id":26,"event_code":"CE20231007PSE","latest_date":"2025-09-22T00:00:00+00:00","latest_class":4,"pass_count":13,"h":[["2023-11-07T00:00:00+00:00",4,3,3],["2023-11-26T00:00:00+00:00",4,3,0],["2024-01-06T00:00:00+00:00",4,3,0],["2024-02-29T00:00:00+00:00",4,3,0],["2024-04-01T00:00:00+00:00",4,3,0],["2024-05-03T00:00:00+00:00",4,3,0],["2024-07-06T00:00:00+00:00",4,3,0],["2024-09-06T00:00:00+00:00",4,3,0],["2024-12-01T00:00:00+00:00",4,3,0],["2025-02-25T00:00:00+00:00",4,3,0],["2025-04-04T00:00:00+00:00",4,3,0],["2025-07-08T00:00:00+00:00",4,3,0],["2025-09-22T00:00:00+00:00",4,3,0]]},"geometry":{"type":"Point","coordinates":[34.443867,31.50805]}},{"type":"Feature","properties":{"site_id":26,"event_code":"CE20231007PSE","latest_date":"2025-09-22T00:00:00+00:00","latest_class":4,"pass_count":12,"h":[["2023-11-26T00:00:00+00:00",4,3,3],["2024-01-06T00:00:00+00:00",4,3,0],["2024-02-29T00:00:00+00:00",4,3,0],["2024-04-01T00:00:00+00:00",4,3,0],["2024-05-03T00:00:00+00:00",4,3,0],["2024-07-06T00:00:00+00:00",4,3,0],["2024-09-06T00:00:00+00:00",4,3,0],["2024-12-01T00:00:00+00:00",4,3,0],["2025-02-25T00:00:00+00:00",4,3,0],["2025-04-04T00:00:00+00:00",4,3,0],["2025-07-08T00:00:00+00:00",4,3,0],["2025-09-22T00:00:00+00:00",4,3,0]]},"geometry":{"type":"Point","coordinates":[34.448905,31.505206]}},{"type":"Feature","properties":{"site_id":26,"event_code":"CE20231007PSE","latest_date":"2025-09-22T00:00:00+00:00","latest_class":4,"pass_count":13,"h":[["2023-11-07T00:00:00+00:00",4,3,3],["2023-11-26T00:00:00+00:00",4,3,0],["2024-01-06T00:00:00+00:00",4,3,0],["2024-02-29T00:00:00+00:00",4,3,0],["2024-04-01T00:00:00+00:00",4,3,0],["2024-05-03T00:00:00+00:00",4,3,0],["2024-07-06T00:00:00+00:00",4,3,0],["2024-09-06T00:00:00+00:00",4,3,0],["2024-12-01T00:00:00+00:00",4,3,0],["2025-02-25T00:00:00+00:00",4,3,0],["2025-04-04T00:00:00+00:00",4,3,0],["2025-07-08T00:00:00+00:00",4,3,0],["2025-09-22T00:00:00+00:00",4,3,0]]},"geometry":{"type":"Point","coordinates":[34.456245,31.506495]}},{"type":"Feature","properties":{"site_id":26,"event_code":"CE20231007PSE","latest_date":"2025-09-22T00:00:00+00:00","latest_class":4,"pass_count":12,"h":[["2023-11-26T00:00:00+00:00",4,3,3],["2024-01-06T00:00:00+00:00",4,3,0],["2024-02-29T00:00:00+00:00",4,3,0],["2024-04-01T00:00:00+00:00",4,3,0],["2024-05-03T00:00:00+00:00",4,3,0],["2024-07-06T00:00:00+00:00",4,3,0],["2024-09-06T00:00:00+00:00",4,3,0],["2024-12-01T00:00:00+00:00",4,3,0],["2025-02-25T00:00:00+00:00",4,3,0],["2025-04-04T00:00:00+00:00",4,3,0],["2025-07-08T00:00:00+00:00",4,3,0],["2025-09-22T00:00:00+00:00",4,3,0]]},"geometry":{"type":"Point","coordinates":[34.44777,31.511201]}},{"type":"Feature","properties":{"site_id":26,"event_code":"CE20231007PSE","latest_date":"2025-09-22T00:00:00+00:00","latest_class":4,"pass_count":1,"h":[["2025-09-22T00:00:00+00:00",4,3,3]]},"geometry":{"type":"Point","coordinates":[34.451555,31.503788]}},{"type":"Feature","properties":{"site_id":26,"event_code":"CE20231007PSE","latest_date":"2025-09-22T00:00:00+00:00","latest_class":4,"pass_count":13,"h":[["2023-11-07T00:00:00+00:00",4,3,3],["2023-11-26T00:00:00+00:00",4,3,0],["2024-01-06T00:00:00+00:00",4,3,0],["2024-02-29T00:00:00+00:00",4,3,0],["2024-04-01T00:00:00+00:00",4,3,0],["2024-05-03T00:00:00+00:00",4,3,0],["2024-07-06T00:00:00+00:00",4,3,0],["2024-09-06T00:00:00+00:00",4,3,0],["2024-12-01T00:00:00+00:00",4,3,0],["2025-02-25T00:00:00+00:00",4,3,0],["2025-04-04T00:00:00+00:00",4,3,0],["2025-07-08T00:00:00+00:00",4,3,0],["2025-09-22T00:00:00+00:00",4,3,0]]},"geometry":{"type":"Point","coordinates":[34.456193,31.506556]}},{"type":"Feature","properties":{"site_id":26,"event_code":"CE20231007PSE","latest_date":"2025-09-22T00:00:00+00:00","latest_class":4,"pass_count":1,"h":[["2025-09-22T00:00:00+00:00",4,3,3]]},"geometry":{"type":"Point","coordinates":[34.452108,31.503291]}},{"type":"Feature","properties":{"site_id":26,"event_code":"CE20231007PSE","latest_date":"2025-09-22T00:00:00+00:00","latest_class":4,"pass_count":11,"h":[["2024-01-06T00:00:00+00:00",4,3,3],["2024-02-29T00:00:00+00:00",4,3,0],["2024-04-01T00:00:00+00:00",4,3,0],["2024-05-03T00:00:00+00:00",4,3,0],["2024-07-06T00:00:00+00:00",4,3,0],["2024-09-06T00:00:00+00:00",4,3,0],["2024-12-01T00:00:00+00:00",4,3,0],["2025-02-25T00:00:00+00:00",4,3,0],["2025-04-04T00:00:00+00:00",4,3,0],["2025-07-08T00:00:00+00:00",4,3,0],["2025-09-22T00:00:00+00:00",4,3,0]]},"geometry":{"type":"Point","coordinates":[34.448109,31.51098]}},{"type":"Feature","properties":{"site_id":26,"event_code":"CE20231007PSE","latest_date":"2025-09-22T00:00:00+00:00","latest_class":4,"pass_count":7,"h":[["2024-07-06T00:00:00+00:00",4,3,3],["2024-09-06T00:00:00+00:00",4,3,0],["2024-12-01T00:00:00+00:00",4,3,0],["2025-02-25T00:00:00+00:00",4,3,0],["2025-04-04T00:00:00+00:00",4,3,0],["2025-07-08T00:00:00+00:00",4,3,0],["2025-09-22T00:00:00+00:00",4,3,0]]},"geometry":{"type":"Point","coordinates":[34.450276,31.504763]}},{"type":"Feature","properties":{"site_id":26,"event_code":"CE20231007PSE","latest_date":"2025-09-22T00:00:00+00:00","latest_class":4,"pass_count":13,"h":[["2023-11-07T00:00:00+00:00",4,3,3],["2023-11-26T00:00:00+00:00",4,3,0],["2024-01-06T00:00:00+00:00",4,3,0],["2024-02-29T00:00:00+00:00",4,3,0],["2024-04-01T00:00:00+00:00",4,3,0],["2024-05-03T00:00:00+00:00",4,3,0],["2024-07-06T00:00:00+00:00",4,3,0],["2024-09-06T00:00:00+00:00",4,3,0],["2024-12-01T00:00:00+00:00",4,3,0],["2025-02-25T00:00:00+00:00",4,3,0],["2025-04-04T00:00:00+00:00",4,3,0],["2025-07-08T00:00:00+00:00",4,3,0],["2025-09-22T00:00:00+00:00",4,3,0]]},"geometry":{"type":"Point","coordinates":[34.45027,31.510054]}},{"type":"Feature","properties":{"site_id":26,"event_code":"CE20231007PSE","latest_date":"2025-09-22T00:00:00+00:00","latest_class":4,"pass_count":12,"h":[["2023-11-26T00:00:00+00:00",4,3,3],["2024-01-06T00:00:00+00:00",4,3,0],["2024-02-29T00:00:00+00:00",4,3,0],["2024-04-01T00:00:00+00:00",4,3,0],["2024-05-03T00:00:00+00:00",4,3,0],["2024-07-06T00:00:00+00:00",4,3,0],["2024-09-06T00:00:00+00:00",4,3,0],["2024-12-01T00:00:00+00:00",4,3,0],["2025-02-25T00:00:00+00:00",4,3,0],["2025-04-04T00:00:00+00:00",4,3,0],["2025-07-08T00:00:00+00:00",4,3,0],["2025-09-22T00:00:00+00:00",4,3,0]]},"geometry":{"type":"Point","coordinates":[34.448734,31.511093]}},{"type":"Feature","properties":{"site_id":26,"event_code":"CE20231007PSE","latest_date":"2025-09-22T00:00:00+00:00","latest_class":4,"pass_count":13,"h":[["2023-11-07T00:00:00+00:00",4,3,3],["2023-11-26T00:00:00+00:00",4,3,0],["2024-01-06T00:00:00+00:00",4,3,0],["2024-02-29T00:00:00+00:00",4,3,0],["2024-04-01T00:00:00+00:00",4,3,0],["2024-05-03T00:00:00+00:00",4,3,0],["2024-07-06T00:00:00+00:00",4,3,0],["2024-09-06T00:00:00+00:00",4,3,0],["2024-12-01T00:00:00+00:00",4,3,0],["2025-02-25T00:00:00+00:00",4,3,0],["2025-04-04T00:00:00+00:00",4,3,0],["2025-07-08T00:00:00+00:00",4,3,0],["2025-09-22T00:00:00+00:00",4,3,0]]},"geometry":{"type":"Point","coordinates":[34.444493,31.50713]}},{"type":"Feature","properties":{"site_id":26,"event_code":"CE20231007PSE","latest_date":"2025-09-22T00:00:00+00:00","latest_class":4,"pass_count":12,"h":[["2023-11-26T00:00:00+00:00",4,3,3],["2024-01-06T00:00:00+00:00",4,3,0],["2024-02-29T00:00:00+00:00",4,3,0],["2024-04-01T00:00:00+00:00",4,3,0],["2024-05-03T00:00:00+00:00",4,3,0],["2024-07-06T00:00:00+00:00",4,3,0],["2024-09-06T00:00:00+00:00",4,3,0],["2024-12-01T00:00:00+00:00",4,3,0],["2025-02-25T00:00:00+00:00",4,3,0],["2025-04-04T00:00:00+00:00",4,3,0],["2025-07-08T00:00:00+00:00",4,3,0],["2025-09-22T00:00:00+00:00",4,3,0]]},"geometry":{"type":"Point","coordinates":[34.45267,31.504277]}},{"type":"Feature","properties":{"site_id":26,"event_code":"CE20231007PSE","latest_date":"2025-09-22T00:00:00+00:00","latest_class":4,"pass_count":12,"h":[["2023-11-26T00:00:00+00:00",4,3,3],["2024-01-06T00:00:00+00:00",4,3,0],["2024-02-29T00:00:00+00:00",4,3,0],["2024-04-01T00:00:00+00:00",4,3,0],["2024-05-03T00:00:00+00:00",4,3,0],["2024-07-06T00:00:00+00:00",4,3,0],["2024-09-06T00:00:00+00:00",4,3,0],["2024-12-01T00:00:00+00:00",4,3,0],["2025-02-25T00:00:00+00:00",4,3,0],["2025-04-04T00:00:00+00:00",4,3,0],["2025-07-08T00:00:00+00:00",4,3,0],["2025-09-22T00:00:00+00:00",4,3,0]]},"geometry":{"type":"Point","coordinates":[34.453883,31.506982]}},{"type":"Feature","properties":{"site_id":26,"event_code":"CE20231007PSE","latest_date":"2025-09-22T00:00:00+00:00","latest_class":4,"pass_count":12,"h":[["2023-11-26T00:00:00+00:00",4,3,3],["2024-01-06T00:00:00+00:00",4,3,0],["2024-02-29T00:00:00+00:00",4,3,0],["2024-04-01T00:00:00+00:00",4,3,0],["2024-05-03T00:00:00+00:00",4,3,0],["2024-07-06T00:00:00+00:00",4,3,0],["2024-09-06T00:00:00+00:00",4,3,0],["2024-12-01T00:00:00+00:00",4,3,0],["2025-02-25T00:00:00+00:00",4,3,0],["2025-04-04T00:00:00+00:00",4,3,0],["2025-07-08T00:00:00+00:00",4,3,0],["2025-09-22T00:00:00+00:00",4,3,0]]},"geometry":{"type":"Point","coordinates":[34.453589,31.507135]}},{"type":"Feature","properties":{"site_id":26,"event_code":"CE20231007PSE","latest_date":"2025-09-22T00:00:00+00:00","latest_class":4,"pass_count":11,"h":[["2024-01-06T00:00:00+00:00",4,3,3],["2024-02-29T00:00:00+00:00",4,3,0],["2024-04-01T00:00:00+00:00",4,3,0],["2024-05-03T00:00:00+00:00",4,3,0],["2024-07-06T00:00:00+00:00",4,3,0],["2024-09-06T00:00:00+00:00",4,3,0],["2024-12-01T00:00:00+00:00",4,3,0],["2025-02-25T00:00:00+00:00",4,3,0],["2025-04-04T00:00:00+00:00",4,3,0],["2025-07-08T00:00:00+00:00",4,3,0],["2025-09-22T00:00:00+00:00",4,3,0]]},"geometry":{"type":"Point","coordinates":[34.449679,31.510893]}},{"type":"Feature","properties":{"site_id":26,"event_code":"CE20231007PSE","latest_date":"2025-09-22T00:00:00+00:00","latest_class":4,"pass_count":1,"h":[["2025-09-22T00:00:00+00:00",4,3,3]]},"geometry":{"type":"Point","coordinates":[34.442839,31.504615]}},{"type":"Feature","properties":{"site_id":26,"event_code":"CE20231007PSE","latest_date":"2025-09-22T00:00:00+00:00","latest_class":4,"pass_count":12,"h":[["2023-11-26T00:00:00+00:00",4,3,3],["2024-01-06T00:00:00+00:00",4,3,0],["2024-02-29T00:00:00+00:00",4,3,0],["2024-04-01T00:00:00+00:00",4,3,0],["2024-05-03T00:00:00+00:00",4,3,0],["2024-07-06T00:00:00+00:00",4,3,0],["2024-09-06T00:00:00+00:00",4,3,0],["2024-12-01T00:00:00+00:00",4,3,0],["2025-02-25T00:00:00+00:00",4,3,0],["2025-04-04T00:00:00+00:00",4,3,0],["2025-07-08T00:00:00+00:00",4,3,0],["2025-09-22T00:00:00+00:00",4,3,0]]},"geometry":{"type":"Point","coordinates":[34.453415,31.507148]}},{"type":"Feature","properties":{"site_id":26,"event_code":"CE20231007PSE","latest_date":"2025-09-22T00:00:00+00:00","latest_class":4,"pass_count":11,"h":[["2024-01-06T00:00:00+00:00",4,3,3],["2024-02-29T00:00:00+00:00",4,3,0],["2024-04-01T00:00:00+00:00",4,3,0],["2024-05-03T00:00:00+00:00",4,3,0],["2024-07-06T00:00:00+00:00",4,3,0],["2024-09-06T00:00:00+00:00",4,3,0],["2024-12-01T00:00:00+00:00",4,3,0],["2025-02-25T00:00:00+00:00",4,3,0],["2025-04-04T00:00:00+00:00",4,3,0],["2025-07-08T00:00:00+00:00",4,3,0],["2025-09-22T00:00:00+00:00",4,3,0]]},"geometry":{"type":"Point","coordinates":[34.441943,31.508317]}},{"type":"Feature","properties":{"site_id":26,"event_code":"CE20231007PSE","latest_date":"2025-09-22T00:00:00+00:00","latest_class":4,"pass_count":1,"h":[["2025-09-22T00:00:00+00:00",4,3,3]]},"geometry":{"type":"Point","coordinates":[34.438898,31.507152]}},{"type":"Feature","properties":{"site_id":26,"event_code":"CE20231007PSE","latest_date":"2025-09-22T00:00:00+00:00","latest_class":4,"pass_count":1,"h":[["2025-09-22T00:00:00+00:00",4,3,3]]},"geometry":{"type":"Point","coordinates":[34.444062,31.505401]}},{"type":"Feature","properties":{"site_id":26,"event_code":"CE20231007PSE","latest_date":"2025-09-22T00:00:00+00:00","latest_class":4,"pass_count":12,"h":[["2023-11-26T00:00:00+00:00",4,3,3],["2024-01-06T00:00:00+00:00",4,3,0],["2024-02-29T00:00:00+00:00",4,3,0],["2024-04-01T00:00:00+00:00",4,3,0],["2024-05-03T00:00:00+00:00",4,3,0],["2024-07-06T00:00:00+00:00",4,3,0],["2024-09-06T00:00:00+00:00",4,3,0],["2024-12-01T00:00:00+00:00",4,3,0],["2025-02-25T00:00:00+00:00",4,3,0],["2025-04-04T00:00:00+00:00",4,3,0],["2025-07-08T00:00:00+00:00",4,3,0],["2025-09-22T00:00:00+00:00",4,3,0]]},"geometry":{"type":"Point","coordinates":[34.448178,31.511412]}},{"type":"Feature","properties":{"site_id":26,"event_code":"CE20231007PSE","latest_date":"2025-09-22T00:00:00+00:00","latest_class":4,"pass_count":11,"h":[["2024-01-06T00:00:00+00:00",4,3,3],["2024-02-29T00:00:00+00:00",4,3,0],["2024-04-01T00:00:00+00:00",4,3,0],["2024-05-03T00:00:00+00:00",4,3,0],["2024-07-06T00:00:00+00:00",4,3,0],["2024-09-06T00:00:00+00:00",4,3,0],["2024-12-01T00:00:00+00:00",4,3,0],["2025-02-25T00:00:00+00:00",4,3,0],["2025-04-04T00:00:00+00:00",4,3,0],["2025-07-08T00:00:00+00:00",4,3,0],["2025-09-22T00:00:00+00:00",4,3,0]]},"geometry":{"type":"Point","coordinates":[34.448218,31.511079]}},{"type":"Feature","properties":{"site_id":26,"event_code":"CE20231007PSE","latest_date":"2025-09-22T00:00:00+00:00","latest_class":4,"pass_count":12,"h":[["2023-11-26T00:00:00+00:00",4,3,3],["2024-01-06T00:00:00+00:00",4,3,0],["2024-02-29T00:00:00+00:00",4,3,0],["2024-04-01T00:00:00+00:00",4,3,0],["2024-05-03T00:00:00+00:00",4,3,0],["2024-07-06T00:00:00+00:00",4,3,0],["2024-09-06T00:00:00+00:00",4,3,0],["2024-12-01T00:00:00+00:00",4,3,0],["2025-02-25T00:00:00+00:00",4,3,0],["2025-04-04T00:00:00+00:00",4,3,0],["2025-07-08T00:00:00+00:00",4,3,0],["2025-09-22T00:00:00+00:00",4,3,0]]},"geometry":{"type":"Point","coordinates":[34.453644,31.506982]}},{"type":"Feature","properties":{"site_id":26,"event_code":"CE20231007PSE","latest_date":"2025-09-22T00:00:00+00:00","latest_class":4,"pass_count":12,"h":[["2023-11-26T00:00:00+00:00",4,3,3],["2024-01-06T00:00:00+00:00",4,3,0],["2024-02-29T00:00:00+00:00",4,3,0],["2024-04-01T00:00:00+00:00",4,3,0],["2024-05-03T00:00:00+00:00",4,3,0],["2024-07-06T00:00:00+00:00",4,3,0],["2024-09-06T00:00:00+00:00",4,3,0],["2024-12-01T00:00:00+00:00",4,3,0],["2025-02-25T00:00:00+00:00",4,3,0],["2025-04-04T00:00:00+00:00",4,3,0],["2025-07-08T00:00:00+00:00",4,3,0],["2025-09-22T00:00:00+00:00",4,3,0]]},"geometry":{"type":"Point","coordinates":[34.451269,31.504424]}},{"type":"Feature","properties":{"site_id":26,"event_code":"CE20231007PSE","latest_date":"2025-09-22T00:00:00+00:00","latest_class":4,"pass_count":11,"h":[["2024-01-06T00:00:00+00:00",4,3,3],["2024-02-29T00:00:00+00:00",4,3,0],["2024-04-01T00:00:00+00:00",4,3,0],["2024-05-03T00:00:00+00:00",4,3,0],["2024-07-06T00:00:00+00:00",4,3,0],["2024-09-06T00:00:00+00:00",4,3,0],["2024-12-01T00:00:00+00:00",4,3,0],["2025-02-25T00:00:00+00:00",4,3,0],["2025-04-04T00:00:00+00:00",4,3,0],["2025-07-08T00:00:00+00:00",4,3,0],["2025-09-22T00:00:00+00:00",4,3,0]]},"geometry":{"type":"Point","coordinates":[34.452726,31.506133]}},{"type":"Feature","properties":{"site_id":26,"event_code":"CE20231007PSE","latest_date":"2025-09-22T00:00:00+00:00","latest_class":4,"pass_count":12,"h":[["2023-11-26T00:00:00+00:00",4,3,3],["2024-01-06T00:00:00+00:00",4,3,0],["2024-02-29T00:00:00+00:00",4,3,0],["2024-04-01T00:00:00+00:00",4,3,0],["2024-05-03T00:00:00+00:00",4,3,0],["2024-07-06T00:00:00+00:00",4,3,0],["2024-09-06T00:00:00+00:00",4,3,0],["2024-12-01T00:00:00+00:00",4,3,0],["2025-02-25T00:00:00+00:00",4,3,0],["2025-04-04T00:00:00+00:00",4,3,0],["2025-07-08T00:00:00+00:00",4,3,0],["2025-09-22T00:00:00+00:00",4,3,0]]},"geometry":{"type":"Point","coordinates":[34.448023,31.511038]}},{"type":"Feature","properties":{"site_id":26,"event_code":"CE20231007PSE","latest_date":"2025-09-22T00:00:00+00:00","latest_class":4,"pass_count":12,"h":[["2023-11-26T00:00:00+00:00",4,3,3],["2024-01-06T00:00:00+00:00",4,3,0],["2024-02-29T00:00:00+00:00",4,3,0],["2024-04-01T00:00:00+00:00",4,3,0],["2024-05-03T00:00:00+00:00",4,3,0],["2024-07-06T00:00:00+00:00",4,3,0],["2024-09-06T00:00:00+00:00",4,3,0],["2024-12-01T00:00:00+00:00",4,3,0],["2025-02-25T00:00:00+00:00",4,3,0],["2025-04-04T00:00:00+00:00",4,3,0],["2025-07-08T00:00:00+00:00",4,3,0],["2025-09-22T00:00:00+00:00",4,3,0]]},"geometry":{"type":"Point","coordinates":[34.448752,31.510888]}},{"type":"Feature","properties":{"site_id":26,"event_code":"CE20231007PSE","latest_date":"2025-09-22T00:00:00+00:00","latest_class":4,"pass_count":11,"h":[["2024-01-06T00:00:00+00:00",4,3,3],["2024-02-29T00:00:00+00:00",4,3,0],["2024-04-01T00:00:00+00:00",4,3,0],["2024-05-03T00:00:00+00:00",4,3,0],["2024-07-06T00:00:00+00:00",4,3,0],["2024-09-06T00:00:00+00:00",4,3,0],["2024-12-01T00:00:00+00:00",4,3,0],["2025-02-25T00:00:00+00:00",4,3,0],["2025-04-04T00:00:00+00:00",4,3,0],["2025-07-08T00:00:00+00:00",4,3,0],["2025-09-22T00:00:00+00:00",4,3,0]]},"geometry":{"type":"Point","coordinates":[34.450322,31.509319]}},{"type":"Feature","properties":{"site_id":26,"event_code":"CE20231007PSE","latest_date":"2025-09-22T00:00:00+00:00","latest_class":4,"pass_count":11,"h":[["2024-01-06T00:00:00+00:00",4,3,3],["2024-02-29T00:00:00+00:00",4,3,0],["2024-04-01T00:00:00+00:00",4,3,0],["2024-05-03T00:00:00+00:00",4,3,0],["2024-07-06T00:00:00+00:00",4,3,0],["2024-09-06T00:00:00+00:00",4,3,0],["2024-12-01T00:00:00+00:00",4,3,0],["2025-02-25T00:00:00+00:00",4,3,0],["2025-04-04T00:00:00+00:00",4,3,0],["2025-07-08T00:00:00+00:00",4,3,0],["2025-09-22T00:00:00+00:00",4,3,0]]},"geometry":{"type":"Point","coordinates":[34.450843,31.509792]}},{"type":"Feature","properties":{"site_id":26,"event_code":"CE20231007PSE","latest_date":"2025-09-22T00:00:00+00:00","latest_class":4,"pass_count":6,"h":[["2024-09-06T00:00:00+00:00",4,3,3],["2024-12-01T00:00:00+00:00",4,3,0],["2025-02-25T00:00:00+00:00",4,3,0],["2025-04-04T00:00:00+00:00",4,3,0],["2025-07-08T00:00:00+00:00",4,3,0],["2025-09-22T00:00:00+00:00",4,3,0]]},"geometry":{"type":"Point","coordinates":[34.451021,31.508037]}},{"type":"Feature","properties":{"site_id":26,"event_code":"CE20231007PSE","latest_date":"2025-09-22T00:00:00+00:00","latest_class":4,"pass_count":11,"h":[["2024-01-06T00:00:00+00:00",4,3,3],["2024-02-29T00:00:00+00:00",4,3,0],["2024-04-01T00:00:00+00:00",4,3,0],["2024-05-03T00:00:00+00:00",4,3,0],["2024-07-06T00:00:00+00:00",4,3,0],["2024-09-06T00:00:00+00:00",4,3,0],["2024-12-01T00:00:00+00:00",4,3,0],["2025-02-25T00:00:00+00:00",4,3,0],["2025-04-04T00:00:00+00:00",4,3,0],["2025-07-08T00:00:00+00:00",4,3,0],["2025-09-22T00:00:00+00:00",4,3,0]]},"geometry":{"type":"Point","coordinates":[34.45309,31.506183]}},{"type":"Feature","properties":{"site_id":26,"event_code":"CE20231007PSE","latest_date":"2025-09-22T00:00:00+00:00","latest_class":4,"pass_count":12,"h":[["2023-11-26T00:00:00+00:00",4,3,3],["2024-01-06T00:00:00+00:00",4,3,0],["2024-02-29T00:00:00+00:00",4,3,0],["2024-04-01T00:00:00+00:00",4,3,0],["2024-05-03T00:00:00+00:00",4,3,0],["2024-07-06T00:00:00+00:00",4,3,0],["2024-09-06T00:00:00+00:00",4,3,0],["2024-12-01T00:00:00+00:00",4,3,0],["2025-02-25T00:00:00+00:00",4,3,0],["2025-04-04T00:00:00+00:00",4,3,0],["2025-07-08T00:00:00+00:00",4,3,0],["2025-09-22T00:00:00+00:00",4,3,0]]},"geometry":{"type":"Point","coordinates":[34.453518,31.506511]}},{"type":"Feature","properties":{"site_id":26,"event_code":"CE20231007PSE","latest_date":"2025-09-22T00:00:00+00:00","latest_class":4,"pass_count":12,"h":[["2023-11-26T00:00:00+00:00",4,3,3],["2024-01-06T00:00:00+00:00",4,3,0],["2024-02-29T00:00:00+00:00",4,3,0],["2024-04-01T00:00:00+00:00",4,3,0],["2024-05-03T00:00:00+00:00",4,3,0],["2024-07-06T00:00:00+00:00",4,3,0],["2024-09-06T00:00:00+00:00",4,3,0],["2024-12-01T00:00:00+00:00",4,3,0],["2025-02-25T00:00:00+00:00",4,3,0],["2025-04-04T00:00:00+00:00",4,3,0],["2025-07-08T00:00:00+00:00",4,3,0],["2025-09-22T00:00:00+00:00",4,3,0]]},"geometry":{"type":"Point","coordinates":[34.448801,31.511041]}},{"type":"Feature","properties":{"site_id":26,"event_code":"CE20231007PSE","latest_date":"2025-09-22T00:00:00+00:00","latest_class":4,"pass_count":4,"h":[["2025-02-25T00:00:00+00:00",4,3,3],["2025-04-04T00:00:00+00:00",4,3,0],["2025-07-08T00:00:00+00:00",4,3,0],["2025-09-22T00:00:00+00:00",4,3,0]]},"geometry":{"type":"Point","coordinates":[34.445622,31.511377]}},{"type":"Feature","properties":{"site_id":26,"event_code":"CE20231007PSE","latest_date":"2025-09-22T00:00:00+00:00","latest_class":4,"pass_count":12,"h":[["2023-11-26T00:00:00+00:00",4,3,3],["2024-01-06T00:00:00+00:00",4,3,0],["2024-02-29T00:00:00+00:00",4,3,0],["2024-04-01T00:00:00+00:00",4,3,0],["2024-05-03T00:00:00+00:00",4,3,0],["2024-07-06T00:00:00+00:00",4,3,0],["2024-09-06T00:00:00+00:00",4,3,0],["2024-12-01T00:00:00+00:00",4,3,0],["2025-02-25T00:00:00+00:00",4,3,0],["2025-04-04T00:00:00+00:00",4,3,0],["2025-07-08T00:00:00+00:00",4,3,0],["2025-09-22T00:00:00+00:00",4,3,0]]},"geometry":{"type":"Point","coordinates":[34.448722,31.507899]}},{"type":"Feature","properties":{"site_id":26,"event_code":"CE20231007PSE","latest_date":"2025-09-22T00:00:00+00:00","latest_class":4,"pass_count":12,"h":[["2023-11-26T00:00:00+00:00",4,3,3],["2024-01-06T00:00:00+00:00",4,3,0],["2024-02-29T00:00:00+00:00",4,3,0],["2024-04-01T00:00:00+00:00",4,3,0],["2024-05-03T00:00:00+00:00",4,3,0],["2024-07-06T00:00:00+00:00",4,3,0],["2024-09-06T00:00:00+00:00",4,3,0],["2024-12-01T00:00:00+00:00",4,3,0],["2025-02-25T00:00:00+00:00",4,3,0],["2025-04-04T00:00:00+00:00",4,3,0],["2025-07-08T00:00:00+00:00",4,3,0],["2025-09-22T00:00:00+00:00",4,3,0]]},"geometry":{"type":"Point","coordinates":[34.45356,31.507308]}},{"type":"Feature","properties":{"site_id":26,"event_code":"CE20231007PSE","latest_date":"2025-09-22T00:00:00+00:00","latest_class":4,"pass_count":12,"h":[["2023-11-26T00:00:00+00:00",4,3,3],["2024-01-06T00:00:00+00:00",4,3,0],["2024-02-29T00:00:00+00:00",4,3,0],["2024-04-01T00:00:00+00:00",4,3,0],["2024-05-03T00:00:00+00:00",4,3,0],["2024-07-06T00:00:00+00:00",4,3,0],["2024-09-06T00:00:00+00:00",4,3,0],["2024-12-01T00:00:00+00:00",4,3,0],["2025-02-25T00:00:00+00:00",4,3,0],["2025-04-04T00:00:00+00:00",4,3,0],["2025-07-08T00:00:00+00:00",4,3,0],["2025-09-22T00:00:00+00:00",4,3,0]]},"geometry":{"type":"Point","coordinates":[34.453446,31.506525]}},{"type":"Feature","properties":{"site_id":26,"event_code":"CE20231007PSE","latest_date":"2025-09-22T00:00:00+00:00","latest_class":4,"pass_count":12,"h":[["2023-11-26T00:00:00+00:00",4,3,3],["2024-01-06T00:00:00+00:00",4,3,0],["2024-02-29T00:00:00+00:00",4,3,0],["2024-04-01T00:00:00+00:00",4,3,0],["2024-05-03T00:00:00+00:00",4,3,0],["2024-07-06T00:00:00+00:00",4,3,0],["2024-09-06T00:00:00+00:00",4,3,0],["2024-12-01T00:00:00+00:00",4,3,0],["2025-02-25T00:00:00+00:00",4,3,0],["2025-04-04T00:00:00+00:00",4,3,0],["2025-07-08T00:00:00+00:00",4,3,0],["2025-09-22T00:00:00+00:00",4,3,0]]},"geometry":{"type":"Point","coordinates":[34.438365,31.506321]}},{"type":"Feature","properties":{"site_id":26,"event_code":"CE20231007PSE","latest_date":"2025-09-22T00:00:00+00:00","latest_class":4,"pass_count":11,"h":[["2024-01-06T00:00:00+00:00",4,3,3],["2024-02-29T00:00:00+00:00",4,3,0],["2024-04-01T00:00:00+00:00",4,3,0],["2024-05-03T00:00:00+00:00",4,3,0],["2024-07-06T00:00:00+00:00",4,3,0],["2024-09-06T00:00:00+00:00",4,3,0],["2024-12-01T00:00:00+00:00",4,3,0],["2025-02-25T00:00:00+00:00",4,3,0],["2025-04-04T00:00:00+00:00",4,3,0],["2025-07-08T00:00:00+00:00",4,3,0],["2025-09-22T00:00:00+00:00",4,3,0]]},"geometry":{"type":"Point","coordinates":[34.4538,31.50753]}},{"type":"Feature","properties":{"site_id":26,"event_code":"CE20231007PSE","latest_date":"2025-09-22T00:00:00+00:00","latest_class":4,"pass_count":11,"h":[["2024-01-06T00:00:00+00:00",4,3,3],["2024-02-29T00:00:00+00:00",4,3,0],["2024-04-01T00:00:00+00:00",4,3,0],["2024-05-03T00:00:00+00:00",4,3,0],["2024-07-06T00:00:00+00:00",4,3,0],["2024-09-06T00:00:00+00:00",4,3,0],["2024-12-01T00:00:00+00:00",4,3,0],["2025-02-25T00:00:00+00:00",4,3,0],["2025-04-04T00:00:00+00:00",4,3,0],["2025-07-08T00:00:00+00:00",4,3,0],["2025-09-22T00:00:00+00:00",4,3,0]]},"geometry":{"type":"Point","coordinates":[34.452806,31.50621]}},{"type":"Feature","properties":{"site_id":26,"event_code":"CE20231007PSE","latest_date":"2025-09-22T00:00:00+00:00","latest_class":4,"pass_count":12,"h":[["2023-11-26T00:00:00+00:00",4,3,3],["2024-01-06T00:00:00+00:00",4,3,0],["2024-02-29T00:00:00+00:00",4,3,0],["2024-04-01T00:00:00+00:00",4,3,0],["2024-05-03T00:00:00+00:00",4,3,0],["2024-07-06T00:00:00+00:00",4,3,0],["2024-09-06T00:00:00+00:00",4,3,0],["2024-12-01T00:00:00+00:00",4,3,0],["2025-02-25T00:00:00+00:00",4,3,0],["2025-04-04T00:00:00+00:00",4,3,0],["2025-07-08T00:00:00+00:00",4,3,0],["2025-09-22T00:00:00+00:00",4,3,0]]},"geometry":{"type":"Point","coordinates":[34.448931,31.505478]}},{"type":"Feature","properties":{"site_id":26,"event_code":"CE20231007PSE","latest_date":"2025-09-22T00:00:00+00:00","latest_class":4,"pass_count":13,"h":[["2023-11-07T00:00:00+00:00",4,3,3],["2023-11-26T00:00:00+00:00",4,3,0],["2024-01-06T00:00:00+00:00",4,3,0],["2024-02-29T00:00:00+00:00",4,3,0],["2024-04-01T00:00:00+00:00",4,3,0],["2024-05-03T00:00:00+00:00",4,3,0],["2024-07-06T00:00:00+00:00",4,3,0],["2024-09-06T00:00:00+00:00",4,3,0],["2024-12-01T00:00:00+00:00",4,3,0],["2025-02-25T00:00:00+00:00",4,3,0],["2025-04-04T00:00:00+00:00",4,3,0],["2025-07-08T00:00:00+00:00",4,3,0],["2025-09-22T00:00:00+00:00",4,3,0]]},"geometry":{"type":"Point","coordinates":[34.443775,31.507244]}},{"type":"Feature","properties":{"site_id":26,"event_code":"CE20231007PSE","latest_date":"2025-09-22T00:00:00+00:00","latest_class":4,"pass_count":12,"h":[["2023-11-26T00:00:00+00:00",4,3,3],["2024-01-06T00:00:00+00:00",4,3,0],["2024-02-29T00:00:00+00:00",4,3,0],["2024-04-01T00:00:00+00:00",4,3,0],["2024-05-03T00:00:00+00:00",4,3,0],["2024-07-06T00:00:00+00:00",4,3,0],["2024-09-06T00:00:00+00:00",4,3,0],["2024-12-01T00:00:00+00:00",4,3,0],["2025-02-25T00:00:00+00:00",4,3,0],["2025-04-04T00:00:00+00:00",4,3,0],["2025-07-08T00:00:00+00:00",4,3,0],["2025-09-22T00:00:00+00:00",4,3,0]]},"geometry":{"type":"Point","coordinates":[34.444504,31.508317]}},{"type":"Feature","properties":{"site_id":26,"event_code":"CE20231007PSE","latest_date":"2025-09-22T00:00:00+00:00","latest_class":4,"pass_count":13,"h":[["2023-11-07T00:00:00+00:00",4,3,3],["2023-11-26T00:00:00+00:00",4,3,0],["2024-01-06T00:00:00+00:00",4,3,0],["2024-02-29T00:00:00+00:00",4,3,0],["2024-04-01T00:00:00+00:00",4,3,0],["2024-05-03T00:00:00+00:00",4,3,0],["2024-07-06T00:00:00+00:00",4,3,0],["2024-09-06T00:00:00+00:00",4,3,0],["2024-12-01T00:00:00+00:00",4,3,0],["2025-02-25T00:00:00+00:00",4,3,0],["2025-04-04T00:00:00+00:00",4,3,0],["2025-07-08T00:00:00+00:00",4,3,0],["2025-09-22T00:00:00+00:00",4,3,0]]},"geometry":{"type":"Point","coordinates":[34.451787,31.504917]}},{"type":"Feature","properties":{"site_id":26,"event_code":"CE20231007PSE","latest_date":"2025-09-22T00:00:00+00:00","latest_class":4,"pass_count":1,"h":[["2025-09-22T00:00:00+00:00",4,3,3]]},"geometry":{"type":"Point","coordinates":[34.457863,31.504439]}},{"type":"Feature","properties":{"site_id":26,"event_code":"CE20231007PSE","latest_date":"2025-09-22T00:00:00+00:00","latest_class":4,"pass_count":11,"h":[["2024-01-06T00:00:00+00:00",4,3,3],["2024-02-29T00:00:00+00:00",4,3,0],["2024-04-01T00:00:00+00:00",4,3,0],["2024-05-03T00:00:00+00:00",4,3,0],["2024-07-06T00:00:00+00:00",4,3,0],["2024-09-06T00:00:00+00:00",4,3,0],["2024-12-01T00:00:00+00:00",4,3,0],["2025-02-25T00:00:00+00:00",4,3,0],["2025-04-04T00:00:00+00:00",4,3,0],["2025-07-08T00:00:00+00:00",4,3,0],["2025-09-22T00:00:00+00:00",4,3,0]]},"geometry":{"type":"Point","coordinates":[34.451046,31.509206]}},{"type":"Feature","properties":{"site_id":26,"event_code":"CE20231007PSE","latest_date":"2025-09-22T00:00:00+00:00","latest_class":4,"pass_count":11,"h":[["2024-01-06T00:00:00+00:00",4,3,3],["2024-02-29T00:00:00+00:00",4,3,0],["2024-04-01T00:00:00+00:00",4,3,0],["2024-05-03T00:00:00+00:00",4,3,0],["2024-07-06T00:00:00+00:00",4,3,0],["2024-09-06T00:00:00+00:00",4,3,0],["2024-12-01T00:00:00+00:00",4,3,0],["2025-02-25T00:00:00+00:00",4,3,0],["2025-04-04T00:00:00+00:00",4,3,0],["2025-07-08T00:00:00+00:00",4,3,0],["2025-09-22T00:00:00+00:00",4,3,0]]},"geometry":{"type":"Point","coordinates":[34.456324,31.50496]}},{"type":"Feature","properties":{"site_id":26,"event_code":"CE20231007PSE","latest_date":"2025-09-22T00:00:00+00:00","latest_class":4,"pass_count":13,"h":[["2023-11-07T00:00:00+00:00",4,3,3],["2023-11-26T00:00:00+00:00",4,3,0],["2024-01-06T00:00:00+00:00",4,3,0],["2024-02-29T00:00:00+00:00",4,3,0],["2024-04-01T00:00:00+00:00",4,3,0],["2024-05-03T00:00:00+00:00",4,3,0],["2024-07-06T00:00:00+00:00",4,3,0],["2024-09-06T00:00:00+00:00",4,3,0],["2024-12-01T00:00:00+00:00",4,3,0],["2025-02-25T00:00:00+00:00",4,3,0],["2025-04-04T00:00:00+00:00",4,3,0],["2025-07-08T00:00:00+00:00",4,3,0],["2025-09-22T00:00:00+00:00",4,3,0]]},"geometry":{"type":"Point","coordinates":[34.456206,31.507044]}},{"type":"Feature","properties":{"site_id":26,"event_code":"CE20231007PSE","latest_date":"2025-09-22T00:00:00+00:00","latest_class":4,"pass_count":11,"h":[["2024-01-06T00:00:00+00:00",4,3,3],["2024-02-29T00:00:00+00:00",4,3,0],["2024-04-01T00:00:00+00:00",4,3,0],["2024-05-03T00:00:00+00:00",4,3,0],["2024-07-06T00:00:00+00:00",4,3,0],["2024-09-06T00:00:00+00:00",4,3,0],["2024-12-01T00:00:00+00:00",4,3,0],["2025-02-25T00:00:00+00:00",4,3,0],["2025-04-04T00:00:00+00:00",4,3,0],["2025-07-08T00:00:00+00:00",4,3,0],["2025-09-22T00:00:00+00:00",4,3,0]]},"geometry":{"type":"Point","coordinates":[34.458053,31.505591]}},{"type":"Feature","properties":{"site_id":26,"event_code":"CE20231007PSE","latest_date":"2025-09-22T00:00:00+00:00","latest_class":4,"pass_count":5,"h":[["2024-12-01T00:00:00+00:00",4,3,3],["2025-02-25T00:00:00+00:00",4,3,0],["2025-04-04T00:00:00+00:00",4,3,0],["2025-07-08T00:00:00+00:00",4,3,0],["2025-09-22T00:00:00+00:00",4,3,0]]},"geometry":{"type":"Point","coordinates":[34.44728,31.507665]}},{"type":"Feature","properties":{"site_id":26,"event_code":"CE20231007PSE","latest_date":"2025-09-22T00:00:00+00:00","latest_class":4,"pass_count":14,"h":[["2023-10-15T00:00:00+00:00",4,3,null],["2023-11-07T00:00:00+00:00",4,3,0],["2023-11-26T00:00:00+00:00",4,3,0],["2024-01-06T00:00:00+00:00",4,3,0],["2024-02-29T00:00:00+00:00",4,3,0],["2024-04-01T00:00:00+00:00",4,3,0],["2024-05-03T00:00:00+00:00",4,3,0],["2024-07-06T00:00:00+00:00",4,3,0],["2024-09-06T00:00:00+00:00",4,3,0],["2024-12-01T00:00:00+00:00",4,3,0],["2025-02-25T00:00:00+00:00",4,3,0],["2025-04-04T00:00:00+00:00",4,3,0],["2025-07-08T00:00:00+00:00",4,3,0],["2025-09-22T00:00:00+00:00",4,3,0]]},"geometry":{"type":"Point","coordinates":[34.447421,31.509016]}},{"type":"Feature","properties":{"site_id":26,"event_code":"CE20231007PSE","latest_date":"2025-09-22T00:00:00+00:00","latest_class":4,"pass_count":11,"h":[["2024-01-06T00:00:00+00:00",4,3,3],["2024-02-29T00:00:00+00:00",4,3,0],["2024-04-01T00:00:00+00:00",4,3,0],["2024-05-03T00:00:00+00:00",4,3,0],["2024-07-06T00:00:00+00:00",4,3,0],["2024-09-06T00:00:00+00:00",4,3,0],["2024-12-01T00:00:00+00:00",4,3,0],["2025-02-25T00:00:00+00:00",4,3,0],["2025-04-04T00:00:00+00:00",4,3,0],["2025-07-08T00:00:00+00:00",4,3,0],["2025-09-22T00:00:00+00:00",4,3,0]]},"geometry":{"type":"Point","coordinates":[34.449981,31.507539]}},{"type":"Feature","properties":{"site_id":26,"event_code":"CE20231007PSE","latest_date":"2025-09-22T00:00:00+00:00","latest_class":4,"pass_count":13,"h":[["2023-11-07T00:00:00+00:00",4,3,3],["2023-11-26T00:00:00+00:00",4,3,0],["2024-01-06T00:00:00+00:00",4,3,0],["2024-02-29T00:00:00+00:00",4,3,0],["2024-04-01T00:00:00+00:00",4,3,0],["2024-05-03T00:00:00+00:00",4,3,0],["2024-07-06T00:00:00+00:00",4,3,0],["2024-09-06T00:00:00+00:00",4,3,0],["2024-12-01T00:00:00+00:00",4,3,0],["2025-02-25T00:00:00+00:00",4,3,0],["2025-04-04T00:00:00+00:00",4,3,0],["2025-07-08T00:00:00+00:00",4,3,0],["2025-09-22T00:00:00+00:00",4,3,0]]},"geometry":{"type":"Point","coordinates":[34.445112,31.510375]}},{"type":"Feature","properties":{"site_id":26,"event_code":"CE20231007PSE","latest_date":"2025-09-22T00:00:00+00:00","latest_class":4,"pass_count":13,"h":[["2023-11-07T00:00:00+00:00",4,3,3],["2023-11-26T00:00:00+00:00",4,3,0],["2024-01-06T00:00:00+00:00",4,3,0],["2024-02-29T00:00:00+00:00",4,3,0],["2024-04-01T00:00:00+00:00",4,3,0],["2024-05-03T00:00:00+00:00",4,3,0],["2024-07-06T00:00:00+00:00",4,3,0],["2024-09-06T00:00:00+00:00",4,3,0],["2024-12-01T00:00:00+00:00",4,3,0],["2025-02-25T00:00:00+00:00",4,3,0],["2025-04-04T00:00:00+00:00",4,3,0],["2025-07-08T00:00:00+00:00",4,3,0],["2025-09-22T00:00:00+00:00",4,3,0]]},"geometry":{"type":"Point","coordinates":[34.456024,31.507053]}},{"type":"Feature","properties":{"site_id":26,"event_code":"CE20231007PSE","latest_date":"2025-09-22T00:00:00+00:00","latest_class":4,"pass_count":11,"h":[["2024-01-06T00:00:00+00:00",4,3,3],["2024-02-29T00:00:00+00:00",4,3,0],["2024-04-01T00:00:00+00:00",4,3,0],["2024-05-03T00:00:00+00:00",4,3,0],["2024-07-06T00:00:00+00:00",4,3,0],["2024-09-06T00:00:00+00:00",4,3,0],["2024-12-01T00:00:00+00:00",4,3,0],["2025-02-25T00:00:00+00:00",4,3,0],["2025-04-04T00:00:00+00:00",4,3,0],["2025-07-08T00:00:00+00:00",4,3,0],["2025-09-22T00:00:00+00:00",4,3,0]]},"geometry":{"type":"Point","coordinates":[34.457504,31.502298]}},{"type":"Feature","properties":{"site_id":26,"event_code":"CE20231007PSE","latest_date":"2025-09-22T00:00:00+00:00","latest_class":4,"pass_count":11,"h":[["2024-01-06T00:00:00+00:00",4,3,3],["2024-02-29T00:00:00+00:00",4,3,0],["2024-04-01T00:00:00+00:00",4,3,0],["2024-05-03T00:00:00+00:00",4,3,0],["2024-07-06T00:00:00+00:00",4,3,0],["2024-09-06T00:00:00+00:00",4,3,0],["2024-12-01T00:00:00+00:00",4,3,0],["2025-02-25T00:00:00+00:00",4,3,0],["2025-04-04T00:00:00+00:00",4,3,0],["2025-07-08T00:00:00+00:00",4,3,0],["2025-09-22T00:00:00+00:00",4,3,0]]},"geometry":{"type":"Point","coordinates":[34.455808,31.508436]}},{"type":"Feature","properties":{"site_id":26,"event_code":"CE20231007PSE","latest_date":"2025-09-22T00:00:00+00:00","latest_class":4,"pass_count":12,"h":[["2023-11-26T00:00:00+00:00",4,3,3],["2024-01-06T00:00:00+00:00",4,3,0],["2024-02-29T00:00:00+00:00",4,3,0],["2024-04-01T00:00:00+00:00",4,3,0],["2024-05-03T00:00:00+00:00",4,3,0],["2024-07-06T00:00:00+00:00",4,3,0],["2024-09-06T00:00:00+00:00",4,3,0],["2024-12-01T00:00:00+00:00",4,3,0],["2025-02-25T00:00:00+00:00",4,3,0],["2025-04-04T00:00:00+00:00",4,3,0],["2025-07-08T00:00:00+00:00",4,3,0],["2025-09-22T00:00:00+00:00",4,3,0]]},"geometry":{"type":"Point","coordinates":[34.458212,31.503456]}},{"type":"Feature","properties":{"site_id":26,"event_code":"CE20231007PSE","latest_date":"2025-09-22T00:00:00+00:00","latest_class":4,"pass_count":1,"h":[["2025-09-22T00:00:00+00:00",4,3,3]]},"geometry":{"type":"Point","coordinates":[34.444877,31.506502]}},{"type":"Feature","properties":{"site_id":26,"event_code":"CE20231007PSE","latest_date":"2025-09-22T00:00:00+00:00","latest_class":4,"pass_count":10,"h":[["2024-02-29T00:00:00+00:00",4,3,3],["2024-04-01T00:00:00+00:00",4,3,0],["2024-05-03T00:00:00+00:00",4,3,0],["2024-07-06T00:00:00+00:00",4,3,0],["2024-09-06T00:00:00+00:00",4,3,0],["2024-12-01T00:00:00+00:00",4,3,0],["2025-02-25T00:00:00+00:00",4,3,0],["2025-04-04T00:00:00+00:00",4,3,0],["2025-07-08T00:00:00+00:00",4,3,0],["2025-09-22T00:00:00+00:00",4,3,0]]},"geometry":{"type":"Point","coordinates":[34.449705,31.506896]}},{"type":"Feature","properties":{"site_id":26,"event_code":"CE20231007PSE","latest_date":"2025-09-22T00:00:00+00:00","latest_class":4,"pass_count":13,"h":[["2023-11-07T00:00:00+00:00",4,3,3],["2023-11-26T00:00:00+00:00",4,3,0],["2024-01-06T00:00:00+00:00",4,3,0],["2024-02-29T00:00:00+00:00",4,3,0],["2024-04-01T00:00:00+00:00",4,3,0],["2024-05-03T00:00:00+00:00",4,3,0],["2024-07-06T00:00:00+00:00",4,3,0],["2024-09-06T00:00:00+00:00",4,3,0],["2024-12-01T00:00:00+00:00",4,3,0],["2025-02-25T00:00:00+00:00",4,3,0],["2025-04-04T00:00:00+00:00",4,3,0],["2025-07-08T00:00:00+00:00",4,3,0],["2025-09-22T00:00:00+00:00",4,3,0]]},"geometry":{"type":"Point","coordinates":[34.450545,31.511921]}},{"type":"Feature","properties":{"site_id":26,"event_code":"CE20231007PSE","latest_date":"2025-09-22T00:00:00+00:00","latest_class":4,"pass_count":12,"h":[["2023-11-26T00:00:00+00:00",4,3,3],["2024-01-06T00:00:00+00:00",4,3,0],["2024-02-29T00:00:00+00:00",4,3,0],["2024-04-01T00:00:00+00:00",4,3,0],["2024-05-03T00:00:00+00:00",4,3,0],["2024-07-06T00:00:00+00:00",4,3,0],["2024-09-06T00:00:00+00:00",4,3,0],["2024-12-01T00:00:00+00:00",4,3,0],["2025-02-25T00:00:00+00:00",4,3,0],["2025-04-04T00:00:00+00:00",4,3,0],["2025-07-08T00:00:00+00:00",4,3,0],["2025-09-22T00:00:00+00:00",4,3,0]]},"geometry":{"type":"Point","coordinates":[34.451709,31.507118]}},{"type":"Feature","properties":{"site_id":26,"event_code":"CE20231007PSE","latest_date":"2025-09-22T00:00:00+00:00","latest_class":4,"pass_count":14,"h":[["2023-10-15T00:00:00+00:00",4,3,null],["2023-11-07T00:00:00+00:00",4,3,0],["2023-11-26T00:00:00+00:00",4,3,0],["2024-01-06T00:00:00+00:00",4,3,0],["2024-02-29T00:00:00+00:00",4,3,0],["2024-04-01T00:00:00+00:00",4,3,0],["2024-05-03T00:00:00+00:00",4,3,0],["2024-07-06T00:00:00+00:00",4,3,0],["2024-09-06T00:00:00+00:00",4,3,0],["2024-12-01T00:00:00+00:00",4,3,0],["2025-02-25T00:00:00+00:00",4,3,0],["2025-04-04T00:00:00+00:00",4,3,0],["2025-07-08T00:00:00+00:00",4,3,0],["2025-09-22T00:00:00+00:00",4,3,0]]},"geometry":{"type":"Point","coordinates":[34.441257,31.507832]}},{"type":"Feature","properties":{"site_id":26,"event_code":"CE20231007PSE","latest_date":"2025-09-22T00:00:00+00:00","latest_class":4,"pass_count":10,"h":[["2024-02-29T00:00:00+00:00",4,3,3],["2024-04-01T00:00:00+00:00",4,3,0],["2024-05-03T00:00:00+00:00",4,3,0],["2024-07-06T00:00:00+00:00",4,3,0],["2024-09-06T00:00:00+00:00",4,3,0],["2024-12-01T00:00:00+00:00",4,3,0],["2025-02-25T00:00:00+00:00",4,3,0],["2025-04-04T00:00:00+00:00",4,3,0],["2025-07-08T00:00:00+00:00",4,3,0],["2025-09-22T00:00:00+00:00",4,3,0]]},"geometry":{"type":"Point","coordinates":[34.449505,31.507076]}},{"type":"Feature","properties":{"site_id":26,"event_code":"CE20231007PSE","latest_date":"2025-09-22T00:00:00+00:00","latest_class":4,"pass_count":1,"h":[["2025-09-22T00:00:00+00:00",4,3,3]]},"geometry":{"type":"Point","coordinates":[34.441928,31.504844]}},{"type":"Feature","properties":{"site_id":26,"event_code":"CE20231007PSE","latest_date":"2025-09-22T00:00:00+00:00","latest_class":4,"pass_count":5,"h":[["2024-12-01T00:00:00+00:00",4,3,3],["2025-02-25T00:00:00+00:00",4,3,0],["2025-04-04T00:00:00+00:00",4,3,0],["2025-07-08T00:00:00+00:00",4,3,0],["2025-09-22T00:00:00+00:00",4,3,0]]},"geometry":{"type":"Point","coordinates":[34.448103,31.506879]}},{"type":"Feature","properties":{"site_id":26,"event_code":"CE20231007PSE","latest_date":"2025-09-22T00:00:00+00:00","latest_class":4,"pass_count":11,"h":[["2024-01-06T00:00:00+00:00",4,3,3],["2024-02-29T00:00:00+00:00",4,3,0],["2024-04-01T00:00:00+00:00",4,3,0],["2024-05-03T00:00:00+00:00",4,3,0],["2024-07-06T00:00:00+00:00",4,3,0],["2024-09-06T00:00:00+00:00",4,3,0],["2024-12-01T00:00:00+00:00",4,3,0],["2025-02-25T00:00:00+00:00",4,3,0],["2025-04-04T00:00:00+00:00",4,3,0],["2025-07-08T00:00:00+00:00",4,3,0],["2025-09-22T00:00:00+00:00",4,3,0]]},"geometry":{"type":"Point","coordinates":[34.453387,31.506365]}},{"type":"Feature","properties":{"site_id":26,"event_code":"CE20231007PSE","latest_date":"2025-09-22T00:00:00+00:00","latest_class":4,"pass_count":11,"h":[["2024-01-06T00:00:00+00:00",4,3,3],["2024-02-29T00:00:00+00:00",4,3,0],["2024-04-01T00:00:00+00:00",4,3,0],["2024-05-03T00:00:00+00:00",4,3,0],["2024-07-06T00:00:00+00:00",4,3,0],["2024-09-06T00:00:00+00:00",4,3,0],["2024-12-01T00:00:00+00:00",4,3,0],["2025-02-25T00:00:00+00:00",4,3,0],["2025-04-04T00:00:00+00:00",4,3,0],["2025-07-08T00:00:00+00:00",4,3,0],["2025-09-22T00:00:00+00:00",4,3,0]]},"geometry":{"type":"Point","coordinates":[34.453249,31.508057]}},{"type":"Feature","properties":{"site_id":26,"event_code":"CE20231007PSE","latest_date":"2025-09-22T00:00:00+00:00","latest_class":4,"pass_count":6,"h":[["2024-09-06T00:00:00+00:00",4,3,3],["2024-12-01T00:00:00+00:00",4,3,0],["2025-02-25T00:00:00+00:00",4,3,0],["2025-04-04T00:00:00+00:00",4,3,0],["2025-07-08T00:00:00+00:00",4,3,0],["2025-09-22T00:00:00+00:00",4,3,0]]},"geometry":{"type":"Point","coordinates":[34.447144,31.508924]}},{"type":"Feature","properties":{"site_id":26,"event_code":"CE20231007PSE","latest_date":"2025-09-22T00:00:00+00:00","latest_class":4,"pass_count":14,"h":[["2023-10-15T00:00:00+00:00",4,3,null],["2023-11-07T00:00:00+00:00",4,3,0],["2023-11-26T00:00:00+00:00",4,3,0],["2024-01-06T00:00:00+00:00",4,3,0],["2024-02-29T00:00:00+00:00",4,3,0],["2024-04-01T00:00:00+00:00",4,3,0],["2024-05-03T00:00:00+00:00",4,3,0],["2024-07-06T00:00:00+00:00",4,3,0],["2024-09-06T00:00:00+00:00",4,3,0],["2024-12-01T00:00:00+00:00",4,3,0],["2025-02-25T00:00:00+00:00",4,3,0],["2025-04-04T00:00:00+00:00",4,3,0],["2025-07-08T00:00:00+00:00",4,3,0],["2025-09-22T00:00:00+00:00",4,3,0]]},"geometry":{"type":"Point","coordinates":[34.446336,31.508892]}},{"type":"Feature","properties":{"site_id":26,"event_code":"CE20231007PSE","latest_date":"2025-09-22T00:00:00+00:00","latest_class":4,"pass_count":12,"h":[["2023-11-26T00:00:00+00:00",4,3,3],["2024-01-06T00:00:00+00:00",4,3,0],["2024-02-29T00:00:00+00:00",4,3,0],["2024-04-01T00:00:00+00:00",4,3,0],["2024-05-03T00:00:00+00:00",4,3,0],["2024-07-06T00:00:00+00:00",4,3,0],["2024-09-06T00:00:00+00:00",4,3,0],["2024-12-01T00:00:00+00:00",4,3,0],["2025-02-25T00:00:00+00:00",4,3,0],["2025-04-04T00:00:00+00:00",4,3,0],["2025-07-08T00:00:00+00:00",4,3,0],["2025-09-22T00:00:00+00:00",4,3,0]]},"geometry":{"type":"Point","coordinates":[34.45313,31.507259]}},{"type":"Feature","properties":{"site_id":26,"event_code":"CE20231007PSE","latest_date":"2025-09-22T00:00:00+00:00","latest_class":4,"pass_count":11,"h":[["2024-01-06T00:00:00+00:00",4,3,3],["2024-02-29T00:00:00+00:00",4,3,0],["2024-04-01T00:00:00+00:00",4,3,0],["2024-05-03T00:00:00+00:00",4,3,0],["2024-07-06T00:00:00+00:00",4,3,0],["2024-09-06T00:00:00+00:00",4,3,0],["2024-12-01T00:00:00+00:00",4,3,0],["2025-02-25T00:00:00+00:00",4,3,0],["2025-04-04T00:00:00+00:00",4,3,0],["2025-07-08T00:00:00+00:00",4,3,0],["2025-09-22T00:00:00+00:00",4,3,0]]},"geometry":{"type":"Point","coordinates":[34.453038,31.506336]}},{"type":"Feature","properties":{"site_id":26,"event_code":"CE20231007PSE","latest_date":"2025-09-22T00:00:00+00:00","latest_class":4,"pass_count":12,"h":[["2023-11-26T00:00:00+00:00",4,3,3],["2024-01-06T00:00:00+00:00",4,3,0],["2024-02-29T00:00:00+00:00",4,3,0],["2024-04-01T00:00:00+00:00",4,3,0],["2024-05-03T00:00:00+00:00",4,3,0],["2024-07-06T00:00:00+00:00",4,3,0],["2024-09-06T00:00:00+00:00",4,3,0],["2024-12-01T00:00:00+00:00",4,3,0],["2025-02-25T00:00:00+00:00",4,3,0],["2025-04-04T00:00:00+00:00",4,3,0],["2025-07-08T00:00:00+00:00",4,3,0],["2025-09-22T00:00:00+00:00",4,3,0]]},"geometry":{"type":"Point","coordinates":[34.45115,31.504476]}},{"type":"Feature","properties":{"site_id":26,"event_code":"CE20231007PSE","latest_date":"2025-09-22T00:00:00+00:00","latest_class":4,"pass_count":12,"h":[["2023-11-26T00:00:00+00:00",4,3,3],["2024-01-06T00:00:00+00:00",4,3,0],["2024-02-29T00:00:00+00:00",4,3,0],["2024-04-01T00:00:00+00:00",4,3,0],["2024-05-03T00:00:00+00:00",4,3,0],["2024-07-06T00:00:00+00:00",4,3,0],["2024-09-06T00:00:00+00:00",4,3,0],["2024-12-01T00:00:00+00:00",4,3,0],["2025-02-25T00:00:00+00:00",4,3,0],["2025-04-04T00:00:00+00:00",4,3,0],["2025-07-08T00:00:00+00:00",4,3,0],["2025-09-22T00:00:00+00:00",4,3,0]]},"geometry":{"type":"Point","coordinates":[34.44629,31.507104]}},{"type":"Feature","properties":{"site_id":26,"event_code":"CE20231007PSE","latest_date":"2025-09-22T00:00:00+00:00","latest_class":4,"pass_count":12,"h":[["2023-11-26T00:00:00+00:00",4,3,3],["2024-01-06T00:00:00+00:00",4,3,0],["2024-02-29T00:00:00+00:00",4,3,0],["2024-04-01T00:00:00+00:00",4,3,0],["2024-05-03T00:00:00+00:00",4,3,0],["2024-07-06T00:00:00+00:00",4,3,0],["2024-09-06T00:00:00+00:00",4,3,0],["2024-12-01T00:00:00+00:00",4,3,0],["2025-02-25T00:00:00+00:00",4,3,0],["2025-04-04T00:00:00+00:00",4,3,0],["2025-07-08T00:00:00+00:00",4,3,0],["2025-09-22T00:00:00+00:00",4,3,0]]},"geometry":{"type":"Point","coordinates":[34.447915,31.506279]}},{"type":"Feature","properties":{"site_id":26,"event_code":"CE20231007PSE","latest_date":"2025-09-22T00:00:00+00:00","latest_class":4,"pass_count":11,"h":[["2024-01-06T00:00:00+00:00",4,3,3],["2024-02-29T00:00:00+00:00",4,3,0],["2024-04-01T00:00:00+00:00",4,3,0],["2024-05-03T00:00:00+00:00",4,3,0],["2024-07-06T00:00:00+00:00",4,3,0],["2024-09-06T00:00:00+00:00",4,3,0],["2024-12-01T00:00:00+00:00",4,3,0],["2025-02-25T00:00:00+00:00",4,3,0],["2025-04-04T00:00:00+00:00",4,3,0],["2025-07-08T00:00:00+00:00",4,3,0],["2025-09-22T00:00:00+00:00",4,3,0]]},"geometry":{"type":"Point","coordinates":[34.451333,31.504182]}},{"type":"Feature","properties":{"site_id":26,"event_code":"CE20231007PSE","latest_date":"2025-09-22T00:00:00+00:00","latest_class":4,"pass_count":12,"h":[["2023-11-26T00:00:00+00:00",4,3,3],["2024-01-06T00:00:00+00:00",4,3,0],["2024-02-29T00:00:00+00:00",4,3,0],["2024-04-01T00:00:00+00:00",4,3,0],["2024-05-03T00:00:00+00:00",4,3,0],["2024-07-06T00:00:00+00:00",4,3,0],["2024-09-06T00:00:00+00:00",4,3,0],["2024-12-01T00:00:00+00:00",4,3,0],["2025-02-25T00:00:00+00:00",4,3,0],["2025-04-04T00:00:00+00:00",4,3,0],["2025-07-08T00:00:00+00:00",4,3,0],["2025-09-22T00:00:00+00:00",4,3,0]]},"geometry":{"type":"Point","coordinates":[34.44863,31.505882]}},{"type":"Feature","properties":{"site_id":26,"event_code":"CE20231007PSE","latest_date":"2025-09-22T00:00:00+00:00","latest_class":4,"pass_count":12,"h":[["2023-11-26T00:00:00+00:00",4,3,3],["2024-01-06T00:00:00+00:00",4,3,0],["2024-02-29T00:00:00+00:00",4,3,0],["2024-04-01T00:00:00+00:00",4,3,0],["2024-05-03T00:00:00+00:00",4,3,0],["2024-07-06T00:00:00+00:00",4,3,0],["2024-09-06T00:00:00+00:00",4,3,0],["2024-12-01T00:00:00+00:00",4,3,0],["2025-02-25T00:00:00+00:00",4,3,0],["2025-04-04T00:00:00+00:00",4,3,0],["2025-07-08T00:00:00+00:00",4,3,0],["2025-09-22T00:00:00+00:00",4,3,0]]},"geometry":{"type":"Point","coordinates":[34.453545,31.506354]}},{"type":"Feature","properties":{"site_id":26,"event_code":"CE20231007PSE","latest_date":"2025-09-22T00:00:00+00:00","latest_class":4,"pass_count":12,"h":[["2023-11-26T00:00:00+00:00",4,3,3],["2024-01-06T00:00:00+00:00",4,3,0],["2024-02-29T00:00:00+00:00",4,3,0],["2024-04-01T00:00:00+00:00",4,3,0],["2024-05-03T00:00:00+00:00",4,3,0],["2024-07-06T00:00:00+00:00",4,3,0],["2024-09-06T00:00:00+00:00",4,3,0],["2024-12-01T00:00:00+00:00",4,3,0],["2025-02-25T00:00:00+00:00",4,3,0],["2025-04-04T00:00:00+00:00",4,3,0],["2025-07-08T00:00:00+00:00",4,3,0],["2025-09-22T00:00:00+00:00",4,3,0]]},"geometry":{"type":"Point","coordinates":[34.44994,31.505284]}},{"type":"Feature","properties":{"site_id":26,"event_code":"CE20231007PSE","latest_date":"2025-09-22T00:00:00+00:00","latest_class":4,"pass_count":14,"h":[["2023-10-15T00:00:00+00:00",4,3,null],["2023-11-07T00:00:00+00:00",4,3,0],["2023-11-26T00:00:00+00:00",4,3,0],["2024-01-06T00:00:00+00:00",4,3,0],["2024-02-29T00:00:00+00:00",4,3,0],["2024-04-01T00:00:00+00:00",4,3,0],["2024-05-03T00:00:00+00:00",4,3,0],["2024-07-06T00:00:00+00:00",4,3,0],["2024-09-06T00:00:00+00:00",4,3,0],["2024-12-01T00:00:00+00:00",4,3,0],["2025-02-25T00:00:00+00:00",4,3,0],["2025-04-04T00:00:00+00:00",4,3,0],["2025-07-08T00:00:00+00:00",4,3,0],["2025-09-22T00:00:00+00:00",4,3,0]]},"geometry":{"type":"Point","coordinates":[34.449134,31.505676]}},{"type":"Feature","properties":{"site_id":26,"event_code":"CE20231007PSE","latest_date":"2025-09-22T00:00:00+00:00","latest_class":4,"pass_count":11,"h":[["2024-01-06T00:00:00+00:00",4,3,3],["2024-02-29T00:00:00+00:00",4,3,0],["2024-04-01T00:00:00+00:00",4,3,0],["2024-05-03T00:00:00+00:00",4,3,0],["2024-07-06T00:00:00+00:00",4,3,0],["2024-09-06T00:00:00+00:00",4,3,0],["2024-12-01T00:00:00+00:00",4,3,0],["2025-02-25T00:00:00+00:00",4,3,0],["2025-04-04T00:00:00+00:00",4,3,0],["2025-07-08T00:00:00+00:00",4,3,0],["2025-09-22T00:00:00+00:00",4,3,0]]},"geometry":{"type":"Point","coordinates":[34.45038,31.504852]}},{"type":"Feature","properties":{"site_id":26,"event_code":"CE20231007PSE","latest_date":"2025-09-22T00:00:00+00:00","latest_class":4,"pass_count":11,"h":[["2024-01-06T00:00:00+00:00",4,3,3],["2024-02-29T00:00:00+00:00",4,3,0],["2024-04-01T00:00:00+00:00",4,3,0],["2024-05-03T00:00:00+00:00",4,3,0],["2024-07-06T00:00:00+00:00",4,3,0],["2024-09-06T00:00:00+00:00",4,3,0],["2024-12-01T00:00:00+00:00",4,3,0],["2025-02-25T00:00:00+00:00",4,3,0],["2025-04-04T00:00:00+00:00",4,3,0],["2025-07-08T00:00:00+00:00",4,3,0],["2025-09-22T00:00:00+00:00",4,3,0]]},"geometry":{"type":"Point","coordinates":[34.450235,31.511412]}},{"type":"Feature","properties":{"site_id":26,"event_code":"CE20231007PSE","latest_date":"2025-09-22T00:00:00+00:00","latest_class":4,"pass_count":12,"h":[["2023-11-26T00:00:00+00:00",4,3,3],["2024-01-06T00:00:00+00:00",4,3,0],["2024-02-29T00:00:00+00:00",4,3,0],["2024-04-01T00:00:00+00:00",4,3,0],["2024-05-03T00:00:00+00:00",4,3,0],["2024-07-06T00:00:00+00:00",4,3,0],["2024-09-06T00:00:00+00:00",4,3,0],["2024-12-01T00:00:00+00:00",4,3,0],["2025-02-25T00:00:00+00:00",4,3,0],["2025-04-04T00:00:00+00:00",4,3,0],["2025-07-08T00:00:00+00:00",4,3,0],["2025-09-22T00:00:00+00:00",4,3,0]]},"geometry":{"type":"Point","coordinates":[34.448974,31.51113]}},{"type":"Feature","properties":{"site_id":26,"event_code":"CE20231007PSE","latest_date":"2025-09-22T00:00:00+00:00","latest_class":4,"pass_count":10,"h":[["2024-02-29T00:00:00+00:00",4,3,3],["2024-04-01T00:00:00+00:00",4,3,0],["2024-05-03T00:00:00+00:00",4,3,0],["2024-07-06T00:00:00+00:00",4,3,0],["2024-09-06T00:00:00+00:00",4,3,0],["2024-12-01T00:00:00+00:00",4,3,0],["2025-02-25T00:00:00+00:00",4,3,0],["2025-04-04T00:00:00+00:00",4,3,0],["2025-07-08T00:00:00+00:00",4,3,0],["2025-09-22T00:00:00+00:00",4,3,0]]},"geometry":{"type":"Point","coordinates":[34.447227,31.508273]}},{"type":"Feature","properties":{"site_id":26,"event_code":"CE20231007PSE","latest_date":"2025-09-22T00:00:00+00:00","latest_class":4,"pass_count":13,"h":[["2023-11-07T00:00:00+00:00",4,3,3],["2023-11-26T00:00:00+00:00",4,3,0],["2024-01-06T00:00:00+00:00",4,3,0],["2024-02-29T00:00:00+00:00",4,3,0],["2024-04-01T00:00:00+00:00",4,3,0],["2024-05-03T00:00:00+00:00",4,3,0],["2024-07-06T00:00:00+00:00",4,3,0],["2024-09-06T00:00:00+00:00",4,3,0],["2024-12-01T00:00:00+00:00",4,3,0],["2025-02-25T00:00:00+00:00",4,3,0],["2025-04-04T00:00:00+00:00",4,3,0],["2025-07-08T00:00:00+00:00",4,3,0],["2025-09-22T00:00:00+00:00",4,3,0]]},"geometry":{"type":"Point","coordinates":[34.442376,31.510409]}},{"type":"Feature","properties":{"site_id":26,"event_code":"CE20231007PSE","latest_date":"2025-09-22T00:00:00+00:00","latest_class":4,"pass_count":13,"h":[["2023-11-07T00:00:00+00:00",4,3,3],["2023-11-26T00:00:00+00:00",4,3,0],["2024-01-06T00:00:00+00:00",4,3,0],["2024-02-29T00:00:00+00:00",4,3,0],["2024-04-01T00:00:00+00:00",4,3,0],["2024-05-03T00:00:00+00:00",4,3,0],["2024-07-06T00:00:00+00:00",4,3,0],["2024-09-06T00:00:00+00:00",4,3,0],["2024-12-01T00:00:00+00:00",4,3,0],["2025-02-25T00:00:00+00:00",4,3,0],["2025-04-04T00:00:00+00:00",4,3,0],["2025-07-08T00:00:00+00:00",4,3,0],["2025-09-22T00:00:00+00:00",4,3,0]]},"geometry":{"type":"Point","coordinates":[34.456511,31.503507]}},{"type":"Feature","properties":{"site_id":26,"event_code":"CE20231007PSE","latest_date":"2025-09-22T00:00:00+00:00","latest_class":4,"pass_count":13,"h":[["2023-11-07T00:00:00+00:00",4,3,3],["2023-11-26T00:00:00+00:00",4,3,0],["2024-01-06T00:00:00+00:00",4,3,0],["2024-02-29T00:00:00+00:00",4,3,0],["2024-04-01T00:00:00+00:00",4,3,0],["2024-05-03T00:00:00+00:00",4,3,0],["2024-07-06T00:00:00+00:00",4,3,0],["2024-09-06T00:00:00+00:00",4,3,0],["2024-12-01T00:00:00+00:00",4,3,0],["2025-02-25T00:00:00+00:00",4,3,0],["2025-04-04T00:00:00+00:00",4,3,0],["2025-07-08T00:00:00+00:00",4,3,0],["2025-09-22T00:00:00+00:00",4,3,0]]},"geometry":{"type":"Point","coordinates":[34.456028,31.507268]}},{"type":"Feature","properties":{"site_id":26,"event_code":"CE20231007PSE","latest_date":"2025-09-22T00:00:00+00:00","latest_class":4,"pass_count":1,"h":[["2025-09-22T00:00:00+00:00",4,3,3]]},"geometry":{"type":"Point","coordinates":[34.44399,31.506475]}},{"type":"Feature","properties":{"site_id":26,"event_code":"CE20231007PSE","latest_date":"2025-09-22T00:00:00+00:00","latest_class":4,"pass_count":11,"h":[["2024-01-06T00:00:00+00:00",4,3,3],["2024-02-29T00:00:00+00:00",4,3,0],["2024-04-01T00:00:00+00:00",4,3,0],["2024-05-03T00:00:00+00:00",4,3,0],["2024-07-06T00:00:00+00:00",4,3,0],["2024-09-06T00:00:00+00:00",4,3,0],["2024-12-01T00:00:00+00:00",4,3,0],["2025-02-25T00:00:00+00:00",4,3,0],["2025-04-04T00:00:00+00:00",4,3,0],["2025-07-08T00:00:00+00:00",4,3,0],["2025-09-22T00:00:00+00:00",4,3,0]]},"geometry":{"type":"Point","coordinates":[34.457254,31.507991]}},{"type":"Feature","properties":{"site_id":26,"event_code":"CE20231007PSE","latest_date":"2025-09-22T00:00:00+00:00","latest_class":4,"pass_count":11,"h":[["2024-01-06T00:00:00+00:00",4,3,3],["2024-02-29T00:00:00+00:00",4,3,0],["2024-04-01T00:00:00+00:00",4,3,0],["2024-05-03T00:00:00+00:00",4,3,0],["2024-07-06T00:00:00+00:00",4,3,0],["2024-09-06T00:00:00+00:00",4,3,0],["2024-12-01T00:00:00+00:00",4,3,0],["2025-02-25T00:00:00+00:00",4,3,0],["2025-04-04T00:00:00+00:00",4,3,0],["2025-07-08T00:00:00+00:00",4,3,0],["2025-09-22T00:00:00+00:00",4,3,0]]},"geometry":{"type":"Point","coordinates":[34.458012,31.505346]}},{"type":"Feature","properties":{"site_id":26,"event_code":"CE20231007PSE","latest_date":"2025-09-22T00:00:00+00:00","latest_class":4,"pass_count":14,"h":[["2023-10-15T00:00:00+00:00",4,3,null],["2023-11-07T00:00:00+00:00",4,3,0],["2023-11-26T00:00:00+00:00",4,3,0],["2024-01-06T00:00:00+00:00",4,3,0],["2024-02-29T00:00:00+00:00",4,3,0],["2024-04-01T00:00:00+00:00",4,3,0],["2024-05-03T00:00:00+00:00",4,3,0],["2024-07-06T00:00:00+00:00",4,3,0],["2024-09-06T00:00:00+00:00",4,3,0],["2024-12-01T00:00:00+00:00",4,3,0],["2025-02-25T00:00:00+00:00",4,3,0],["2025-04-04T00:00:00+00:00",4,3,0],["2025-07-08T00:00:00+00:00",4,3,0],["2025-09-22T00:00:00+00:00",4,3,0]]},"geometry":{"type":"Point","coordinates":[34.448248,31.509176]}},{"type":"Feature","properties":{"site_id":26,"event_code":"CE20231007PSE","latest_date":"2025-09-22T00:00:00+00:00","latest_class":4,"pass_count":12,"h":[["2023-11-26T00:00:00+00:00",4,3,3],["2024-01-06T00:00:00+00:00",4,3,0],["2024-02-29T00:00:00+00:00",4,3,0],["2024-04-01T00:00:00+00:00",4,3,0],["2024-05-03T00:00:00+00:00",4,3,0],["2024-07-06T00:00:00+00:00",4,3,0],["2024-09-06T00:00:00+00:00",4,3,0],["2024-12-01T00:00:00+00:00",4,3,0],["2025-02-25T00:00:00+00:00",4,3,0],["2025-04-04T00:00:00+00:00",4,3,0],["2025-07-08T00:00:00+00:00",4,3,0],["2025-09-22T00:00:00+00:00",4,3,0]]},"geometry":{"type":"Point","coordinates":[34.456443,31.503771]}},{"type":"Feature","properties":{"site_id":26,"event_code":"CE20231007PSE","latest_date":"2025-09-22T00:00:00+00:00","latest_class":4,"pass_count":12,"h":[["2023-11-26T00:00:00+00:00",4,3,3],["2024-01-06T00:00:00+00:00",4,3,0],["2024-02-29T00:00:00+00:00",4,3,0],["2024-04-01T00:00:00+00:00",4,3,0],["2024-05-03T00:00:00+00:00",4,3,0],["2024-07-06T00:00:00+00:00",4,3,0],["2024-09-06T00:00:00+00:00",4,3,0],["2024-12-01T00:00:00+00:00",4,3,0],["2025-02-25T00:00:00+00:00",4,3,0],["2025-04-04T00:00:00+00:00",4,3,0],["2025-07-08T00:00:00+00:00",4,3,0],["2025-09-22T00:00:00+00:00",4,3,0]]},"geometry":{"type":"Point","coordinates":[34.456753,31.508144]}},{"type":"Feature","properties":{"site_id":26,"event_code":"CE20231007PSE","latest_date":"2025-09-22T00:00:00+00:00","latest_class":4,"pass_count":11,"h":[["2024-01-06T00:00:00+00:00",4,3,3],["2024-02-29T00:00:00+00:00",4,3,0],["2024-04-01T00:00:00+00:00",4,3,0],["2024-05-03T00:00:00+00:00",4,3,0],["2024-07-06T00:00:00+00:00",4,3,0],["2024-09-06T00:00:00+00:00",4,3,0],["2024-12-01T00:00:00+00:00",4,3,0],["2025-02-25T00:00:00+00:00",4,3,0],["2025-04-04T00:00:00+00:00",4,3,0],["2025-07-08T00:00:00+00:00",4,3,0],["2025-09-22T00:00:00+00:00",4,3,0]]},"geometry":{"type":"Point","coordinates":[34.452051,31.504894]}},{"type":"Feature","properties":{"site_id":26,"event_code":"CE20231007PSE","latest_date":"2025-09-22T00:00:00+00:00","latest_class":4,"pass_count":12,"h":[["2023-11-26T00:00:00+00:00",4,3,3],["2024-01-06T00:00:00+00:00",4,3,0],["2024-02-29T00:00:00+00:00",4,3,0],["2024-04-01T00:00:00+00:00",4,3,0],["2024-05-03T00:00:00+00:00",4,3,0],["2024-07-06T00:00:00+00:00",4,3,0],["2024-09-06T00:00:00+00:00",4,3,0],["2024-12-01T00:00:00+00:00",4,3,0],["2025-02-25T00:00:00+00:00",4,3,0],["2025-04-04T00:00:00+00:00",4,3,0],["2025-07-08T00:00:00+00:00",4,3,0],["2025-09-22T00:00:00+00:00",4,3,0]]},"geometry":{"type":"Point","coordinates":[34.451312,31.508979]}},{"type":"Feature","properties":{"site_id":26,"event_code":"CE20231007PSE","latest_date":"2025-09-22T00:00:00+00:00","latest_class":4,"pass_count":12,"h":[["2023-11-26T00:00:00+00:00",4,3,3],["2024-01-06T00:00:00+00:00",4,3,0],["2024-02-29T00:00:00+00:00",4,3,0],["2024-04-01T00:00:00+00:00",4,3,0],["2024-05-03T00:00:00+00:00",4,3,0],["2024-07-06T00:00:00+00:00",4,3,0],["2024-09-06T00:00:00+00:00",4,3,0],["2024-12-01T00:00:00+00:00",4,3,0],["2025-02-25T00:00:00+00:00",4,3,0],["2025-04-04T00:00:00+00:00",4,3,0],["2025-07-08T00:00:00+00:00",4,3,0],["2025-09-22T00:00:00+00:00",4,3,0]]},"geometry":{"type":"Point","coordinates":[34.452706,31.507391]}},{"type":"Feature","properties":{"site_id":26,"event_code":"CE20231007PSE","latest_date":"2025-09-22T00:00:00+00:00","latest_class":4,"pass_count":6,"h":[["2024-09-06T00:00:00+00:00",4,3,3],["2024-12-01T00:00:00+00:00",4,3,0],["2025-02-25T00:00:00+00:00",4,3,0],["2025-04-04T00:00:00+00:00",4,3,0],["2025-07-08T00:00:00+00:00",4,3,0],["2025-09-22T00:00:00+00:00",4,3,0]]},"geometry":{"type":"Point","coordinates":[34.447028,31.508838]}},{"type":"Feature","properties":{"site_id":26,"event_code":"CE20231007PSE","latest_date":"2025-09-22T00:00:00+00:00","latest_class":4,"pass_count":12,"h":[["2023-11-26T00:00:00+00:00",4,3,3],["2024-01-06T00:00:00+00:00",4,3,0],["2024-02-29T00:00:00+00:00",4,3,0],["2024-04-01T00:00:00+00:00",4,3,0],["2024-05-03T00:00:00+00:00",4,3,0],["2024-07-06T00:00:00+00:00",4,3,0],["2024-09-06T00:00:00+00:00",4,3,0],["2024-12-01T00:00:00+00:00",4,3,0],["2025-02-25T00:00:00+00:00",4,3,0],["2025-04-04T00:00:00+00:00",4,3,0],["2025-07-08T00:00:00+00:00",4,3,0],["2025-09-22T00:00:00+00:00",4,3,0]]},"geometry":{"type":"Point","coordinates":[34.454087,31.503715]}},{"type":"Feature","properties":{"site_id":26,"event_code":"CE20231007PSE","latest_date":"2025-09-22T00:00:00+00:00","latest_class":4,"pass_count":1,"h":[["2025-09-22T00:00:00+00:00",4,3,3]]},"geometry":{"type":"Point","coordinates":[34.444053,31.505492]}},{"type":"Feature","properties":{"site_id":26,"event_code":"CE20231007PSE","latest_date":"2025-09-22T00:00:00+00:00","latest_class":4,"pass_count":11,"h":[["2024-01-06T00:00:00+00:00",4,3,3],["2024-02-29T00:00:00+00:00",4,3,0],["2024-04-01T00:00:00+00:00",4,3,0],["2024-05-03T00:00:00+00:00",4,3,0],["2024-07-06T00:00:00+00:00",4,3,0],["2024-09-06T00:00:00+00:00",4,3,0],["2024-12-01T00:00:00+00:00",4,3,0],["2025-02-25T00:00:00+00:00",4,3,0],["2025-04-04T00:00:00+00:00",4,3,0],["2025-07-08T00:00:00+00:00",4,3,0],["2025-09-22T00:00:00+00:00",4,3,0]]},"geometry":{"type":"Point","coordinates":[34.45051,31.508813]}},{"type":"Feature","properties":{"site_id":26,"event_code":"CE20231007PSE","latest_date":"2025-09-22T00:00:00+00:00","latest_class":4,"pass_count":12,"h":[["2023-11-26T00:00:00+00:00",4,3,3],["2024-01-06T00:00:00+00:00",4,3,0],["2024-02-29T00:00:00+00:00",4,3,0],["2024-04-01T00:00:00+00:00",4,3,0],["2024-05-03T00:00:00+00:00",4,3,0],["2024-07-06T00:00:00+00:00",4,3,0],["2024-09-06T00:00:00+00:00",4,3,0],["2024-12-01T00:00:00+00:00",4,3,0],["2025-02-25T00:00:00+00:00",4,3,0],["2025-04-04T00:00:00+00:00",4,3,0],["2025-07-08T00:00:00+00:00",4,3,0],["2025-09-22T00:00:00+00:00",4,3,0]]},"geometry":{"type":"Point","coordinates":[34.454782,31.506359]}},{"type":"Feature","properties":{"site_id":26,"event_code":"CE20231007PSE","latest_date":"2025-09-22T00:00:00+00:00","latest_class":4,"pass_count":13,"h":[["2023-11-07T00:00:00+00:00",4,3,3],["2023-11-26T00:00:00+00:00",4,3,0],["2024-01-06T00:00:00+00:00",4,3,0],["2024-02-29T00:00:00+00:00",4,3,0],["2024-04-01T00:00:00+00:00",4,3,0],["2024-05-03T00:00:00+00:00",4,3,0],["2024-07-06T00:00:00+00:00",4,3,0],["2024-09-06T00:00:00+00:00",4,3,0],["2024-12-01T00:00:00+00:00",4,3,0],["2025-02-25T00:00:00+00:00",4,3,0],["2025-04-04T00:00:00+00:00",4,3,0],["2025-07-08T00:00:00+00:00",4,3,0],["2025-09-22T00:00:00+00:00",4,3,0]]},"geometry":{"type":"Point","coordinates":[34.443712,31.506414]}},{"type":"Feature","properties":{"site_id":26,"event_code":"CE20231007PSE","latest_date":"2025-09-22T00:00:00+00:00","latest_class":4,"pass_count":12,"h":[["2023-11-26T00:00:00+00:00",4,3,3],["2024-01-06T00:00:00+00:00",4,3,0],["2024-02-29T00:00:00+00:00",4,3,0],["2024-04-01T00:00:00+00:00",4,3,0],["2024-05-03T00:00:00+00:00",4,3,0],["2024-07-06T00:00:00+00:00",4,3,0],["2024-09-06T00:00:00+00:00",4,3,0],["2024-12-01T00:00:00+00:00",4,3,0],["2025-02-25T00:00:00+00:00",4,3,0],["2025-04-04T00:00:00+00:00",4,3,0],["2025-07-08T00:00:00+00:00",4,3,0],["2025-09-22T00:00:00+00:00",4,3,0]]},"geometry":{"type":"Point","coordinates":[34.453284,31.506706]}},{"type":"Feature","properties":{"site_id":26,"event_code":"CE20231007PSE","latest_date":"2025-09-22T00:00:00+00:00","latest_class":4,"pass_count":12,"h":[["2023-11-26T00:00:00+00:00",4,3,3],["2024-01-06T00:00:00+00:00",4,3,0],["2024-02-29T00:00:00+00:00",4,3,0],["2024-04-01T00:00:00+00:00",4,3,0],["2024-05-03T00:00:00+00:00",4,3,0],["2024-07-06T00:00:00+00:00",4,3,0],["2024-09-06T00:00:00+00:00",4,3,0],["2024-12-01T00:00:00+00:00",4,3,0],["2025-02-25T00:00:00+00:00",4,3,0],["2025-04-04T00:00:00+00:00",4,3,0],["2025-07-08T00:00:00+00:00",4,3,0],["2025-09-22T00:00:00+00:00",4,3,0]]},"geometry":{"type":"Point","coordinates":[34.45437,31.505438]}},{"type":"Feature","properties":{"site_id":26,"event_code":"CE20231007PSE","latest_date":"2025-09-22T00:00:00+00:00","latest_class":4,"pass_count":13,"h":[["2023-11-07T00:00:00+00:00",4,3,3],["2023-11-26T00:00:00+00:00",4,3,0],["2024-01-06T00:00:00+00:00",4,3,0],["2024-02-29T00:00:00+00:00",4,3,0],["2024-04-01T00:00:00+00:00",4,3,0],["2024-05-03T00:00:00+00:00",4,3,0],["2024-07-06T00:00:00+00:00",4,3,0],["2024-09-06T00:00:00+00:00",4,3,0],["2024-12-01T00:00:00+00:00",4,3,0],["2025-02-25T00:00:00+00:00",4,3,0],["2025-04-04T00:00:00+00:00",4,3,0],["2025-07-08T00:00:00+00:00",4,3,0],["2025-09-22T00:00:00+00:00",4,3,0]]},"geometry":{"type":"Point","coordinates":[34.443853,31.507515]}},{"type":"Feature","properties":{"site_id":26,"event_code":"CE20231007PSE","latest_date":"2025-09-22T00:00:00+00:00","latest_class":4,"pass_count":11,"h":[["2024-01-06T00:00:00+00:00",4,3,3],["2024-02-29T00:00:00+00:00",4,3,0],["2024-04-01T00:00:00+00:00",4,3,0],["2024-05-03T00:00:00+00:00",4,3,0],["2024-07-06T00:00:00+00:00",4,3,0],["2024-09-06T00:00:00+00:00",4,3,0],["2024-12-01T00:00:00+00:00",4,3,0],["2025-02-25T00:00:00+00:00",4,3,0],["2025-04-04T00:00:00+00:00",4,3,0],["2025-07-08T00:00:00+00:00",4,3,0],["2025-09-22T00:00:00+00:00",4,3,0]]},"geometry":{"type":"Point","coordinates":[34.450804,31.509957]}},{"type":"Feature","properties":{"site_id":26,"event_code":"CE20231007PSE","latest_date":"2025-09-22T00:00:00+00:00","latest_class":4,"pass_count":11,"h":[["2024-01-06T00:00:00+00:00",4,3,3],["2024-02-29T00:00:00+00:00",4,3,0],["2024-04-01T00:00:00+00:00",4,3,0],["2024-05-03T00:00:00+00:00",4,3,0],["2024-07-06T00:00:00+00:00",4,3,0],["2024-09-06T00:00:00+00:00",4,3,0],["2024-12-01T00:00:00+00:00",4,3,0],["2025-02-25T00:00:00+00:00",4,3,0],["2025-04-04T00:00:00+00:00",4,3,0],["2025-07-08T00:00:00+00:00",4,3,0],["2025-09-22T00:00:00+00:00",4,3,0]]},"geometry":{"type":"Point","coordinates":[34.453904,31.507838]}},{"type":"Feature","properties":{"site_id":26,"event_code":"CE20231007PSE","latest_date":"2025-09-22T00:00:00+00:00","latest_class":4,"pass_count":11,"h":[["2024-01-06T00:00:00+00:00",4,3,3],["2024-02-29T00:00:00+00:00",4,3,0],["2024-04-01T00:00:00+00:00",4,3,0],["2024-05-03T00:00:00+00:00",4,3,0],["2024-07-06T00:00:00+00:00",4,3,0],["2024-09-06T00:00:00+00:00",4,3,0],["2024-12-01T00:00:00+00:00",4,3,0],["2025-02-25T00:00:00+00:00",4,3,0],["2025-04-04T00:00:00+00:00",4,3,0],["2025-07-08T00:00:00+00:00",4,3,0],["2025-09-22T00:00:00+00:00",4,3,0]]},"geometry":{"type":"Point","coordinates":[34.455051,31.505754]}},{"type":"Feature","properties":{"site_id":26,"event_code":"CE20231007PSE","latest_date":"2025-09-22T00:00:00+00:00","latest_class":4,"pass_count":1,"h":[["2025-09-22T00:00:00+00:00",4,3,3]]},"geometry":{"type":"Point","coordinates":[34.443858,31.511596]}},{"type":"Feature","properties":{"site_id":26,"event_code":"CE20231007PSE","latest_date":"2025-09-22T00:00:00+00:00","latest_class":4,"pass_count":12,"h":[["2023-11-26T00:00:00+00:00",4,3,3],["2024-01-06T00:00:00+00:00",4,3,0],["2024-02-29T00:00:00+00:00",4,3,0],["2024-04-01T00:00:00+00:00",4,3,0],["2024-05-03T00:00:00+00:00",4,3,0],["2024-07-06T00:00:00+00:00",4,3,0],["2024-09-06T00:00:00+00:00",4,3,0],["2024-12-01T00:00:00+00:00",4,3,0],["2025-02-25T00:00:00+00:00",4,3,0],["2025-04-04T00:00:00+00:00",4,3,0],["2025-07-08T00:00:00+00:00",4,3,0],["2025-09-22T00:00:00+00:00",4,3,0]]},"geometry":{"type":"Point","coordinates":[34.457589,31.507012]}},{"type":"Feature","properties":{"site_id":26,"event_code":"CE20231007PSE","latest_date":"2025-09-22T00:00:00+00:00","latest_class":4,"pass_count":13,"h":[["2023-11-07T00:00:00+00:00",4,3,3],["2023-11-26T00:00:00+00:00",4,3,0],["2024-01-06T00:00:00+00:00",4,3,0],["2024-02-29T00:00:00+00:00",4,3,0],["2024-04-01T00:00:00+00:00",4,3,0],["2024-05-03T00:00:00+00:00",4,3,0],["2024-07-06T00:00:00+00:00",4,3,0],["2024-09-06T00:00:00+00:00",4,3,0],["2024-12-01T00:00:00+00:00",4,3,0],["2025-02-25T00:00:00+00:00",4,3,0],["2025-04-04T00:00:00+00:00",4,3,0],["2025-07-08T00:00:00+00:00",4,3,0],["2025-09-22T00:00:00+00:00",4,3,0]]},"geometry":{"type":"Point","coordinates":[34.440793,31.508868]}},{"type":"Feature","properties":{"site_id":26,"event_code":"CE20231007PSE","latest_date":"2025-09-22T00:00:00+00:00","latest_class":4,"pass_count":11,"h":[["2024-01-06T00:00:00+00:00",4,3,3],["2024-02-29T00:00:00+00:00",4,3,0],["2024-04-01T00:00:00+00:00",4,3,0],["2024-05-03T00:00:00+00:00",4,3,0],["2024-07-06T00:00:00+00:00",4,3,0],["2024-09-06T00:00:00+00:00",4,3,0],["2024-12-01T00:00:00+00:00",4,3,0],["2025-02-25T00:00:00+00:00",4,3,0],["2025-04-04T00:00:00+00:00",4,3,0],["2025-07-08T00:00:00+00:00",4,3,0],["2025-09-22T00:00:00+00:00",4,3,0]]},"geometry":{"type":"Point","coordinates":[34.452293,31.510867]}},{"type":"Feature","properties":{"site_id":26,"event_code":"CE20231007PSE","latest_date":"2025-09-22T00:00:00+00:00","latest_class":4,"pass_count":13,"h":[["2023-11-07T00:00:00+00:00",4,3,3],["2023-11-26T00:00:00+00:00",4,3,0],["2024-01-06T00:00:00+00:00",4,3,0],["2024-02-29T00:00:00+00:00",4,3,0],["2024-04-01T00:00:00+00:00",4,3,0],["2024-05-03T00:00:00+00:00",4,3,0],["2024-07-06T00:00:00+00:00",4,3,0],["2024-09-06T00:00:00+00:00",4,3,0],["2024-12-01T00:00:00+00:00",4,3,0],["2025-02-25T00:00:00+00:00",4,3,0],["2025-04-04T00:00:00+00:00",4,3,0],["2025-07-08T00:00:00+00:00",4,3,0],["2025-09-22T00:00:00+00:00",4,3,0]]},"geometry":{"type":"Point","coordinates":[34.456511,31.506993]}},{"type":"Feature","properties":{"site_id":26,"event_code":"CE20231007PSE","latest_date":"2025-09-22T00:00:00+00:00","latest_class":4,"pass_count":11,"h":[["2024-01-06T00:00:00+00:00",4,3,3],["2024-02-29T00:00:00+00:00",4,3,0],["2024-04-01T00:00:00+00:00",4,3,0],["2024-05-03T00:00:00+00:00",4,3,0],["2024-07-06T00:00:00+00:00",4,3,0],["2024-09-06T00:00:00+00:00",4,3,0],["2024-12-01T00:00:00+00:00",4,3,0],["2025-02-25T00:00:00+00:00",4,3,0],["2025-04-04T00:00:00+00:00",4,3,0],["2025-07-08T00:00:00+00:00",4,3,0],["2025-09-22T00:00:00+00:00",4,3,0]]},"geometry":{"type":"Point","coordinates":[34.452988,31.506068]}},{"type":"Feature","properties":{"site_id":26,"event_code":"CE20231007PSE","latest_date":"2025-09-22T00:00:00+00:00","latest_class":4,"pass_count":12,"h":[["2023-11-26T00:00:00+00:00",4,3,3],["2024-01-06T00:00:00+00:00",4,3,0],["2024-02-29T00:00:00+00:00",4,3,0],["2024-04-01T00:00:00+00:00",4,3,0],["2024-05-03T00:00:00+00:00",4,3,0],["2024-07-06T00:00:00+00:00",4,3,0],["2024-09-06T00:00:00+00:00",4,3,0],["2024-12-01T00:00:00+00:00",4,3,0],["2025-02-25T00:00:00+00:00",4,3,0],["2025-04-04T00:00:00+00:00",4,3,0],["2025-07-08T00:00:00+00:00",4,3,0],["2025-09-22T00:00:00+00:00",4,3,0]]},"geometry":{"type":"Point","coordinates":[34.443522,31.506118]}},{"type":"Feature","properties":{"site_id":26,"event_code":"CE20231007PSE","latest_date":"2025-09-22T00:00:00+00:00","latest_class":4,"pass_count":5,"h":[["2024-12-01T00:00:00+00:00",4,3,3],["2025-02-25T00:00:00+00:00",4,3,0],["2025-04-04T00:00:00+00:00",4,3,0],["2025-07-08T00:00:00+00:00",4,3,0],["2025-09-22T00:00:00+00:00",4,3,0]]},"geometry":{"type":"Point","coordinates":[34.448278,31.506805]}},{"type":"Feature","properties":{"site_id":26,"event_code":"CE20231007PSE","latest_date":"2025-09-22T00:00:00+00:00","latest_class":4,"pass_count":13,"h":[["2023-11-07T00:00:00+00:00",4,3,3],["2023-11-26T00:00:00+00:00",4,3,0],["2024-01-06T00:00:00+00:00",4,3,0],["2024-02-29T00:00:00+00:00",4,3,0],["2024-04-01T00:00:00+00:00",4,3,0],["2024-05-03T00:00:00+00:00",4,3,0],["2024-07-06T00:00:00+00:00",4,3,0],["2024-09-06T00:00:00+00:00",4,3,0],["2024-12-01T00:00:00+00:00",4,3,0],["2025-02-25T00:00:00+00:00",4,3,0],["2025-04-04T00:00:00+00:00",4,3,0],["2025-07-08T00:00:00+00:00",4,3,0],["2025-09-22T00:00:00+00:00",4,3,0]]},"geometry":{"type":"Point","coordinates":[34.440827,31.509009]}},{"type":"Feature","properties":{"site_id":26,"event_code":"CE20231007PSE","latest_date":"2025-09-22T00:00:00+00:00","latest_class":4,"pass_count":12,"h":[["2023-11-26T00:00:00+00:00",4,3,3],["2024-01-06T00:00:00+00:00",4,3,0],["2024-02-29T00:00:00+00:00",4,3,0],["2024-04-01T00:00:00+00:00",4,3,0],["2024-05-03T00:00:00+00:00",4,3,0],["2024-07-06T00:00:00+00:00",4,3,0],["2024-09-06T00:00:00+00:00",4,3,0],["2024-12-01T00:00:00+00:00",4,3,0],["2025-02-25T00:00:00+00:00",4,3,0],["2025-04-04T00:00:00+00:00",4,3,0],["2025-07-08T00:00:00+00:00",4,3,0],["2025-09-22T00:00:00+00:00",4,3,0]]},"geometry":{"type":"Point","coordinates":[34.451307,31.506186]}},{"type":"Feature","properties":{"site_id":26,"event_code":"CE20231007PSE","latest_date":"2025-09-22T00:00:00+00:00","latest_class":4,"pass_count":11,"h":[["2024-01-06T00:00:00+00:00",4,3,3],["2024-02-29T00:00:00+00:00",4,3,0],["2024-04-01T00:00:00+00:00",4,3,0],["2024-05-03T00:00:00+00:00",4,3,0],["2024-07-06T00:00:00+00:00",4,3,0],["2024-09-06T00:00:00+00:00",4,3,0],["2024-12-01T00:00:00+00:00",4,3,0],["2025-02-25T00:00:00+00:00",4,3,0],["2025-04-04T00:00:00+00:00",4,3,0],["2025-07-08T00:00:00+00:00",4,3,0],["2025-09-22T00:00:00+00:00",4,3,0]]},"geometry":{"type":"Point","coordinates":[34.456395,31.505053]}},{"type":"Feature","properties":{"site_id":26,"event_code":"CE20231007PSE","latest_date":"2025-09-22T00:00:00+00:00","latest_class":4,"pass_count":13,"h":[["2023-11-07T00:00:00+00:00",4,3,3],["2023-11-26T00:00:00+00:00",4,3,0],["2024-01-06T00:00:00+00:00",4,3,0],["2024-02-29T00:00:00+00:00",4,3,0],["2024-04-01T00:00:00+00:00",4,3,0],["2024-05-03T00:00:00+00:00",4,3,0],["2024-07-06T00:00:00+00:00",4,3,0],["2024-09-06T00:00:00+00:00",4,3,0],["2024-12-01T00:00:00+00:00",4,3,0],["2025-02-25T00:00:00+00:00",4,3,0],["2025-04-04T00:00:00+00:00",4,3,0],["2025-07-08T00:00:00+00:00",4,3,0],["2025-09-22T00:00:00+00:00",4,3,0]]},"geometry":{"type":"Point","coordinates":[34.445549,31.509739]}},{"type":"Feature","properties":{"site_id":26,"event_code":"CE20231007PSE","latest_date":"2025-09-22T00:00:00+00:00","latest_class":4,"pass_count":12,"h":[["2023-11-26T00:00:00+00:00",4,3,3],["2024-01-06T00:00:00+00:00",4,3,0],["2024-02-29T00:00:00+00:00",4,3,0],["2024-04-01T00:00:00+00:00",4,3,0],["2024-05-03T00:00:00+00:00",4,3,0],["2024-07-06T00:00:00+00:00",4,3,0],["2024-09-06T00:00:00+00:00",4,3,0],["2024-12-01T00:00:00+00:00",4,3,0],["2025-02-25T00:00:00+00:00",4,3,0],["2025-04-04T00:00:00+00:00",4,3,0],["2025-07-08T00:00:00+00:00",4,3,0],["2025-09-22T00:00:00+00:00",4,3,0]]},"geometry":{"type":"Point","coordinates":[34.45264,31.507298]}},{"type":"Feature","properties":{"site_id":26,"event_code":"CE20231007PSE","latest_date":"2025-09-22T00:00:00+00:00","latest_class":4,"pass_count":11,"h":[["2024-01-06T00:00:00+00:00",4,3,3],["2024-02-29T00:00:00+00:00",4,3,0],["2024-04-01T00:00:00+00:00",4,3,0],["2024-05-03T00:00:00+00:00",4,3,0],["2024-07-06T00:00:00+00:00",4,3,0],["2024-09-06T00:00:00+00:00",4,3,0],["2024-12-01T00:00:00+00:00",4,3,0],["2025-02-25T00:00:00+00:00",4,3,0],["2025-04-04T00:00:00+00:00",4,3,0],["2025-07-08T00:00:00+00:00",4,3,0],["2025-09-22T00:00:00+00:00",4,3,0]]},"geometry":{"type":"Point","coordinates":[34.455818,31.506333]}},{"type":"Feature","properties":{"site_id":26,"event_code":"CE20231007PSE","latest_date":"2025-09-22T00:00:00+00:00","latest_class":4,"pass_count":12,"h":[["2023-11-26T00:00:00+00:00",4,3,3],["2024-01-06T00:00:00+00:00",4,3,0],["2024-02-29T00:00:00+00:00",4,3,0],["2024-04-01T00:00:00+00:00",4,3,0],["2024-05-03T00:00:00+00:00",4,3,0],["2024-07-06T00:00:00+00:00",4,3,0],["2024-09-06T00:00:00+00:00",4,3,0],["2024-12-01T00:00:00+00:00",4,3,0],["2025-02-25T00:00:00+00:00",4,3,0],["2025-04-04T00:00:00+00:00",4,3,0],["2025-07-08T00:00:00+00:00",4,3,0],["2025-09-22T00:00:00+00:00",4,3,0]]},"geometry":{"type":"Point","coordinates":[34.454081,31.506508]}},{"type":"Feature","properties":{"site_id":26,"event_code":"CE20231007PSE","latest_date":"2025-09-22T00:00:00+00:00","latest_class":4,"pass_count":1,"h":[["2025-09-22T00:00:00+00:00",4,3,3]]},"geometry":{"type":"Point","coordinates":[34.444143,31.505472]}},{"type":"Feature","properties":{"site_id":26,"event_code":"CE20231007PSE","latest_date":"2025-09-22T00:00:00+00:00","latest_class":4,"pass_count":12,"h":[["2023-11-26T00:00:00+00:00",4,3,3],["2024-01-06T00:00:00+00:00",4,3,0],["2024-02-29T00:00:00+00:00",4,3,0],["2024-04-01T00:00:00+00:00",4,3,0],["2024-05-03T00:00:00+00:00",4,3,0],["2024-07-06T00:00:00+00:00",4,3,0],["2024-09-06T00:00:00+00:00",4,3,0],["2024-12-01T00:00:00+00:00",4,3,0],["2025-02-25T00:00:00+00:00",4,3,0],["2025-04-04T00:00:00+00:00",4,3,0],["2025-07-08T00:00:00+00:00",4,3,0],["2025-09-22T00:00:00+00:00",4,3,0]]},"geometry":{"type":"Point","coordinates":[34.453993,31.506563]}},{"type":"Feature","properties":{"site_id":26,"event_code":"CE20231007PSE","latest_date":"2025-09-22T00:00:00+00:00","latest_class":4,"pass_count":10,"h":[["2024-02-29T00:00:00+00:00",4,3,3],["2024-04-01T00:00:00+00:00",4,3,0],["2024-05-03T00:00:00+00:00",4,3,0],["2024-07-06T00:00:00+00:00",4,3,0],["2024-09-06T00:00:00+00:00",4,3,0],["2024-12-01T00:00:00+00:00",4,3,0],["2025-02-25T00:00:00+00:00",4,3,0],["2025-04-04T00:00:00+00:00",4,3,0],["2025-07-08T00:00:00+00:00",4,3,0],["2025-09-22T00:00:00+00:00",4,3,0]]},"geometry":{"type":"Point","coordinates":[34.454371,31.51022]}},{"type":"Feature","properties":{"site_id":26,"event_code":"CE20231007PSE","latest_date":"2025-09-22T00:00:00+00:00","latest_class":4,"pass_count":7,"h":[["2024-07-06T00:00:00+00:00",4,3,3],["2024-09-06T00:00:00+00:00",4,3,0],["2024-12-01T00:00:00+00:00",4,3,0],["2025-02-25T00:00:00+00:00",4,3,0],["2025-04-04T00:00:00+00:00",4,3,0],["2025-07-08T00:00:00+00:00",4,3,0],["2025-09-22T00:00:00+00:00",4,3,0]]},"geometry":{"type":"Point","coordinates":[34.450157,31.504642]}},{"type":"Feature","properties":{"site_id":26,"event_code":"CE20231007PSE","latest_date":"2025-09-22T00:00:00+00:00","latest_class":4,"pass_count":12,"h":[["2023-11-26T00:00:00+00:00",4,3,3],["2024-01-06T00:00:00+00:00",4,3,0],["2024-02-29T00:00:00+00:00",4,3,0],["2024-04-01T00:00:00+00:00",4,3,0],["2024-05-03T00:00:00+00:00",4,3,0],["2024-07-06T00:00:00+00:00",4,3,0],["2024-09-06T00:00:00+00:00",4,3,0],["2024-12-01T00:00:00+00:00",4,3,0],["2025-02-25T00:00:00+00:00",4,3,0],["2025-04-04T00:00:00+00:00",4,3,0],["2025-07-08T00:00:00+00:00",4,3,0],["2025-09-22T00:00:00+00:00",4,3,0]]},"geometry":{"type":"Point","coordinates":[34.441214,31.505794]}},{"type":"Feature","properties":{"site_id":26,"event_code":"CE20231007PSE","latest_date":"2025-09-22T00:00:00+00:00","latest_class":4,"pass_count":12,"h":[["2023-11-26T00:00:00+00:00",4,3,3],["2024-01-06T00:00:00+00:00",4,3,0],["2024-02-29T00:00:00+00:00",4,3,0],["2024-04-01T00:00:00+00:00",4,3,0],["2024-05-03T00:00:00+00:00",4,3,0],["2024-07-06T00:00:00+00:00",4,3,0],["2024-09-06T00:00:00+00:00",4,3,0],["2024-12-01T00:00:00+00:00",4,3,0],["2025-02-25T00:00:00+00:00",4,3,0],["2025-04-04T00:00:00+00:00",4,3,0],["2025-07-08T00:00:00+00:00",4,3,0],["2025-09-22T00:00:00+00:00",4,3,0]]},"geometry":{"type":"Point","coordinates":[34.447641,31.506809]}},{"type":"Feature","properties":{"site_id":26,"event_code":"CE20231007PSE","latest_date":"2025-09-22T00:00:00+00:00","latest_class":4,"pass_count":13,"h":[["2023-11-07T00:00:00+00:00",4,3,3],["2023-11-26T00:00:00+00:00",4,3,0],["2024-01-06T00:00:00+00:00",4,3,0],["2024-02-29T00:00:00+00:00",4,3,0],["2024-04-01T00:00:00+00:00",4,3,0],["2024-05-03T00:00:00+00:00",4,3,0],["2024-07-06T00:00:00+00:00",4,3,0],["2024-09-06T00:00:00+00:00",4,3,0],["2024-12-01T00:00:00+00:00",4,3,0],["2025-02-25T00:00:00+00:00",4,3,0],["2025-04-04T00:00:00+00:00",4,3,0],["2025-07-08T00:00:00+00:00",4,3,0],["2025-09-22T00:00:00+00:00",4,3,0]]},"geometry":{"type":"Point","coordinates":[34.451648,31.505451]}},{"type":"Feature","properties":{"site_id":26,"event_code":"CE20231007PSE","latest_date":"2025-09-22T00:00:00+00:00","latest_class":4,"pass_count":1,"h":[["2025-09-22T00:00:00+00:00",4,3,3]]},"geometry":{"type":"Point","coordinates":[34.44163,31.504814]}},{"type":"Feature","properties":{"site_id":26,"event_code":"CE20231007PSE","latest_date":"2025-09-22T00:00:00+00:00","latest_class":4,"pass_count":1,"h":[["2025-09-22T00:00:00+00:00",4,3,3]]},"geometry":{"type":"Point","coordinates":[34.442593,31.504793]}},{"type":"Feature","properties":{"site_id":26,"event_code":"CE20231007PSE","latest_date":"2025-09-22T00:00:00+00:00","latest_class":4,"pass_count":13,"h":[["2023-11-07T00:00:00+00:00",4,3,3],["2023-11-26T00:00:00+00:00",4,3,0],["2024-01-06T00:00:00+00:00",4,3,0],["2024-02-29T00:00:00+00:00",4,3,0],["2024-04-01T00:00:00+00:00",4,3,0],["2024-05-03T00:00:00+00:00",4,3,0],["2024-07-06T00:00:00+00:00",4,3,0],["2024-09-06T00:00:00+00:00",4,3,0],["2024-12-01T00:00:00+00:00",4,3,0],["2025-02-25T00:00:00+00:00",4,3,0],["2025-04-04T00:00:00+00:00",4,3,0],["2025-07-08T00:00:00+00:00",4,3,0],["2025-09-22T00:00:00+00:00",4,3,0]]},"geometry":{"type":"Point","coordinates":[34.445775,31.510166]}},{"type":"Feature","properties":{"site_id":26,"event_code":"CE20231007PSE","latest_date":"2025-09-22T00:00:00+00:00","latest_class":4,"pass_count":13,"h":[["2023-11-07T00:00:00+00:00",4,3,3],["2023-11-26T00:00:00+00:00",4,3,0],["2024-01-06T00:00:00+00:00",4,3,0],["2024-02-29T00:00:00+00:00",4,3,0],["2024-04-01T00:00:00+00:00",4,3,0],["2024-05-03T00:00:00+00:00",4,3,0],["2024-07-06T00:00:00+00:00",4,3,0],["2024-09-06T00:00:00+00:00",4,3,0],["2024-12-01T00:00:00+00:00",4,3,0],["2025-02-25T00:00:00+00:00",4,3,0],["2025-04-04T00:00:00+00:00",4,3,0],["2025-07-08T00:00:00+00:00",4,3,0],["2025-09-22T00:00:00+00:00",4,3,0]]},"geometry":{"type":"Point","coordinates":[34.446543,31.509522]}},{"type":"Feature","properties":{"site_id":26,"event_code":"CE20231007PSE","latest_date":"2025-09-22T00:00:00+00:00","latest_class":4,"pass_count":14,"h":[["2023-10-15T00:00:00+00:00",4,3,null],["2023-11-07T00:00:00+00:00",4,3,0],["2023-11-26T00:00:00+00:00",4,3,0],["2024-01-06T00:00:00+00:00",4,3,0],["2024-02-29T00:00:00+00:00",4,3,0],["2024-04-01T00:00:00+00:00",4,3,0],["2024-05-03T00:00:00+00:00",4,3,0],["2024-07-06T00:00:00+00:00",4,3,0],["2024-09-06T00:00:00+00:00",4,3,0],["2024-12-01T00:00:00+00:00",4,3,0],["2025-02-25T00:00:00+00:00",4,3,0],["2025-04-04T00:00:00+00:00",4,3,0],["2025-07-08T00:00:00+00:00",4,3,0],["2025-09-22T00:00:00+00:00",4,3,0]]},"geometry":{"type":"Point","coordinates":[34.448173,31.509103]}},{"type":"Feature","properties":{"site_id":26,"event_code":"CE20231007PSE","latest_date":"2025-09-22T00:00:00+00:00","latest_class":4,"pass_count":1,"h":[["2025-09-22T00:00:00+00:00",4,3,3]]},"geometry":{"type":"Point","coordinates":[34.452184,31.503372]}},{"type":"Feature","properties":{"site_id":26,"event_code":"CE20231007PSE","latest_date":"2025-09-22T00:00:00+00:00","latest_class":4,"pass_count":13,"h":[["2023-11-07T00:00:00+00:00",4,3,3],["2023-11-26T00:00:00+00:00",4,3,0],["2024-01-06T00:00:00+00:00",4,3,0],["2024-02-29T00:00:00+00:00",4,3,0],["2024-04-01T00:00:00+00:00",4,3,0],["2024-05-03T00:00:00+00:00",4,3,0],["2024-07-06T00:00:00+00:00",4,3,0],["2024-09-06T00:00:00+00:00",4,3,0],["2024-12-01T00:00:00+00:00",4,3,0],["2025-02-25T00:00:00+00:00",4,3,0],["2025-04-04T00:00:00+00:00",4,3,0],["2025-07-08T00:00:00+00:00",4,3,0],["2025-09-22T00:00:00+00:00",4,3,0]]},"geometry":{"type":"Point","coordinates":[34.456807,31.502277]}},{"type":"Feature","properties":{"site_id":26,"event_code":"CE20231007PSE","latest_date":"2025-09-22T00:00:00+00:00","latest_class":4,"pass_count":7,"h":[["2024-07-06T00:00:00+00:00",4,3,3],["2024-09-06T00:00:00+00:00",4,3,0],["2024-12-01T00:00:00+00:00",4,3,0],["2025-02-25T00:00:00+00:00",4,3,0],["2025-04-04T00:00:00+00:00",4,3,0],["2025-07-08T00:00:00+00:00",4,3,0],["2025-09-22T00:00:00+00:00",4,3,0]]},"geometry":{"type":"Point","coordinates":[34.451818,31.504258]}},{"type":"Feature","properties":{"site_id":26,"event_code":"CE20231007PSE","latest_date":"2025-09-22T00:00:00+00:00","latest_class":4,"pass_count":6,"h":[["2024-09-06T00:00:00+00:00",4,3,3],["2024-12-01T00:00:00+00:00",4,3,0],["2025-02-25T00:00:00+00:00",4,3,0],["2025-04-04T00:00:00+00:00",4,3,0],["2025-07-08T00:00:00+00:00",4,3,0],["2025-09-22T00:00:00+00:00",4,3,0]]},"geometry":{"type":"Point","coordinates":[34.439522,31.507866]}},{"type":"Feature","properties":{"site_id":26,"event_code":"CE20231007PSE","latest_date":"2025-09-22T00:00:00+00:00","latest_class":4,"pass_count":12,"h":[["2023-11-26T00:00:00+00:00",4,3,3],["2024-01-06T00:00:00+00:00",4,3,0],["2024-02-29T00:00:00+00:00",4,3,0],["2024-04-01T00:00:00+00:00",4,3,0],["2024-05-03T00:00:00+00:00",4,3,0],["2024-07-06T00:00:00+00:00",4,3,0],["2024-09-06T00:00:00+00:00",4,3,0],["2024-12-01T00:00:00+00:00",4,3,0],["2025-02-25T00:00:00+00:00",4,3,0],["2025-04-04T00:00:00+00:00",4,3,0],["2025-07-08T00:00:00+00:00",4,3,0],["2025-09-22T00:00:00+00:00",4,3,0]]},"geometry":{"type":"Point","coordinates":[34.447965,31.506475]}},{"type":"Feature","properties":{"site_id":26,"event_code":"CE20231007PSE","latest_date":"2025-09-22T00:00:00+00:00","latest_class":4,"pass_count":12,"h":[["2023-11-26T00:00:00+00:00",4,3,3],["2024-01-06T00:00:00+00:00",4,3,0],["2024-02-29T00:00:00+00:00",4,3,0],["2024-04-01T00:00:00+00:00",4,3,0],["2024-05-03T00:00:00+00:00",4,3,0],["2024-07-06T00:00:00+00:00",4,3,0],["2024-09-06T00:00:00+00:00",4,3,0],["2024-12-01T00:00:00+00:00",4,3,0],["2025-02-25T00:00:00+00:00",4,3,0],["2025-04-04T00:00:00+00:00",4,3,0],["2025-07-08T00:00:00+00:00",4,3,0],["2025-09-22T00:00:00+00:00",4,3,0]]},"geometry":{"type":"Point","coordinates":[34.448206,31.506454]}},{"type":"Feature","properties":{"site_id":26,"event_code":"CE20231007PSE","latest_date":"2025-09-22T00:00:00+00:00","latest_class":4,"pass_count":12,"h":[["2023-11-26T00:00:00+00:00",4,3,3],["2024-01-06T00:00:00+00:00",4,3,0],["2024-02-29T00:00:00+00:00",4,3,0],["2024-04-01T00:00:00+00:00",4,3,0],["2024-05-03T00:00:00+00:00",4,3,0],["2024-07-06T00:00:00+00:00",4,3,0],["2024-09-06T00:00:00+00:00",4,3,0],["2024-12-01T00:00:00+00:00",4,3,0],["2025-02-25T00:00:00+00:00",4,3,0],["2025-04-04T00:00:00+00:00",4,3,0],["2025-07-08T00:00:00+00:00",4,3,0],["2025-09-22T00:00:00+00:00",4,3,0]]},"geometry":{"type":"Point","coordinates":[34.447728,31.506856]}},{"type":"Feature","properties":{"site_id":26,"event_code":"CE20231007PSE","latest_date":"2025-09-22T00:00:00+00:00","latest_class":4,"pass_count":10,"h":[["2024-02-29T00:00:00+00:00",4,3,3],["2024-04-01T00:00:00+00:00",4,3,0],["2024-05-03T00:00:00+00:00",4,3,0],["2024-07-06T00:00:00+00:00",4,3,0],["2024-09-06T00:00:00+00:00",4,3,0],["2024-12-01T00:00:00+00:00",4,3,0],["2025-02-25T00:00:00+00:00",4,3,0],["2025-04-04T00:00:00+00:00",4,3,0],["2025-07-08T00:00:00+00:00",4,3,0],["2025-09-22T00:00:00+00:00",4,3,0]]},"geometry":{"type":"Point","coordinates":[34.448701,31.507558]}},{"type":"Feature","properties":{"site_id":26,"event_code":"CE20231007PSE","latest_date":"2025-09-22T00:00:00+00:00","latest_class":4,"pass_count":12,"h":[["2023-11-26T00:00:00+00:00",4,3,3],["2024-01-06T00:00:00+00:00",4,3,0],["2024-02-29T00:00:00+00:00",4,3,0],["2024-04-01T00:00:00+00:00",4,3,0],["2024-05-03T00:00:00+00:00",4,3,0],["2024-07-06T00:00:00+00:00",4,3,0],["2024-09-06T00:00:00+00:00",4,3,0],["2024-12-01T00:00:00+00:00",4,3,0],["2025-02-25T00:00:00+00:00",4,3,0],["2025-04-04T00:00:00+00:00",4,3,0],["2025-07-08T00:00:00+00:00",4,3,0],["2025-09-22T00:00:00+00:00",4,3,0]]},"geometry":{"type":"Point","coordinates":[34.447132,31.506508]}},{"type":"Feature","properties":{"site_id":26,"event_code":"CE20231007PSE","latest_date":"2025-09-22T00:00:00+00:00","latest_class":4,"pass_count":12,"h":[["2023-11-26T00:00:00+00:00",4,3,3],["2024-01-06T00:00:00+00:00",4,3,0],["2024-02-29T00:00:00+00:00",4,3,0],["2024-04-01T00:00:00+00:00",4,3,0],["2024-05-03T00:00:00+00:00",4,3,0],["2024-07-06T00:00:00+00:00",4,3,0],["2024-09-06T00:00:00+00:00",4,3,0],["2024-12-01T00:00:00+00:00",4,3,0],["2025-02-25T00:00:00+00:00",4,3,0],["2025-04-04T00:00:00+00:00",4,3,0],["2025-07-08T00:00:00+00:00",4,3,0],["2025-09-22T00:00:00+00:00",4,3,0]]},"geometry":{"type":"Point","coordinates":[34.448747,31.506129]}},{"type":"Feature","properties":{"site_id":26,"event_code":"CE20231007PSE","latest_date":"2025-09-22T00:00:00+00:00","latest_class":4,"pass_count":12,"h":[["2023-11-26T00:00:00+00:00",4,3,3],["2024-01-06T00:00:00+00:00",4,3,0],["2024-02-29T00:00:00+00:00",4,3,0],["2024-04-01T00:00:00+00:00",4,3,0],["2024-05-03T00:00:00+00:00",4,3,0],["2024-07-06T00:00:00+00:00",4,3,0],["2024-09-06T00:00:00+00:00",4,3,0],["2024-12-01T00:00:00+00:00",4,3,0],["2025-02-25T00:00:00+00:00",4,3,0],["2025-04-04T00:00:00+00:00",4,3,0],["2025-07-08T00:00:00+00:00",4,3,0],["2025-09-22T00:00:00+00:00",4,3,0]]},"geometry":{"type":"Point","coordinates":[34.450304,31.506438]}},{"type":"Feature","properties":{"site_id":26,"event_code":"CE20231007PSE","latest_date":"2025-09-22T00:00:00+00:00","latest_class":4,"pass_count":12,"h":[["2023-11-26T00:00:00+00:00",4,3,3],["2024-01-06T00:00:00+00:00",4,3,0],["2024-02-29T00:00:00+00:00",4,3,0],["2024-04-01T00:00:00+00:00",4,3,0],["2024-05-03T00:00:00+00:00",4,3,0],["2024-07-06T00:00:00+00:00",4,3,0],["2024-09-06T00:00:00+00:00",4,3,0],["2024-12-01T00:00:00+00:00",4,3,0],["2025-02-25T00:00:00+00:00",4,3,0],["2025-04-04T00:00:00+00:00",4,3,0],["2025-07-08T00:00:00+00:00",4,3,0],["2025-09-22T00:00:00+00:00",4,3,0]]},"geometry":{"type":"Point","coordinates":[34.447328,31.5062]}},{"type":"Feature","properties":{"site_id":26,"event_code":"CE20231007PSE","latest_date":"2025-09-22T00:00:00+00:00","latest_class":4,"pass_count":12,"h":[["2023-11-26T00:00:00+00:00",4,3,3],["2024-01-06T00:00:00+00:00",4,3,0],["2024-02-29T00:00:00+00:00",4,3,0],["2024-04-01T00:00:00+00:00",4,3,0],["2024-05-03T00:00:00+00:00",4,3,0],["2024-07-06T00:00:00+00:00",4,3,0],["2024-09-06T00:00:00+00:00",4,3,0],["2024-12-01T00:00:00+00:00",4,3,0],["2025-02-25T00:00:00+00:00",4,3,0],["2025-04-04T00:00:00+00:00",4,3,0],["2025-07-08T00:00:00+00:00",4,3,0],["2025-09-22T00:00:00+00:00",4,3,0]]},"geometry":{"type":"Point","coordinates":[34.447761,31.505769]}},{"type":"Feature","properties":{"site_id":26,"event_code":"CE20231007PSE","latest_date":"2025-09-22T00:00:00+00:00","latest_class":4,"pass_count":12,"h":[["2023-11-26T00:00:00+00:00",4,3,3],["2024-01-06T00:00:00+00:00",4,3,0],["2024-02-29T00:00:00+00:00",4,3,0],["2024-04-01T00:00:00+00:00",4,3,0],["2024-05-03T00:00:00+00:00",4,3,0],["2024-07-06T00:00:00+00:00",4,3,0],["2024-09-06T00:00:00+00:00",4,3,0],["2024-12-01T00:00:00+00:00",4,3,0],["2025-02-25T00:00:00+00:00",4,3,0],["2025-04-04T00:00:00+00:00",4,3,0],["2025-07-08T00:00:00+00:00",4,3,0],["2025-09-22T00:00:00+00:00",4,3,0]]},"geometry":{"type":"Point","coordinates":[34.446579,31.50644]}},{"type":"Feature","properties":{"site_id":26,"event_code":"CE20231007PSE","latest_date":"2025-09-22T00:00:00+00:00","latest_class":4,"pass_count":12,"h":[["2023-11-26T00:00:00+00:00",4,3,3],["2024-01-06T00:00:00+00:00",4,3,0],["2024-02-29T00:00:00+00:00",4,3,0],["2024-04-01T00:00:00+00:00",4,3,0],["2024-05-03T00:00:00+00:00",4,3,0],["2024-07-06T00:00:00+00:00",4,3,0],["2024-09-06T00:00:00+00:00",4,3,0],["2024-12-01T00:00:00+00:00",4,3,0],["2025-02-25T00:00:00+00:00",4,3,0],["2025-04-04T00:00:00+00:00",4,3,0],["2025-07-08T00:00:00+00:00",4,3,0],["2025-09-22T00:00:00+00:00",4,3,0]]},"geometry":{"type":"Point","coordinates":[34.447599,31.506198]}},{"type":"Feature","properties":{"site_id":26,"event_code":"CE20231007PSE","latest_date":"2025-09-22T00:00:00+00:00","latest_class":4,"pass_count":12,"h":[["2023-11-26T00:00:00+00:00",4,3,3],["2024-01-06T00:00:00+00:00",4,3,0],["2024-02-29T00:00:00+00:00",4,3,0],["2024-04-01T00:00:00+00:00",4,3,0],["2024-05-03T00:00:00+00:00",4,3,0],["2024-07-06T00:00:00+00:00",4,3,0],["2024-09-06T00:00:00+00:00",4,3,0],["2024-12-01T00:00:00+00:00",4,3,0],["2025-02-25T00:00:00+00:00",4,3,0],["2025-04-04T00:00:00+00:00",4,3,0],["2025-07-08T00:00:00+00:00",4,3,0],["2025-09-22T00:00:00+00:00",4,3,0]]},"geometry":{"type":"Point","coordinates":[34.454177,31.506357]}},{"type":"Feature","properties":{"site_id":26,"event_code":"CE20231007PSE","latest_date":"2025-09-22T00:00:00+00:00","latest_class":4,"pass_count":14,"h":[["2023-10-15T00:00:00+00:00",4,3,null],["2023-11-07T00:00:00+00:00",4,3,0],["2023-11-26T00:00:00+00:00",4,3,0],["2024-01-06T00:00:00+00:00",4,3,0],["2024-02-29T00:00:00+00:00",4,3,0],["2024-04-01T00:00:00+00:00",4,3,0],["2024-05-03T00:00:00+00:00",4,3,0],["2024-07-06T00:00:00+00:00",4,3,0],["2024-09-06T00:00:00+00:00",4,3,0],["2024-12-01T00:00:00+00:00",4,3,0],["2025-02-25T00:00:00+00:00",4,3,0],["2025-04-04T00:00:00+00:00",4,3,0],["2025-07-08T00:00:00+00:00",4,3,0],["2025-09-22T00:00:00+00:00",4,3,0]]},"geometry":{"type":"Point","coordinates":[34.451752,31.513031]}},{"type":"Feature","properties":{"site_id":26,"event_code":"CE20231007PSE","latest_date":"2025-09-22T00:00:00+00:00","latest_class":4,"pass_count":10,"h":[["2024-02-29T00:00:00+00:00",4,3,3],["2024-04-01T00:00:00+00:00",4,3,0],["2024-05-03T00:00:00+00:00",4,3,0],["2024-07-06T00:00:00+00:00",4,3,0],["2024-09-06T00:00:00+00:00",4,3,0],["2024-12-01T00:00:00+00:00",4,3,0],["2025-02-25T00:00:00+00:00",4,3,0],["2025-04-04T00:00:00+00:00",4,3,0],["2025-07-08T00:00:00+00:00",4,3,0],["2025-09-22T00:00:00+00:00",4,3,0]]},"geometry":{"type":"Point","coordinates":[34.45876,31.506938]}},{"type":"Feature","properties":{"site_id":26,"event_code":"CE20231007PSE","latest_date":"2025-09-22T00:00:00+00:00","latest_class":4,"pass_count":1,"h":[["2025-09-22T00:00:00+00:00",4,3,3]]},"geometry":{"type":"Point","coordinates":[34.455026,31.504584]}},{"type":"Feature","properties":{"site_id":26,"event_code":"CE20231007PSE","latest_date":"2025-09-22T00:00:00+00:00","latest_class":4,"pass_count":1,"h":[["2025-09-22T00:00:00+00:00",4,3,3]]},"geometry":{"type":"Point","coordinates":[34.455778,31.502841]}},{"type":"Feature","properties":{"site_id":26,"event_code":"CE20231007PSE","latest_date":"2025-09-22T00:00:00+00:00","latest_class":4,"pass_count":1,"h":[["2025-09-22T00:00:00+00:00",4,3,3]]},"geometry":{"type":"Point","coordinates":[34.449884,31.50482]}},{"type":"Feature","properties":{"site_id":26,"event_code":"CE20231007PSE","latest_date":"2025-09-22T00:00:00+00:00","latest_class":4,"pass_count":5,"h":[["2024-12-01T00:00:00+00:00",4,3,3],["2025-02-25T00:00:00+00:00",4,3,0],["2025-04-04T00:00:00+00:00",4,3,0],["2025-07-08T00:00:00+00:00",4,3,0],["2025-09-22T00:00:00+00:00",4,3,0]]},"geometry":{"type":"Point","coordinates":[34.447419,31.507762]}},{"type":"Feature","properties":{"site_id":26,"event_code":"CE20231007PSE","latest_date":"2025-09-22T00:00:00+00:00","latest_class":4,"pass_count":12,"h":[["2023-11-26T00:00:00+00:00",4,3,3],["2024-01-06T00:00:00+00:00",4,3,0],["2024-02-29T00:00:00+00:00",4,3,0],["2024-04-01T00:00:00+00:00",4,3,0],["2024-05-03T00:00:00+00:00",4,3,0],["2024-07-06T00:00:00+00:00",4,3,0],["2024-09-06T00:00:00+00:00",4,3,0],["2024-12-01T00:00:00+00:00",4,3,0],["2025-02-25T00:00:00+00:00",4,3,0],["2025-04-04T00:00:00+00:00",4,3,0],["2025-07-08T00:00:00+00:00",4,3,0],["2025-09-22T00:00:00+00:00",4,3,0]]},"geometry":{"type":"Point","coordinates":[34.453046,31.507547]}},{"type":"Feature","properties":{"site_id":26,"event_code":"CE20231007PSE","latest_date":"2025-09-22T00:00:00+00:00","latest_class":4,"pass_count":11,"h":[["2024-01-06T00:00:00+00:00",4,3,3],["2024-02-29T00:00:00+00:00",4,3,0],["2024-04-01T00:00:00+00:00",4,3,0],["2024-05-03T00:00:00+00:00",4,3,0],["2024-07-06T00:00:00+00:00",4,3,0],["2024-09-06T00:00:00+00:00",4,3,0],["2024-12-01T00:00:00+00:00",4,3,0],["2025-02-25T00:00:00+00:00",4,3,0],["2025-04-04T00:00:00+00:00",4,3,0],["2025-07-08T00:00:00+00:00",4,3,0],["2025-09-22T00:00:00+00:00",4,3,0]]},"geometry":{"type":"Point","coordinates":[34.454711,31.504386]}},{"type":"Feature","properties":{"site_id":26,"event_code":"CE20231007PSE","latest_date":"2025-09-22T00:00:00+00:00","latest_class":4,"pass_count":12,"h":[["2023-11-26T00:00:00+00:00",4,3,3],["2024-01-06T00:00:00+00:00",4,3,0],["2024-02-29T00:00:00+00:00",4,3,0],["2024-04-01T00:00:00+00:00",4,3,0],["2024-05-03T00:00:00+00:00",4,3,0],["2024-07-06T00:00:00+00:00",4,3,0],["2024-09-06T00:00:00+00:00",4,3,0],["2024-12-01T00:00:00+00:00",4,3,0],["2025-02-25T00:00:00+00:00",4,3,0],["2025-04-04T00:00:00+00:00",4,3,0],["2025-07-08T00:00:00+00:00",4,3,0],["2025-09-22T00:00:00+00:00",4,3,0]]},"geometry":{"type":"Point","coordinates":[34.4443,31.508505]}},{"type":"Feature","properties":{"site_id":26,"event_code":"CE20231007PSE","latest_date":"2025-09-22T00:00:00+00:00","latest_class":4,"pass_count":10,"h":[["2024-02-29T00:00:00+00:00",4,3,3],["2024-04-01T00:00:00+00:00",4,3,0],["2024-05-03T00:00:00+00:00",4,3,0],["2024-07-06T00:00:00+00:00",4,3,0],["2024-09-06T00:00:00+00:00",4,3,0],["2024-12-01T00:00:00+00:00",4,3,0],["2025-02-25T00:00:00+00:00",4,3,0],["2025-04-04T00:00:00+00:00",4,3,0],["2025-07-08T00:00:00+00:00",4,3,0],["2025-09-22T00:00:00+00:00",4,3,0]]},"geometry":{"type":"Point","coordinates":[34.447062,31.5082]}},{"type":"Feature","properties":{"site_id":26,"event_code":"CE20231007PSE","latest_date":"2025-09-22T00:00:00+00:00","latest_class":4,"pass_count":12,"h":[["2023-11-26T00:00:00+00:00",4,3,3],["2024-01-06T00:00:00+00:00",4,3,0],["2024-02-29T00:00:00+00:00",4,3,0],["2024-04-01T00:00:00+00:00",4,3,0],["2024-05-03T00:00:00+00:00",4,3,0],["2024-07-06T00:00:00+00:00",4,3,0],["2024-09-06T00:00:00+00:00",4,3,0],["2024-12-01T00:00:00+00:00",4,3,0],["2025-02-25T00:00:00+00:00",4,3,0],["2025-04-04T00:00:00+00:00",4,3,0],["2025-07-08T00:00:00+00:00",4,3,0],["2025-09-22T00:00:00+00:00",4,3,0]]},"geometry":{"type":"Point","coordinates":[34.443341,31.508398]}},{"type":"Feature","properties":{"site_id":26,"event_code":"CE20231007PSE","latest_date":"2025-09-22T00:00:00+00:00","latest_class":4,"pass_count":12,"h":[["2023-11-26T00:00:00+00:00",4,3,3],["2024-01-06T00:00:00+00:00",4,3,0],["2024-02-29T00:00:00+00:00",4,3,0],["2024-04-01T00:00:00+00:00",4,3,0],["2024-05-03T00:00:00+00:00",4,3,0],["2024-07-06T00:00:00+00:00",4,3,0],["2024-09-06T00:00:00+00:00",4,3,0],["2024-12-01T00:00:00+00:00",4,3,0],["2025-02-25T00:00:00+00:00",4,3,0],["2025-04-04T00:00:00+00:00",4,3,0],["2025-07-08T00:00:00+00:00",4,3,0],["2025-09-22T00:00:00+00:00",4,3,0]]},"geometry":{"type":"Point","coordinates":[34.451156,31.504674]}},{"type":"Feature","properties":{"site_id":26,"event_code":"CE20231007PSE","latest_date":"2025-09-22T00:00:00+00:00","latest_class":4,"pass_count":11,"h":[["2024-01-06T00:00:00+00:00",4,3,3],["2024-02-29T00:00:00+00:00",4,3,0],["2024-04-01T00:00:00+00:00",4,3,0],["2024-05-03T00:00:00+00:00",4,3,0],["2024-07-06T00:00:00+00:00",4,3,0],["2024-09-06T00:00:00+00:00",4,3,0],["2024-12-01T00:00:00+00:00",4,3,0],["2025-02-25T00:00:00+00:00",4,3,0],["2025-04-04T00:00:00+00:00",4,3,0],["2025-07-08T00:00:00+00:00",4,3,0],["2025-09-22T00:00:00+00:00",4,3,0]]},"geometry":{"type":"Point","coordinates":[34.454651,31.504501]}},{"type":"Feature","properties":{"site_id":26,"event_code":"CE20231007PSE","latest_date":"2025-09-22T00:00:00+00:00","latest_class":4,"pass_count":12,"h":[["2023-11-26T00:00:00+00:00",4,3,3],["2024-01-06T00:00:00+00:00",4,3,0],["2024-02-29T00:00:00+00:00",4,3,0],["2024-04-01T00:00:00+00:00",4,3,0],["2024-05-03T00:00:00+00:00",4,3,0],["2024-07-06T00:00:00+00:00",4,3,0],["2024-09-06T00:00:00+00:00",4,3,0],["2024-12-01T00:00:00+00:00",4,3,0],["2025-02-25T00:00:00+00:00",4,3,0],["2025-04-04T00:00:00+00:00",4,3,0],["2025-07-08T00:00:00+00:00",4,3,0],["2025-09-22T00:00:00+00:00",4,3,0]]},"geometry":{"type":"Point","coordinates":[34.441155,31.50963]}},{"type":"Feature","properties":{"site_id":26,"event_code":"CE20231007PSE","latest_date":"2025-09-22T00:00:00+00:00","latest_class":4,"pass_count":11,"h":[["2024-01-06T00:00:00+00:00",4,3,3],["2024-02-29T00:00:00+00:00",4,3,0],["2024-04-01T00:00:00+00:00",4,3,0],["2024-05-03T00:00:00+00:00",4,3,0],["2024-07-06T00:00:00+00:00",4,3,0],["2024-09-06T00:00:00+00:00",4,3,0],["2024-12-01T00:00:00+00:00",4,3,0],["2025-02-25T00:00:00+00:00",4,3,0],["2025-04-04T00:00:00+00:00",4,3,0],["2025-07-08T00:00:00+00:00",4,3,0],["2025-09-22T00:00:00+00:00",4,3,0]]},"geometry":{"type":"Point","coordinates":[34.456757,31.504426]}},{"type":"Feature","properties":{"site_id":26,"event_code":"CE20231007PSE","latest_date":"2025-09-22T00:00:00+00:00","latest_class":4,"pass_count":12,"h":[["2023-11-26T00:00:00+00:00",4,3,3],["2024-01-06T00:00:00+00:00",4,3,0],["2024-02-29T00:00:00+00:00",4,3,0],["2024-04-01T00:00:00+00:00",4,3,0],["2024-05-03T00:00:00+00:00",4,3,0],["2024-07-06T00:00:00+00:00",4,3,0],["2024-09-06T00:00:00+00:00",4,3,0],["2024-12-01T00:00:00+00:00",4,3,0],["2025-02-25T00:00:00+00:00",4,3,0],["2025-04-04T00:00:00+00:00",4,3,0],["2025-07-08T00:00:00+00:00",4,3,0],["2025-09-22T00:00:00+00:00",4,3,0]]},"geometry":{"type":"Point","coordinates":[34.454574,31.506452]}},{"type":"Feature","properties":{"site_id":26,"event_code":"CE20231007PSE","latest_date":"2025-09-22T00:00:00+00:00","latest_class":4,"pass_count":10,"h":[["2024-02-29T00:00:00+00:00",4,3,3],["2024-04-01T00:00:00+00:00",4,3,0],["2024-05-03T00:00:00+00:00",4,3,0],["2024-07-06T00:00:00+00:00",4,3,0],["2024-09-06T00:00:00+00:00",4,3,0],["2024-12-01T00:00:00+00:00",4,3,0],["2025-02-25T00:00:00+00:00",4,3,0],["2025-04-04T00:00:00+00:00",4,3,0],["2025-07-08T00:00:00+00:00",4,3,0],["2025-09-22T00:00:00+00:00",4,3,0]]},"geometry":{"type":"Point","coordinates":[34.450157,31.505669]}},{"type":"Feature","properties":{"site_id":26,"event_code":"CE20231007PSE","latest_date":"2025-09-22T00:00:00+00:00","latest_class":4,"pass_count":11,"h":[["2024-01-06T00:00:00+00:00",4,3,3],["2024-02-29T00:00:00+00:00",4,3,0],["2024-04-01T00:00:00+00:00",4,3,0],["2024-05-03T00:00:00+00:00",4,3,0],["2024-07-06T00:00:00+00:00",4,3,0],["2024-09-06T00:00:00+00:00",4,3,0],["2024-12-01T00:00:00+00:00",4,3,0],["2025-02-25T00:00:00+00:00",4,3,0],["2025-04-04T00:00:00+00:00",4,3,0],["2025-07-08T00:00:00+00:00",4,3,0],["2025-09-22T00:00:00+00:00",4,3,0]]},"geometry":{"type":"Point","coordinates":[34.456755,31.50609]}},{"type":"Feature","properties":{"site_id":26,"event_code":"CE20231007PSE","latest_date":"2025-09-22T00:00:00+00:00","latest_class":4,"pass_count":13,"h":[["2023-11-07T00:00:00+00:00",4,3,3],["2023-11-26T00:00:00+00:00",4,3,0],["2024-01-06T00:00:00+00:00",4,3,0],["2024-02-29T00:00:00+00:00",4,3,0],["2024-04-01T00:00:00+00:00",4,3,0],["2024-05-03T00:00:00+00:00",4,3,0],["2024-07-06T00:00:00+00:00",4,3,0],["2024-09-06T00:00:00+00:00",4,3,0],["2024-12-01T00:00:00+00:00",4,3,0],["2025-02-25T00:00:00+00:00",4,3,0],["2025-04-04T00:00:00+00:00",4,3,0],["2025-07-08T00:00:00+00:00",4,3,0],["2025-09-22T00:00:00+00:00",4,3,0]]},"geometry":{"type":"Point","coordinates":[34.447808,31.508505]}},{"type":"Feature","properties":{"site_id":26,"event_code":"CE20231007PSE","latest_date":"2025-09-22T00:00:00+00:00","latest_class":4,"pass_count":13,"h":[["2023-11-07T00:00:00+00:00",4,3,3],["2023-11-26T00:00:00+00:00",4,3,0],["2024-01-06T00:00:00+00:00",4,3,0],["2024-02-29T00:00:00+00:00",4,3,0],["2024-04-01T00:00:00+00:00",4,3,0],["2024-05-03T00:00:00+00:00",4,3,0],["2024-07-06T00:00:00+00:00",4,3,0],["2024-09-06T00:00:00+00:00",4,3,0],["2024-12-01T00:00:00+00:00",4,3,0],["2025-02-25T00:00:00+00:00",4,3,0],["2025-04-04T00:00:00+00:00",4,3,0],["2025-07-08T00:00:00+00:00",4,3,0],["2025-09-22T00:00:00+00:00",4,3,0]]},"geometry":{"type":"Point","coordinates":[34.447774,31.508135]}},{"type":"Feature","properties":{"site_id":26,"event_code":"CE20231007PSE","latest_date":"2025-09-22T00:00:00+00:00","latest_class":4,"pass_count":12,"h":[["2023-11-26T00:00:00+00:00",4,3,3],["2024-01-06T00:00:00+00:00",4,3,0],["2024-02-29T00:00:00+00:00",4,3,0],["2024-04-01T00:00:00+00:00",4,3,0],["2024-05-03T00:00:00+00:00",4,3,0],["2024-07-06T00:00:00+00:00",4,3,0],["2024-09-06T00:00:00+00:00",4,3,0],["2024-12-01T00:00:00+00:00",4,3,0],["2025-02-25T00:00:00+00:00",4,3,0],["2025-04-04T00:00:00+00:00",4,3,0],["2025-07-08T00:00:00+00:00",4,3,0],["2025-09-22T00:00:00+00:00",4,3,0]]},"geometry":{"type":"Point","coordinates":[34.450066,31.505403]}},{"type":"Feature","properties":{"site_id":26,"event_code":"CE20231007PSE","latest_date":"2025-09-22T00:00:00+00:00","latest_class":4,"pass_count":1,"h":[["2025-09-22T00:00:00+00:00",4,3,3]]},"geometry":{"type":"Point","coordinates":[34.455069,31.504668]}},{"type":"Feature","properties":{"site_id":26,"event_code":"CE20231007PSE","latest_date":"2025-09-22T00:00:00+00:00","latest_class":4,"pass_count":1,"h":[["2025-09-22T00:00:00+00:00",4,3,3]]},"geometry":{"type":"Point","coordinates":[34.449423,31.504928]}},{"type":"Feature","properties":{"site_id":26,"event_code":"CE20231007PSE","latest_date":"2025-09-22T00:00:00+00:00","latest_class":4,"pass_count":10,"h":[["2024-02-29T00:00:00+00:00",4,3,3],["2024-04-01T00:00:00+00:00",4,3,0],["2024-05-03T00:00:00+00:00",4,3,0],["2024-07-06T00:00:00+00:00",4,3,0],["2024-09-06T00:00:00+00:00",4,3,0],["2024-12-01T00:00:00+00:00",4,3,0],["2025-02-25T00:00:00+00:00",4,3,0],["2025-04-04T00:00:00+00:00",4,3,0],["2025-07-08T00:00:00+00:00",4,3,0],["2025-09-22T00:00:00+00:00",4,3,0]]},"geometry":{"type":"Point","coordinates":[34.44941,31.507106]}},{"type":"Feature","properties":{"site_id":26,"event_code":"CE20231007PSE","latest_date":"2025-09-22T00:00:00+00:00","latest_class":4,"pass_count":5,"h":[["2024-12-01T00:00:00+00:00",4,3,3],["2025-02-25T00:00:00+00:00",4,3,0],["2025-04-04T00:00:00+00:00",4,3,0],["2025-07-08T00:00:00+00:00",4,3,0],["2025-09-22T00:00:00+00:00",4,3,0]]},"geometry":{"type":"Point","coordinates":[34.447572,31.507878]}},{"type":"Feature","properties":{"site_id":26,"event_code":"CE20231007PSE","latest_date":"2025-09-22T00:00:00+00:00","latest_class":4,"pass_count":12,"h":[["2023-11-26T00:00:00+00:00",4,3,3],["2024-01-06T00:00:00+00:00",4,3,0],["2024-02-29T00:00:00+00:00",4,3,0],["2024-04-01T00:00:00+00:00",4,3,0],["2024-05-03T00:00:00+00:00",4,3,0],["2024-07-06T00:00:00+00:00",4,3,0],["2024-09-06T00:00:00+00:00",4,3,0],["2024-12-01T00:00:00+00:00",4,3,0],["2025-02-25T00:00:00+00:00",4,3,0],["2025-04-04T00:00:00+00:00",4,3,0],["2025-07-08T00:00:00+00:00",4,3,0],["2025-09-22T00:00:00+00:00",4,3,0]]},"geometry":{"type":"Point","coordinates":[34.448433,31.508766]}},{"type":"Feature","properties":{"site_id":26,"event_code":"CE20231007PSE","latest_date":"2025-09-22T00:00:00+00:00","latest_class":4,"pass_count":14,"h":[["2023-10-15T00:00:00+00:00",4,3,null],["2023-11-07T00:00:00+00:00",4,3,0],["2023-11-26T00:00:00+00:00",4,3,0],["2024-01-06T00:00:00+00:00",4,3,0],["2024-02-29T00:00:00+00:00",4,3,0],["2024-04-01T00:00:00+00:00",4,3,0],["2024-05-03T00:00:00+00:00",4,3,0],["2024-07-06T00:00:00+00:00",4,3,0],["2024-09-06T00:00:00+00:00",4,3,0],["2024-12-01T00:00:00+00:00",4,3,0],["2025-02-25T00:00:00+00:00",4,3,0],["2025-04-04T00:00:00+00:00",4,3,0],["2025-07-08T00:00:00+00:00",4,3,0],["2025-09-22T00:00:00+00:00",4,3,0]]},"geometry":{"type":"Point","coordinates":[34.452101,31.512798]}},{"type":"Feature","properties":{"site_id":26,"event_code":"CE20231007PSE","latest_date":"2025-09-22T00:00:00+00:00","latest_class":4,"pass_count":13,"h":[["2023-11-07T00:00:00+00:00",4,3,3],["2023-11-26T00:00:00+00:00",4,3,0],["2024-01-06T00:00:00+00:00",4,3,0],["2024-02-29T00:00:00+00:00",4,3,0],["2024-04-01T00:00:00+00:00",4,3,0],["2024-05-03T00:00:00+00:00",4,3,0],["2024-07-06T00:00:00+00:00",4,3,0],["2024-09-06T00:00:00+00:00",4,3,0],["2024-12-01T00:00:00+00:00",4,3,0],["2025-02-25T00:00:00+00:00",4,3,0],["2025-04-04T00:00:00+00:00",4,3,0],["2025-07-08T00:00:00+00:00",4,3,0],["2025-09-22T00:00:00+00:00",4,3,0]]},"geometry":{"type":"Point","coordinates":[34.443811,31.509988]}},{"type":"Feature","properties":{"site_id":26,"event_code":"CE20231007PSE","latest_date":"2025-09-22T00:00:00+00:00","latest_class":4,"pass_count":11,"h":[["2024-01-06T00:00:00+00:00",4,3,3],["2024-02-29T00:00:00+00:00",4,3,0],["2024-04-01T00:00:00+00:00",4,3,0],["2024-05-03T00:00:00+00:00",4,3,0],["2024-07-06T00:00:00+00:00",4,3,0],["2024-09-06T00:00:00+00:00",4,3,0],["2024-12-01T00:00:00+00:00",4,3,0],["2025-02-25T00:00:00+00:00",4,3,0],["2025-04-04T00:00:00+00:00",4,3,0],["2025-07-08T00:00:00+00:00",4,3,0],["2025-09-22T00:00:00+00:00",4,3,0]]},"geometry":{"type":"Point","coordinates":[34.447889,31.508827]}},{"type":"Feature","properties":{"site_id":26,"event_code":"CE20231007PSE","latest_date":"2025-09-22T00:00:00+00:00","latest_class":4,"pass_count":12,"h":[["2023-11-26T00:00:00+00:00",4,3,3],["2024-01-06T00:00:00+00:00",4,3,0],["2024-02-29T00:00:00+00:00",4,3,0],["2024-04-01T00:00:00+00:00",4,3,0],["2024-05-03T00:00:00+00:00",4,3,0],["2024-07-06T00:00:00+00:00",4,3,0],["2024-09-06T00:00:00+00:00",4,3,0],["2024-12-01T00:00:00+00:00",4,3,0],["2025-02-25T00:00:00+00:00",4,3,0],["2025-04-04T00:00:00+00:00",4,3,0],["2025-07-08T00:00:00+00:00",4,3,0],["2025-09-22T00:00:00+00:00",4,3,0]]},"geometry":{"type":"Point","coordinates":[34.453529,31.507058]}},{"type":"Feature","properties":{"site_id":26,"event_code":"CE20231007PSE","latest_date":"2025-09-22T00:00:00+00:00","latest_class":4,"pass_count":11,"h":[["2024-01-06T00:00:00+00:00",4,3,3],["2024-02-29T00:00:00+00:00",4,3,0],["2024-04-01T00:00:00+00:00",4,3,0],["2024-05-03T00:00:00+00:00",4,3,0],["2024-07-06T00:00:00+00:00",4,3,0],["2024-09-06T00:00:00+00:00",4,3,0],["2024-12-01T00:00:00+00:00",4,3,0],["2025-02-25T00:00:00+00:00",4,3,0],["2025-04-04T00:00:00+00:00",4,3,0],["2025-07-08T00:00:00+00:00",4,3,0],["2025-09-22T00:00:00+00:00",4,3,0]]},"geometry":{"type":"Point","coordinates":[34.450813,31.508613]}},{"type":"Feature","properties":{"site_id":26,"event_code":"CE20231007PSE","latest_date":"2025-09-22T00:00:00+00:00","latest_class":4,"pass_count":12,"h":[["2023-11-26T00:00:00+00:00",4,3,3],["2024-01-06T00:00:00+00:00",4,3,0],["2024-02-29T00:00:00+00:00",4,3,0],["2024-04-01T00:00:00+00:00",4,3,0],["2024-05-03T00:00:00+00:00",4,3,0],["2024-07-06T00:00:00+00:00",4,3,0],["2024-09-06T00:00:00+00:00",4,3,0],["2024-12-01T00:00:00+00:00",4,3,0],["2025-02-25T00:00:00+00:00",4,3,0],["2025-04-04T00:00:00+00:00",4,3,0],["2025-07-08T00:00:00+00:00",4,3,0],["2025-09-22T00:00:00+00:00",4,3,0]]},"geometry":{"type":"Point","coordinates":[34.451181,31.504121]}},{"type":"Feature","properties":{"site_id":26,"event_code":"CE20231007PSE","latest_date":"2025-09-22T00:00:00+00:00","latest_class":4,"pass_count":14,"h":[["2023-10-15T00:00:00+00:00",4,3,null],["2023-11-07T00:00:00+00:00",4,3,0],["2023-11-26T00:00:00+00:00",4,3,0],["2024-01-06T00:00:00+00:00",4,3,0],["2024-02-29T00:00:00+00:00",4,3,0],["2024-04-01T00:00:00+00:00",4,3,0],["2024-05-03T00:00:00+00:00",4,3,0],["2024-07-06T00:00:00+00:00",4,3,0],["2024-09-06T00:00:00+00:00",4,3,0],["2024-12-01T00:00:00+00:00",4,3,0],["2025-02-25T00:00:00+00:00",4,3,0],["2025-04-04T00:00:00+00:00",4,3,0],["2025-07-08T00:00:00+00:00",4,3,0],["2025-09-22T00:00:00+00:00",4,3,0]]},"geometry":{"type":"Point","coordinates":[34.439466,31.505402]}},{"type":"Feature","properties":{"site_id":26,"event_code":"CE20231007PSE","latest_date":"2025-09-22T00:00:00+00:00","latest_class":4,"pass_count":12,"h":[["2023-11-26T00:00:00+00:00",4,3,3],["2024-01-06T00:00:00+00:00",4,3,0],["2024-02-29T00:00:00+00:00",4,3,0],["2024-04-01T00:00:00+00:00",4,3,0],["2024-05-03T00:00:00+00:00",4,3,0],["2024-07-06T00:00:00+00:00",4,3,0],["2024-09-06T00:00:00+00:00",4,3,0],["2024-12-01T00:00:00+00:00",4,3,0],["2025-02-25T00:00:00+00:00",4,3,0],["2025-04-04T00:00:00+00:00",4,3,0],["2025-07-08T00:00:00+00:00",4,3,0],["2025-09-22T00:00:00+00:00",4,3,0]]},"geometry":{"type":"Point","coordinates":[34.45333,31.506616]}},{"type":"Feature","properties":{"site_id":26,"event_code":"CE20231007PSE","latest_date":"2025-09-22T00:00:00+00:00","latest_class":4,"pass_count":12,"h":[["2023-11-26T00:00:00+00:00",4,3,3],["2024-01-06T00:00:00+00:00",4,3,0],["2024-02-29T00:00:00+00:00",4,3,0],["2024-04-01T00:00:00+00:00",4,3,0],["2024-05-03T00:00:00+00:00",4,3,0],["2024-07-06T00:00:00+00:00",4,3,0],["2024-09-06T00:00:00+00:00",4,3,0],["2024-12-01T00:00:00+00:00",4,3,0],["2025-02-25T00:00:00+00:00",4,3,0],["2025-04-04T00:00:00+00:00",4,3,0],["2025-07-08T00:00:00+00:00",4,3,0],["2025-09-22T00:00:00+00:00",4,3,0]]},"geometry":{"type":"Point","coordinates":[34.453605,31.506455]}},{"type":"Feature","properties":{"site_id":26,"event_code":"CE20231007PSE","latest_date":"2025-09-22T00:00:00+00:00","latest_class":4,"pass_count":11,"h":[["2024-01-06T00:00:00+00:00",4,3,3],["2024-02-29T00:00:00+00:00",4,3,0],["2024-04-01T00:00:00+00:00",4,3,0],["2024-05-03T00:00:00+00:00",4,3,0],["2024-07-06T00:00:00+00:00",4,3,0],["2024-09-06T00:00:00+00:00",4,3,0],["2024-12-01T00:00:00+00:00",4,3,0],["2025-02-25T00:00:00+00:00",4,3,0],["2025-04-04T00:00:00+00:00",4,3,0],["2025-07-08T00:00:00+00:00",4,3,0],["2025-09-22T00:00:00+00:00",4,3,0]]},"geometry":{"type":"Point","coordinates":[34.448792,31.511277]}},{"type":"Feature","properties":{"site_id":26,"event_code":"CE20231007PSE","latest_date":"2025-09-22T00:00:00+00:00","latest_class":4,"pass_count":12,"h":[["2023-11-26T00:00:00+00:00",4,3,3],["2024-01-06T00:00:00+00:00",4,3,0],["2024-02-29T00:00:00+00:00",4,3,0],["2024-04-01T00:00:00+00:00",4,3,0],["2024-05-03T00:00:00+00:00",4,3,0],["2024-07-06T00:00:00+00:00",4,3,0],["2024-09-06T00:00:00+00:00",4,3,0],["2024-12-01T00:00:00+00:00",4,3,0],["2025-02-25T00:00:00+00:00",4,3,0],["2025-04-04T00:00:00+00:00",4,3,0],["2025-07-08T00:00:00+00:00",4,3,0],["2025-09-22T00:00:00+00:00",4,3,0]]},"geometry":{"type":"Point","coordinates":[34.447568,31.510133]}},{"type":"Feature","properties":{"site_id":26,"event_code":"CE20231007PSE","latest_date":"2025-09-22T00:00:00+00:00","latest_class":4,"pass_count":12,"h":[["2023-11-26T00:00:00+00:00",4,3,3],["2024-01-06T00:00:00+00:00",4,3,0],["2024-02-29T00:00:00+00:00",4,3,0],["2024-04-01T00:00:00+00:00",4,3,0],["2024-05-03T00:00:00+00:00",4,3,0],["2024-07-06T00:00:00+00:00",4,3,0],["2024-09-06T00:00:00+00:00",4,3,0],["2024-12-01T00:00:00+00:00",4,3,0],["2025-02-25T00:00:00+00:00",4,3,0],["2025-04-04T00:00:00+00:00",4,3,0],["2025-07-08T00:00:00+00:00",4,3,0],["2025-09-22T00:00:00+00:00",4,3,0]]},"geometry":{"type":"Point","coordinates":[34.453667,31.507224]}},{"type":"Feature","properties":{"site_id":26,"event_code":"CE20231007PSE","latest_date":"2025-09-22T00:00:00+00:00","latest_class":4,"pass_count":13,"h":[["2023-11-07T00:00:00+00:00",4,3,3],["2023-11-26T00:00:00+00:00",4,3,0],["2024-01-06T00:00:00+00:00",4,3,0],["2024-02-29T00:00:00+00:00",4,3,0],["2024-04-01T00:00:00+00:00",4,3,0],["2024-05-03T00:00:00+00:00",4,3,0],["2024-07-06T00:00:00+00:00",4,3,0],["2024-09-06T00:00:00+00:00",4,3,0],["2024-12-01T00:00:00+00:00",4,3,0],["2025-02-25T00:00:00+00:00",4,3,0],["2025-04-04T00:00:00+00:00",4,3,0],["2025-07-08T00:00:00+00:00",4,3,0],["2025-09-22T00:00:00+00:00",4,3,0]]},"geometry":{"type":"Point","coordinates":[34.451843,31.507909]}},{"type":"Feature","properties":{"site_id":26,"event_code":"CE20231007PSE","latest_date":"2025-09-22T00:00:00+00:00","latest_class":4,"pass_count":13,"h":[["2023-11-07T00:00:00+00:00",4,3,3],["2023-11-26T00:00:00+00:00",4,3,0],["2024-01-06T00:00:00+00:00",4,3,0],["2024-02-29T00:00:00+00:00",4,3,0],["2024-04-01T00:00:00+00:00",4,3,0],["2024-05-03T00:00:00+00:00",4,3,0],["2024-07-06T00:00:00+00:00",4,3,0],["2024-09-06T00:00:00+00:00",4,3,0],["2024-12-01T00:00:00+00:00",4,3,0],["2025-02-25T00:00:00+00:00",4,3,0],["2025-04-04T00:00:00+00:00",4,3,0],["2025-07-08T00:00:00+00:00",4,3,0],["2025-09-22T00:00:00+00:00",4,3,0]]},"geometry":{"type":"Point","coordinates":[34.449914,31.509938]}},{"type":"Feature","properties":{"site_id":26,"event_code":"CE20231007PSE","latest_date":"2025-09-22T00:00:00+00:00","latest_class":4,"pass_count":10,"h":[["2024-02-29T00:00:00+00:00",4,3,3],["2024-04-01T00:00:00+00:00",4,3,0],["2024-05-03T00:00:00+00:00",4,3,0],["2024-07-06T00:00:00+00:00",4,3,0],["2024-09-06T00:00:00+00:00",4,3,0],["2024-12-01T00:00:00+00:00",4,3,0],["2025-02-25T00:00:00+00:00",4,3,0],["2025-04-04T00:00:00+00:00",4,3,0],["2025-07-08T00:00:00+00:00",4,3,0],["2025-09-22T00:00:00+00:00",4,3,0]]},"geometry":{"type":"Point","coordinates":[34.446999,31.508059]}},{"type":"Feature","properties":{"site_id":26,"event_code":"CE20231007PSE","latest_date":"2025-09-22T00:00:00+00:00","latest_class":4,"pass_count":13,"h":[["2023-11-07T00:00:00+00:00",4,3,3],["2023-11-26T00:00:00+00:00",4,3,0],["2024-01-06T00:00:00+00:00",4,3,0],["2024-02-29T00:00:00+00:00",4,3,0],["2024-04-01T00:00:00+00:00",4,3,0],["2024-05-03T00:00:00+00:00",4,3,0],["2024-07-06T00:00:00+00:00",4,3,0],["2024-09-06T00:00:00+00:00",4,3,0],["2024-12-01T00:00:00+00:00",4,3,0],["2025-02-25T00:00:00+00:00",4,3,0],["2025-04-04T00:00:00+00:00",4,3,0],["2025-07-08T00:00:00+00:00",4,3,0],["2025-09-22T00:00:00+00:00",4,3,0]]},"geometry":{"type":"Point","coordinates":[34.450172,31.51012]}},{"type":"Feature","properties":{"site_id":26,"event_code":"CE20231007PSE","latest_date":"2025-09-22T00:00:00+00:00","latest_class":4,"pass_count":13,"h":[["2023-11-07T00:00:00+00:00",4,3,3],["2023-11-26T00:00:00+00:00",4,3,0],["2024-01-06T00:00:00+00:00",4,3,0],["2024-02-29T00:00:00+00:00",4,3,0],["2024-04-01T00:00:00+00:00",4,3,0],["2024-05-03T00:00:00+00:00",4,3,0],["2024-07-06T00:00:00+00:00",4,3,0],["2024-09-06T00:00:00+00:00",4,3,0],["2024-12-01T00:00:00+00:00",4,3,0],["2025-02-25T00:00:00+00:00",4,3,0],["2025-04-04T00:00:00+00:00",4,3,0],["2025-07-08T00:00:00+00:00",4,3,0],["2025-09-22T00:00:00+00:00",4,3,0]]},"geometry":{"type":"Point","coordinates":[34.44839,31.508375]}},{"type":"Feature","properties":{"site_id":26,"event_code":"CE20231007PSE","latest_date":"2025-09-22T00:00:00+00:00","latest_class":4,"pass_count":11,"h":[["2024-01-06T00:00:00+00:00",4,3,3],["2024-02-29T00:00:00+00:00",4,3,0],["2024-04-01T00:00:00+00:00",4,3,0],["2024-05-03T00:00:00+00:00",4,3,0],["2024-07-06T00:00:00+00:00",4,3,0],["2024-09-06T00:00:00+00:00",4,3,0],["2024-12-01T00:00:00+00:00",4,3,0],["2025-02-25T00:00:00+00:00",4,3,0],["2025-04-04T00:00:00+00:00",4,3,0],["2025-07-08T00:00:00+00:00",4,3,0],["2025-09-22T00:00:00+00:00",4,3,0]]},"geometry":{"type":"Point","coordinates":[34.453096,31.508177]}},{"type":"Feature","properties":{"site_id":26,"event_code":"CE20231007PSE","latest_date":"2025-09-22T00:00:00+00:00","latest_class":4,"pass_count":12,"h":[["2023-11-26T00:00:00+00:00",4,3,3],["2024-01-06T00:00:00+00:00",4,3,0],["2024-02-29T00:00:00+00:00",4,3,0],["2024-04-01T00:00:00+00:00",4,3,0],["2024-05-03T00:00:00+00:00",4,3,0],["2024-07-06T00:00:00+00:00",4,3,0],["2024-09-06T00:00:00+00:00",4,3,0],["2024-12-01T00:00:00+00:00",4,3,0],["2025-02-25T00:00:00+00:00",4,3,0],["2025-04-04T00:00:00+00:00",4,3,0],["2025-07-08T00:00:00+00:00",4,3,0],["2025-09-22T00:00:00+00:00",4,3,0]]},"geometry":{"type":"Point","coordinates":[34.444627,31.508827]}},{"type":"Feature","properties":{"site_id":26,"event_code":"CE20231007PSE","latest_date":"2025-09-22T00:00:00+00:00","latest_class":4,"pass_count":12,"h":[["2023-11-26T00:00:00+00:00",4,3,3],["2024-01-06T00:00:00+00:00",4,3,0],["2024-02-29T00:00:00+00:00",4,3,0],["2024-04-01T00:00:00+00:00",4,3,0],["2024-05-03T00:00:00+00:00",4,3,0],["2024-07-06T00:00:00+00:00",4,3,0],["2024-09-06T00:00:00+00:00",4,3,0],["2024-12-01T00:00:00+00:00",4,3,0],["2025-02-25T00:00:00+00:00",4,3,0],["2025-04-04T00:00:00+00:00",4,3,0],["2025-07-08T00:00:00+00:00",4,3,0],["2025-09-22T00:00:00+00:00",4,3,0]]},"geometry":{"type":"Point","coordinates":[34.449195,31.5055]}},{"type":"Feature","properties":{"site_id":26,"event_code":"CE20231007PSE","latest_date":"2025-09-22T00:00:00+00:00","latest_class":4,"pass_count":11,"h":[["2024-01-06T00:00:00+00:00",4,3,3],["2024-02-29T00:00:00+00:00",4,3,0],["2024-04-01T00:00:00+00:00",4,3,0],["2024-05-03T00:00:00+00:00",4,3,0],["2024-07-06T00:00:00+00:00",4,3,0],["2024-09-06T00:00:00+00:00",4,3,0],["2024-12-01T00:00:00+00:00",4,3,0],["2025-02-25T00:00:00+00:00",4,3,0],["2025-04-04T00:00:00+00:00",4,3,0],["2025-07-08T00:00:00+00:00",4,3,0],["2025-09-22T00:00:00+00:00",4,3,0]]},"geometry":{"type":"Point","coordinates":[34.450303,31.508502]}},{"type":"Feature","properties":{"site_id":26,"event_code":"CE20231007PSE","latest_date":"2025-09-22T00:00:00+00:00","latest_class":4,"pass_count":3,"h":[["2025-04-04T00:00:00+00:00",4,3,3],["2025-07-08T00:00:00+00:00",4,3,0],["2025-09-22T00:00:00+00:00",4,3,0]]},"geometry":{"type":"Point","coordinates":[34.451648,31.510091]}},{"type":"Feature","properties":{"site_id":26,"event_code":"CE20231007PSE","latest_date":"2025-09-22T00:00:00+00:00","latest_class":4,"pass_count":12,"h":[["2023-11-26T00:00:00+00:00",4,3,3],["2024-01-06T00:00:00+00:00",4,3,0],["2024-02-29T00:00:00+00:00",4,3,0],["2024-04-01T00:00:00+00:00",4,3,0],["2024-05-03T00:00:00+00:00",4,3,0],["2024-07-06T00:00:00+00:00",4,3,0],["2024-09-06T00:00:00+00:00",4,3,0],["2024-12-01T00:00:00+00:00",4,3,0],["2025-02-25T00:00:00+00:00",4,3,0],["2025-04-04T00:00:00+00:00",4,3,0],["2025-07-08T00:00:00+00:00",4,3,0],["2025-09-22T00:00:00+00:00",4,3,0]]},"geometry":{"type":"Point","coordinates":[34.454303,31.506287]}},{"type":"Feature","properties":{"site_id":26,"event_code":"CE20231007PSE","latest_date":"2025-09-22T00:00:00+00:00","latest_class":4,"pass_count":12,"h":[["2023-11-26T00:00:00+00:00",4,3,3],["2024-01-06T00:00:00+00:00",4,3,0],["2024-02-29T00:00:00+00:00",4,3,0],["2024-04-01T00:00:00+00:00",4,3,0],["2024-05-03T00:00:00+00:00",4,3,0],["2024-07-06T00:00:00+00:00",4,3,0],["2024-09-06T00:00:00+00:00",4,3,0],["2024-12-01T00:00:00+00:00",4,3,0],["2025-02-25T00:00:00+00:00",4,3,0],["2025-04-04T00:00:00+00:00",4,3,0],["2025-07-08T00:00:00+00:00",4,3,0],["2025-09-22T00:00:00+00:00",4,3,0]]},"geometry":{"type":"Point","coordinates":[34.453217,31.507196]}},{"type":"Feature","properties":{"site_id":26,"event_code":"CE20231007PSE","latest_date":"2025-09-22T00:00:00+00:00","latest_class":4,"pass_count":12,"h":[["2023-11-26T00:00:00+00:00",4,3,3],["2024-01-06T00:00:00+00:00",4,3,0],["2024-02-29T00:00:00+00:00",4,3,0],["2024-04-01T00:00:00+00:00",4,3,0],["2024-05-03T00:00:00+00:00",4,3,0],["2024-07-06T00:00:00+00:00",4,3,0],["2024-09-06T00:00:00+00:00",4,3,0],["2024-12-01T00:00:00+00:00",4,3,0],["2025-02-25T00:00:00+00:00",4,3,0],["2025-04-04T00:00:00+00:00",4,3,0],["2025-07-08T00:00:00+00:00",4,3,0],["2025-09-22T00:00:00+00:00",4,3,0]]},"geometry":{"type":"Point","coordinates":[34.447471,31.506023]}},{"type":"Feature","properties":{"site_id":26,"event_code":"CE20231007PSE","latest_date":"2025-09-22T00:00:00+00:00","latest_class":4,"pass_count":13,"h":[["2023-11-07T00:00:00+00:00",4,3,3],["2023-11-26T00:00:00+00:00",4,3,0],["2024-01-06T00:00:00+00:00",4,3,0],["2024-02-29T00:00:00+00:00",4,3,0],["2024-04-01T00:00:00+00:00",4,3,0],["2024-05-03T00:00:00+00:00",4,3,0],["2024-07-06T00:00:00+00:00",4,3,0],["2024-09-06T00:00:00+00:00",4,3,0],["2024-12-01T00:00:00+00:00",4,3,0],["2025-02-25T00:00:00+00:00",4,3,0],["2025-04-04T00:00:00+00:00",4,3,0],["2025-07-08T00:00:00+00:00",4,3,0],["2025-09-22T00:00:00+00:00",4,3,0]]},"geometry":{"type":"Point","coordinates":[34.452087,31.507758]}},{"type":"Feature","properties":{"site_id":26,"event_code":"CE20231007PSE","latest_date":"2025-09-22T00:00:00+00:00","latest_class":4,"pass_count":10,"h":[["2024-02-29T00:00:00+00:00",4,3,3],["2024-04-01T00:00:00+00:00",4,3,0],["2024-05-03T00:00:00+00:00",4,3,0],["2024-07-06T00:00:00+00:00",4,3,0],["2024-09-06T00:00:00+00:00",4,3,0],["2024-12-01T00:00:00+00:00",4,3,0],["2025-02-25T00:00:00+00:00",4,3,0],["2025-04-04T00:00:00+00:00",4,3,0],["2025-07-08T00:00:00+00:00",4,3,0],["2025-09-22T00:00:00+00:00",4,3,0]]},"geometry":{"type":"Point","coordinates":[34.44896,31.506187]}},{"type":"Feature","properties":{"site_id":26,"event_code":"CE20231007PSE","latest_date":"2025-09-22T00:00:00+00:00","latest_class":4,"pass_count":13,"h":[["2023-11-07T00:00:00+00:00",4,3,3],["2023-11-26T00:00:00+00:00",4,3,0],["2024-01-06T00:00:00+00:00",4,3,0],["2024-02-29T00:00:00+00:00",4,3,0],["2024-04-01T00:00:00+00:00",4,3,0],["2024-05-03T00:00:00+00:00",4,3,0],["2024-07-06T00:00:00+00:00",4,3,0],["2024-09-06T00:00:00+00:00",4,3,0],["2024-12-01T00:00:00+00:00",4,3,0],["2025-02-25T00:00:00+00:00",4,3,0],["2025-04-04T00:00:00+00:00",4,3,0],["2025-07-08T00:00:00+00:00",4,3,0],["2025-09-22T00:00:00+00:00",4,3,0]]},"geometry":{"type":"Point","coordinates":[34.451707,31.505512]}},{"type":"Feature","properties":{"site_id":26,"event_code":"CE20231007PSE","latest_date":"2025-09-22T00:00:00+00:00","latest_class":4,"pass_count":12,"h":[["2023-11-26T00:00:00+00:00",4,3,3],["2024-01-06T00:00:00+00:00",4,3,0],["2024-02-29T00:00:00+00:00",4,3,0],["2024-04-01T00:00:00+00:00",4,3,0],["2024-05-03T00:00:00+00:00",4,3,0],["2024-07-06T00:00:00+00:00",4,3,0],["2024-09-06T00:00:00+00:00",4,3,0],["2024-12-01T00:00:00+00:00",4,3,0],["2025-02-25T00:00:00+00:00",4,3,0],["2025-04-04T00:00:00+00:00",4,3,0],["2025-07-08T00:00:00+00:00",4,3,0],["2025-09-22T00:00:00+00:00",4,3,0]]},"geometry":{"type":"Point","coordinates":[34.452897,31.507294]}},{"type":"Feature","properties":{"site_id":26,"event_code":"CE20231007PSE","latest_date":"2025-09-22T00:00:00+00:00","latest_class":4,"pass_count":12,"h":[["2023-11-26T00:00:00+00:00",4,3,3],["2024-01-06T00:00:00+00:00",4,3,0],["2024-02-29T00:00:00+00:00",4,3,0],["2024-04-01T00:00:00+00:00",4,3,0],["2024-05-03T00:00:00+00:00",4,3,0],["2024-07-06T00:00:00+00:00",4,3,0],["2024-09-06T00:00:00+00:00",4,3,0],["2024-12-01T00:00:00+00:00",4,3,0],["2025-02-25T00:00:00+00:00",4,3,0],["2025-04-04T00:00:00+00:00",4,3,0],["2025-07-08T00:00:00+00:00",4,3,0],["2025-09-22T00:00:00+00:00",4,3,0]]},"geometry":{"type":"Point","coordinates":[34.457594,31.502772]}},{"type":"Feature","properties":{"site_id":26,"event_code":"CE20231007PSE","latest_date":"2025-09-22T00:00:00+00:00","latest_class":4,"pass_count":12,"h":[["2023-11-26T00:00:00+00:00",4,3,3],["2024-01-06T00:00:00+00:00",4,3,0],["2024-02-29T00:00:00+00:00",4,3,0],["2024-04-01T00:00:00+00:00",4,3,0],["2024-05-03T00:00:00+00:00",4,3,0],["2024-07-06T00:00:00+00:00",4,3,0],["2024-09-06T00:00:00+00:00",4,3,0],["2024-12-01T00:00:00+00:00",4,3,0],["2025-02-25T00:00:00+00:00",4,3,0],["2025-04-04T00:00:00+00:00",4,3,0],["2025-07-08T00:00:00+00:00",4,3,0],["2025-09-22T00:00:00+00:00",4,3,0]]},"geometry":{"type":"Point","coordinates":[34.447765,31.506222]}},{"type":"Feature","properties":{"site_id":26,"event_code":"CE20231007PSE","latest_date":"2025-09-22T00:00:00+00:00","latest_class":4,"pass_count":12,"h":[["2023-11-26T00:00:00+00:00",4,3,3],["2024-01-06T00:00:00+00:00",4,3,0],["2024-02-29T00:00:00+00:00",4,3,0],["2024-04-01T00:00:00+00:00",4,3,0],["2024-05-03T00:00:00+00:00",4,3,0],["2024-07-06T00:00:00+00:00",4,3,0],["2024-09-06T00:00:00+00:00",4,3,0],["2024-12-01T00:00:00+00:00",4,3,0],["2025-02-25T00:00:00+00:00",4,3,0],["2025-04-04T00:00:00+00:00",4,3,0],["2025-07-08T00:00:00+00:00",4,3,0],["2025-09-22T00:00:00+00:00",4,3,0]]},"geometry":{"type":"Point","coordinates":[34.453558,31.506846]}},{"type":"Feature","properties":{"site_id":26,"event_code":"CE20231007PSE","latest_date":"2025-09-22T00:00:00+00:00","latest_class":4,"pass_count":11,"h":[["2024-01-06T00:00:00+00:00",4,3,3],["2024-02-29T00:00:00+00:00",4,3,0],["2024-04-01T00:00:00+00:00",4,3,0],["2024-05-03T00:00:00+00:00",4,3,0],["2024-07-06T00:00:00+00:00",4,3,0],["2024-09-06T00:00:00+00:00",4,3,0],["2024-12-01T00:00:00+00:00",4,3,0],["2025-02-25T00:00:00+00:00",4,3,0],["2025-04-04T00:00:00+00:00",4,3,0],["2025-07-08T00:00:00+00:00",4,3,0],["2025-09-22T00:00:00+00:00",4,3,0]]},"geometry":{"type":"Point","coordinates":[34.457604,31.507575]}},{"type":"Feature","properties":{"site_id":26,"event_code":"CE20231007PSE","latest_date":"2025-09-22T00:00:00+00:00","latest_class":4,"pass_count":11,"h":[["2024-01-06T00:00:00+00:00",4,3,3],["2024-02-29T00:00:00+00:00",4,3,0],["2024-04-01T00:00:00+00:00",4,3,0],["2024-05-03T00:00:00+00:00",4,3,0],["2024-07-06T00:00:00+00:00",4,3,0],["2024-09-06T00:00:00+00:00",4,3,0],["2024-12-01T00:00:00+00:00",4,3,0],["2025-02-25T00:00:00+00:00",4,3,0],["2025-04-04T00:00:00+00:00",4,3,0],["2025-07-08T00:00:00+00:00",4,3,0],["2025-09-22T00:00:00+00:00",4,3,0]]},"geometry":{"type":"Point","coordinates":[34.453487,31.507825]}},{"type":"Feature","properties":{"site_id":26,"event_code":"CE20231007PSE","latest_date":"2025-09-22T00:00:00+00:00","latest_class":4,"pass_count":1,"h":[["2025-09-22T00:00:00+00:00",4,3,3]]},"geometry":{"type":"Point","coordinates":[34.444158,31.511517]}},{"type":"Feature","properties":{"site_id":26,"event_code":"CE20231007PSE","latest_date":"2025-09-22T00:00:00+00:00","latest_class":4,"pass_count":12,"h":[["2023-11-26T00:00:00+00:00",4,3,3],["2024-01-06T00:00:00+00:00",4,3,0],["2024-02-29T00:00:00+00:00",4,3,0],["2024-04-01T00:00:00+00:00",4,3,0],["2024-05-03T00:00:00+00:00",4,3,0],["2024-07-06T00:00:00+00:00",4,3,0],["2024-09-06T00:00:00+00:00",4,3,0],["2024-12-01T00:00:00+00:00",4,3,0],["2025-02-25T00:00:00+00:00",4,3,0],["2025-04-04T00:00:00+00:00",4,3,0],["2025-07-08T00:00:00+00:00",4,3,0],["2025-09-22T00:00:00+00:00",4,3,0]]},"geometry":{"type":"Point","coordinates":[34.44617,31.507413]}},{"type":"Feature","properties":{"site_id":26,"event_code":"CE20231007PSE","latest_date":"2025-09-22T00:00:00+00:00","latest_class":4,"pass_count":13,"h":[["2023-11-07T00:00:00+00:00",4,3,3],["2023-11-26T00:00:00+00:00",4,3,0],["2024-01-06T00:00:00+00:00",4,3,0],["2024-02-29T00:00:00+00:00",4,3,0],["2024-04-01T00:00:00+00:00",4,3,0],["2024-05-03T00:00:00+00:00",4,3,0],["2024-07-06T00:00:00+00:00",4,3,0],["2024-09-06T00:00:00+00:00",4,3,0],["2024-12-01T00:00:00+00:00",4,3,0],["2025-02-25T00:00:00+00:00",4,3,0],["2025-04-04T00:00:00+00:00",4,3,0],["2025-07-08T00:00:00+00:00",4,3,0],["2025-09-22T00:00:00+00:00",4,3,0]]},"geometry":{"type":"Point","coordinates":[34.457968,31.507997]}},{"type":"Feature","properties":{"site_id":26,"event_code":"CE20231007PSE","latest_date":"2025-09-22T00:00:00+00:00","latest_class":4,"pass_count":10,"h":[["2024-02-29T00:00:00+00:00",4,3,3],["2024-04-01T00:00:00+00:00",4,3,0],["2024-05-03T00:00:00+00:00",4,3,0],["2024-07-06T00:00:00+00:00",4,3,0],["2024-09-06T00:00:00+00:00",4,3,0],["2024-12-01T00:00:00+00:00",4,3,0],["2025-02-25T00:00:00+00:00",4,3,0],["2025-04-04T00:00:00+00:00",4,3,0],["2025-07-08T00:00:00+00:00",4,3,0],["2025-09-22T00:00:00+00:00",4,3,0]]},"geometry":{"type":"Point","coordinates":[34.458842,31.507306]}},{"type":"Feature","properties":{"site_id":26,"event_code":"CE20231007PSE","latest_date":"2025-09-22T00:00:00+00:00","latest_class":4,"pass_count":12,"h":[["2023-11-26T00:00:00+00:00",4,3,3],["2024-01-06T00:00:00+00:00",4,3,0],["2024-02-29T00:00:00+00:00",4,3,0],["2024-04-01T00:00:00+00:00",4,3,0],["2024-05-03T00:00:00+00:00",4,3,0],["2024-07-06T00:00:00+00:00",4,3,0],["2024-09-06T00:00:00+00:00",4,3,0],["2024-12-01T00:00:00+00:00",4,3,0],["2025-02-25T00:00:00+00:00",4,3,0],["2025-04-04T00:00:00+00:00",4,3,0],["2025-07-08T00:00:00+00:00",4,3,0],["2025-09-22T00:00:00+00:00",4,3,0]]},"geometry":{"type":"Point","coordinates":[34.45245,31.507432]}},{"type":"Feature","properties":{"site_id":26,"event_code":"CE20231007PSE","latest_date":"2025-09-22T00:00:00+00:00","latest_class":4,"pass_count":12,"h":[["2023-11-26T00:00:00+00:00",4,3,3],["2024-01-06T00:00:00+00:00",4,3,0],["2024-02-29T00:00:00+00:00",4,3,0],["2024-04-01T00:00:00+00:00",4,3,0],["2024-05-03T00:00:00+00:00",4,3,0],["2024-07-06T00:00:00+00:00",4,3,0],["2024-09-06T00:00:00+00:00",4,3,0],["2024-12-01T00:00:00+00:00",4,3,0],["2025-02-25T00:00:00+00:00",4,3,0],["2025-04-04T00:00:00+00:00",4,3,0],["2025-07-08T00:00:00+00:00",4,3,0],["2025-09-22T00:00:00+00:00",4,3,0]]},"geometry":{"type":"Point","coordinates":[34.452945,31.507355]}},{"type":"Feature","properties":{"site_id":26,"event_code":"CE20231007PSE","latest_date":"2025-09-22T00:00:00+00:00","latest_class":4,"pass_count":1,"h":[["2025-09-22T00:00:00+00:00",4,3,3]]},"geometry":{"type":"Point","coordinates":[34.452353,31.502985]}},{"type":"Feature","properties":{"site_id":26,"event_code":"CE20231007PSE","latest_date":"2025-09-22T00:00:00+00:00","latest_class":4,"pass_count":12,"h":[["2023-11-26T00:00:00+00:00",4,3,3],["2024-01-06T00:00:00+00:00",4,3,0],["2024-02-29T00:00:00+00:00",4,3,0],["2024-04-01T00:00:00+00:00",4,3,0],["2024-05-03T00:00:00+00:00",4,3,0],["2024-07-06T00:00:00+00:00",4,3,0],["2024-09-06T00:00:00+00:00",4,3,0],["2024-12-01T00:00:00+00:00",4,3,0],["2025-02-25T00:00:00+00:00",4,3,0],["2025-04-04T00:00:00+00:00",4,3,0],["2025-07-08T00:00:00+00:00",4,3,0],["2025-09-22T00:00:00+00:00",4,3,0]]},"geometry":{"type":"Point","coordinates":[34.453842,31.505979]}},{"type":"Feature","properties":{"site_id":26,"event_code":"CE20231007PSE","latest_date":"2025-09-22T00:00:00+00:00","latest_class":4,"pass_count":12,"h":[["2023-11-26T00:00:00+00:00",4,3,3],["2024-01-06T00:00:00+00:00",4,3,0],["2024-02-29T00:00:00+00:00",4,3,0],["2024-04-01T00:00:00+00:00",4,3,0],["2024-05-03T00:00:00+00:00",4,3,0],["2024-07-06T00:00:00+00:00",4,3,0],["2024-09-06T00:00:00+00:00",4,3,0],["2024-12-01T00:00:00+00:00",4,3,0],["2025-02-25T00:00:00+00:00",4,3,0],["2025-04-04T00:00:00+00:00",4,3,0],["2025-07-08T00:00:00+00:00",4,3,0],["2025-09-22T00:00:00+00:00",4,3,0]]},"geometry":{"type":"Point","coordinates":[34.448422,31.508938]}},{"type":"Feature","properties":{"site_id":26,"event_code":"CE20231007PSE","latest_date":"2025-09-22T00:00:00+00:00","latest_class":4,"pass_count":4,"h":[["2025-02-25T00:00:00+00:00",4,3,3],["2025-04-04T00:00:00+00:00",4,3,0],["2025-07-08T00:00:00+00:00",4,3,0],["2025-09-22T00:00:00+00:00",4,3,0]]},"geometry":{"type":"Point","coordinates":[34.44852,31.507126]}},{"type":"Feature","properties":{"site_id":26,"event_code":"CE20231007PSE","latest_date":"2025-09-22T00:00:00+00:00","latest_class":4,"pass_count":1,"h":[["2025-09-22T00:00:00+00:00",4,3,3]]},"geometry":{"type":"Point","coordinates":[34.455094,31.50477]}},{"type":"Feature","properties":{"site_id":26,"event_code":"CE20231007PSE","latest_date":"2025-09-22T00:00:00+00:00","latest_class":4,"pass_count":11,"h":[["2024-01-06T00:00:00+00:00",4,3,3],["2024-02-29T00:00:00+00:00",4,3,0],["2024-04-01T00:00:00+00:00",4,3,0],["2024-05-03T00:00:00+00:00",4,3,0],["2024-07-06T00:00:00+00:00",4,3,0],["2024-09-06T00:00:00+00:00",4,3,0],["2024-12-01T00:00:00+00:00",4,3,0],["2025-02-25T00:00:00+00:00",4,3,0],["2025-04-04T00:00:00+00:00",4,3,0],["2025-07-08T00:00:00+00:00",4,3,0],["2025-09-22T00:00:00+00:00",4,3,0]]},"geometry":{"type":"Point","coordinates":[34.444455,31.50949]}},{"type":"Feature","properties":{"site_id":26,"event_code":"CE20231007PSE","latest_date":"2025-09-22T00:00:00+00:00","latest_class":4,"pass_count":12,"h":[["2023-11-26T00:00:00+00:00",4,3,3],["2024-01-06T00:00:00+00:00",4,3,0],["2024-02-29T00:00:00+00:00",4,3,0],["2024-04-01T00:00:00+00:00",4,3,0],["2024-05-03T00:00:00+00:00",4,3,0],["2024-07-06T00:00:00+00:00",4,3,0],["2024-09-06T00:00:00+00:00",4,3,0],["2024-12-01T00:00:00+00:00",4,3,0],["2025-02-25T00:00:00+00:00",4,3,0],["2025-04-04T00:00:00+00:00",4,3,0],["2025-07-08T00:00:00+00:00",4,3,0],["2025-09-22T00:00:00+00:00",4,3,0]]},"geometry":{"type":"Point","coordinates":[34.449639,31.505184]}},{"type":"Feature","properties":{"site_id":26,"event_code":"CE20231007PSE","latest_date":"2025-09-22T00:00:00+00:00","latest_class":4,"pass_count":13,"h":[["2023-11-07T00:00:00+00:00",4,3,3],["2023-11-26T00:00:00+00:00",4,3,0],["2024-01-06T00:00:00+00:00",4,3,0],["2024-02-29T00:00:00+00:00",4,3,0],["2024-04-01T00:00:00+00:00",4,3,0],["2024-05-03T00:00:00+00:00",4,3,0],["2024-07-06T00:00:00+00:00",4,3,0],["2024-09-06T00:00:00+00:00",4,3,0],["2024-12-01T00:00:00+00:00",4,3,0],["2025-02-25T00:00:00+00:00",4,3,0],["2025-04-04T00:00:00+00:00",4,3,0],["2025-07-08T00:00:00+00:00",4,3,0],["2025-09-22T00:00:00+00:00",4,3,0]]},"geometry":{"type":"Point","coordinates":[34.452039,31.507831]}},{"type":"Feature","properties":{"site_id":26,"event_code":"CE20231007PSE","latest_date":"2025-09-22T00:00:00+00:00","latest_class":4,"pass_count":14,"h":[["2023-10-15T00:00:00+00:00",4,3,null],["2023-11-07T00:00:00+00:00",4,3,0],["2023-11-26T00:00:00+00:00",4,3,0],["2024-01-06T00:00:00+00:00",4,3,0],["2024-02-29T00:00:00+00:00",4,3,0],["2024-04-01T00:00:00+00:00",4,3,0],["2024-05-03T00:00:00+00:00",4,3,0],["2024-07-06T00:00:00+00:00",4,3,0],["2024-09-06T00:00:00+00:00",4,3,0],["2024-12-01T00:00:00+00:00",4,3,0],["2025-02-25T00:00:00+00:00",4,3,0],["2025-04-04T00:00:00+00:00",4,3,0],["2025-07-08T00:00:00+00:00",4,3,0],["2025-09-22T00:00:00+00:00",4,3,0]]},"geometry":{"type":"Point","coordinates":[34.446127,31.509079]}},{"type":"Feature","properties":{"site_id":26,"event_code":"CE20231007PSE","latest_date":"2025-09-22T00:00:00+00:00","latest_class":4,"pass_count":11,"h":[["2024-01-06T00:00:00+00:00",4,3,3],["2024-02-29T00:00:00+00:00",4,3,0],["2024-04-01T00:00:00+00:00",4,3,0],["2024-05-03T00:00:00+00:00",4,3,0],["2024-07-06T00:00:00+00:00",4,3,0],["2024-09-06T00:00:00+00:00",4,3,0],["2024-12-01T00:00:00+00:00",4,3,0],["2025-02-25T00:00:00+00:00",4,3,0],["2025-04-04T00:00:00+00:00",4,3,0],["2025-07-08T00:00:00+00:00",4,3,0],["2025-09-22T00:00:00+00:00",4,3,0]]},"geometry":{"type":"Point","coordinates":[34.452502,31.51079]}},{"type":"Feature","properties":{"site_id":26,"event_code":"CE20231007PSE","latest_date":"2025-09-22T00:00:00+00:00","latest_class":4,"pass_count":13,"h":[["2023-11-07T00:00:00+00:00",4,3,3],["2023-11-26T00:00:00+00:00",4,3,0],["2024-01-06T00:00:00+00:00",4,3,0],["2024-02-29T00:00:00+00:00",4,3,0],["2024-04-01T00:00:00+00:00",4,3,0],["2024-05-03T00:00:00+00:00",4,3,0],["2024-07-06T00:00:00+00:00",4,3,0],["2024-09-06T00:00:00+00:00",4,3,0],["2024-12-01T00:00:00+00:00",4,3,0],["2025-02-25T00:00:00+00:00",4,3,0],["2025-04-04T00:00:00+00:00",4,3,0],["2025-07-08T00:00:00+00:00",4,3,0],["2025-09-22T00:00:00+00:00",4,3,0]]},"geometry":{"type":"Point","coordinates":[34.442701,31.506449]}},{"type":"Feature","properties":{"site_id":26,"event_code":"CE20231007PSE","latest_date":"2025-09-22T00:00:00+00:00","latest_class":4,"pass_count":1,"h":[["2025-09-22T00:00:00+00:00",4,3,3]]},"geometry":{"type":"Point","coordinates":[34.455748,31.504571]}},{"type":"Feature","properties":{"site_id":26,"event_code":"CE20231007PSE","latest_date":"2025-09-22T00:00:00+00:00","latest_class":4,"pass_count":4,"h":[["2025-02-25T00:00:00+00:00",4,3,3],["2025-04-04T00:00:00+00:00",4,3,0],["2025-07-08T00:00:00+00:00",4,3,0],["2025-09-22T00:00:00+00:00",4,3,0]]},"geometry":{"type":"Point","coordinates":[34.448673,31.506998]}},{"type":"Feature","properties":{"site_id":26,"event_code":"CE20231007PSE","latest_date":"2025-09-22T00:00:00+00:00","latest_class":4,"pass_count":11,"h":[["2024-01-06T00:00:00+00:00",4,3,3],["2024-02-29T00:00:00+00:00",4,3,0],["2024-04-01T00:00:00+00:00",4,3,0],["2024-05-03T00:00:00+00:00",4,3,0],["2024-07-06T00:00:00+00:00",4,3,0],["2024-09-06T00:00:00+00:00",4,3,0],["2024-12-01T00:00:00+00:00",4,3,0],["2025-02-25T00:00:00+00:00",4,3,0],["2025-04-04T00:00:00+00:00",4,3,0],["2025-07-08T00:00:00+00:00",4,3,0],["2025-09-22T00:00:00+00:00",4,3,0]]},"geometry":{"type":"Point","coordinates":[34.444356,31.510625]}},{"type":"Feature","properties":{"site_id":26,"event_code":"CE20231007PSE","latest_date":"2025-09-22T00:00:00+00:00","latest_class":4,"pass_count":1,"h":[["2025-09-22T00:00:00+00:00",4,3,3]]},"geometry":{"type":"Point","coordinates":[34.442251,31.504597]}},{"type":"Feature","properties":{"site_id":26,"event_code":"CE20231007PSE","latest_date":"2025-09-22T00:00:00+00:00","latest_class":4,"pass_count":11,"h":[["2024-01-06T00:00:00+00:00",4,3,3],["2024-02-29T00:00:00+00:00",4,3,0],["2024-04-01T00:00:00+00:00",4,3,0],["2024-05-03T00:00:00+00:00",4,3,0],["2024-07-06T00:00:00+00:00",4,3,0],["2024-09-06T00:00:00+00:00",4,3,0],["2024-12-01T00:00:00+00:00",4,3,0],["2025-02-25T00:00:00+00:00",4,3,0],["2025-04-04T00:00:00+00:00",4,3,0],["2025-07-08T00:00:00+00:00",4,3,0],["2025-09-22T00:00:00+00:00",4,3,0]]},"geometry":{"type":"Point","coordinates":[34.451706,31.509382]}},{"type":"Feature","properties":{"site_id":26,"event_code":"CE20231007PSE","latest_date":"2025-09-22T00:00:00+00:00","latest_class":4,"pass_count":12,"h":[["2023-11-26T00:00:00+00:00",4,3,3],["2024-01-06T00:00:00+00:00",4,3,0],["2024-02-29T00:00:00+00:00",4,3,0],["2024-04-01T00:00:00+00:00",4,3,0],["2024-05-03T00:00:00+00:00",4,3,0],["2024-07-06T00:00:00+00:00",4,3,0],["2024-09-06T00:00:00+00:00",4,3,0],["2024-12-01T00:00:00+00:00",4,3,0],["2025-02-25T00:00:00+00:00",4,3,0],["2025-04-04T00:00:00+00:00",4,3,0],["2025-07-08T00:00:00+00:00",4,3,0],["2025-09-22T00:00:00+00:00",4,3,0]]},"geometry":{"type":"Point","coordinates":[34.44659,31.506597]}},{"type":"Feature","properties":{"site_id":26,"event_code":"CE20231007PSE","latest_date":"2025-09-22T00:00:00+00:00","latest_class":4,"pass_count":13,"h":[["2023-11-07T00:00:00+00:00",4,3,3],["2023-11-26T00:00:00+00:00",4,3,0],["2024-01-06T00:00:00+00:00",4,3,0],["2024-02-29T00:00:00+00:00",4,3,0],["2024-04-01T00:00:00+00:00",4,3,0],["2024-05-03T00:00:00+00:00",4,3,0],["2024-07-06T00:00:00+00:00",4,3,0],["2024-09-06T00:00:00+00:00",4,3,0],["2024-12-01T00:00:00+00:00",4,3,0],["2025-02-25T00:00:00+00:00",4,3,0],["2025-04-04T00:00:00+00:00",4,3,0],["2025-07-08T00:00:00+00:00",4,3,0],["2025-09-22T00:00:00+00:00",4,3,0]]},"geometry":{"type":"Point","coordinates":[34.443614,31.506313]}},{"type":"Feature","properties":{"site_id":26,"event_code":"CE20231007PSE","latest_date":"2025-09-22T00:00:00+00:00","latest_class":4,"pass_count":12,"h":[["2023-11-26T00:00:00+00:00",4,3,3],["2024-01-06T00:00:00+00:00",4,3,0],["2024-02-29T00:00:00+00:00",4,3,0],["2024-04-01T00:00:00+00:00",4,3,0],["2024-05-03T00:00:00+00:00",4,3,0],["2024-07-06T00:00:00+00:00",4,3,0],["2024-09-06T00:00:00+00:00",4,3,0],["2024-12-01T00:00:00+00:00",4,3,0],["2025-02-25T00:00:00+00:00",4,3,0],["2025-04-04T00:00:00+00:00",4,3,0],["2025-07-08T00:00:00+00:00",4,3,0],["2025-09-22T00:00:00+00:00",4,3,0]]},"geometry":{"type":"Point","coordinates":[34.44342,31.506204]}},{"type":"Feature","properties":{"site_id":26,"event_code":"CE20231007PSE","latest_date":"2025-09-22T00:00:00+00:00","latest_class":4,"pass_count":1,"h":[["2025-09-22T00:00:00+00:00",4,3,3]]},"geometry":{"type":"Point","coordinates":[34.443787,31.506304]}},{"type":"Feature","properties":{"site_id":26,"event_code":"CE20231007PSE","latest_date":"2025-09-22T00:00:00+00:00","latest_class":4,"pass_count":11,"h":[["2024-01-06T00:00:00+00:00",4,3,3],["2024-02-29T00:00:00+00:00",4,3,0],["2024-04-01T00:00:00+00:00",4,3,0],["2024-05-03T00:00:00+00:00",4,3,0],["2024-07-06T00:00:00+00:00",4,3,0],["2024-09-06T00:00:00+00:00",4,3,0],["2024-12-01T00:00:00+00:00",4,3,0],["2025-02-25T00:00:00+00:00",4,3,0],["2025-04-04T00:00:00+00:00",4,3,0],["2025-07-08T00:00:00+00:00",4,3,0],["2025-09-22T00:00:00+00:00",4,3,0]]},"geometry":{"type":"Point","coordinates":[34.452945,31.510683]}},{"type":"Feature","properties":{"site_id":26,"event_code":"CE20231007PSE","latest_date":"2025-09-22T00:00:00+00:00","latest_class":4,"pass_count":11,"h":[["2024-01-06T00:00:00+00:00",4,3,3],["2024-02-29T00:00:00+00:00",4,3,0],["2024-04-01T00:00:00+00:00",4,3,0],["2024-05-03T00:00:00+00:00",4,3,0],["2024-07-06T00:00:00+00:00",4,3,0],["2024-09-06T00:00:00+00:00",4,3,0],["2024-12-01T00:00:00+00:00",4,3,0],["2025-02-25T00:00:00+00:00",4,3,0],["2025-04-04T00:00:00+00:00",4,3,0],["2025-07-08T00:00:00+00:00",4,3,0],["2025-09-22T00:00:00+00:00",4,3,0]]},"geometry":{"type":"Point","coordinates":[34.449616,31.510745]}},{"type":"Feature","properties":{"site_id":26,"event_code":"CE20231007PSE","latest_date":"2025-09-22T00:00:00+00:00","latest_class":4,"pass_count":13,"h":[["2023-11-07T00:00:00+00:00",4,3,3],["2023-11-26T00:00:00+00:00",4,3,0],["2024-01-06T00:00:00+00:00",4,3,0],["2024-02-29T00:00:00+00:00",4,3,0],["2024-04-01T00:00:00+00:00",4,3,0],["2024-05-03T00:00:00+00:00",4,3,0],["2024-07-06T00:00:00+00:00",4,3,0],["2024-09-06T00:00:00+00:00",4,3,0],["2024-12-01T00:00:00+00:00",4,3,0],["2025-02-25T00:00:00+00:00",4,3,0],["2025-04-04T00:00:00+00:00",4,3,0],["2025-07-08T00:00:00+00:00",4,3,0],["2025-09-22T00:00:00+00:00",4,3,0]]},"geometry":{"type":"Point","coordinates":[34.450543,31.509749]}},{"type":"Feature","properties":{"site_id":26,"event_code":"CE20231007PSE","latest_date":"2025-09-22T00:00:00+00:00","latest_class":4,"pass_count":12,"h":[["2023-11-26T00:00:00+00:00",4,3,3],["2024-01-06T00:00:00+00:00",4,3,0],["2024-02-29T00:00:00+00:00",4,3,0],["2024-04-01T00:00:00+00:00",4,3,0],["2024-05-03T00:00:00+00:00",4,3,0],["2024-07-06T00:00:00+00:00",4,3,0],["2024-09-06T00:00:00+00:00",4,3,0],["2024-12-01T00:00:00+00:00",4,3,0],["2025-02-25T00:00:00+00:00",4,3,0],["2025-04-04T00:00:00+00:00",4,3,0],["2025-07-08T00:00:00+00:00",4,3,0],["2025-09-22T00:00:00+00:00",4,3,0]]},"geometry":{"type":"Point","coordinates":[34.456958,31.503248]}},{"type":"Feature","properties":{"site_id":26,"event_code":"CE20231007PSE","latest_date":"2025-09-22T00:00:00+00:00","latest_class":4,"pass_count":11,"h":[["2024-01-06T00:00:00+00:00",4,3,3],["2024-02-29T00:00:00+00:00",4,3,0],["2024-04-01T00:00:00+00:00",4,3,0],["2024-05-03T00:00:00+00:00",4,3,0],["2024-07-06T00:00:00+00:00",4,3,0],["2024-09-06T00:00:00+00:00",4,3,0],["2024-12-01T00:00:00+00:00",4,3,0],["2025-02-25T00:00:00+00:00",4,3,0],["2025-04-04T00:00:00+00:00",4,3,0],["2025-07-08T00:00:00+00:00",4,3,0],["2025-09-22T00:00:00+00:00",4,3,0]]},"geometry":{"type":"Point","coordinates":[34.457386,31.505976]}},{"type":"Feature","properties":{"site_id":26,"event_code":"CE20231007PSE","latest_date":"2025-09-22T00:00:00+00:00","latest_class":4,"pass_count":12,"h":[["2023-11-26T00:00:00+00:00",4,3,3],["2024-01-06T00:00:00+00:00",4,3,0],["2024-02-29T00:00:00+00:00",4,3,0],["2024-04-01T00:00:00+00:00",4,3,0],["2024-05-03T00:00:00+00:00",4,3,0],["2024-07-06T00:00:00+00:00",4,3,0],["2024-09-06T00:00:00+00:00",4,3,0],["2024-12-01T00:00:00+00:00",4,3,0],["2025-02-25T00:00:00+00:00",4,3,0],["2025-04-04T00:00:00+00:00",4,3,0],["2025-07-08T00:00:00+00:00",4,3,0],["2025-09-22T00:00:00+00:00",4,3,0]]},"geometry":{"type":"Point","coordinates":[34.452072,31.507152]}},{"type":"Feature","properties":{"site_id":26,"event_code":"CE20231007PSE","latest_date":"2025-09-22T00:00:00+00:00","latest_class":4,"pass_count":11,"h":[["2024-01-06T00:00:00+00:00",4,3,3],["2024-02-29T00:00:00+00:00",4,3,0],["2024-04-01T00:00:00+00:00",4,3,0],["2024-05-03T00:00:00+00:00",4,3,0],["2024-07-06T00:00:00+00:00",4,3,0],["2024-09-06T00:00:00+00:00",4,3,0],["2024-12-01T00:00:00+00:00",4,3,0],["2025-02-25T00:00:00+00:00",4,3,0],["2025-04-04T00:00:00+00:00",4,3,0],["2025-07-08T00:00:00+00:00",4,3,0],["2025-09-22T00:00:00+00:00",4,3,0]]},"geometry":{"type":"Point","coordinates":[34.452759,31.510533]}},{"type":"Feature","properties":{"site_id":26,"event_code":"CE20231007PSE","latest_date":"2025-09-22T00:00:00+00:00","latest_class":4,"pass_count":7,"h":[["2024-07-06T00:00:00+00:00",4,3,3],["2024-09-06T00:00:00+00:00",4,3,0],["2024-12-01T00:00:00+00:00",4,3,0],["2025-02-25T00:00:00+00:00",4,3,0],["2025-04-04T00:00:00+00:00",4,3,0],["2025-07-08T00:00:00+00:00",4,3,0],["2025-09-22T00:00:00+00:00",4,3,0]]},"geometry":{"type":"Point","coordinates":[34.449432,31.506683]}},{"type":"Feature","properties":{"site_id":26,"event_code":"CE20231007PSE","latest_date":"2025-09-22T00:00:00+00:00","latest_class":4,"pass_count":12,"h":[["2023-11-26T00:00:00+00:00",4,3,3],["2024-01-06T00:00:00+00:00",4,3,0],["2024-02-29T00:00:00+00:00",4,3,0],["2024-04-01T00:00:00+00:00",4,3,0],["2024-05-03T00:00:00+00:00",4,3,0],["2024-07-06T00:00:00+00:00",4,3,0],["2024-09-06T00:00:00+00:00",4,3,0],["2024-12-01T00:00:00+00:00",4,3,0],["2025-02-25T00:00:00+00:00",4,3,0],["2025-04-04T00:00:00+00:00",4,3,0],["2025-07-08T00:00:00+00:00",4,3,0],["2025-09-22T00:00:00+00:00",4,3,0]]},"geometry":{"type":"Point","coordinates":[34.45724,31.504014]}},{"type":"Feature","properties":{"site_id":26,"event_code":"CE20231007PSE","latest_date":"2025-09-22T00:00:00+00:00","latest_class":4,"pass_count":12,"h":[["2023-11-26T00:00:00+00:00",4,3,3],["2024-01-06T00:00:00+00:00",4,3,0],["2024-02-29T00:00:00+00:00",4,3,0],["2024-04-01T00:00:00+00:00",4,3,0],["2024-05-03T00:00:00+00:00",4,3,0],["2024-07-06T00:00:00+00:00",4,3,0],["2024-09-06T00:00:00+00:00",4,3,0],["2024-12-01T00:00:00+00:00",4,3,0],["2025-02-25T00:00:00+00:00",4,3,0],["2025-04-04T00:00:00+00:00",4,3,0],["2025-07-08T00:00:00+00:00",4,3,0],["2025-09-22T00:00:00+00:00",4,3,0]]},"geometry":{"type":"Point","coordinates":[34.452361,31.50723]}},{"type":"Feature","properties":{"site_id":26,"event_code":"CE20231007PSE","latest_date":"2025-09-22T00:00:00+00:00","latest_class":4,"pass_count":11,"h":[["2024-01-06T00:00:00+00:00",4,3,3],["2024-02-29T00:00:00+00:00",4,3,0],["2024-04-01T00:00:00+00:00",4,3,0],["2024-05-03T00:00:00+00:00",4,3,0],["2024-07-06T00:00:00+00:00",4,3,0],["2024-09-06T00:00:00+00:00",4,3,0],["2024-12-01T00:00:00+00:00",4,3,0],["2025-02-25T00:00:00+00:00",4,3,0],["2025-04-04T00:00:00+00:00",4,3,0],["2025-07-08T00:00:00+00:00",4,3,0],["2025-09-22T00:00:00+00:00",4,3,0]]},"geometry":{"type":"Point","coordinates":[34.451378,31.509544]}},{"type":"Feature","properties":{"site_id":26,"event_code":"CE20231007PSE","latest_date":"2025-09-22T00:00:00+00:00","latest_class":4,"pass_count":13,"h":[["2023-11-07T00:00:00+00:00",4,3,3],["2023-11-26T00:00:00+00:00",4,3,0],["2024-01-06T00:00:00+00:00",4,3,0],["2024-02-29T00:00:00+00:00",4,3,0],["2024-04-01T00:00:00+00:00",4,3,0],["2024-05-03T00:00:00+00:00",4,3,0],["2024-07-06T00:00:00+00:00",4,3,0],["2024-09-06T00:00:00+00:00",4,3,0],["2024-12-01T00:00:00+00:00",4,3,0],["2025-02-25T00:00:00+00:00",4,3,0],["2025-04-04T00:00:00+00:00",4,3,0],["2025-07-08T00:00:00+00:00",4,3,0],["2025-09-22T00:00:00+00:00",4,3,0]]},"geometry":{"type":"Point","coordinates":[34.444817,31.510444]}},{"type":"Feature","properties":{"site_id":26,"event_code":"CE20231007PSE","latest_date":"2025-09-22T00:00:00+00:00","latest_class":4,"pass_count":12,"h":[["2023-11-26T00:00:00+00:00",4,3,3],["2024-01-06T00:00:00+00:00",4,3,0],["2024-02-29T00:00:00+00:00",4,3,0],["2024-04-01T00:00:00+00:00",4,3,0],["2024-05-03T00:00:00+00:00",4,3,0],["2024-07-06T00:00:00+00:00",4,3,0],["2024-09-06T00:00:00+00:00",4,3,0],["2024-12-01T00:00:00+00:00",4,3,0],["2025-02-25T00:00:00+00:00",4,3,0],["2025-04-04T00:00:00+00:00",4,3,0],["2025-07-08T00:00:00+00:00",4,3,0],["2025-09-22T00:00:00+00:00",4,3,0]]},"geometry":{"type":"Point","coordinates":[34.448107,31.506114]}},{"type":"Feature","properties":{"site_id":26,"event_code":"CE20231007PSE","latest_date":"2025-09-22T00:00:00+00:00","latest_class":4,"pass_count":11,"h":[["2024-01-06T00:00:00+00:00",4,3,3],["2024-02-29T00:00:00+00:00",4,3,0],["2024-04-01T00:00:00+00:00",4,3,0],["2024-05-03T00:00:00+00:00",4,3,0],["2024-07-06T00:00:00+00:00",4,3,0],["2024-09-06T00:00:00+00:00",4,3,0],["2024-12-01T00:00:00+00:00",4,3,0],["2025-02-25T00:00:00+00:00",4,3,0],["2025-04-04T00:00:00+00:00",4,3,0],["2025-07-08T00:00:00+00:00",4,3,0],["2025-09-22T00:00:00+00:00",4,3,0]]},"geometry":{"type":"Point","coordinates":[34.444711,31.507489]}},{"type":"Feature","properties":{"site_id":26,"event_code":"CE20231007PSE","latest_date":"2025-09-22T00:00:00+00:00","latest_class":4,"pass_count":12,"h":[["2023-11-26T00:00:00+00:00",4,3,3],["2024-01-06T00:00:00+00:00",4,3,0],["2024-02-29T00:00:00+00:00",4,3,0],["2024-04-01T00:00:00+00:00",4,3,0],["2024-05-03T00:00:00+00:00",4,3,0],["2024-07-06T00:00:00+00:00",4,3,0],["2024-09-06T00:00:00+00:00",4,3,0],["2024-12-01T00:00:00+00:00",4,3,0],["2025-02-25T00:00:00+00:00",4,3,0],["2025-04-04T00:00:00+00:00",4,3,0],["2025-07-08T00:00:00+00:00",4,3,0],["2025-09-22T00:00:00+00:00",4,3,0]]},"geometry":{"type":"Point","coordinates":[34.457877,31.503227]}},{"type":"Feature","properties":{"site_id":26,"event_code":"CE20231007PSE","latest_date":"2025-09-22T00:00:00+00:00","latest_class":4,"pass_count":12,"h":[["2023-11-26T00:00:00+00:00",4,3,3],["2024-01-06T00:00:00+00:00",4,3,0],["2024-02-29T00:00:00+00:00",4,3,0],["2024-04-01T00:00:00+00:00",4,3,0],["2024-05-03T00:00:00+00:00",4,3,0],["2024-07-06T00:00:00+00:00",4,3,0],["2024-09-06T00:00:00+00:00",4,3,0],["2024-12-01T00:00:00+00:00",4,3,0],["2025-02-25T00:00:00+00:00",4,3,0],["2025-04-04T00:00:00+00:00",4,3,0],["2025-07-08T00:00:00+00:00",4,3,0],["2025-09-22T00:00:00+00:00",4,3,0]]},"geometry":{"type":"Point","coordinates":[34.4421,31.50496]}},{"type":"Feature","properties":{"site_id":26,"event_code":"CE20231007PSE","latest_date":"2025-09-22T00:00:00+00:00","latest_class":4,"pass_count":13,"h":[["2023-11-07T00:00:00+00:00",4,3,3],["2023-11-26T00:00:00+00:00",4,3,0],["2024-01-06T00:00:00+00:00",4,3,0],["2024-02-29T00:00:00+00:00",4,3,0],["2024-04-01T00:00:00+00:00",4,3,0],["2024-05-03T00:00:00+00:00",4,3,0],["2024-07-06T00:00:00+00:00",4,3,0],["2024-09-06T00:00:00+00:00",4,3,0],["2024-12-01T00:00:00+00:00",4,3,0],["2025-02-25T00:00:00+00:00",4,3,0],["2025-04-04T00:00:00+00:00",4,3,0],["2025-07-08T00:00:00+00:00",4,3,0],["2025-09-22T00:00:00+00:00",4,3,0]]},"geometry":{"type":"Point","coordinates":[34.450266,31.511747]}},{"type":"Feature","properties":{"site_id":26,"event_code":"CE20231007PSE","latest_date":"2025-09-22T00:00:00+00:00","latest_class":4,"pass_count":12,"h":[["2023-11-26T00:00:00+00:00",4,3,3],["2024-01-06T00:00:00+00:00",4,3,0],["2024-02-29T00:00:00+00:00",4,3,0],["2024-04-01T00:00:00+00:00",4,3,0],["2024-05-03T00:00:00+00:00",4,3,0],["2024-07-06T00:00:00+00:00",4,3,0],["2024-09-06T00:00:00+00:00",4,3,0],["2024-12-01T00:00:00+00:00",4,3,0],["2025-02-25T00:00:00+00:00",4,3,0],["2025-04-04T00:00:00+00:00",4,3,0],["2025-07-08T00:00:00+00:00",4,3,0],["2025-09-22T00:00:00+00:00",4,3,0]]},"geometry":{"type":"Point","coordinates":[34.451952,31.506766]}},{"type":"Feature","properties":{"site_id":26,"event_code":"CE20231007PSE","latest_date":"2025-09-22T00:00:00+00:00","latest_class":4,"pass_count":13,"h":[["2023-11-07T00:00:00+00:00",4,3,3],["2023-11-26T00:00:00+00:00",4,3,0],["2024-01-06T00:00:00+00:00",4,3,0],["2024-02-29T00:00:00+00:00",4,3,0],["2024-04-01T00:00:00+00:00",4,3,0],["2024-05-03T00:00:00+00:00",4,3,0],["2024-07-06T00:00:00+00:00",4,3,0],["2024-09-06T00:00:00+00:00",4,3,0],["2024-12-01T00:00:00+00:00",4,3,0],["2025-02-25T00:00:00+00:00",4,3,0],["2025-04-04T00:00:00+00:00",4,3,0],["2025-07-08T00:00:00+00:00",4,3,0],["2025-09-22T00:00:00+00:00",4,3,0]]},"geometry":{"type":"Point","coordinates":[34.450412,31.509848]}},{"type":"Feature","properties":{"site_id":26,"event_code":"CE20231007PSE","latest_date":"2025-09-22T00:00:00+00:00","latest_class":4,"pass_count":12,"h":[["2023-11-26T00:00:00+00:00",4,3,3],["2024-01-06T00:00:00+00:00",4,3,0],["2024-02-29T00:00:00+00:00",4,3,0],["2024-04-01T00:00:00+00:00",4,3,0],["2024-05-03T00:00:00+00:00",4,3,0],["2024-07-06T00:00:00+00:00",4,3,0],["2024-09-06T00:00:00+00:00",4,3,0],["2024-12-01T00:00:00+00:00",4,3,0],["2025-02-25T00:00:00+00:00",4,3,0],["2025-04-04T00:00:00+00:00",4,3,0],["2025-07-08T00:00:00+00:00",4,3,0],["2025-09-22T00:00:00+00:00",4,3,0]]},"geometry":{"type":"Point","coordinates":[34.443678,31.509127]}},{"type":"Feature","properties":{"site_id":26,"event_code":"CE20231007PSE","latest_date":"2025-09-22T00:00:00+00:00","latest_class":4,"pass_count":13,"h":[["2023-11-07T00:00:00+00:00",4,3,3],["2023-11-26T00:00:00+00:00",4,3,0],["2024-01-06T00:00:00+00:00",4,3,0],["2024-02-29T00:00:00+00:00",4,3,0],["2024-04-01T00:00:00+00:00",4,3,0],["2024-05-03T00:00:00+00:00",4,3,0],["2024-07-06T00:00:00+00:00",4,3,0],["2024-09-06T00:00:00+00:00",4,3,0],["2024-12-01T00:00:00+00:00",4,3,0],["2025-02-25T00:00:00+00:00",4,3,0],["2025-04-04T00:00:00+00:00",4,3,0],["2025-07-08T00:00:00+00:00",4,3,0],["2025-09-22T00:00:00+00:00",4,3,0]]},"geometry":{"type":"Point","coordinates":[34.442577,31.510222]}},{"type":"Feature","properties":{"site_id":26,"event_code":"CE20231007PSE","latest_date":"2025-09-22T00:00:00+00:00","latest_class":4,"pass_count":12,"h":[["2023-11-26T00:00:00+00:00",4,3,3],["2024-01-06T00:00:00+00:00",4,3,0],["2024-02-29T00:00:00+00:00",4,3,0],["2024-04-01T00:00:00+00:00",4,3,0],["2024-05-03T00:00:00+00:00",4,3,0],["2024-07-06T00:00:00+00:00",4,3,0],["2024-09-06T00:00:00+00:00",4,3,0],["2024-12-01T00:00:00+00:00",4,3,0],["2025-02-25T00:00:00+00:00",4,3,0],["2025-04-04T00:00:00+00:00",4,3,0],["2025-07-08T00:00:00+00:00",4,3,0],["2025-09-22T00:00:00+00:00",4,3,0]]},"geometry":{"type":"Point","coordinates":[34.452606,31.507212]}},{"type":"Feature","properties":{"site_id":26,"event_code":"CE20231007PSE","latest_date":"2025-09-22T00:00:00+00:00","latest_class":4,"pass_count":8,"h":[["2024-05-03T00:00:00+00:00",4,3,3],["2024-07-06T00:00:00+00:00",4,3,0],["2024-09-06T00:00:00+00:00",4,3,0],["2024-12-01T00:00:00+00:00",4,3,0],["2025-02-25T00:00:00+00:00",4,3,0],["2025-04-04T00:00:00+00:00",4,3,0],["2025-07-08T00:00:00+00:00",4,3,0],["2025-09-22T00:00:00+00:00",4,3,0]]},"geometry":{"type":"Point","coordinates":[34.444385,31.511293]}},{"type":"Feature","properties":{"site_id":26,"event_code":"CE20231007PSE","latest_date":"2025-09-22T00:00:00+00:00","latest_class":4,"pass_count":13,"h":[["2023-11-07T00:00:00+00:00",4,3,3],["2023-11-26T00:00:00+00:00",4,3,0],["2024-01-06T00:00:00+00:00",4,3,0],["2024-02-29T00:00:00+00:00",4,3,0],["2024-04-01T00:00:00+00:00",4,3,0],["2024-05-03T00:00:00+00:00",4,3,0],["2024-07-06T00:00:00+00:00",4,3,0],["2024-09-06T00:00:00+00:00",4,3,0],["2024-12-01T00:00:00+00:00",4,3,0],["2025-02-25T00:00:00+00:00",4,3,0],["2025-04-04T00:00:00+00:00",4,3,0],["2025-07-08T00:00:00+00:00",4,3,0],["2025-09-22T00:00:00+00:00",4,3,0]]},"geometry":{"type":"Point","coordinates":[34.445252,31.509694]}},{"type":"Feature","properties":{"site_id":26,"event_code":"CE20231007PSE","latest_date":"2025-09-22T00:00:00+00:00","latest_class":4,"pass_count":13,"h":[["2023-11-07T00:00:00+00:00",4,3,3],["2023-11-26T00:00:00+00:00",4,3,0],["2024-01-06T00:00:00+00:00",4,3,0],["2024-02-29T00:00:00+00:00",4,3,0],["2024-04-01T00:00:00+00:00",4,3,0],["2024-05-03T00:00:00+00:00",4,3,0],["2024-07-06T00:00:00+00:00",4,3,0],["2024-09-06T00:00:00+00:00",4,3,0],["2024-12-01T00:00:00+00:00",4,3,0],["2025-02-25T00:00:00+00:00",4,3,0],["2025-04-04T00:00:00+00:00",4,3,0],["2025-07-08T00:00:00+00:00",4,3,0],["2025-09-22T00:00:00+00:00",4,3,0]]},"geometry":{"type":"Point","coordinates":[34.440986,31.509175]}},{"type":"Feature","properties":{"site_id":26,"event_code":"CE20231007PSE","latest_date":"2025-09-22T00:00:00+00:00","latest_class":4,"pass_count":13,"h":[["2023-11-07T00:00:00+00:00",4,3,3],["2023-11-26T00:00:00+00:00",4,3,0],["2024-01-06T00:00:00+00:00",4,3,0],["2024-02-29T00:00:00+00:00",4,3,0],["2024-04-01T00:00:00+00:00",4,3,0],["2024-05-03T00:00:00+00:00",4,3,0],["2024-07-06T00:00:00+00:00",4,3,0],["2024-09-06T00:00:00+00:00",4,3,0],["2024-12-01T00:00:00+00:00",4,3,0],["2025-02-25T00:00:00+00:00",4,3,0],["2025-04-04T00:00:00+00:00",4,3,0],["2025-07-08T00:00:00+00:00",4,3,0],["2025-09-22T00:00:00+00:00",4,3,0]]},"geometry":{"type":"Point","coordinates":[34.450362,31.511577]}},{"type":"Feature","properties":{"site_id":26,"event_code":"CE20231007PSE","latest_date":"2025-09-22T00:00:00+00:00","latest_class":4,"pass_count":11,"h":[["2024-01-06T00:00:00+00:00",4,3,3],["2024-02-29T00:00:00+00:00",4,3,0],["2024-04-01T00:00:00+00:00",4,3,0],["2024-05-03T00:00:00+00:00",4,3,0],["2024-07-06T00:00:00+00:00",4,3,0],["2024-09-06T00:00:00+00:00",4,3,0],["2024-12-01T00:00:00+00:00",4,3,0],["2025-02-25T00:00:00+00:00",4,3,0],["2025-04-04T00:00:00+00:00",4,3,0],["2025-07-08T00:00:00+00:00",4,3,0],["2025-09-22T00:00:00+00:00",4,3,0]]},"geometry":{"type":"Point","coordinates":[34.454546,31.504197]}},{"type":"Feature","properties":{"site_id":26,"event_code":"CE20231007PSE","latest_date":"2025-09-22T00:00:00+00:00","latest_class":4,"pass_count":12,"h":[["2023-11-26T00:00:00+00:00",4,3,3],["2024-01-06T00:00:00+00:00",4,3,0],["2024-02-29T00:00:00+00:00",4,3,0],["2024-04-01T00:00:00+00:00",4,3,0],["2024-05-03T00:00:00+00:00",4,3,0],["2024-07-06T00:00:00+00:00",4,3,0],["2024-09-06T00:00:00+00:00",4,3,0],["2024-12-01T00:00:00+00:00",4,3,0],["2025-02-25T00:00:00+00:00",4,3,0],["2025-04-04T00:00:00+00:00",4,3,0],["2025-07-08T00:00:00+00:00",4,3,0],["2025-09-22T00:00:00+00:00",4,3,0]]},"geometry":{"type":"Point","coordinates":[34.449325,31.505212]}},{"type":"Feature","properties":{"site_id":26,"event_code":"CE20231007PSE","latest_date":"2025-09-22T00:00:00+00:00","latest_class":4,"pass_count":1,"h":[["2025-09-22T00:00:00+00:00",4,3,3]]},"geometry":{"type":"Point","coordinates":[34.444276,31.511453]}},{"type":"Feature","properties":{"site_id":26,"event_code":"CE20231007PSE","latest_date":"2025-09-22T00:00:00+00:00","latest_class":4,"pass_count":11,"h":[["2024-01-06T00:00:00+00:00",4,3,3],["2024-02-29T00:00:00+00:00",4,3,0],["2024-04-01T00:00:00+00:00",4,3,0],["2024-05-03T00:00:00+00:00",4,3,0],["2024-07-06T00:00:00+00:00",4,3,0],["2024-09-06T00:00:00+00:00",4,3,0],["2024-12-01T00:00:00+00:00",4,3,0],["2025-02-25T00:00:00+00:00",4,3,0],["2025-04-04T00:00:00+00:00",4,3,0],["2025-07-08T00:00:00+00:00",4,3,0],["2025-09-22T00:00:00+00:00",4,3,0]]},"geometry":{"type":"Point","coordinates":[34.450706,31.509355]}},{"type":"Feature","properties":{"site_id":26,"event_code":"CE20231007PSE","latest_date":"2025-09-22T00:00:00+00:00","latest_class":4,"pass_count":11,"h":[["2024-01-06T00:00:00+00:00",4,3,3],["2024-02-29T00:00:00+00:00",4,3,0],["2024-04-01T00:00:00+00:00",4,3,0],["2024-05-03T00:00:00+00:00",4,3,0],["2024-07-06T00:00:00+00:00",4,3,0],["2024-09-06T00:00:00+00:00",4,3,0],["2024-12-01T00:00:00+00:00",4,3,0],["2025-02-25T00:00:00+00:00",4,3,0],["2025-04-04T00:00:00+00:00",4,3,0],["2025-07-08T00:00:00+00:00",4,3,0],["2025-09-22T00:00:00+00:00",4,3,0]]},"geometry":{"type":"Point","coordinates":[34.449921,31.510513]}},{"type":"Feature","properties":{"site_id":26,"event_code":"CE20231007PSE","latest_date":"2025-09-22T00:00:00+00:00","latest_class":4,"pass_count":11,"h":[["2024-01-06T00:00:00+00:00",4,3,3],["2024-02-29T00:00:00+00:00",4,3,0],["2024-04-01T00:00:00+00:00",4,3,0],["2024-05-03T00:00:00+00:00",4,3,0],["2024-07-06T00:00:00+00:00",4,3,0],["2024-09-06T00:00:00+00:00",4,3,0],["2024-12-01T00:00:00+00:00",4,3,0],["2025-02-25T00:00:00+00:00",4,3,0],["2025-04-04T00:00:00+00:00",4,3,0],["2025-07-08T00:00:00+00:00",4,3,0],["2025-09-22T00:00:00+00:00",4,3,0]]},"geometry":{"type":"Point","coordinates":[34.441595,31.508394]}},{"type":"Feature","properties":{"site_id":26,"event_code":"CE20231007PSE","latest_date":"2025-09-22T00:00:00+00:00","latest_class":4,"pass_count":11,"h":[["2024-01-06T00:00:00+00:00",4,3,3],["2024-02-29T00:00:00+00:00",4,3,0],["2024-04-01T00:00:00+00:00",4,3,0],["2024-05-03T00:00:00+00:00",4,3,0],["2024-07-06T00:00:00+00:00",4,3,0],["2024-09-06T00:00:00+00:00",4,3,0],["2024-12-01T00:00:00+00:00",4,3,0],["2025-02-25T00:00:00+00:00",4,3,0],["2025-04-04T00:00:00+00:00",4,3,0],["2025-07-08T00:00:00+00:00",4,3,0],["2025-09-22T00:00:00+00:00",4,3,0]]},"geometry":{"type":"Point","coordinates":[34.450732,31.507174]}},{"type":"Feature","properties":{"site_id":26,"event_code":"CE20231007PSE","latest_date":"2025-09-22T00:00:00+00:00","latest_class":4,"pass_count":10,"h":[["2024-02-29T00:00:00+00:00",4,3,3],["2024-04-01T00:00:00+00:00",4,3,0],["2024-05-03T00:00:00+00:00",4,3,0],["2024-07-06T00:00:00+00:00",4,3,0],["2024-09-06T00:00:00+00:00",4,3,0],["2024-12-01T00:00:00+00:00",4,3,0],["2025-02-25T00:00:00+00:00",4,3,0],["2025-04-04T00:00:00+00:00",4,3,0],["2025-07-08T00:00:00+00:00",4,3,0],["2025-09-22T00:00:00+00:00",4,3,0]]},"geometry":{"type":"Point","coordinates":[34.446901,31.511294]}},{"type":"Feature","properties":{"site_id":26,"event_code":"CE20231007PSE","latest_date":"2025-09-22T00:00:00+00:00","latest_class":4,"pass_count":1,"h":[["2025-09-22T00:00:00+00:00",4,3,3]]},"geometry":{"type":"Point","coordinates":[34.442478,31.504408]}},{"type":"Feature","properties":{"site_id":26,"event_code":"CE20231007PSE","latest_date":"2025-09-22T00:00:00+00:00","latest_class":4,"pass_count":11,"h":[["2024-01-06T00:00:00+00:00",4,3,3],["2024-02-29T00:00:00+00:00",4,3,0],["2024-04-01T00:00:00+00:00",4,3,0],["2024-05-03T00:00:00+00:00",4,3,0],["2024-07-06T00:00:00+00:00",4,3,0],["2024-09-06T00:00:00+00:00",4,3,0],["2024-12-01T00:00:00+00:00",4,3,0],["2025-02-25T00:00:00+00:00",4,3,0],["2025-04-04T00:00:00+00:00",4,3,0],["2025-07-08T00:00:00+00:00",4,3,0],["2025-09-22T00:00:00+00:00",4,3,0]]},"geometry":{"type":"Point","coordinates":[34.453106,31.506388]}},{"type":"Feature","properties":{"site_id":26,"event_code":"CE20231007PSE","latest_date":"2025-09-22T00:00:00+00:00","latest_class":4,"pass_count":1,"h":[["2025-09-22T00:00:00+00:00",4,3,3]]},"geometry":{"type":"Point","coordinates":[34.444878,31.506141]}},{"type":"Feature","properties":{"site_id":26,"event_code":"CE20231007PSE","latest_date":"2025-09-22T00:00:00+00:00","latest_class":4,"pass_count":12,"h":[["2023-11-26T00:00:00+00:00",4,3,3],["2024-01-06T00:00:00+00:00",4,3,0],["2024-02-29T00:00:00+00:00",4,3,0],["2024-04-01T00:00:00+00:00",4,3,0],["2024-05-03T00:00:00+00:00",4,3,0],["2024-07-06T00:00:00+00:00",4,3,0],["2024-09-06T00:00:00+00:00",4,3,0],["2024-12-01T00:00:00+00:00",4,3,0],["2025-02-25T00:00:00+00:00",4,3,0],["2025-04-04T00:00:00+00:00",4,3,0],["2025-07-08T00:00:00+00:00",4,3,0],["2025-09-22T00:00:00+00:00",4,3,0]]},"geometry":{"type":"Point","coordinates":[34.449029,31.505571]}},{"type":"Feature","properties":{"site_id":26,"event_code":"CE20231007PSE","latest_date":"2025-09-22T00:00:00+00:00","latest_class":4,"pass_count":12,"h":[["2023-11-26T00:00:00+00:00",4,3,3],["2024-01-06T00:00:00+00:00",4,3,0],["2024-02-29T00:00:00+00:00",4,3,0],["2024-04-01T00:00:00+00:00",4,3,0],["2024-05-03T00:00:00+00:00",4,3,0],["2024-07-06T00:00:00+00:00",4,3,0],["2024-09-06T00:00:00+00:00",4,3,0],["2024-12-01T00:00:00+00:00",4,3,0],["2025-02-25T00:00:00+00:00",4,3,0],["2025-04-04T00:00:00+00:00",4,3,0],["2025-07-08T00:00:00+00:00",4,3,0],["2025-09-22T00:00:00+00:00",4,3,0]]},"geometry":{"type":"Point","coordinates":[34.456945,31.50842]}},{"type":"Feature","properties":{"site_id":26,"event_code":"CE20231007PSE","latest_date":"2025-09-22T00:00:00+00:00","latest_class":4,"pass_count":10,"h":[["2024-02-29T00:00:00+00:00",4,3,3],["2024-04-01T00:00:00+00:00",4,3,0],["2024-05-03T00:00:00+00:00",4,3,0],["2024-07-06T00:00:00+00:00",4,3,0],["2024-09-06T00:00:00+00:00",4,3,0],["2024-12-01T00:00:00+00:00",4,3,0],["2025-02-25T00:00:00+00:00",4,3,0],["2025-04-04T00:00:00+00:00",4,3,0],["2025-07-08T00:00:00+00:00",4,3,0],["2025-09-22T00:00:00+00:00",4,3,0]]},"geometry":{"type":"Point","coordinates":[34.447364,31.510832]}},{"type":"Feature","properties":{"site_id":26,"event_code":"CE20231007PSE","latest_date":"2025-09-22T00:00:00+00:00","latest_class":4,"pass_count":14,"h":[["2023-10-15T00:00:00+00:00",4,3,null],["2023-11-07T00:00:00+00:00",4,3,0],["2023-11-26T00:00:00+00:00",4,3,0],["2024-01-06T00:00:00+00:00",4,3,0],["2024-02-29T00:00:00+00:00",4,3,0],["2024-04-01T00:00:00+00:00",4,3,0],["2024-05-03T00:00:00+00:00",4,3,0],["2024-07-06T00:00:00+00:00",4,3,0],["2024-09-06T00:00:00+00:00",4,3,0],["2024-12-01T00:00:00+00:00",4,3,0],["2025-02-25T00:00:00+00:00",4,3,0],["2025-04-04T00:00:00+00:00",4,3,0],["2025-07-08T00:00:00+00:00",4,3,0],["2025-09-22T00:00:00+00:00",4,3,0]]},"geometry":{"type":"Point","coordinates":[34.451634,31.513183]}},{"type":"Feature","properties":{"site_id":26,"event_code":"CE20231007PSE","latest_date":"2025-09-22T00:00:00+00:00","latest_class":4,"pass_count":10,"h":[["2024-02-29T00:00:00+00:00",4,3,3],["2024-04-01T00:00:00+00:00",4,3,0],["2024-05-03T00:00:00+00:00",4,3,0],["2024-07-06T00:00:00+00:00",4,3,0],["2024-09-06T00:00:00+00:00",4,3,0],["2024-12-01T00:00:00+00:00",4,3,0],["2025-02-25T00:00:00+00:00",4,3,0],["2025-04-04T00:00:00+00:00",4,3,0],["2025-07-08T00:00:00+00:00",4,3,0],["2025-09-22T00:00:00+00:00",4,3,0]]},"geometry":{"type":"Point","coordinates":[34.458164,31.507185]}},{"type":"Feature","properties":{"site_id":26,"event_code":"CE20231007PSE","latest_date":"2025-09-22T00:00:00+00:00","latest_class":4,"pass_count":13,"h":[["2023-11-07T00:00:00+00:00",4,3,3],["2023-11-26T00:00:00+00:00",4,3,0],["2024-01-06T00:00:00+00:00",4,3,0],["2024-02-29T00:00:00+00:00",4,3,0],["2024-04-01T00:00:00+00:00",4,3,0],["2024-05-03T00:00:00+00:00",4,3,0],["2024-07-06T00:00:00+00:00",4,3,0],["2024-09-06T00:00:00+00:00",4,3,0],["2024-12-01T00:00:00+00:00",4,3,0],["2025-02-25T00:00:00+00:00",4,3,0],["2025-04-04T00:00:00+00:00",4,3,0],["2025-07-08T00:00:00+00:00",4,3,0],["2025-09-22T00:00:00+00:00",4,3,0]]},"geometry":{"type":"Point","coordinates":[34.451731,31.508064]}},{"type":"Feature","properties":{"site_id":26,"event_code":"CE20231007PSE","latest_date":"2025-09-22T00:00:00+00:00","latest_class":4,"pass_count":12,"h":[["2023-11-26T00:00:00+00:00",4,3,3],["2024-01-06T00:00:00+00:00",4,3,0],["2024-02-29T00:00:00+00:00",4,3,0],["2024-04-01T00:00:00+00:00",4,3,0],["2024-05-03T00:00:00+00:00",4,3,0],["2024-07-06T00:00:00+00:00",4,3,0],["2024-09-06T00:00:00+00:00",4,3,0],["2024-12-01T00:00:00+00:00",4,3,0],["2025-02-25T00:00:00+00:00",4,3,0],["2025-04-04T00:00:00+00:00",4,3,0],["2025-07-08T00:00:00+00:00",4,3,0],["2025-09-22T00:00:00+00:00",4,3,0]]},"geometry":{"type":"Point","coordinates":[34.451708,31.505138]}},{"type":"Feature","properties":{"site_id":26,"event_code":"CE20231007PSE","latest_date":"2025-09-22T00:00:00+00:00","latest_class":4,"pass_count":5,"h":[["2024-12-01T00:00:00+00:00",4,3,3],["2025-02-25T00:00:00+00:00",4,3,0],["2025-04-04T00:00:00+00:00",4,3,0],["2025-07-08T00:00:00+00:00",4,3,0],["2025-09-22T00:00:00+00:00",4,3,0]]},"geometry":{"type":"Point","coordinates":[34.450785,31.50835]}},{"type":"Feature","properties":{"site_id":26,"event_code":"CE20231007PSE","latest_date":"2025-09-22T00:00:00+00:00","latest_class":4,"pass_count":13,"h":[["2023-11-07T00:00:00+00:00",4,3,3],["2023-11-26T00:00:00+00:00",4,3,0],["2024-01-06T00:00:00+00:00",4,3,0],["2024-02-29T00:00:00+00:00",4,3,0],["2024-04-01T00:00:00+00:00",4,3,0],["2024-05-03T00:00:00+00:00",4,3,0],["2024-07-06T00:00:00+00:00",4,3,0],["2024-09-06T00:00:00+00:00",4,3,0],["2024-12-01T00:00:00+00:00",4,3,0],["2025-02-25T00:00:00+00:00",4,3,0],["2025-04-04T00:00:00+00:00",4,3,0],["2025-07-08T00:00:00+00:00",4,3,0],["2025-09-22T00:00:00+00:00",4,3,0]]},"geometry":{"type":"Point","coordinates":[34.451758,31.508183]}},{"type":"Feature","properties":{"site_id":26,"event_code":"CE20231007PSE","latest_date":"2025-09-22T00:00:00+00:00","latest_class":4,"pass_count":12,"h":[["2023-11-26T00:00:00+00:00",4,3,3],["2024-01-06T00:00:00+00:00",4,3,0],["2024-02-29T00:00:00+00:00",4,3,0],["2024-04-01T00:00:00+00:00",4,3,0],["2024-05-03T00:00:00+00:00",4,3,0],["2024-07-06T00:00:00+00:00",4,3,0],["2024-09-06T00:00:00+00:00",4,3,0],["2024-12-01T00:00:00+00:00",4,3,0],["2025-02-25T00:00:00+00:00",4,3,0],["2025-04-04T00:00:00+00:00",4,3,0],["2025-07-08T00:00:00+00:00",4,3,0],["2025-09-22T00:00:00+00:00",4,3,0]]},"geometry":{"type":"Point","coordinates":[34.448864,31.510987]}},{"type":"Feature","properties":{"site_id":26,"event_code":"CE20231007PSE","latest_date":"2025-09-22T00:00:00+00:00","latest_class":4,"pass_count":13,"h":[["2023-11-07T00:00:00+00:00",4,3,3],["2023-11-26T00:00:00+00:00",4,3,0],["2024-01-06T00:00:00+00:00",4,3,0],["2024-02-29T00:00:00+00:00",4,3,0],["2024-04-01T00:00:00+00:00",4,3,0],["2024-05-03T00:00:00+00:00",4,3,0],["2024-07-06T00:00:00+00:00",4,3,0],["2024-09-06T00:00:00+00:00",4,3,0],["2024-12-01T00:00:00+00:00",4,3,0],["2025-02-25T00:00:00+00:00",4,3,0],["2025-04-04T00:00:00+00:00",4,3,0],["2025-07-08T00:00:00+00:00",4,3,0],["2025-09-22T00:00:00+00:00",4,3,0]]},"geometry":{"type":"Point","coordinates":[34.451759,31.505567]}},{"type":"Feature","properties":{"site_id":26,"event_code":"CE20231007PSE","latest_date":"2025-09-22T00:00:00+00:00","latest_class":4,"pass_count":12,"h":[["2023-11-26T00:00:00+00:00",4,3,3],["2024-01-06T00:00:00+00:00",4,3,0],["2024-02-29T00:00:00+00:00",4,3,0],["2024-04-01T00:00:00+00:00",4,3,0],["2024-05-03T00:00:00+00:00",4,3,0],["2024-07-06T00:00:00+00:00",4,3,0],["2024-09-06T00:00:00+00:00",4,3,0],["2024-12-01T00:00:00+00:00",4,3,0],["2025-02-25T00:00:00+00:00",4,3,0],["2025-04-04T00:00:00+00:00",4,3,0],["2025-07-08T00:00:00+00:00",4,3,0],["2025-09-22T00:00:00+00:00",4,3,0]]},"geometry":{"type":"Point","coordinates":[34.447857,31.506153]}},{"type":"Feature","properties":{"site_id":26,"event_code":"CE20231007PSE","latest_date":"2025-09-22T00:00:00+00:00","latest_class":4,"pass_count":11,"h":[["2024-01-06T00:00:00+00:00",4,3,3],["2024-02-29T00:00:00+00:00",4,3,0],["2024-04-01T00:00:00+00:00",4,3,0],["2024-05-03T00:00:00+00:00",4,3,0],["2024-07-06T00:00:00+00:00",4,3,0],["2024-09-06T00:00:00+00:00",4,3,0],["2024-12-01T00:00:00+00:00",4,3,0],["2025-02-25T00:00:00+00:00",4,3,0],["2025-04-04T00:00:00+00:00",4,3,0],["2025-07-08T00:00:00+00:00",4,3,0],["2025-09-22T00:00:00+00:00",4,3,0]]},"geometry":{"type":"Point","coordinates":[34.451532,31.509969]}},{"type":"Feature","properties":{"site_id":26,"event_code":"CE20231007PSE","latest_date":"2025-09-22T00:00:00+00:00","latest_class":4,"pass_count":12,"h":[["2023-11-26T00:00:00+00:00",4,3,3],["2024-01-06T00:00:00+00:00",4,3,0],["2024-02-29T00:00:00+00:00",4,3,0],["2024-04-01T00:00:00+00:00",4,3,0],["2024-05-03T00:00:00+00:00",4,3,0],["2024-07-06T00:00:00+00:00",4,3,0],["2024-09-06T00:00:00+00:00",4,3,0],["2024-12-01T00:00:00+00:00",4,3,0],["2025-02-25T00:00:00+00:00",4,3,0],["2025-04-04T00:00:00+00:00",4,3,0],["2025-07-08T00:00:00+00:00",4,3,0],["2025-09-22T00:00:00+00:00",4,3,0]]},"geometry":{"type":"Point","coordinates":[34.442294,31.50557]}},{"type":"Feature","properties":{"site_id":26,"event_code":"CE20231007PSE","latest_date":"2025-09-22T00:00:00+00:00","latest_class":4,"pass_count":10,"h":[["2024-02-29T00:00:00+00:00",4,3,3],["2024-04-01T00:00:00+00:00",4,3,0],["2024-05-03T00:00:00+00:00",4,3,0],["2024-07-06T00:00:00+00:00",4,3,0],["2024-09-06T00:00:00+00:00",4,3,0],["2024-12-01T00:00:00+00:00",4,3,0],["2025-02-25T00:00:00+00:00",4,3,0],["2025-04-04T00:00:00+00:00",4,3,0],["2025-07-08T00:00:00+00:00",4,3,0],["2025-09-22T00:00:00+00:00",4,3,0]]},"geometry":{"type":"Point","coordinates":[34.448619,31.506444]}},{"type":"Feature","properties":{"site_id":26,"event_code":"CE20231007PSE","latest_date":"2025-09-22T00:00:00+00:00","latest_class":4,"pass_count":11,"h":[["2024-01-06T00:00:00+00:00",4,3,3],["2024-02-29T00:00:00+00:00",4,3,0],["2024-04-01T00:00:00+00:00",4,3,0],["2024-05-03T00:00:00+00:00",4,3,0],["2024-07-06T00:00:00+00:00",4,3,0],["2024-09-06T00:00:00+00:00",4,3,0],["2024-12-01T00:00:00+00:00",4,3,0],["2025-02-25T00:00:00+00:00",4,3,0],["2025-04-04T00:00:00+00:00",4,3,0],["2025-07-08T00:00:00+00:00",4,3,0],["2025-09-22T00:00:00+00:00",4,3,0]]},"geometry":{"type":"Point","coordinates":[34.456218,31.504878]}},{"type":"Feature","properties":{"site_id":26,"event_code":"CE20231007PSE","latest_date":"2025-09-22T00:00:00+00:00","latest_class":4,"pass_count":12,"h":[["2023-11-26T00:00:00+00:00",4,3,3],["2024-01-06T00:00:00+00:00",4,3,0],["2024-02-29T00:00:00+00:00",4,3,0],["2024-04-01T00:00:00+00:00",4,3,0],["2024-05-03T00:00:00+00:00",4,3,0],["2024-07-06T00:00:00+00:00",4,3,0],["2024-09-06T00:00:00+00:00",4,3,0],["2024-12-01T00:00:00+00:00",4,3,0],["2025-02-25T00:00:00+00:00",4,3,0],["2025-04-04T00:00:00+00:00",4,3,0],["2025-07-08T00:00:00+00:00",4,3,0],["2025-09-22T00:00:00+00:00",4,3,0]]},"geometry":{"type":"Point","coordinates":[34.441395,31.509872]}},{"type":"Feature","properties":{"site_id":26,"event_code":"CE20231007PSE","latest_date":"2025-09-22T00:00:00+00:00","latest_class":4,"pass_count":12,"h":[["2023-11-26T00:00:00+00:00",4,3,3],["2024-01-06T00:00:00+00:00",4,3,0],["2024-02-29T00:00:00+00:00",4,3,0],["2024-04-01T00:00:00+00:00",4,3,0],["2024-05-03T00:00:00+00:00",4,3,0],["2024-07-06T00:00:00+00:00",4,3,0],["2024-09-06T00:00:00+00:00",4,3,0],["2024-12-01T00:00:00+00:00",4,3,0],["2025-02-25T00:00:00+00:00",4,3,0],["2025-04-04T00:00:00+00:00",4,3,0],["2025-07-08T00:00:00+00:00",4,3,0],["2025-09-22T00:00:00+00:00",4,3,0]]},"geometry":{"type":"Point","coordinates":[34.454693,31.506414]}},{"type":"Feature","properties":{"site_id":26,"event_code":"CE20231007PSE","latest_date":"2025-09-22T00:00:00+00:00","latest_class":4,"pass_count":12,"h":[["2023-11-26T00:00:00+00:00",4,3,3],["2024-01-06T00:00:00+00:00",4,3,0],["2024-02-29T00:00:00+00:00",4,3,0],["2024-04-01T00:00:00+00:00",4,3,0],["2024-05-03T00:00:00+00:00",4,3,0],["2024-07-06T00:00:00+00:00",4,3,0],["2024-09-06T00:00:00+00:00",4,3,0],["2024-12-01T00:00:00+00:00",4,3,0],["2025-02-25T00:00:00+00:00",4,3,0],["2025-04-04T00:00:00+00:00",4,3,0],["2025-07-08T00:00:00+00:00",4,3,0],["2025-09-22T00:00:00+00:00",4,3,0]]},"geometry":{"type":"Point","coordinates":[34.448709,31.505983]}},{"type":"Feature","properties":{"site_id":26,"event_code":"CE20231007PSE","latest_date":"2025-09-22T00:00:00+00:00","latest_class":4,"pass_count":12,"h":[["2023-11-26T00:00:00+00:00",4,3,3],["2024-01-06T00:00:00+00:00",4,3,0],["2024-02-29T00:00:00+00:00",4,3,0],["2024-04-01T00:00:00+00:00",4,3,0],["2024-05-03T00:00:00+00:00",4,3,0],["2024-07-06T00:00:00+00:00",4,3,0],["2024-09-06T00:00:00+00:00",4,3,0],["2024-12-01T00:00:00+00:00",4,3,0],["2025-02-25T00:00:00+00:00",4,3,0],["2025-04-04T00:00:00+00:00",4,3,0],["2025-07-08T00:00:00+00:00",4,3,0],["2025-09-22T00:00:00+00:00",4,3,0]]},"geometry":{"type":"Point","coordinates":[34.446902,31.509835]}},{"type":"Feature","properties":{"site_id":26,"event_code":"CE20231007PSE","latest_date":"2025-09-22T00:00:00+00:00","latest_class":4,"pass_count":12,"h":[["2023-11-26T00:00:00+00:00",4,3,3],["2024-01-06T00:00:00+00:00",4,3,0],["2024-02-29T00:00:00+00:00",4,3,0],["2024-04-01T00:00:00+00:00",4,3,0],["2024-05-03T00:00:00+00:00",4,3,0],["2024-07-06T00:00:00+00:00",4,3,0],["2024-09-06T00:00:00+00:00",4,3,0],["2024-12-01T00:00:00+00:00",4,3,0],["2025-02-25T00:00:00+00:00",4,3,0],["2025-04-04T00:00:00+00:00",4,3,0],["2025-07-08T00:00:00+00:00",4,3,0],["2025-09-22T00:00:00+00:00",4,3,0]]},"geometry":{"type":"Point","coordinates":[34.447924,31.506562]}},{"type":"Feature","properties":{"site_id":26,"event_code":"CE20231007PSE","latest_date":"2025-09-22T00:00:00+00:00","latest_class":4,"pass_count":14,"h":[["2023-10-15T00:00:00+00:00",4,3,null],["2023-11-07T00:00:00+00:00",4,3,0],["2023-11-26T00:00:00+00:00",4,3,0],["2024-01-06T00:00:00+00:00",4,3,0],["2024-02-29T00:00:00+00:00",4,3,0],["2024-04-01T00:00:00+00:00",4,3,0],["2024-05-03T00:00:00+00:00",4,3,0],["2024-07-06T00:00:00+00:00",4,3,0],["2024-09-06T00:00:00+00:00",4,3,0],["2024-12-01T00:00:00+00:00",4,3,0],["2025-02-25T00:00:00+00:00",4,3,0],["2025-04-04T00:00:00+00:00",4,3,0],["2025-07-08T00:00:00+00:00",4,3,0],["2025-09-22T00:00:00+00:00",4,3,0]]},"geometry":{"type":"Point","coordinates":[34.45311,31.50365]}},{"type":"Feature","properties":{"site_id":26,"event_code":"CE20231007PSE","latest_date":"2025-09-22T00:00:00+00:00","latest_class":4,"pass_count":12,"h":[["2023-11-26T00:00:00+00:00",4,3,3],["2024-01-06T00:00:00+00:00",4,3,0],["2024-02-29T00:00:00+00:00",4,3,0],["2024-04-01T00:00:00+00:00",4,3,0],["2024-05-03T00:00:00+00:00",4,3,0],["2024-07-06T00:00:00+00:00",4,3,0],["2024-09-06T00:00:00+00:00",4,3,0],["2024-12-01T00:00:00+00:00",4,3,0],["2025-02-25T00:00:00+00:00",4,3,0],["2025-04-04T00:00:00+00:00",4,3,0],["2025-07-08T00:00:00+00:00",4,3,0],["2025-09-22T00:00:00+00:00",4,3,0]]},"geometry":{"type":"Point","coordinates":[34.452246,31.506207]}},{"type":"Feature","properties":{"site_id":26,"event_code":"CE20231007PSE","latest_date":"2025-09-22T00:00:00+00:00","latest_class":4,"pass_count":11,"h":[["2024-01-06T00:00:00+00:00",4,3,3],["2024-02-29T00:00:00+00:00",4,3,0],["2024-04-01T00:00:00+00:00",4,3,0],["2024-05-03T00:00:00+00:00",4,3,0],["2024-07-06T00:00:00+00:00",4,3,0],["2024-09-06T00:00:00+00:00",4,3,0],["2024-12-01T00:00:00+00:00",4,3,0],["2025-02-25T00:00:00+00:00",4,3,0],["2025-04-04T00:00:00+00:00",4,3,0],["2025-07-08T00:00:00+00:00",4,3,0],["2025-09-22T00:00:00+00:00",4,3,0]]},"geometry":{"type":"Point","coordinates":[34.448821,31.511485]}},{"type":"Feature","properties":{"site_id":26,"event_code":"CE20231007PSE","latest_date":"2025-09-22T00:00:00+00:00","latest_class":4,"pass_count":12,"h":[["2023-11-26T00:00:00+00:00",4,3,3],["2024-01-06T00:00:00+00:00",4,3,0],["2024-02-29T00:00:00+00:00",4,3,0],["2024-04-01T00:00:00+00:00",4,3,0],["2024-05-03T00:00:00+00:00",4,3,0],["2024-07-06T00:00:00+00:00",4,3,0],["2024-09-06T00:00:00+00:00",4,3,0],["2024-12-01T00:00:00+00:00",4,3,0],["2025-02-25T00:00:00+00:00",4,3,0],["2025-04-04T00:00:00+00:00",4,3,0],["2025-07-08T00:00:00+00:00",4,3,0],["2025-09-22T00:00:00+00:00",4,3,0]]},"geometry":{"type":"Point","coordinates":[34.447795,31.506041]}},{"type":"Feature","properties":{"site_id":26,"event_code":"CE20231007PSE","latest_date":"2025-09-22T00:00:00+00:00","latest_class":4,"pass_count":14,"h":[["2023-10-15T00:00:00+00:00",4,3,null],["2023-11-07T00:00:00+00:00",4,3,0],["2023-11-26T00:00:00+00:00",4,3,0],["2024-01-06T00:00:00+00:00",4,3,0],["2024-02-29T00:00:00+00:00",4,3,0],["2024-04-01T00:00:00+00:00",4,3,0],["2024-05-03T00:00:00+00:00",4,3,0],["2024-07-06T00:00:00+00:00",4,3,0],["2024-09-06T00:00:00+00:00",4,3,0],["2024-12-01T00:00:00+00:00",4,3,0],["2025-02-25T00:00:00+00:00",4,3,0],["2025-04-04T00:00:00+00:00",4,3,0],["2025-07-08T00:00:00+00:00",4,3,0],["2025-09-22T00:00:00+00:00",4,3,0]]},"geometry":{"type":"Point","coordinates":[34.442528,31.509998]}},{"type":"Feature","properties":{"site_id":26,"event_code":"CE20231007PSE","latest_date":"2025-09-22T00:00:00+00:00","latest_class":4,"pass_count":11,"h":[["2024-01-06T00:00:00+00:00",4,3,3],["2024-02-29T00:00:00+00:00",4,3,0],["2024-04-01T00:00:00+00:00",4,3,0],["2024-05-03T00:00:00+00:00",4,3,0],["2024-07-06T00:00:00+00:00",4,3,0],["2024-09-06T00:00:00+00:00",4,3,0],["2024-12-01T00:00:00+00:00",4,3,0],["2025-02-25T00:00:00+00:00",4,3,0],["2025-04-04T00:00:00+00:00",4,3,0],["2025-07-08T00:00:00+00:00",4,3,0],["2025-09-22T00:00:00+00:00",4,3,0]]},"geometry":{"type":"Point","coordinates":[34.457773,31.508132]}},{"type":"Feature","properties":{"site_id":26,"event_code":"CE20231007PSE","latest_date":"2025-09-22T00:00:00+00:00","latest_class":4,"pass_count":11,"h":[["2024-01-06T00:00:00+00:00",4,3,3],["2024-02-29T00:00:00+00:00",4,3,0],["2024-04-01T00:00:00+00:00",4,3,0],["2024-05-03T00:00:00+00:00",4,3,0],["2024-07-06T00:00:00+00:00",4,3,0],["2024-09-06T00:00:00+00:00",4,3,0],["2024-12-01T00:00:00+00:00",4,3,0],["2025-02-25T00:00:00+00:00",4,3,0],["2025-04-04T00:00:00+00:00",4,3,0],["2025-07-08T00:00:00+00:00",4,3,0],["2025-09-22T00:00:00+00:00",4,3,0]]},"geometry":{"type":"Point","coordinates":[34.455804,31.508294]}},{"type":"Feature","properties":{"site_id":26,"event_code":"CE20231007PSE","latest_date":"2025-09-22T00:00:00+00:00","latest_class":4,"pass_count":12,"h":[["2023-11-26T00:00:00+00:00",4,3,3],["2024-01-06T00:00:00+00:00",4,3,0],["2024-02-29T00:00:00+00:00",4,3,0],["2024-04-01T00:00:00+00:00",4,3,0],["2024-05-03T00:00:00+00:00",4,3,0],["2024-07-06T00:00:00+00:00",4,3,0],["2024-09-06T00:00:00+00:00",4,3,0],["2024-12-01T00:00:00+00:00",4,3,0],["2025-02-25T00:00:00+00:00",4,3,0],["2025-04-04T00:00:00+00:00",4,3,0],["2025-07-08T00:00:00+00:00",4,3,0],["2025-09-22T00:00:00+00:00",4,3,0]]},"geometry":{"type":"Point","coordinates":[34.453521,31.507332]}},{"type":"Feature","properties":{"site_id":26,"event_code":"CE20231007PSE","latest_date":"2025-09-22T00:00:00+00:00","latest_class":4,"pass_count":11,"h":[["2024-01-06T00:00:00+00:00",4,3,3],["2024-02-29T00:00:00+00:00",4,3,0],["2024-04-01T00:00:00+00:00",4,3,0],["2024-05-03T00:00:00+00:00",4,3,0],["2024-07-06T00:00:00+00:00",4,3,0],["2024-09-06T00:00:00+00:00",4,3,0],["2024-12-01T00:00:00+00:00",4,3,0],["2025-02-25T00:00:00+00:00",4,3,0],["2025-04-04T00:00:00+00:00",4,3,0],["2025-07-08T00:00:00+00:00",4,3,0],["2025-09-22T00:00:00+00:00",4,3,0]]},"geometry":{"type":"Point","coordinates":[34.4578,31.505326]}},{"type":"Feature","properties":{"site_id":26,"event_code":"CE20231007PSE","latest_date":"2025-09-22T00:00:00+00:00","latest_class":4,"pass_count":11,"h":[["2024-01-06T00:00:00+00:00",4,3,3],["2024-02-29T00:00:00+00:00",4,3,0],["2024-04-01T00:00:00+00:00",4,3,0],["2024-05-03T00:00:00+00:00",4,3,0],["2024-07-06T00:00:00+00:00",4,3,0],["2024-09-06T00:00:00+00:00",4,3,0],["2024-12-01T00:00:00+00:00",4,3,0],["2025-02-25T00:00:00+00:00",4,3,0],["2025-04-04T00:00:00+00:00",4,3,0],["2025-07-08T00:00:00+00:00",4,3,0],["2025-09-22T00:00:00+00:00",4,3,0]]},"geometry":{"type":"Point","coordinates":[34.450301,31.507557]}},{"type":"Feature","properties":{"site_id":26,"event_code":"CE20231007PSE","latest_date":"2025-09-22T00:00:00+00:00","latest_class":4,"pass_count":12,"h":[["2023-11-26T00:00:00+00:00",4,3,3],["2024-01-06T00:00:00+00:00",4,3,0],["2024-02-29T00:00:00+00:00",4,3,0],["2024-04-01T00:00:00+00:00",4,3,0],["2024-05-03T00:00:00+00:00",4,3,0],["2024-07-06T00:00:00+00:00",4,3,0],["2024-09-06T00:00:00+00:00",4,3,0],["2024-12-01T00:00:00+00:00",4,3,0],["2025-02-25T00:00:00+00:00",4,3,0],["2025-04-04T00:00:00+00:00",4,3,0],["2025-07-08T00:00:00+00:00",4,3,0],["2025-09-22T00:00:00+00:00",4,3,0]]},"geometry":{"type":"Point","coordinates":[34.446696,31.507213]}},{"type":"Feature","properties":{"site_id":26,"event_code":"CE20231007PSE","latest_date":"2025-09-22T00:00:00+00:00","latest_class":4,"pass_count":10,"h":[["2024-02-29T00:00:00+00:00",4,3,3],["2024-04-01T00:00:00+00:00",4,3,0],["2024-05-03T00:00:00+00:00",4,3,0],["2024-07-06T00:00:00+00:00",4,3,0],["2024-09-06T00:00:00+00:00",4,3,0],["2024-12-01T00:00:00+00:00",4,3,0],["2025-02-25T00:00:00+00:00",4,3,0],["2025-04-04T00:00:00+00:00",4,3,0],["2025-07-08T00:00:00+00:00",4,3,0],["2025-09-22T00:00:00+00:00",4,3,0]]},"geometry":{"type":"Point","coordinates":[34.438939,31.507755]}},{"type":"Feature","properties":{"site_id":26,"event_code":"CE20231007PSE","latest_date":"2025-09-22T00:00:00+00:00","latest_class":4,"pass_count":11,"h":[["2024-01-06T00:00:00+00:00",4,3,3],["2024-02-29T00:00:00+00:00",4,3,0],["2024-04-01T00:00:00+00:00",4,3,0],["2024-05-03T00:00:00+00:00",4,3,0],["2024-07-06T00:00:00+00:00",4,3,0],["2024-09-06T00:00:00+00:00",4,3,0],["2024-12-01T00:00:00+00:00",4,3,0],["2025-02-25T00:00:00+00:00",4,3,0],["2025-04-04T00:00:00+00:00",4,3,0],["2025-07-08T00:00:00+00:00",4,3,0],["2025-09-22T00:00:00+00:00",4,3,0]]},"geometry":{"type":"Point","coordinates":[34.450804,31.504988]}},{"type":"Feature","properties":{"site_id":26,"event_code":"CE20231007PSE","latest_date":"2025-09-22T00:00:00+00:00","latest_class":4,"pass_count":12,"h":[["2023-11-26T00:00:00+00:00",4,3,3],["2024-01-06T00:00:00+00:00",4,3,0],["2024-02-29T00:00:00+00:00",4,3,0],["2024-04-01T00:00:00+00:00",4,3,0],["2024-05-03T00:00:00+00:00",4,3,0],["2024-07-06T00:00:00+00:00",4,3,0],["2024-09-06T00:00:00+00:00",4,3,0],["2024-12-01T00:00:00+00:00",4,3,0],["2025-02-25T00:00:00+00:00",4,3,0],["2025-04-04T00:00:00+00:00",4,3,0],["2025-07-08T00:00:00+00:00",4,3,0],["2025-09-22T00:00:00+00:00",4,3,0]]},"geometry":{"type":"Point","coordinates":[34.451599,31.506136]}},{"type":"Feature","properties":{"site_id":26,"event_code":"CE20231007PSE","latest_date":"2025-09-22T00:00:00+00:00","latest_class":4,"pass_count":11,"h":[["2024-01-06T00:00:00+00:00",4,3,3],["2024-02-29T00:00:00+00:00",4,3,0],["2024-04-01T00:00:00+00:00",4,3,0],["2024-05-03T00:00:00+00:00",4,3,0],["2024-07-06T00:00:00+00:00",4,3,0],["2024-09-06T00:00:00+00:00",4,3,0],["2024-12-01T00:00:00+00:00",4,3,0],["2025-02-25T00:00:00+00:00",4,3,0],["2025-04-04T00:00:00+00:00",4,3,0],["2025-07-08T00:00:00+00:00",4,3,0],["2025-09-22T00:00:00+00:00",4,3,0]]},"geometry":{"type":"Point","coordinates":[34.451816,31.51222]}},{"type":"Feature","properties":{"site_id":26,"event_code":"CE20231007PSE","latest_date":"2025-09-22T00:00:00+00:00","latest_class":4,"pass_count":9,"h":[["2024-04-01T00:00:00+00:00",4,3,3],["2024-05-03T00:00:00+00:00",4,3,0],["2024-07-06T00:00:00+00:00",4,3,0],["2024-09-06T00:00:00+00:00",4,3,0],["2024-12-01T00:00:00+00:00",4,3,0],["2025-02-25T00:00:00+00:00",4,3,0],["2025-04-04T00:00:00+00:00",4,3,0],["2025-07-08T00:00:00+00:00",4,3,0],["2025-09-22T00:00:00+00:00",4,3,0]]},"geometry":{"type":"Point","coordinates":[34.451683,31.512362]}},{"type":"Feature","properties":{"site_id":26,"event_code":"CE20231007PSE","latest_date":"2025-09-22T00:00:00+00:00","latest_class":4,"pass_count":5,"h":[["2024-12-01T00:00:00+00:00",4,3,3],["2025-02-25T00:00:00+00:00",4,3,0],["2025-04-04T00:00:00+00:00",4,3,0],["2025-07-08T00:00:00+00:00",4,3,0],["2025-09-22T00:00:00+00:00",4,3,0]]},"geometry":{"type":"Point","coordinates":[34.447991,31.506752]}},{"type":"Feature","properties":{"site_id":26,"event_code":"CE20231007PSE","latest_date":"2025-09-22T00:00:00+00:00","latest_class":4,"pass_count":8,"h":[["2024-05-03T00:00:00+00:00",4,3,3],["2024-07-06T00:00:00+00:00",4,3,0],["2024-09-06T00:00:00+00:00",4,3,0],["2024-12-01T00:00:00+00:00",4,3,0],["2025-02-25T00:00:00+00:00",4,3,0],["2025-04-04T00:00:00+00:00",4,3,0],["2025-07-08T00:00:00+00:00",4,3,0],["2025-09-22T00:00:00+00:00",4,3,0]]},"geometry":{"type":"Point","coordinates":[34.443469,31.510803]}},{"type":"Feature","properties":{"site_id":26,"event_code":"CE20231007PSE","latest_date":"2025-09-22T00:00:00+00:00","latest_class":4,"pass_count":10,"h":[["2024-02-29T00:00:00+00:00",4,3,3],["2024-04-01T00:00:00+00:00",4,3,0],["2024-05-03T00:00:00+00:00",4,3,0],["2024-07-06T00:00:00+00:00",4,3,0],["2024-09-06T00:00:00+00:00",4,3,0],["2024-12-01T00:00:00+00:00",4,3,0],["2025-02-25T00:00:00+00:00",4,3,0],["2025-04-04T00:00:00+00:00",4,3,0],["2025-07-08T00:00:00+00:00",4,3,0],["2025-09-22T00:00:00+00:00",4,3,0]]},"geometry":{"type":"Point","coordinates":[34.439499,31.508066]}},{"type":"Feature","properties":{"site_id":26,"event_code":"CE20231007PSE","latest_date":"2025-09-22T00:00:00+00:00","latest_class":4,"pass_count":12,"h":[["2023-11-26T00:00:00+00:00",4,3,3],["2024-01-06T00:00:00+00:00",4,3,0],["2024-02-29T00:00:00+00:00",4,3,0],["2024-04-01T00:00:00+00:00",4,3,0],["2024-05-03T00:00:00+00:00",4,3,0],["2024-07-06T00:00:00+00:00",4,3,0],["2024-09-06T00:00:00+00:00",4,3,0],["2024-12-01T00:00:00+00:00",4,3,0],["2025-02-25T00:00:00+00:00",4,3,0],["2025-04-04T00:00:00+00:00",4,3,0],["2025-07-08T00:00:00+00:00",4,3,0],["2025-09-22T00:00:00+00:00",4,3,0]]},"geometry":{"type":"Point","coordinates":[34.453307,31.503413]}},{"type":"Feature","properties":{"site_id":26,"event_code":"CE20231007PSE","latest_date":"2025-09-22T00:00:00+00:00","latest_class":4,"pass_count":12,"h":[["2023-11-26T00:00:00+00:00",4,3,3],["2024-01-06T00:00:00+00:00",4,3,0],["2024-02-29T00:00:00+00:00",4,3,0],["2024-04-01T00:00:00+00:00",4,3,0],["2024-05-03T00:00:00+00:00",4,3,0],["2024-07-06T00:00:00+00:00",4,3,0],["2024-09-06T00:00:00+00:00",4,3,0],["2024-12-01T00:00:00+00:00",4,3,0],["2025-02-25T00:00:00+00:00",4,3,0],["2025-04-04T00:00:00+00:00",4,3,0],["2025-07-08T00:00:00+00:00",4,3,0],["2025-09-22T00:00:00+00:00",4,3,0]]},"geometry":{"type":"Point","coordinates":[34.453182,31.507475]}},{"type":"Feature","properties":{"site_id":26,"event_code":"CE20231007PSE","latest_date":"2025-09-22T00:00:00+00:00","latest_class":4,"pass_count":11,"h":[["2024-01-06T00:00:00+00:00",4,3,3],["2024-02-29T00:00:00+00:00",4,3,0],["2024-04-01T00:00:00+00:00",4,3,0],["2024-05-03T00:00:00+00:00",4,3,0],["2024-07-06T00:00:00+00:00",4,3,0],["2024-09-06T00:00:00+00:00",4,3,0],["2024-12-01T00:00:00+00:00",4,3,0],["2025-02-25T00:00:00+00:00",4,3,0],["2025-04-04T00:00:00+00:00",4,3,0],["2025-07-08T00:00:00+00:00",4,3,0],["2025-09-22T00:00:00+00:00",4,3,0]]},"geometry":{"type":"Point","coordinates":[34.449206,31.511363]}},{"type":"Feature","properties":{"site_id":26,"event_code":"CE20231007PSE","latest_date":"2025-09-22T00:00:00+00:00","latest_class":4,"pass_count":5,"h":[["2024-12-01T00:00:00+00:00",4,3,3],["2025-02-25T00:00:00+00:00",4,3,0],["2025-04-04T00:00:00+00:00",4,3,0],["2025-07-08T00:00:00+00:00",4,3,0],["2025-09-22T00:00:00+00:00",4,3,0]]},"geometry":{"type":"Point","coordinates":[34.448042,31.506688]}},{"type":"Feature","properties":{"site_id":26,"event_code":"CE20231007PSE","latest_date":"2025-09-22T00:00:00+00:00","latest_class":4,"pass_count":12,"h":[["2023-11-26T00:00:00+00:00",4,3,3],["2024-01-06T00:00:00+00:00",4,3,0],["2024-02-29T00:00:00+00:00",4,3,0],["2024-04-01T00:00:00+00:00",4,3,0],["2024-05-03T00:00:00+00:00",4,3,0],["2024-07-06T00:00:00+00:00",4,3,0],["2024-09-06T00:00:00+00:00",4,3,0],["2024-12-01T00:00:00+00:00",4,3,0],["2025-02-25T00:00:00+00:00",4,3,0],["2025-04-04T00:00:00+00:00",4,3,0],["2025-07-08T00:00:00+00:00",4,3,0],["2025-09-22T00:00:00+00:00",4,3,0]]},"geometry":{"type":"Point","coordinates":[34.455958,31.504439]}},{"type":"Feature","properties":{"site_id":26,"event_code":"CE20231007PSE","latest_date":"2025-09-22T00:00:00+00:00","latest_class":4,"pass_count":13,"h":[["2023-11-07T00:00:00+00:00",4,3,3],["2023-11-26T00:00:00+00:00",4,3,0],["2024-01-06T00:00:00+00:00",4,3,0],["2024-02-29T00:00:00+00:00",4,3,0],["2024-04-01T00:00:00+00:00",4,3,0],["2024-05-03T00:00:00+00:00",4,3,0],["2024-07-06T00:00:00+00:00",4,3,0],["2024-09-06T00:00:00+00:00",4,3,0],["2024-12-01T00:00:00+00:00",4,3,0],["2025-02-25T00:00:00+00:00",4,3,0],["2025-04-04T00:00:00+00:00",4,3,0],["2025-07-08T00:00:00+00:00",4,3,0],["2025-09-22T00:00:00+00:00",4,3,0]]},"geometry":{"type":"Point","coordinates":[34.440707,31.508255]}},{"type":"Feature","properties":{"site_id":26,"event_code":"CE20231007PSE","latest_date":"2025-09-22T00:00:00+00:00","latest_class":4,"pass_count":11,"h":[["2024-01-06T00:00:00+00:00",4,3,3],["2024-02-29T00:00:00+00:00",4,3,0],["2024-04-01T00:00:00+00:00",4,3,0],["2024-05-03T00:00:00+00:00",4,3,0],["2024-07-06T00:00:00+00:00",4,3,0],["2024-09-06T00:00:00+00:00",4,3,0],["2024-12-01T00:00:00+00:00",4,3,0],["2025-02-25T00:00:00+00:00",4,3,0],["2025-04-04T00:00:00+00:00",4,3,0],["2025-07-08T00:00:00+00:00",4,3,0],["2025-09-22T00:00:00+00:00",4,3,0]]},"geometry":{"type":"Point","coordinates":[34.450836,31.504716]}},{"type":"Feature","properties":{"site_id":26,"event_code":"CE20231007PSE","latest_date":"2025-09-22T00:00:00+00:00","latest_class":4,"pass_count":11,"h":[["2024-01-06T00:00:00+00:00",4,3,3],["2024-02-29T00:00:00+00:00",4,3,0],["2024-04-01T00:00:00+00:00",4,3,0],["2024-05-03T00:00:00+00:00",4,3,0],["2024-07-06T00:00:00+00:00",4,3,0],["2024-09-06T00:00:00+00:00",4,3,0],["2024-12-01T00:00:00+00:00",4,3,0],["2025-02-25T00:00:00+00:00",4,3,0],["2025-04-04T00:00:00+00:00",4,3,0],["2025-07-08T00:00:00+00:00",4,3,0],["2025-09-22T00:00:00+00:00",4,3,0]]},"geometry":{"type":"Point","coordinates":[34.457916,31.507409]}},{"type":"Feature","properties":{"site_id":26,"event_code":"CE20231007PSE","latest_date":"2025-09-22T00:00:00+00:00","latest_class":4,"pass_count":12,"h":[["2023-11-26T00:00:00+00:00",4,3,3],["2024-01-06T00:00:00+00:00",4,3,0],["2024-02-29T00:00:00+00:00",4,3,0],["2024-04-01T00:00:00+00:00",4,3,0],["2024-05-03T00:00:00+00:00",4,3,0],["2024-07-06T00:00:00+00:00",4,3,0],["2024-09-06T00:00:00+00:00",4,3,0],["2024-12-01T00:00:00+00:00",4,3,0],["2025-02-25T00:00:00+00:00",4,3,0],["2025-04-04T00:00:00+00:00",4,3,0],["2025-07-08T00:00:00+00:00",4,3,0],["2025-09-22T00:00:00+00:00",4,3,0]]},"geometry":{"type":"Point","coordinates":[34.446909,31.510737]}},{"type":"Feature","properties":{"site_id":26,"event_code":"CE20231007PSE","latest_date":"2025-09-22T00:00:00+00:00","latest_class":4,"pass_count":12,"h":[["2023-11-26T00:00:00+00:00",4,3,3],["2024-01-06T00:00:00+00:00",4,3,0],["2024-02-29T00:00:00+00:00",4,3,0],["2024-04-01T00:00:00+00:00",4,3,0],["2024-05-03T00:00:00+00:00",4,3,0],["2024-07-06T00:00:00+00:00",4,3,0],["2024-09-06T00:00:00+00:00",4,3,0],["2024-12-01T00:00:00+00:00",4,3,0],["2025-02-25T00:00:00+00:00",4,3,0],["2025-04-04T00:00:00+00:00",4,3,0],["2025-07-08T00:00:00+00:00",4,3,0],["2025-09-22T00:00:00+00:00",4,3,0]]},"geometry":{"type":"Point","coordinates":[34.451371,31.508764]}},{"type":"Feature","properties":{"site_id":26,"event_code":"CE20231007PSE","latest_date":"2025-09-22T00:00:00+00:00","latest_class":4,"pass_count":14,"h":[["2023-10-15T00:00:00+00:00",4,3,null],["2023-11-07T00:00:00+00:00",4,3,0],["2023-11-26T00:00:00+00:00",4,3,0],["2024-01-06T00:00:00+00:00",4,3,0],["2024-02-29T00:00:00+00:00",4,3,0],["2024-04-01T00:00:00+00:00",4,3,0],["2024-05-03T00:00:00+00:00",4,3,0],["2024-07-06T00:00:00+00:00",4,3,0],["2024-09-06T00:00:00+00:00",4,3,0],["2024-12-01T00:00:00+00:00",4,3,0],["2025-02-25T00:00:00+00:00",4,3,0],["2025-04-04T00:00:00+00:00",4,3,0],["2025-07-08T00:00:00+00:00",4,3,0],["2025-09-22T00:00:00+00:00",4,3,0]]},"geometry":{"type":"Point","coordinates":[34.452008,31.512921]}},{"type":"Feature","properties":{"site_id":26,"event_code":"CE20231007PSE","latest_date":"2025-09-22T00:00:00+00:00","latest_class":4,"pass_count":12,"h":[["2023-11-26T00:00:00+00:00",4,3,3],["2024-01-06T00:00:00+00:00",4,3,0],["2024-02-29T00:00:00+00:00",4,3,0],["2024-04-01T00:00:00+00:00",4,3,0],["2024-05-03T00:00:00+00:00",4,3,0],["2024-07-06T00:00:00+00:00",4,3,0],["2024-09-06T00:00:00+00:00",4,3,0],["2024-12-01T00:00:00+00:00",4,3,0],["2025-02-25T00:00:00+00:00",4,3,0],["2025-04-04T00:00:00+00:00",4,3,0],["2025-07-08T00:00:00+00:00",4,3,0],["2025-09-22T00:00:00+00:00",4,3,0]]},"geometry":{"type":"Point","coordinates":[34.456902,31.5038]}},{"type":"Feature","properties":{"site_id":26,"event_code":"CE20231007PSE","latest_date":"2025-09-22T00:00:00+00:00","latest_class":4,"pass_count":12,"h":[["2023-11-26T00:00:00+00:00",4,3,3],["2024-01-06T00:00:00+00:00",4,3,0],["2024-02-29T00:00:00+00:00",4,3,0],["2024-04-01T00:00:00+00:00",4,3,0],["2024-05-03T00:00:00+00:00",4,3,0],["2024-07-06T00:00:00+00:00",4,3,0],["2024-09-06T00:00:00+00:00",4,3,0],["2024-12-01T00:00:00+00:00",4,3,0],["2025-02-25T00:00:00+00:00",4,3,0],["2025-04-04T00:00:00+00:00",4,3,0],["2025-07-08T00:00:00+00:00",4,3,0],["2025-09-22T00:00:00+00:00",4,3,0]]},"geometry":{"type":"Point","coordinates":[34.456913,31.503922]}},{"type":"Feature","properties":{"site_id":26,"event_code":"CE20231007PSE","latest_date":"2025-09-22T00:00:00+00:00","latest_class":4,"pass_count":11,"h":[["2024-01-06T00:00:00+00:00",4,3,3],["2024-02-29T00:00:00+00:00",4,3,0],["2024-04-01T00:00:00+00:00",4,3,0],["2024-05-03T00:00:00+00:00",4,3,0],["2024-07-06T00:00:00+00:00",4,3,0],["2024-09-06T00:00:00+00:00",4,3,0],["2024-12-01T00:00:00+00:00",4,3,0],["2025-02-25T00:00:00+00:00",4,3,0],["2025-04-04T00:00:00+00:00",4,3,0],["2025-07-08T00:00:00+00:00",4,3,0],["2025-09-22T00:00:00+00:00",4,3,0]]},"geometry":{"type":"Point","coordinates":[34.45145,31.51011]}},{"type":"Feature","properties":{"site_id":26,"event_code":"CE20231007PSE","latest_date":"2025-09-22T00:00:00+00:00","latest_class":4,"pass_count":12,"h":[["2023-11-26T00:00:00+00:00",4,3,3],["2024-01-06T00:00:00+00:00",4,3,0],["2024-02-29T00:00:00+00:00",4,3,0],["2024-04-01T00:00:00+00:00",4,3,0],["2024-05-03T00:00:00+00:00",4,3,0],["2024-07-06T00:00:00+00:00",4,3,0],["2024-09-06T00:00:00+00:00",4,3,0],["2024-12-01T00:00:00+00:00",4,3,0],["2025-02-25T00:00:00+00:00",4,3,0],["2025-04-04T00:00:00+00:00",4,3,0],["2025-07-08T00:00:00+00:00",4,3,0],["2025-09-22T00:00:00+00:00",4,3,0]]},"geometry":{"type":"Point","coordinates":[34.452978,31.507439]}},{"type":"Feature","properties":{"site_id":26,"event_code":"CE20231007PSE","latest_date":"2025-09-22T00:00:00+00:00","latest_class":4,"pass_count":13,"h":[["2023-11-07T00:00:00+00:00",4,3,3],["2023-11-26T00:00:00+00:00",4,3,0],["2024-01-06T00:00:00+00:00",4,3,0],["2024-02-29T00:00:00+00:00",4,3,0],["2024-04-01T00:00:00+00:00",4,3,0],["2024-05-03T00:00:00+00:00",4,3,0],["2024-07-06T00:00:00+00:00",4,3,0],["2024-09-06T00:00:00+00:00",4,3,0],["2024-12-01T00:00:00+00:00",4,3,0],["2025-02-25T00:00:00+00:00",4,3,0],["2025-04-04T00:00:00+00:00",4,3,0],["2025-07-08T00:00:00+00:00",4,3,0],["2025-09-22T00:00:00+00:00",4,3,0]]},"geometry":{"type":"Point","coordinates":[34.456622,31.506818]}},{"type":"Feature","properties":{"site_id":26,"event_code":"CE20231007PSE","latest_date":"2025-09-22T00:00:00+00:00","latest_class":4,"pass_count":1,"h":[["2025-09-22T00:00:00+00:00",4,3,3]]},"geometry":{"type":"Point","coordinates":[34.453927,31.503131]}},{"type":"Feature","properties":{"site_id":26,"event_code":"CE20231007PSE","latest_date":"2025-09-22T00:00:00+00:00","latest_class":4,"pass_count":11,"h":[["2024-01-06T00:00:00+00:00",4,3,3],["2024-02-29T00:00:00+00:00",4,3,0],["2024-04-01T00:00:00+00:00",4,3,0],["2024-05-03T00:00:00+00:00",4,3,0],["2024-07-06T00:00:00+00:00",4,3,0],["2024-09-06T00:00:00+00:00",4,3,0],["2024-12-01T00:00:00+00:00",4,3,0],["2025-02-25T00:00:00+00:00",4,3,0],["2025-04-04T00:00:00+00:00",4,3,0],["2025-07-08T00:00:00+00:00",4,3,0],["2025-09-22T00:00:00+00:00",4,3,0]]},"geometry":{"type":"Point","coordinates":[34.455529,31.506398]}},{"type":"Feature","properties":{"site_id":26,"event_code":"CE20231007PSE","latest_date":"2025-09-22T00:00:00+00:00","latest_class":4,"pass_count":11,"h":[["2024-01-06T00:00:00+00:00",4,3,3],["2024-02-29T00:00:00+00:00",4,3,0],["2024-04-01T00:00:00+00:00",4,3,0],["2024-05-03T00:00:00+00:00",4,3,0],["2024-07-06T00:00:00+00:00",4,3,0],["2024-09-06T00:00:00+00:00",4,3,0],["2024-12-01T00:00:00+00:00",4,3,0],["2025-02-25T00:00:00+00:00",4,3,0],["2025-04-04T00:00:00+00:00",4,3,0],["2025-07-08T00:00:00+00:00",4,3,0],["2025-09-22T00:00:00+00:00",4,3,0]]},"geometry":{"type":"Point","coordinates":[34.455529,31.506398]}},{"type":"Feature","properties":{"site_id":26,"event_code":"CE20231007PSE","latest_date":"2025-09-22T00:00:00+00:00","latest_class":4,"pass_count":12,"h":[["2023-11-26T00:00:00+00:00",4,3,3],["2024-01-06T00:00:00+00:00",4,3,0],["2024-02-29T00:00:00+00:00",4,3,0],["2024-04-01T00:00:00+00:00",4,3,0],["2024-05-03T00:00:00+00:00",4,3,0],["2024-07-06T00:00:00+00:00",4,3,0],["2024-09-06T00:00:00+00:00",4,3,0],["2024-12-01T00:00:00+00:00",4,3,0],["2025-02-25T00:00:00+00:00",4,3,0],["2025-04-04T00:00:00+00:00",4,3,0],["2025-07-08T00:00:00+00:00",4,3,0],["2025-09-22T00:00:00+00:00",4,3,0]]},"geometry":{"type":"Point","coordinates":[34.453521,31.506318]}},{"type":"Feature","properties":{"site_id":26,"event_code":"CE20231007PSE","latest_date":"2025-09-22T00:00:00+00:00","latest_class":4,"pass_count":12,"h":[["2023-11-26T00:00:00+00:00",4,3,3],["2024-01-06T00:00:00+00:00",4,3,0],["2024-02-29T00:00:00+00:00",4,3,0],["2024-04-01T00:00:00+00:00",4,3,0],["2024-05-03T00:00:00+00:00",4,3,0],["2024-07-06T00:00:00+00:00",4,3,0],["2024-09-06T00:00:00+00:00",4,3,0],["2024-12-01T00:00:00+00:00",4,3,0],["2025-02-25T00:00:00+00:00",4,3,0],["2025-04-04T00:00:00+00:00",4,3,0],["2025-07-08T00:00:00+00:00",4,3,0],["2025-09-22T00:00:00+00:00",4,3,0]]},"geometry":{"type":"Point","coordinates":[34.453521,31.506318]}},{"type":"Feature","properties":{"site_id":26,"event_code":"CE20231007PSE","latest_date":"2025-09-22T00:00:00+00:00","latest_class":4,"pass_count":12,"h":[["2023-11-26T00:00:00+00:00",4,3,3],["2024-01-06T00:00:00+00:00",4,3,0],["2024-02-29T00:00:00+00:00",4,3,0],["2024-04-01T00:00:00+00:00",4,3,0],["2024-05-03T00:00:00+00:00",4,3,0],["2024-07-06T00:00:00+00:00",4,3,0],["2024-09-06T00:00:00+00:00",4,3,0],["2024-12-01T00:00:00+00:00",4,3,0],["2025-02-25T00:00:00+00:00",4,3,0],["2025-04-04T00:00:00+00:00",4,3,0],["2025-07-08T00:00:00+00:00",4,3,0],["2025-09-22T00:00:00+00:00",4,3,0]]},"geometry":{"type":"Point","coordinates":[34.452495,31.507451]}},{"type":"Feature","properties":{"site_id":26,"event_code":"CE20231007PSE","latest_date":"2025-09-22T00:00:00+00:00","latest_class":4,"pass_count":12,"h":[["2023-11-26T00:00:00+00:00",4,3,3],["2024-01-06T00:00:00+00:00",4,3,0],["2024-02-29T00:00:00+00:00",4,3,0],["2024-04-01T00:00:00+00:00",4,3,0],["2024-05-03T00:00:00+00:00",4,3,0],["2024-07-06T00:00:00+00:00",4,3,0],["2024-09-06T00:00:00+00:00",4,3,0],["2024-12-01T00:00:00+00:00",4,3,0],["2025-02-25T00:00:00+00:00",4,3,0],["2025-04-04T00:00:00+00:00",4,3,0],["2025-07-08T00:00:00+00:00",4,3,0],["2025-09-22T00:00:00+00:00",4,3,0]]},"geometry":{"type":"Point","coordinates":[34.452495,31.507451]}},{"type":"Feature","properties":{"site_id":26,"event_code":"CE20231007PSE","latest_date":"2025-09-22T00:00:00+00:00","latest_class":4,"pass_count":12,"h":[["2023-11-26T00:00:00+00:00",4,3,3],["2024-01-06T00:00:00+00:00",4,3,0],["2024-02-29T00:00:00+00:00",4,3,0],["2024-04-01T00:00:00+00:00",4,3,0],["2024-05-03T00:00:00+00:00",4,3,0],["2024-07-06T00:00:00+00:00",4,3,0],["2024-09-06T00:00:00+00:00",4,3,0],["2024-12-01T00:00:00+00:00",4,3,0],["2025-02-25T00:00:00+00:00",4,3,0],["2025-04-04T00:00:00+00:00",4,3,0],["2025-07-08T00:00:00+00:00",4,3,0],["2025-09-22T00:00:00+00:00",4,3,0]]},"geometry":{"type":"Point","coordinates":[34.452533,31.507423]}},{"type":"Feature","properties":{"site_id":26,"event_code":"CE20231007PSE","latest_date":"2025-09-22T00:00:00+00:00","latest_class":4,"pass_count":12,"h":[["2023-11-26T00:00:00+00:00",4,3,3],["2024-01-06T00:00:00+00:00",4,3,0],["2024-02-29T00:00:00+00:00",4,3,0],["2024-04-01T00:00:00+00:00",4,3,0],["2024-05-03T00:00:00+00:00",4,3,0],["2024-07-06T00:00:00+00:00",4,3,0],["2024-09-06T00:00:00+00:00",4,3,0],["2024-12-01T00:00:00+00:00",4,3,0],["2025-02-25T00:00:00+00:00",4,3,0],["2025-04-04T00:00:00+00:00",4,3,0],["2025-07-08T00:00:00+00:00",4,3,0],["2025-09-22T00:00:00+00:00",4,3,0]]},"geometry":{"type":"Point","coordinates":[34.452533,31.507423]}},{"type":"Feature","properties":{"site_id":26,"event_code":"CE20231007PSE","latest_date":"2025-09-22T00:00:00+00:00","latest_class":4,"pass_count":13,"h":[["2023-11-07T00:00:00+00:00",4,3,3],["2023-11-26T00:00:00+00:00",4,3,0],["2024-01-06T00:00:00+00:00",4,3,0],["2024-02-29T00:00:00+00:00",4,3,0],["2024-04-01T00:00:00+00:00",4,3,0],["2024-05-03T00:00:00+00:00",4,3,0],["2024-07-06T00:00:00+00:00",4,3,0],["2024-09-06T00:00:00+00:00",4,3,0],["2024-12-01T00:00:00+00:00",4,3,0],["2025-02-25T00:00:00+00:00",4,3,0],["2025-04-04T00:00:00+00:00",4,3,0],["2025-07-08T00:00:00+00:00",4,3,0],["2025-09-22T00:00:00+00:00",4,3,0]]},"geometry":{"type":"Point","coordinates":[34.457269,31.502414]}},{"type":"Feature","properties":{"site_id":26,"event_code":"CE20231007PSE","latest_date":"2025-09-22T00:00:00+00:00","latest_class":4,"pass_count":13,"h":[["2023-11-07T00:00:00+00:00",4,3,3],["2023-11-26T00:00:00+00:00",4,3,0],["2024-01-06T00:00:00+00:00",4,3,0],["2024-02-29T00:00:00+00:00",4,3,0],["2024-04-01T00:00:00+00:00",4,3,0],["2024-05-03T00:00:00+00:00",4,3,0],["2024-07-06T00:00:00+00:00",4,3,0],["2024-09-06T00:00:00+00:00",4,3,0],["2024-12-01T00:00:00+00:00",4,3,0],["2025-02-25T00:00:00+00:00",4,3,0],["2025-04-04T00:00:00+00:00",4,3,0],["2025-07-08T00:00:00+00:00",4,3,0],["2025-09-22T00:00:00+00:00",4,3,0]]},"geometry":{"type":"Point","coordinates":[34.457269,31.502414]}},{"type":"Feature","properties":{"site_id":26,"event_code":"CE20231007PSE","latest_date":"2025-09-22T00:00:00+00:00","latest_class":4,"pass_count":10,"h":[["2024-02-29T00:00:00+00:00",4,3,3],["2024-04-01T00:00:00+00:00",4,3,0],["2024-05-03T00:00:00+00:00",4,3,0],["2024-07-06T00:00:00+00:00",4,3,0],["2024-09-06T00:00:00+00:00",4,3,0],["2024-12-01T00:00:00+00:00",4,3,0],["2025-02-25T00:00:00+00:00",4,3,0],["2025-04-04T00:00:00+00:00",4,3,0],["2025-07-08T00:00:00+00:00",4,3,0],["2025-09-22T00:00:00+00:00",4,3,0]]},"geometry":{"type":"Point","coordinates":[34.448143,31.511493]}},{"type":"Feature","properties":{"site_id":26,"event_code":"CE20231007PSE","latest_date":"2025-09-22T00:00:00+00:00","latest_class":4,"pass_count":10,"h":[["2024-02-29T00:00:00+00:00",4,3,3],["2024-04-01T00:00:00+00:00",4,3,0],["2024-05-03T00:00:00+00:00",4,3,0],["2024-07-06T00:00:00+00:00",4,3,0],["2024-09-06T00:00:00+00:00",4,3,0],["2024-12-01T00:00:00+00:00",4,3,0],["2025-02-25T00:00:00+00:00",4,3,0],["2025-04-04T00:00:00+00:00",4,3,0],["2025-07-08T00:00:00+00:00",4,3,0],["2025-09-22T00:00:00+00:00",4,3,0]]},"geometry":{"type":"Point","coordinates":[34.448143,31.511493]}},{"type":"Feature","properties":{"site_id":26,"event_code":"CE20231007PSE","latest_date":"2025-09-22T00:00:00+00:00","latest_class":4,"pass_count":10,"h":[["2024-02-29T00:00:00+00:00",4,3,3],["2024-04-01T00:00:00+00:00",4,3,0],["2024-05-03T00:00:00+00:00",4,3,0],["2024-07-06T00:00:00+00:00",4,3,0],["2024-09-06T00:00:00+00:00",4,3,0],["2024-12-01T00:00:00+00:00",4,3,0],["2025-02-25T00:00:00+00:00",4,3,0],["2025-04-04T00:00:00+00:00",4,3,0],["2025-07-08T00:00:00+00:00",4,3,0],["2025-09-22T00:00:00+00:00",4,3,0]]},"geometry":{"type":"Point","coordinates":[34.45093,31.50615]}},{"type":"Feature","properties":{"site_id":26,"event_code":"CE20231007PSE","latest_date":"2025-09-22T00:00:00+00:00","latest_class":4,"pass_count":10,"h":[["2024-02-29T00:00:00+00:00",4,3,3],["2024-04-01T00:00:00+00:00",4,3,0],["2024-05-03T00:00:00+00:00",4,3,0],["2024-07-06T00:00:00+00:00",4,3,0],["2024-09-06T00:00:00+00:00",4,3,0],["2024-12-01T00:00:00+00:00",4,3,0],["2025-02-25T00:00:00+00:00",4,3,0],["2025-04-04T00:00:00+00:00",4,3,0],["2025-07-08T00:00:00+00:00",4,3,0],["2025-09-22T00:00:00+00:00",4,3,0]]},"geometry":{"type":"Point","coordinates":[34.45093,31.50615]}},{"type":"Feature","properties":{"site_id":26,"event_code":"CE20231007PSE","latest_date":"2025-09-22T00:00:00+00:00","latest_class":4,"pass_count":14,"h":[["2023-10-15T00:00:00+00:00",4,3,null],["2023-11-07T00:00:00+00:00",4,3,0],["2023-11-26T00:00:00+00:00",4,3,0],["2024-01-06T00:00:00+00:00",4,3,0],["2024-02-29T00:00:00+00:00",4,3,0],["2024-04-01T00:00:00+00:00",4,3,0],["2024-05-03T00:00:00+00:00",4,3,0],["2024-07-06T00:00:00+00:00",4,3,0],["2024-09-06T00:00:00+00:00",4,3,0],["2024-12-01T00:00:00+00:00",4,3,0],["2025-02-25T00:00:00+00:00",4,3,0],["2025-04-04T00:00:00+00:00",4,3,0],["2025-07-08T00:00:00+00:00",4,3,0],["2025-09-22T00:00:00+00:00",4,3,0]]},"geometry":{"type":"Point","coordinates":[34.442559,31.509514]}},{"type":"Feature","properties":{"site_id":26,"event_code":"CE20231007PSE","latest_date":"2025-09-22T00:00:00+00:00","latest_class":4,"pass_count":11,"h":[["2024-01-06T00:00:00+00:00",4,3,3],["2024-02-29T00:00:00+00:00",4,3,0],["2024-04-01T00:00:00+00:00",4,3,0],["2024-05-03T00:00:00+00:00",4,3,0],["2024-07-06T00:00:00+00:00",4,3,0],["2024-09-06T00:00:00+00:00",4,3,0],["2024-12-01T00:00:00+00:00",4,3,0],["2025-02-25T00:00:00+00:00",4,3,0],["2025-04-04T00:00:00+00:00",4,3,0],["2025-07-08T00:00:00+00:00",4,3,0],["2025-09-22T00:00:00+00:00",4,3,0]]},"geometry":{"type":"Point","coordinates":[34.45781,31.507122]}},{"type":"Feature","properties":{"site_id":26,"event_code":"CE20231007PSE","latest_date":"2025-09-22T00:00:00+00:00","latest_class":11,"pass_count":8,"h":[["2024-05-03T00:00:00+00:00",11,3,3],["2024-07-06T00:00:00+00:00",11,3,0],["2024-09-06T00:00:00+00:00",11,3,0],["2024-12-01T00:00:00+00:00",11,3,0],["2025-02-25T00:00:00+00:00",11,3,0],["2025-04-04T00:00:00+00:00",11,3,0],["2025-07-08T00:00:00+00:00",11,3,0],["2025-09-22T00:00:00+00:00",11,3,0]]},"geometry":{"type":"Point","coordinates":[34.445773,31.510743]}},{"type":"Feature","properties":{"site_id":26,"event_code":"CE20231007PSE","latest_date":"2025-09-22T00:00:00+00:00","latest_class":11,"pass_count":8,"h":[["2024-05-03T00:00:00+00:00",11,3,3],["2024-07-06T00:00:00+00:00",11,3,0],["2024-09-06T00:00:00+00:00",11,3,0],["2024-12-01T00:00:00+00:00",11,3,0],["2025-02-25T00:00:00+00:00",11,3,0],["2025-04-04T00:00:00+00:00",11,3,0],["2025-07-08T00:00:00+00:00",11,3,0],["2025-09-22T00:00:00+00:00",11,3,0]]},"geometry":{"type":"Point","coordinates":[34.457029,31.50919]}},{"type":"Feature","properties":{"site_id":26,"event_code":"CE20231007PSE","latest_date":"2025-09-22T00:00:00+00:00","latest_class":11,"pass_count":8,"h":[["2024-05-03T00:00:00+00:00",11,3,3],["2024-07-06T00:00:00+00:00",11,3,0],["2024-09-06T00:00:00+00:00",11,3,0],["2024-12-01T00:00:00+00:00",11,3,0],["2025-02-25T00:00:00+00:00",11,3,0],["2025-04-04T00:00:00+00:00",11,3,0],["2025-07-08T00:00:00+00:00",11,3,0],["2025-09-22T00:00:00+00:00",11,3,0]]},"geometry":{"type":"Point","coordinates":[34.455167,31.509997]}},{"type":"Feature","properties":{"site_id":26,"event_code":"CE20231007PSE","latest_date":"2025-09-22T00:00:00+00:00","latest_class":11,"pass_count":8,"h":[["2024-05-03T00:00:00+00:00",11,3,3],["2024-07-06T00:00:00+00:00",11,3,0],["2024-09-06T00:00:00+00:00",11,3,0],["2024-12-01T00:00:00+00:00",11,3,0],["2025-02-25T00:00:00+00:00",11,3,0],["2025-04-04T00:00:00+00:00",11,3,0],["2025-07-08T00:00:00+00:00",11,3,0],["2025-09-22T00:00:00+00:00",11,3,0]]},"geometry":{"type":"Point","coordinates":[34.45494,31.510113]}},{"type":"Feature","properties":{"site_id":26,"event_code":"CE20231007PSE","latest_date":"2025-09-22T00:00:00+00:00","latest_class":11,"pass_count":8,"h":[["2024-05-03T00:00:00+00:00",11,3,3],["2024-07-06T00:00:00+00:00",11,3,0],["2024-09-06T00:00:00+00:00",11,3,0],["2024-12-01T00:00:00+00:00",11,3,0],["2025-02-25T00:00:00+00:00",11,3,0],["2025-04-04T00:00:00+00:00",11,3,0],["2025-07-08T00:00:00+00:00",11,3,0],["2025-09-22T00:00:00+00:00",11,3,0]]},"geometry":{"type":"Point","coordinates":[34.44596,31.510443]}},{"type":"Feature","properties":{"site_id":26,"event_code":"CE20231007PSE","latest_date":"2025-09-22T00:00:00+00:00","latest_class":11,"pass_count":8,"h":[["2024-05-03T00:00:00+00:00",11,3,3],["2024-07-06T00:00:00+00:00",11,3,0],["2024-09-06T00:00:00+00:00",11,3,0],["2024-12-01T00:00:00+00:00",11,3,0],["2025-02-25T00:00:00+00:00",11,3,0],["2025-04-04T00:00:00+00:00",11,3,0],["2025-07-08T00:00:00+00:00",11,3,0],["2025-09-22T00:00:00+00:00",11,3,0]]},"geometry":{"type":"Point","coordinates":[34.445653,31.509869]}},{"type":"Feature","properties":{"site_id":2,"event_code":"CE20231007PSE","latest_date":"2025-09-22T00:00:00+00:00","latest_class":11,"pass_count":8,"h":[["2024-05-03T00:00:00+00:00",11,3,3],["2024-07-06T00:00:00+00:00",11,3,0],["2024-09-06T00:00:00+00:00",11,3,0],["2024-12-01T00:00:00+00:00",11,3,0],["2025-02-25T00:00:00+00:00",11,3,0],["2025-04-04T00:00:00+00:00",11,3,0],["2025-07-08T00:00:00+00:00",11,3,0],["2025-09-22T00:00:00+00:00",11,3,0]]},"geometry":{"type":"Point","coordinates":[34.454424,31.509981]}},{"type":"Feature","properties":{"site_id":26,"event_code":"CE20231007PSE","latest_date":"2025-09-22T00:00:00+00:00","latest_class":11,"pass_count":8,"h":[["2024-05-03T00:00:00+00:00",11,3,3],["2024-07-06T00:00:00+00:00",11,3,0],["2024-09-06T00:00:00+00:00",11,3,0],["2024-12-01T00:00:00+00:00",11,3,0],["2025-02-25T00:00:00+00:00",11,3,0],["2025-04-04T00:00:00+00:00",11,3,0],["2025-07-08T00:00:00+00:00",11,3,0],["2025-09-22T00:00:00+00:00",11,3,0]]},"geometry":{"type":"Point","coordinates":[34.444775,31.51068]}},{"type":"Feature","properties":{"site_id":26,"event_code":"CE20231007PSE","latest_date":"2025-09-22T00:00:00+00:00","latest_class":11,"pass_count":8,"h":[["2024-05-03T00:00:00+00:00",11,3,3],["2024-07-06T00:00:00+00:00",11,3,0],["2024-09-06T00:00:00+00:00",11,3,0],["2024-12-01T00:00:00+00:00",11,3,0],["2025-02-25T00:00:00+00:00",11,3,0],["2025-04-04T00:00:00+00:00",11,3,0],["2025-07-08T00:00:00+00:00",11,3,0],["2025-09-22T00:00:00+00:00",11,3,0]]},"geometry":{"type":"Point","coordinates":[34.454791,31.510568]}},{"type":"Feature","properties":{"site_id":26,"event_code":"CE20231007PSE","latest_date":"2025-09-22T00:00:00+00:00","latest_class":11,"pass_count":8,"h":[["2024-05-03T00:00:00+00:00",11,3,3],["2024-07-06T00:00:00+00:00",11,3,0],["2024-09-06T00:00:00+00:00",11,3,0],["2024-12-01T00:00:00+00:00",11,3,0],["2025-02-25T00:00:00+00:00",11,3,0],["2025-04-04T00:00:00+00:00",11,3,0],["2025-07-08T00:00:00+00:00",11,3,0],["2025-09-22T00:00:00+00:00",11,3,0]]},"geometry":{"type":"Point","coordinates":[34.455045,31.510221]}},{"type":"Feature","properties":{"site_id":26,"event_code":"CE20231007PSE","latest_date":"2025-09-22T00:00:00+00:00","latest_class":11,"pass_count":8,"h":[["2024-05-03T00:00:00+00:00",11,3,3],["2024-07-06T00:00:00+00:00",11,3,0],["2024-09-06T00:00:00+00:00",11,3,0],["2024-12-01T00:00:00+00:00",11,3,0],["2025-02-25T00:00:00+00:00",11,3,0],["2025-04-04T00:00:00+00:00",11,3,0],["2025-07-08T00:00:00+00:00",11,3,0],["2025-09-22T00:00:00+00:00",11,3,0]]},"geometry":{"type":"Point","coordinates":[34.456611,31.509099]}},{"type":"Feature","properties":{"site_id":26,"event_code":"CE20231007PSE","latest_date":"2025-09-22T00:00:00+00:00","latest_class":11,"pass_count":8,"h":[["2024-05-03T00:00:00+00:00",11,3,3],["2024-07-06T00:00:00+00:00",11,3,0],["2024-09-06T00:00:00+00:00",11,3,0],["2024-12-01T00:00:00+00:00",11,3,0],["2025-02-25T00:00:00+00:00",11,3,0],["2025-04-04T00:00:00+00:00",11,3,0],["2025-07-08T00:00:00+00:00",11,3,0],["2025-09-22T00:00:00+00:00",11,3,0]]},"geometry":{"type":"Point","coordinates":[34.455018,31.51002]}},{"type":"Feature","properties":{"site_id":26,"event_code":"CE20231007PSE","latest_date":"2025-09-22T00:00:00+00:00","latest_class":11,"pass_count":8,"h":[["2024-05-03T00:00:00+00:00",11,3,3],["2024-07-06T00:00:00+00:00",11,3,0],["2024-09-06T00:00:00+00:00",11,3,0],["2024-12-01T00:00:00+00:00",11,3,0],["2025-02-25T00:00:00+00:00",11,3,0],["2025-04-04T00:00:00+00:00",11,3,0],["2025-07-08T00:00:00+00:00",11,3,0],["2025-09-22T00:00:00+00:00",11,3,0]]},"geometry":{"type":"Point","coordinates":[34.457254,31.508917]}},{"type":"Feature","properties":{"site_id":26,"event_code":"CE20231007PSE","latest_date":"2025-09-22T00:00:00+00:00","latest_class":11,"pass_count":8,"h":[["2024-05-03T00:00:00+00:00",11,3,3],["2024-07-06T00:00:00+00:00",11,3,0],["2024-09-06T00:00:00+00:00",11,3,0],["2024-12-01T00:00:00+00:00",11,3,0],["2025-02-25T00:00:00+00:00",11,3,0],["2025-04-04T00:00:00+00:00",11,3,0],["2025-07-08T00:00:00+00:00",11,3,0],["2025-09-22T00:00:00+00:00",11,3,0]]},"geometry":{"type":"Point","coordinates":[34.445132,31.510815]}},{"type":"Feature","properties":{"site_id":26,"event_code":"CE20231007PSE","latest_date":"2025-09-22T00:00:00+00:00","latest_class":11,"pass_count":8,"h":[["2024-05-03T00:00:00+00:00",11,3,3],["2024-07-06T00:00:00+00:00",11,3,0],["2024-09-06T00:00:00+00:00",11,3,0],["2024-12-01T00:00:00+00:00",11,3,0],["2025-02-25T00:00:00+00:00",11,3,0],["2025-04-04T00:00:00+00:00",11,3,0],["2025-07-08T00:00:00+00:00",11,3,0],["2025-09-22T00:00:00+00:00",11,3,0]]},"geometry":{"type":"Point","coordinates":[34.454824,31.509828]}},{"type":"Feature","properties":{"site_id":26,"event_code":"CE20231007PSE","latest_date":"2025-09-22T00:00:00+00:00","latest_class":11,"pass_count":8,"h":[["2024-05-03T00:00:00+00:00",11,3,3],["2024-07-06T00:00:00+00:00",11,3,0],["2024-09-06T00:00:00+00:00",11,3,0],["2024-12-01T00:00:00+00:00",11,3,0],["2025-02-25T00:00:00+00:00",11,3,0],["2025-04-04T00:00:00+00:00",11,3,0],["2025-07-08T00:00:00+00:00",11,3,0],["2025-09-22T00:00:00+00:00",11,3,0]]},"geometry":{"type":"Point","coordinates":[34.449438,31.510872]}},{"type":"Feature","properties":{"site_id":26,"event_code":"CE20231007PSE","latest_date":"2025-09-22T00:00:00+00:00","latest_class":11,"pass_count":8,"h":[["2024-05-03T00:00:00+00:00",11,3,3],["2024-07-06T00:00:00+00:00",11,3,0],["2024-09-06T00:00:00+00:00",11,3,0],["2024-12-01T00:00:00+00:00",11,3,0],["2025-02-25T00:00:00+00:00",11,3,0],["2025-04-04T00:00:00+00:00",11,3,0],["2025-07-08T00:00:00+00:00",11,3,0],["2025-09-22T00:00:00+00:00",11,3,0]]},"geometry":{"type":"Point","coordinates":[34.444946,31.510521]}},{"type":"Feature","properties":{"site_id":26,"event_code":"CE20231007PSE","latest_date":"2025-09-22T00:00:00+00:00","latest_class":11,"pass_count":8,"h":[["2024-05-03T00:00:00+00:00",11,3,3],["2024-07-06T00:00:00+00:00",11,3,0],["2024-09-06T00:00:00+00:00",11,3,0],["2024-12-01T00:00:00+00:00",11,3,0],["2025-02-25T00:00:00+00:00",11,3,0],["2025-04-04T00:00:00+00:00",11,3,0],["2025-07-08T00:00:00+00:00",11,3,0],["2025-09-22T00:00:00+00:00",11,3,0]]},"geometry":{"type":"Point","coordinates":[34.456719,31.508947]}},{"type":"Feature","properties":{"site_id":26,"event_code":"CE20231007PSE","latest_date":"2025-09-22T00:00:00+00:00","latest_class":11,"pass_count":8,"h":[["2024-05-03T00:00:00+00:00",11,3,3],["2024-07-06T00:00:00+00:00",11,3,0],["2024-09-06T00:00:00+00:00",11,3,0],["2024-12-01T00:00:00+00:00",11,3,0],["2025-02-25T00:00:00+00:00",11,3,0],["2025-04-04T00:00:00+00:00",11,3,0],["2025-07-08T00:00:00+00:00",11,3,0],["2025-09-22T00:00:00+00:00",11,3,0]]},"geometry":{"type":"Point","coordinates":[34.454538,31.510075]}},{"type":"Feature","properties":{"site_id":26,"event_code":"CE20231007PSE","latest_date":"2025-09-22T00:00:00+00:00","latest_class":11,"pass_count":8,"h":[["2024-05-03T00:00:00+00:00",11,3,3],["2024-07-06T00:00:00+00:00",11,3,0],["2024-09-06T00:00:00+00:00",11,3,0],["2024-12-01T00:00:00+00:00",11,3,0],["2025-02-25T00:00:00+00:00",11,3,0],["2025-04-04T00:00:00+00:00",11,3,0],["2025-07-08T00:00:00+00:00",11,3,0],["2025-09-22T00:00:00+00:00",11,3,0]]},"geometry":{"type":"Point","coordinates":[34.456786,31.509319]}},{"type":"Feature","properties":{"site_id":26,"event_code":"CE20231007PSE","latest_date":"2025-09-22T00:00:00+00:00","latest_class":11,"pass_count":8,"h":[["2024-05-03T00:00:00+00:00",11,3,3],["2024-07-06T00:00:00+00:00",11,3,0],["2024-09-06T00:00:00+00:00",11,3,0],["2024-12-01T00:00:00+00:00",11,3,0],["2025-02-25T00:00:00+00:00",11,3,0],["2025-04-04T00:00:00+00:00",11,3,0],["2025-07-08T00:00:00+00:00",11,3,0],["2025-09-22T00:00:00+00:00",11,3,0]]},"geometry":{"type":"Point","coordinates":[34.445834,31.509684]}},{"type":"Feature","properties":{"site_id":26,"event_code":"CE20231007PSE","latest_date":"2025-09-22T00:00:00+00:00","latest_class":11,"pass_count":8,"h":[["2024-05-03T00:00:00+00:00",11,3,3],["2024-07-06T00:00:00+00:00",11,3,0],["2024-09-06T00:00:00+00:00",11,3,0],["2024-12-01T00:00:00+00:00",11,3,0],["2025-02-25T00:00:00+00:00",11,3,0],["2025-04-04T00:00:00+00:00",11,3,0],["2025-07-08T00:00:00+00:00",11,3,0],["2025-09-22T00:00:00+00:00",11,3,0]]},"geometry":{"type":"Point","coordinates":[34.456941,31.509238]}},{"type":"Feature","properties":{"site_id":5,"event_code":"CE20231007PSE","latest_date":"2025-09-22T00:00:00+00:00","latest_class":11,"pass_count":8,"h":[["2024-05-03T00:00:00+00:00",11,3,3],["2024-07-06T00:00:00+00:00",11,3,0],["2024-09-06T00:00:00+00:00",11,3,0],["2024-12-01T00:00:00+00:00",11,3,0],["2025-02-25T00:00:00+00:00",11,3,0],["2025-04-04T00:00:00+00:00",11,3,0],["2025-07-08T00:00:00+00:00",11,3,0],["2025-09-22T00:00:00+00:00",11,3,0]]},"geometry":{"type":"Point","coordinates":[34.457644,31.507703]}},{"type":"Feature","properties":{"site_id":26,"event_code":"CE20231007PSE","latest_date":"2025-09-22T00:00:00+00:00","latest_class":11,"pass_count":8,"h":[["2024-05-03T00:00:00+00:00",11,3,3],["2024-07-06T00:00:00+00:00",11,3,0],["2024-09-06T00:00:00+00:00",11,3,0],["2024-12-01T00:00:00+00:00",11,3,0],["2025-02-25T00:00:00+00:00",11,3,0],["2025-04-04T00:00:00+00:00",11,3,0],["2025-07-08T00:00:00+00:00",11,3,0],["2025-09-22T00:00:00+00:00",11,3,0]]},"geometry":{"type":"Point","coordinates":[34.449512,31.51102]}},{"type":"Feature","properties":{"site_id":26,"event_code":"CE20231007PSE","latest_date":"2025-09-22T00:00:00+00:00","latest_class":11,"pass_count":8,"h":[["2024-05-03T00:00:00+00:00",11,3,3],["2024-07-06T00:00:00+00:00",11,3,0],["2024-09-06T00:00:00+00:00",11,3,0],["2024-12-01T00:00:00+00:00",11,3,0],["2025-02-25T00:00:00+00:00",11,3,0],["2025-04-04T00:00:00+00:00",11,3,0],["2025-07-08T00:00:00+00:00",11,3,0],["2025-09-22T00:00:00+00:00",11,3,0]]},"geometry":{"type":"Point","coordinates":[34.445859,31.510627]}},{"type":"Feature","properties":{"site_id":26,"event_code":"CE20231007PSE","latest_date":"2025-09-22T00:00:00+00:00","latest_class":11,"pass_count":8,"h":[["2024-05-03T00:00:00+00:00",11,3,3],["2024-07-06T00:00:00+00:00",11,3,0],["2024-09-06T00:00:00+00:00",11,3,0],["2024-12-01T00:00:00+00:00",11,3,0],["2025-02-25T00:00:00+00:00",11,3,0],["2025-04-04T00:00:00+00:00",11,3,0],["2025-07-08T00:00:00+00:00",11,3,0],["2025-09-22T00:00:00+00:00",11,3,0]]},"geometry":{"type":"Point","coordinates":[34.45531,31.509916]}},{"type":"Feature","properties":{"site_id":26,"event_code":"CE20231007PSE","latest_date":"2025-09-22T00:00:00+00:00","latest_class":11,"pass_count":8,"h":[["2024-05-03T00:00:00+00:00",11,3,3],["2024-07-06T00:00:00+00:00",11,3,0],["2024-09-06T00:00:00+00:00",11,3,0],["2024-12-01T00:00:00+00:00",11,3,0],["2025-02-25T00:00:00+00:00",11,3,0],["2025-04-04T00:00:00+00:00",11,3,0],["2025-07-08T00:00:00+00:00",11,3,0],["2025-09-22T00:00:00+00:00",11,3,0]]},"geometry":{"type":"Point","coordinates":[34.446106,31.510589]}},{"type":"Feature","properties":{"site_id":26,"event_code":"CE20231007PSE","latest_date":"2025-09-22T00:00:00+00:00","latest_class":11,"pass_count":8,"h":[["2024-05-03T00:00:00+00:00",11,3,3],["2024-07-06T00:00:00+00:00",11,3,0],["2024-09-06T00:00:00+00:00",11,3,0],["2024-12-01T00:00:00+00:00",11,3,0],["2025-02-25T00:00:00+00:00",11,3,0],["2025-04-04T00:00:00+00:00",11,3,0],["2025-07-08T00:00:00+00:00",11,3,0],["2025-09-22T00:00:00+00:00",11,3,0]]},"geometry":{"type":"Point","coordinates":[34.455532,31.510036]}},{"type":"Feature","properties":{"site_id":26,"event_code":"CE20231007PSE","latest_date":"2025-09-22T00:00:00+00:00","latest_class":11,"pass_count":8,"h":[["2024-05-03T00:00:00+00:00",11,3,3],["2024-07-06T00:00:00+00:00",11,3,0],["2024-09-06T00:00:00+00:00",11,3,0],["2024-12-01T00:00:00+00:00",11,3,0],["2025-02-25T00:00:00+00:00",11,3,0],["2025-04-04T00:00:00+00:00",11,3,0],["2025-07-08T00:00:00+00:00",11,3,0],["2025-09-22T00:00:00+00:00",11,3,0]]},"geometry":{"type":"Point","coordinates":[34.444739,31.510533]}},{"type":"Feature","properties":{"site_id":26,"event_code":"CE20231007PSE","latest_date":"2025-09-22T00:00:00+00:00","latest_class":11,"pass_count":8,"h":[["2024-05-03T00:00:00+00:00",11,3,3],["2024-07-06T00:00:00+00:00",11,3,0],["2024-09-06T00:00:00+00:00",11,3,0],["2024-12-01T00:00:00+00:00",11,3,0],["2025-02-25T00:00:00+00:00",11,3,0],["2025-04-04T00:00:00+00:00",11,3,0],["2025-07-08T00:00:00+00:00",11,3,0],["2025-09-22T00:00:00+00:00",11,3,0]]},"geometry":{"type":"Point","coordinates":[34.444869,31.510848]}},{"type":"Feature","properties":{"site_id":26,"event_code":"CE20231007PSE","latest_date":"2025-09-22T00:00:00+00:00","latest_class":11,"pass_count":8,"h":[["2024-05-03T00:00:00+00:00",11,3,3],["2024-07-06T00:00:00+00:00",11,3,0],["2024-09-06T00:00:00+00:00",11,3,0],["2024-12-01T00:00:00+00:00",11,3,0],["2025-02-25T00:00:00+00:00",11,3,0],["2025-04-04T00:00:00+00:00",11,3,0],["2025-07-08T00:00:00+00:00",11,3,0],["2025-09-22T00:00:00+00:00",11,3,0]]},"geometry":{"type":"Point","coordinates":[34.458333,31.507435]}},{"type":"Feature","properties":{"site_id":26,"event_code":"CE20231007PSE","latest_date":"2025-09-22T00:00:00+00:00","latest_class":11,"pass_count":8,"h":[["2024-05-03T00:00:00+00:00",11,3,3],["2024-07-06T00:00:00+00:00",11,3,0],["2024-09-06T00:00:00+00:00",11,3,0],["2024-12-01T00:00:00+00:00",11,3,0],["2025-02-25T00:00:00+00:00",11,3,0],["2025-04-04T00:00:00+00:00",11,3,0],["2025-07-08T00:00:00+00:00",11,3,0],["2025-09-22T00:00:00+00:00",11,3,0]]},"geometry":{"type":"Point","coordinates":[34.445714,31.510891]}},{"type":"Feature","properties":{"site_id":26,"event_code":"CE20231007PSE","latest_date":"2025-09-22T00:00:00+00:00","latest_class":11,"pass_count":8,"h":[["2024-05-03T00:00:00+00:00",11,3,3],["2024-07-06T00:00:00+00:00",11,3,0],["2024-09-06T00:00:00+00:00",11,3,0],["2024-12-01T00:00:00+00:00",11,3,0],["2025-02-25T00:00:00+00:00",11,3,0],["2025-04-04T00:00:00+00:00",11,3,0],["2025-07-08T00:00:00+00:00",11,3,0],["2025-09-22T00:00:00+00:00",11,3,0]]},"geometry":{"type":"Point","coordinates":[34.454017,31.510429]}},{"type":"Feature","properties":{"site_id":26,"event_code":"CE20231007PSE","latest_date":"2025-09-22T00:00:00+00:00","latest_class":11,"pass_count":8,"h":[["2024-05-03T00:00:00+00:00",11,3,3],["2024-07-06T00:00:00+00:00",11,3,0],["2024-09-06T00:00:00+00:00",11,3,0],["2024-12-01T00:00:00+00:00",11,3,0],["2025-02-25T00:00:00+00:00",11,3,0],["2025-04-04T00:00:00+00:00",11,3,0],["2025-07-08T00:00:00+00:00",11,3,0],["2025-09-22T00:00:00+00:00",11,3,0]]},"geometry":{"type":"Point","coordinates":[34.449697,31.511224]}},{"type":"Feature","properties":{"site_id":26,"event_code":"CE20231007PSE","latest_date":"2025-09-22T00:00:00+00:00","latest_class":11,"pass_count":8,"h":[["2024-05-03T00:00:00+00:00",11,3,3],["2024-07-06T00:00:00+00:00",11,3,0],["2024-09-06T00:00:00+00:00",11,3,0],["2024-12-01T00:00:00+00:00",11,3,0],["2025-02-25T00:00:00+00:00",11,3,0],["2025-04-04T00:00:00+00:00",11,3,0],["2025-07-08T00:00:00+00:00",11,3,0],["2025-09-22T00:00:00+00:00",11,3,0]]},"geometry":{"type":"Point","coordinates":[34.449608,31.510952]}},{"type":"Feature","properties":{"site_id":5,"event_code":"CE20231007PSE","latest_date":"2025-09-22T00:00:00+00:00","latest_class":11,"pass_count":8,"h":[["2024-05-03T00:00:00+00:00",11,3,3],["2024-07-06T00:00:00+00:00",11,3,0],["2024-09-06T00:00:00+00:00",11,3,0],["2024-12-01T00:00:00+00:00",11,3,0],["2025-02-25T00:00:00+00:00",11,3,0],["2025-04-04T00:00:00+00:00",11,3,0],["2025-07-08T00:00:00+00:00",11,3,0],["2025-09-22T00:00:00+00:00",11,3,0]]},"geometry":{"type":"Point","coordinates":[34.458024,31.507491]}},{"type":"Feature","properties":{"site_id":26,"event_code":"CE20231007PSE","latest_date":"2025-09-22T00:00:00+00:00","latest_class":11,"pass_count":8,"h":[["2024-05-03T00:00:00+00:00",11,3,3],["2024-07-06T00:00:00+00:00",11,3,0],["2024-09-06T00:00:00+00:00",11,3,0],["2024-12-01T00:00:00+00:00",11,3,0],["2025-02-25T00:00:00+00:00",11,3,0],["2025-04-04T00:00:00+00:00",11,3,0],["2025-07-08T00:00:00+00:00",11,3,0],["2025-09-22T00:00:00+00:00",11,3,0]]},"geometry":{"type":"Point","coordinates":[34.455483,31.5102]}},{"type":"Feature","properties":{"site_id":26,"event_code":"CE20231007PSE","latest_date":"2025-09-22T00:00:00+00:00","latest_class":11,"pass_count":8,"h":[["2024-05-03T00:00:00+00:00",11,3,3],["2024-07-06T00:00:00+00:00",11,3,0],["2024-09-06T00:00:00+00:00",11,3,0],["2024-12-01T00:00:00+00:00",11,3,0],["2025-02-25T00:00:00+00:00",11,3,0],["2025-04-04T00:00:00+00:00",11,3,0],["2025-07-08T00:00:00+00:00",11,3,0],["2025-09-22T00:00:00+00:00",11,3,0]]},"geometry":{"type":"Point","coordinates":[34.449386,31.51129]}},{"type":"Feature","properties":{"site_id":26,"event_code":"CE20231007PSE","latest_date":"2025-09-22T00:00:00+00:00","latest_class":11,"pass_count":8,"h":[["2024-05-03T00:00:00+00:00",11,3,3],["2024-07-06T00:00:00+00:00",11,3,0],["2024-09-06T00:00:00+00:00",11,3,0],["2024-12-01T00:00:00+00:00",11,3,0],["2025-02-25T00:00:00+00:00",11,3,0],["2025-04-04T00:00:00+00:00",11,3,0],["2025-07-08T00:00:00+00:00",11,3,0],["2025-09-22T00:00:00+00:00",11,3,0]]},"geometry":{"type":"Point","coordinates":[34.455558,31.510143]}},{"type":"Feature","properties":{"site_id":26,"event_code":"CE20231007PSE","latest_date":"2025-09-22T00:00:00+00:00","latest_class":11,"pass_count":8,"h":[["2024-05-03T00:00:00+00:00",11,3,3],["2024-07-06T00:00:00+00:00",11,3,0],["2024-09-06T00:00:00+00:00",11,3,0],["2024-12-01T00:00:00+00:00",11,3,0],["2025-02-25T00:00:00+00:00",11,3,0],["2025-04-04T00:00:00+00:00",11,3,0],["2025-07-08T00:00:00+00:00",11,3,0],["2025-09-22T00:00:00+00:00",11,3,0]]},"geometry":{"type":"Point","coordinates":[34.445056,31.509685]}},{"type":"Feature","properties":{"site_id":26,"event_code":"CE20231007PSE","latest_date":"2025-09-22T00:00:00+00:00","latest_class":11,"pass_count":8,"h":[["2024-05-03T00:00:00+00:00",11,3,3],["2024-07-06T00:00:00+00:00",11,3,0],["2024-09-06T00:00:00+00:00",11,3,0],["2024-12-01T00:00:00+00:00",11,3,0],["2025-02-25T00:00:00+00:00",11,3,0],["2025-04-04T00:00:00+00:00",11,3,0],["2025-07-08T00:00:00+00:00",11,3,0],["2025-09-22T00:00:00+00:00",11,3,0]]},"geometry":{"type":"Point","coordinates":[34.453702,31.511445]}},{"type":"Feature","properties":{"site_id":26,"event_code":"CE20231007PSE","latest_date":"2025-09-22T00:00:00+00:00","latest_class":11,"pass_count":8,"h":[["2024-05-03T00:00:00+00:00",11,3,3],["2024-07-06T00:00:00+00:00",11,3,0],["2024-09-06T00:00:00+00:00",11,3,0],["2024-12-01T00:00:00+00:00",11,3,0],["2025-02-25T00:00:00+00:00",11,3,0],["2025-04-04T00:00:00+00:00",11,3,0],["2025-07-08T00:00:00+00:00",11,3,0],["2025-09-22T00:00:00+00:00",11,3,0]]},"geometry":{"type":"Point","coordinates":[34.449835,31.511823]}},{"type":"Feature","properties":{"site_id":26,"event_code":"CE20231007PSE","latest_date":"2025-09-22T00:00:00+00:00","latest_class":11,"pass_count":8,"h":[["2024-05-03T00:00:00+00:00",11,3,3],["2024-07-06T00:00:00+00:00",11,3,0],["2024-09-06T00:00:00+00:00",11,3,0],["2024-12-01T00:00:00+00:00",11,3,0],["2025-02-25T00:00:00+00:00",11,3,0],["2025-04-04T00:00:00+00:00",11,3,0],["2025-07-08T00:00:00+00:00",11,3,0],["2025-09-22T00:00:00+00:00",11,3,0]]},"geometry":{"type":"Point","coordinates":[34.450031,31.511912]}},{"type":"Feature","properties":{"site_id":26,"event_code":"CE20231007PSE","latest_date":"2025-09-22T00:00:00+00:00","latest_class":11,"pass_count":8,"h":[["2024-05-03T00:00:00+00:00",11,3,3],["2024-07-06T00:00:00+00:00",11,3,0],["2024-09-06T00:00:00+00:00",11,3,0],["2024-12-01T00:00:00+00:00",11,3,0],["2025-02-25T00:00:00+00:00",11,3,0],["2025-04-04T00:00:00+00:00",11,3,0],["2025-07-08T00:00:00+00:00",11,3,0],["2025-09-22T00:00:00+00:00",11,3,0]]},"geometry":{"type":"Point","coordinates":[34.449391,31.511897]}},{"type":"Feature","properties":{"site_id":26,"event_code":"CE20231007PSE","latest_date":"2025-09-22T00:00:00+00:00","latest_class":11,"pass_count":8,"h":[["2024-05-03T00:00:00+00:00",11,3,3],["2024-07-06T00:00:00+00:00",11,3,0],["2024-09-06T00:00:00+00:00",11,3,0],["2024-12-01T00:00:00+00:00",11,3,0],["2025-02-25T00:00:00+00:00",11,3,0],["2025-04-04T00:00:00+00:00",11,3,0],["2025-07-08T00:00:00+00:00",11,3,0],["2025-09-22T00:00:00+00:00",11,3,0]]},"geometry":{"type":"Point","coordinates":[34.449358,31.51183]}},{"type":"Feature","properties":{"site_id":26,"event_code":"CE20231007PSE","latest_date":"2025-09-22T00:00:00+00:00","latest_class":11,"pass_count":8,"h":[["2024-05-03T00:00:00+00:00",11,3,3],["2024-07-06T00:00:00+00:00",11,3,0],["2024-09-06T00:00:00+00:00",11,3,0],["2024-12-01T00:00:00+00:00",11,3,0],["2025-02-25T00:00:00+00:00",11,3,0],["2025-04-04T00:00:00+00:00",11,3,0],["2025-07-08T00:00:00+00:00",11,3,0],["2025-09-22T00:00:00+00:00",11,3,0]]},"geometry":{"type":"Point","coordinates":[34.44971,31.511994]}},{"type":"Feature","properties":{"site_id":26,"event_code":"CE20231007PSE","latest_date":"2025-09-22T00:00:00+00:00","latest_class":11,"pass_count":8,"h":[["2024-05-03T00:00:00+00:00",11,3,3],["2024-07-06T00:00:00+00:00",11,3,0],["2024-09-06T00:00:00+00:00",11,3,0],["2024-12-01T00:00:00+00:00",11,3,0],["2025-02-25T00:00:00+00:00",11,3,0],["2025-04-04T00:00:00+00:00",11,3,0],["2025-07-08T00:00:00+00:00",11,3,0],["2025-09-22T00:00:00+00:00",11,3,0]]},"geometry":{"type":"Point","coordinates":[34.456877,31.509105]}},{"type":"Feature","properties":{"site_id":26,"event_code":"CE20231007PSE","latest_date":"2025-09-22T00:00:00+00:00","latest_class":11,"pass_count":8,"h":[["2024-05-03T00:00:00+00:00",11,3,3],["2024-07-06T00:00:00+00:00",11,3,0],["2024-09-06T00:00:00+00:00",11,3,0],["2024-12-01T00:00:00+00:00",11,3,0],["2025-02-25T00:00:00+00:00",11,3,0],["2025-04-04T00:00:00+00:00",11,3,0],["2025-07-08T00:00:00+00:00",11,3,0],["2025-09-22T00:00:00+00:00",11,3,0]]},"geometry":{"type":"Point","coordinates":[34.455121,31.510111]}},{"type":"Feature","properties":{"site_id":5,"event_code":"CE20231007PSE","latest_date":"2025-09-22T00:00:00+00:00","latest_class":11,"pass_count":8,"h":[["2024-05-03T00:00:00+00:00",11,3,3],["2024-07-06T00:00:00+00:00",11,3,0],["2024-09-06T00:00:00+00:00",11,3,0],["2024-12-01T00:00:00+00:00",11,3,0],["2025-02-25T00:00:00+00:00",11,3,0],["2025-04-04T00:00:00+00:00",11,3,0],["2025-07-08T00:00:00+00:00",11,3,0],["2025-09-22T00:00:00+00:00",11,3,0]]},"geometry":{"type":"Point","coordinates":[34.457068,31.50758]}},{"type":"Feature","properties":{"site_id":26,"event_code":"CE20231007PSE","latest_date":"2025-09-22T00:00:00+00:00","latest_class":11,"pass_count":8,"h":[["2024-05-03T00:00:00+00:00",11,3,3],["2024-07-06T00:00:00+00:00",11,3,0],["2024-09-06T00:00:00+00:00",11,3,0],["2024-12-01T00:00:00+00:00",11,3,0],["2025-02-25T00:00:00+00:00",11,3,0],["2025-04-04T00:00:00+00:00",11,3,0],["2025-07-08T00:00:00+00:00",11,3,0],["2025-09-22T00:00:00+00:00",11,3,0]]},"geometry":{"type":"Point","coordinates":[34.445763,31.509808]}},{"type":"Feature","properties":{"site_id":26,"event_code":"CE20231007PSE","latest_date":"2025-09-22T00:00:00+00:00","latest_class":11,"pass_count":8,"h":[["2024-05-03T00:00:00+00:00",11,3,3],["2024-07-06T00:00:00+00:00",11,3,0],["2024-09-06T00:00:00+00:00",11,3,0],["2024-12-01T00:00:00+00:00",11,3,0],["2025-02-25T00:00:00+00:00",11,3,0],["2025-04-04T00:00:00+00:00",11,3,0],["2025-07-08T00:00:00+00:00",11,3,0],["2025-09-22T00:00:00+00:00",11,3,0]]},"geometry":{"type":"Point","coordinates":[34.449126,31.511263]}},{"type":"Feature","properties":{"site_id":26,"event_code":"CE20231007PSE","latest_date":"2025-09-22T00:00:00+00:00","latest_class":11,"pass_count":8,"h":[["2024-05-03T00:00:00+00:00",11,3,3],["2024-07-06T00:00:00+00:00",11,3,0],["2024-09-06T00:00:00+00:00",11,3,0],["2024-12-01T00:00:00+00:00",11,3,0],["2025-02-25T00:00:00+00:00",11,3,0],["2025-04-04T00:00:00+00:00",11,3,0],["2025-07-08T00:00:00+00:00",11,3,0],["2025-09-22T00:00:00+00:00",11,3,0]]},"geometry":{"type":"Point","coordinates":[34.455279,31.510467]}},{"type":"Feature","properties":{"site_id":5,"event_code":"CE20231007PSE","latest_date":"2025-09-22T00:00:00+00:00","latest_class":11,"pass_count":8,"h":[["2024-05-03T00:00:00+00:00",11,3,3],["2024-07-06T00:00:00+00:00",11,3,0],["2024-09-06T00:00:00+00:00",11,3,0],["2024-12-01T00:00:00+00:00",11,3,0],["2025-02-25T00:00:00+00:00",11,3,0],["2025-04-04T00:00:00+00:00",11,3,0],["2025-07-08T00:00:00+00:00",11,3,0],["2025-09-22T00:00:00+00:00",11,3,0]]},"geometry":{"type":"Point","coordinates":[34.457405,31.507661]}},{"type":"Feature","properties":{"site_id":5,"event_code":"CE20231007PSE","latest_date":"2025-09-22T00:00:00+00:00","latest_class":11,"pass_count":8,"h":[["2024-05-03T00:00:00+00:00",11,3,3],["2024-07-06T00:00:00+00:00",11,3,0],["2024-09-06T00:00:00+00:00",11,3,0],["2024-12-01T00:00:00+00:00",11,3,0],["2025-02-25T00:00:00+00:00",11,3,0],["2025-04-04T00:00:00+00:00",11,3,0],["2025-07-08T00:00:00+00:00",11,3,0],["2025-09-22T00:00:00+00:00",11,3,0]]},"geometry":{"type":"Point","coordinates":[34.457702,31.508465]}},{"type":"Feature","properties":{"site_id":26,"event_code":"CE20231007PSE","latest_date":"2025-09-22T00:00:00+00:00","latest_class":11,"pass_count":8,"h":[["2024-05-03T00:00:00+00:00",11,3,3],["2024-07-06T00:00:00+00:00",11,3,0],["2024-09-06T00:00:00+00:00",11,3,0],["2024-12-01T00:00:00+00:00",11,3,0],["2025-02-25T00:00:00+00:00",11,3,0],["2025-04-04T00:00:00+00:00",11,3,0],["2025-07-08T00:00:00+00:00",11,3,0],["2025-09-22T00:00:00+00:00",11,3,0]]},"geometry":{"type":"Point","coordinates":[34.453841,31.511355]}},{"type":"Feature","properties":{"site_id":5,"event_code":"CE20231007PSE","latest_date":"2025-09-22T00:00:00+00:00","latest_class":11,"pass_count":8,"h":[["2024-05-03T00:00:00+00:00",11,3,3],["2024-07-06T00:00:00+00:00",11,3,0],["2024-09-06T00:00:00+00:00",11,3,0],["2024-12-01T00:00:00+00:00",11,3,0],["2025-02-25T00:00:00+00:00",11,3,0],["2025-04-04T00:00:00+00:00",11,3,0],["2025-07-08T00:00:00+00:00",11,3,0],["2025-09-22T00:00:00+00:00",11,3,0]]},"geometry":{"type":"Point","coordinates":[34.458052,31.507285]}},{"type":"Feature","properties":{"site_id":5,"event_code":"CE20231007PSE","latest_date":"2025-09-22T00:00:00+00:00","latest_class":11,"pass_count":8,"h":[["2024-05-03T00:00:00+00:00",11,3,3],["2024-07-06T00:00:00+00:00",11,3,0],["2024-09-06T00:00:00+00:00",11,3,0],["2024-12-01T00:00:00+00:00",11,3,0],["2025-02-25T00:00:00+00:00",11,3,0],["2025-04-04T00:00:00+00:00",11,3,0],["2025-07-08T00:00:00+00:00",11,3,0],["2025-09-22T00:00:00+00:00",11,3,0]]},"geometry":{"type":"Point","coordinates":[34.457262,31.507792]}},{"type":"Feature","properties":{"site_id":26,"event_code":"CE20231007PSE","latest_date":"2025-09-22T00:00:00+00:00","latest_class":11,"pass_count":8,"h":[["2024-05-03T00:00:00+00:00",11,3,3],["2024-07-06T00:00:00+00:00",11,3,0],["2024-09-06T00:00:00+00:00",11,3,0],["2024-12-01T00:00:00+00:00",11,3,0],["2025-02-25T00:00:00+00:00",11,3,0],["2025-04-04T00:00:00+00:00",11,3,0],["2025-07-08T00:00:00+00:00",11,3,0],["2025-09-22T00:00:00+00:00",11,3,0]]},"geometry":{"type":"Point","coordinates":[34.445864,31.511056]}},{"type":"Feature","properties":{"site_id":26,"event_code":"CE20231007PSE","latest_date":"2025-09-22T00:00:00+00:00","latest_class":11,"pass_count":8,"h":[["2024-05-03T00:00:00+00:00",11,3,3],["2024-07-06T00:00:00+00:00",11,3,0],["2024-09-06T00:00:00+00:00",11,3,0],["2024-12-01T00:00:00+00:00",11,3,0],["2025-02-25T00:00:00+00:00",11,3,0],["2025-04-04T00:00:00+00:00",11,3,0],["2025-07-08T00:00:00+00:00",11,3,0],["2025-09-22T00:00:00+00:00",11,3,0]]},"geometry":{"type":"Point","coordinates":[34.455196,31.510291]}},{"type":"Feature","properties":{"site_id":26,"event_code":"CE20231007PSE","latest_date":"2025-09-22T00:00:00+00:00","latest_class":11,"pass_count":8,"h":[["2024-05-03T00:00:00+00:00",11,3,3],["2024-07-06T00:00:00+00:00",11,3,0],["2024-09-06T00:00:00+00:00",11,3,0],["2024-12-01T00:00:00+00:00",11,3,0],["2025-02-25T00:00:00+00:00",11,3,0],["2025-04-04T00:00:00+00:00",11,3,0],["2025-07-08T00:00:00+00:00",11,3,0],["2025-09-22T00:00:00+00:00",11,3,0]]},"geometry":{"type":"Point","coordinates":[34.45377,31.511395]}},{"type":"Feature","properties":{"site_id":5,"event_code":"CE20231007PSE","latest_date":"2025-09-22T00:00:00+00:00","latest_class":11,"pass_count":8,"h":[["2024-05-03T00:00:00+00:00",11,3,3],["2024-07-06T00:00:00+00:00",11,3,0],["2024-09-06T00:00:00+00:00",11,3,0],["2024-12-01T00:00:00+00:00",11,3,0],["2025-02-25T00:00:00+00:00",11,3,0],["2025-04-04T00:00:00+00:00",11,3,0],["2025-07-08T00:00:00+00:00",11,3,0],["2025-09-22T00:00:00+00:00",11,3,0]]},"geometry":{"type":"Point","coordinates":[34.457838,31.508448]}}]}